INFO-FLOW: Workspace C:/Users/aless/Documents/NonlinearMPCwithMADS/boost/MPCwithMADS_fxd/solution1 opened at Wed Oct 19 10:39:05 +0200 2022
Execute     ap_set_clock -name default -period 10 -default=false 
INFO: [SYN 201-201] Setting up clock 'default' with a period of 10ns.
Execute     import_lib C:/Xilinx/Vitis_HLS/2020.2/common/technology/xilinx/zynq/zynq 
Execute       source C:/Xilinx/Vitis_HLS/2020.2/common/technology/xilinx/interface/xilinx_interface.hlp 
Execute         source C:/Xilinx/Vitis_HLS/2020.2/common/technology/xilinx/interface/maxi.hlp 
Execute         source C:/Xilinx/Vitis_HLS/2020.2/common/technology/xilinx/interface/saxilite.hlp 
Execute       source C:/Xilinx/Vitis_HLS/2020.2/common/technology/xilinx/DSP48/dsp48.hlp 
Execute     source C:/Xilinx/Vitis_HLS/2020.2/common/technology/xilinx/common/xilinx.gen 
Execute       source C:/Xilinx/Vitis_HLS/2020.2/common/technology/xilinx/interface/plb46.gen 
Execute       source C:/Xilinx/Vitis_HLS/2020.2/common/technology/xilinx/interface/axi4.gen 
Execute       source C:/Xilinx/Vitis_HLS/2020.2/common/technology/xilinx/interface/nativeAXI4.gen 
Execute         source C:/Xilinx/Vitis_HLS/2020.2/common/technology/xilinx/interface/saxilite.gen 
Execute         source C:/Xilinx/Vitis_HLS/2020.2/common/technology/xilinx/interface/maxi.gen 
Execute       source C:/Xilinx/Vitis_HLS/2020.2/common/technology/xilinx/scripts/xilinxcoregen.gen 
Execute       source C:/Xilinx/Vitis_HLS/2020.2/common/technology/xilinx/interface/XilEDKCoreGen.gen 
Execute       source C:/Xilinx/Vitis_HLS/2020.2/common/technology/xilinx/ip/dds_compiler.gen 
Execute       source C:/Xilinx/Vitis_HLS/2020.2/common/technology/xilinx/ip/util.gen 
Execute       source C:/Xilinx/Vitis_HLS/2020.2/common/technology/xilinx/ip/xfft.gen 
Command       ap_source done; 0.134 sec.
Execute       source C:/Xilinx/Vitis_HLS/2020.2/common/technology/xilinx/ip/xfir.gen 
Execute       source C:/Xilinx/Vitis_HLS/2020.2/common/technology/xilinx/DSP48/dsp48.gen 
Command     ap_source done; 0.196 sec.
Execute     import_lib C:/Xilinx/Vitis_HLS/2020.2/common/technology/xilinx/zynq/zynq_fpv6 
Execute       source C:/Xilinx/Vitis_HLS/2020.2/common/technology/xilinx/interface/xilinx_interface.hlp 
Execute         source C:/Xilinx/Vitis_HLS/2020.2/common/technology/xilinx/interface/maxi.hlp 
Execute         source C:/Xilinx/Vitis_HLS/2020.2/common/technology/xilinx/interface/saxilite.hlp 
Execute       source C:/Xilinx/Vitis_HLS/2020.2/common/technology/xilinx/DSP48/dsp48.hlp 
Execute     source C:/Xilinx/Vitis_HLS/2020.2/common/technology/xilinx/common/xilinx.gen 
Execute       source C:/Xilinx/Vitis_HLS/2020.2/common/technology/xilinx/interface/plb46.gen 
Execute       source C:/Xilinx/Vitis_HLS/2020.2/common/technology/xilinx/interface/axi4.gen 
Execute       source C:/Xilinx/Vitis_HLS/2020.2/common/technology/xilinx/interface/nativeAXI4.gen 
Execute         source C:/Xilinx/Vitis_HLS/2020.2/common/technology/xilinx/interface/saxilite.gen 
Execute         source C:/Xilinx/Vitis_HLS/2020.2/common/technology/xilinx/interface/maxi.gen 
Execute       source C:/Xilinx/Vitis_HLS/2020.2/common/technology/xilinx/scripts/xilinxcoregen.gen 
Execute       source C:/Xilinx/Vitis_HLS/2020.2/common/technology/xilinx/interface/XilEDKCoreGen.gen 
Execute       source C:/Xilinx/Vitis_HLS/2020.2/common/technology/xilinx/ip/dds_compiler.gen 
Execute       source C:/Xilinx/Vitis_HLS/2020.2/common/technology/xilinx/ip/util.gen 
Execute       source C:/Xilinx/Vitis_HLS/2020.2/common/technology/xilinx/ip/xfft.gen 
Command       ap_source done; 0.123 sec.
Execute       source C:/Xilinx/Vitis_HLS/2020.2/common/technology/xilinx/ip/xfir.gen 
Execute       source C:/Xilinx/Vitis_HLS/2020.2/common/technology/xilinx/DSP48/dsp48.gen 
Command     ap_source done; 0.183 sec.
Execute     import_lib C:/Xilinx/Vitis_HLS/2020.2/common/technology/xilinx/zynq/zynq 
Execute       source C:/Xilinx/Vitis_HLS/2020.2/common/technology/xilinx/interface/xilinx_interface.hlp 
Execute         source C:/Xilinx/Vitis_HLS/2020.2/common/technology/xilinx/interface/maxi.hlp 
Execute         source C:/Xilinx/Vitis_HLS/2020.2/common/technology/xilinx/interface/saxilite.hlp 
Execute       source C:/Xilinx/Vitis_HLS/2020.2/common/technology/xilinx/DSP48/dsp48.hlp 
Execute     source C:/Xilinx/Vitis_HLS/2020.2/common/technology/xilinx/common/xilinx.gen 
Execute       source C:/Xilinx/Vitis_HLS/2020.2/common/technology/xilinx/interface/plb46.gen 
Execute       source C:/Xilinx/Vitis_HLS/2020.2/common/technology/xilinx/interface/axi4.gen 
Execute       source C:/Xilinx/Vitis_HLS/2020.2/common/technology/xilinx/interface/nativeAXI4.gen 
Execute         source C:/Xilinx/Vitis_HLS/2020.2/common/technology/xilinx/interface/saxilite.gen 
Execute         source C:/Xilinx/Vitis_HLS/2020.2/common/technology/xilinx/interface/maxi.gen 
Execute       source C:/Xilinx/Vitis_HLS/2020.2/common/technology/xilinx/scripts/xilinxcoregen.gen 
Execute       source C:/Xilinx/Vitis_HLS/2020.2/common/technology/xilinx/interface/XilEDKCoreGen.gen 
Execute       source C:/Xilinx/Vitis_HLS/2020.2/common/technology/xilinx/ip/dds_compiler.gen 
Execute       source C:/Xilinx/Vitis_HLS/2020.2/common/technology/xilinx/ip/util.gen 
Execute       source C:/Xilinx/Vitis_HLS/2020.2/common/technology/xilinx/ip/xfft.gen 
Command       ap_source done; 0.131 sec.
Execute       source C:/Xilinx/Vitis_HLS/2020.2/common/technology/xilinx/ip/xfir.gen 
Execute       source C:/Xilinx/Vitis_HLS/2020.2/common/technology/xilinx/DSP48/dsp48.gen 
Command     ap_source done; 0.191 sec.
Execute     set_part xc7z020-clg484-1 
INFO-FLOW: DBG:set_part: XILINX_VIVADO=C:/Xilinx/Vivado/2020.2
INFO-FLOW: DBG:set_part: RDI_DATADIR=C:/Xilinx/Vivado/2020.2/data;C:/Xilinx/Vitis_HLS/2020.2/data
Execute       ap_part_info -name xc7z020-clg484-1 -data single -quiet 
DBG:HLSDevice: Trying to load device library: C:/Xilinx/Vitis_HLS/2020.2\lib\win64.o\librdi_hlsvwrap.dll
DBG:HLSDevice: first parts/arch.xml in RDI_DATADIR: C:/Xilinx/Vivado/2020.2/data/parts/arch.xml
Command       ap_part_info done; 0.746 sec.
Execute       ap_part_info -name xc7z020-clg484-1 -data info 
Execute       add_library xilinx/zynq/zynq:xc7z020:-clg484:-1 
Execute         get_default_platform 
Execute         open_platform DefaultPlatform 
Execute         ap_part_info -data single -name xc7z020-clg484-1 
Execute         ap_part_info -name xc7z020-clg484-1 -data resources 
Execute         config_chip_info -resource {SLICE 13300} {LUT 53200} {FF 106400} {DSP 220} {BRAM 280} {URAM 0} 
Execute         ap_part_info -name xc7z020-clg484-1 -data info 
Execute         config_chip_info -speed slow 
Execute         ap_part_info -name xc7z020-clg484-1 -data info 
Execute         config_library_info -library zynq_slow 
Execute         config_library_info -family zynq 
Execute         config_library_info -part xc7z020:-clg484:-1 
Execute         import_lib C:/Xilinx/Vitis_HLS/2020.2/common/technology/xilinx/zynq/zynq 
Execute           source C:/Xilinx/Vitis_HLS/2020.2/common/technology/xilinx/interface/xilinx_interface.hlp 
Execute             source C:/Xilinx/Vitis_HLS/2020.2/common/technology/xilinx/interface/maxi.hlp 
Execute             source C:/Xilinx/Vitis_HLS/2020.2/common/technology/xilinx/interface/saxilite.hlp 
Execute           source C:/Xilinx/Vitis_HLS/2020.2/common/technology/xilinx/DSP48/dsp48.hlp 
Execute           source C:/Xilinx/Vitis_HLS/2020.2/common/technology/xilinx/DSP48/zynq_dsp48e1.hlp 
Execute         source C:/Xilinx/Vitis_HLS/2020.2/common/technology/xilinx/common/xilinx.gen 
Execute           source C:/Xilinx/Vitis_HLS/2020.2/common/technology/xilinx/interface/plb46.gen 
Execute           source C:/Xilinx/Vitis_HLS/2020.2/common/technology/xilinx/interface/axi4.gen 
Execute           source C:/Xilinx/Vitis_HLS/2020.2/common/technology/xilinx/interface/nativeAXI4.gen 
Execute             source C:/Xilinx/Vitis_HLS/2020.2/common/technology/xilinx/interface/saxilite.gen 
Execute             source C:/Xilinx/Vitis_HLS/2020.2/common/technology/xilinx/interface/maxi.gen 
Execute           source C:/Xilinx/Vitis_HLS/2020.2/common/technology/xilinx/scripts/xilinxcoregen.gen 
Execute           source C:/Xilinx/Vitis_HLS/2020.2/common/technology/xilinx/interface/XilEDKCoreGen.gen 
Execute           source C:/Xilinx/Vitis_HLS/2020.2/common/technology/xilinx/ip/dds_compiler.gen 
Execute           source C:/Xilinx/Vitis_HLS/2020.2/common/technology/xilinx/ip/util.gen 
Execute           source C:/Xilinx/Vitis_HLS/2020.2/common/technology/xilinx/ip/xfft.gen 
Command           ap_source done; 0.136 sec.
Execute           source C:/Xilinx/Vitis_HLS/2020.2/common/technology/xilinx/ip/xfir.gen 
Execute           source C:/Xilinx/Vitis_HLS/2020.2/common/technology/xilinx/DSP48/dsp48.gen 
Command         ap_source done; 0.202 sec.
Command       add_library done; 0.311 sec.
INFO: [HLS 200-10] Setting target device to 'xc7z020-clg484-1'
Execute       ap_part_info -name xc7z020-clg484-1 -data info 
Execute       config_compile -quiet -complex-mul-dsp=0 
Command     set_part done; 1.083 sec.
Execute     ap_part_info -data single -name xc7z020-clg484-1 
Execute     ap_part_info -name xc7z020-clg484-1 -data resources 
Execute     config_chip_info -resource {SLICE 13300} {LUT 53200} {FF 106400} {DSP 220} {BRAM 280} {URAM 0} 
Execute     ap_part_info -name xc7z020-clg484-1 -data info 
Execute     config_chip_info -speed slow 
Execute     send_msg_by_id INFO @200-1505@%s%s  vivado 
INFO: [HLS 200-1505] Using flow_target 'vivado'
Execute     get_config_interface -m_axi_latency 
Execute     get_config_interface -m_axi_alignment_byte_size 
Execute     get_config_interface -m_axi_max_widen_bitwidth 
Execute     get_config_interface -default_interface 
Execute     get_config_interface -m_axi_offset 
Execute     get_config_rtl -register_reset_num 
Command   open_solution done; 1.736 sec.
Execute   set_part xc7z020-clg484-1 
INFO: [HLS 200-1510] Running: set_part xc7z020-clg484-1 
INFO-FLOW: DBG:set_part: XILINX_VIVADO=C:/Xilinx/Vivado/2020.2
INFO-FLOW: DBG:set_part: RDI_DATADIR=C:/Xilinx/Vivado/2020.2/data;C:/Xilinx/Vitis_HLS/2020.2/data
Execute     ap_part_info -name xc7z020-clg484-1 -data single -quiet 
Execute     ap_part_info -name xc7z020-clg484-1 -data info 
Execute     add_library xilinx/zynq/zynq:xc7z020:-clg484:-1 
Execute       get_default_platform 
Execute       open_platform DefaultPlatform 
Execute       ap_part_info -data single -name xc7z020-clg484-1 
Execute       ap_part_info -name xc7z020-clg484-1 -data resources 
Execute       config_chip_info -resource {SLICE 13300} {LUT 53200} {FF 106400} {DSP 220} {BRAM 280} {URAM 0} 
Execute       ap_part_info -name xc7z020-clg484-1 -data info 
Execute       config_chip_info -speed slow 
Execute       ap_part_info -name xc7z020-clg484-1 -data info 
Execute       config_library_info -library zynq_slow 
Execute       config_library_info -family zynq 
Execute       config_library_info -part xc7z020:-clg484:-1 
Execute       import_lib C:/Xilinx/Vitis_HLS/2020.2/common/technology/xilinx/zynq/zynq 
Execute         source C:/Xilinx/Vitis_HLS/2020.2/common/technology/xilinx/interface/xilinx_interface.hlp 
Execute           source C:/Xilinx/Vitis_HLS/2020.2/common/technology/xilinx/interface/maxi.hlp 
Execute           source C:/Xilinx/Vitis_HLS/2020.2/common/technology/xilinx/interface/saxilite.hlp 
Execute         source C:/Xilinx/Vitis_HLS/2020.2/common/technology/xilinx/DSP48/dsp48.hlp 
Execute         source C:/Xilinx/Vitis_HLS/2020.2/common/technology/xilinx/DSP48/zynq_dsp48e1.hlp 
Execute       source C:/Xilinx/Vitis_HLS/2020.2/common/technology/xilinx/common/xilinx.gen 
Execute         source C:/Xilinx/Vitis_HLS/2020.2/common/technology/xilinx/interface/plb46.gen 
Execute         source C:/Xilinx/Vitis_HLS/2020.2/common/technology/xilinx/interface/axi4.gen 
Execute         source C:/Xilinx/Vitis_HLS/2020.2/common/technology/xilinx/interface/nativeAXI4.gen 
Execute           source C:/Xilinx/Vitis_HLS/2020.2/common/technology/xilinx/interface/saxilite.gen 
Execute           source C:/Xilinx/Vitis_HLS/2020.2/common/technology/xilinx/interface/maxi.gen 
Execute         source C:/Xilinx/Vitis_HLS/2020.2/common/technology/xilinx/scripts/xilinxcoregen.gen 
Execute         source C:/Xilinx/Vitis_HLS/2020.2/common/technology/xilinx/interface/XilEDKCoreGen.gen 
Execute         source C:/Xilinx/Vitis_HLS/2020.2/common/technology/xilinx/ip/dds_compiler.gen 
Execute         source C:/Xilinx/Vitis_HLS/2020.2/common/technology/xilinx/ip/util.gen 
Execute         source C:/Xilinx/Vitis_HLS/2020.2/common/technology/xilinx/ip/xfft.gen 
Command         ap_source done; 0.163 sec.
Execute         source C:/Xilinx/Vitis_HLS/2020.2/common/technology/xilinx/ip/xfir.gen 
Execute         source C:/Xilinx/Vitis_HLS/2020.2/common/technology/xilinx/DSP48/dsp48.gen 
Command       ap_source done; 0.229 sec.
Command     add_library done; 0.279 sec.
Execute     ap_part_info -name xc7z020-clg484-1 -data info 
Execute     config_compile -quiet -complex-mul-dsp=0 
Command   set_part done; 0.312 sec.
Execute   create_clock -period 10 -name default 
INFO: [HLS 200-1510] Running: create_clock -period 10 -name default 
Execute   source ./MPCwithMADS_fxd/solution1/directives.tcl 
Execute     set_directive_top -name MPCwithMADS MPCwithMADS 
INFO: [HLS 200-1510] Running: set_directive_top -name MPCwithMADS MPCwithMADS 
INFO-FLOW: Setting directive 'TOP' name=MPCwithMADS 
Execute   csynth_design 
INFO: [HLS 200-1510] Running: csynth_design 
Execute     get_config_compile -effort 
Execute     get_config_compile -enable_clang39 
Execute     get_config_compile -g 
Execute     get_config_compile -ng 
Execute     get_config_compile -opt_fp 
Execute     get_config_compile -skip_cdt 
Execute     get_config_compile -skip_syncheck 
Execute     get_config_compile -skip_transform 
Execute     get_config_compile -keep_printf 
Execute     elaborate -effort=medium -skip_syncheck=0 -keep_printf=0 -skip_cdt=0 -skip_transform=0 -ng=0 -g=0 -opt_fp=0 -from_csynth_design=1 
INFO: [HLS 200-111] Finished File checks and directory preparation: CPU user time: 0 seconds. CPU system time: 0 seconds. Elapsed time: 0.055 seconds; current allocated memory: 869.687 MB.
INFO: [HLS 200-10] Analyzing design file 'MPCwithMADS_fxd/shiftOpt.cpp' ... 
INFO-FLOW: Compiling one TU...
Execute       get_config_compile -pragma_strict_mode 
INFO-FLOW: Handling MPCwithMADS_fxd/shiftOpt.cpp as C++
Execute       ap_part_info -name xc7z020-clg484-1 -data info 
INFO-FLOW: Running: GCC PP 39
INFO-FLOW: Source preprocessing
Execute       ap_eval exec -ignorestderr C:/Xilinx/Vitis_HLS/2020.2/win64/tools/clang-3.9-csynth/bin/clang MPCwithMADS_fxd/shiftOpt.cpp -foptimization-record-file=C:/Users/aless/Documents/NonlinearMPCwithMADS/boost/MPCwithMADS_fxd/solution1/.autopilot/db/clang.shiftOpt.cpp.diag.yml -mllvm -pass-remarks-missed=reflow|pasta|unroll -mllvm -pass-remarks=reflow|pasta|unroll|inline -fno-limit-debug-info --sysroot C:/Xilinx/Vitis_HLS/2020.2/tps/mingw/6.2.0/win64.o/nt -fhls -fno-exceptions -E -fno-math-errno -c -emit-llvm -mllvm -disable-llvm-optzns -Werror=implicit-function-declaration -Werror=implicit-hls-streams -Werror=return-type -Wpragmas -Wunused-parameter -fno-threadsafe-statics -fno-use-cxa-atexit -std=gnu++14 -target fpga64-xilinx-mingw32 -fno-threadsafe-statics -fno-use-cxa-atexit -I C:/Xilinx/Vitis_HLS/2020.2/common/technology/autopilot/39 -D__VITIS_HLS__ -DAESL_SYN -D__SYNTHESIS__ -D__HLS_SYN__ -I C:/Xilinx/Vitis_HLS/2020.2/common/technology/autopilot -I C:/Xilinx/Vitis_HLS/2020.2/common/technology/autopilot/ap_sysc -include etc/autopilot_ssdm_op.h -D__DSP48E1__ -o C:/Users/aless/Documents/NonlinearMPCwithMADS/boost/MPCwithMADS_fxd/solution1/.autopilot/db/shiftOpt.pp.0.cpp > C:/Users/aless/Documents/NonlinearMPCwithMADS/boost/MPCwithMADS_fxd/solution1/.autopilot/db/clang.shiftOpt.cpp.out.log 2> C:/Users/aless/Documents/NonlinearMPCwithMADS/boost/MPCwithMADS_fxd/solution1/.autopilot/db/clang.shiftOpt.cpp.err.log 
Command       ap_eval done; 0.18 sec.
INFO-FLOW: Done: GCC PP 39 time: 0.2 seconds per iteration
Execute       set_directive_top MPCwithMADS -name=MPCwithMADS 
INFO-FLOW: Setting directive 'TOP' name=MPCwithMADS 
INFO-FLOW: Setting directive 'TOP' name=MPCwithMADS 
INFO-FLOW: Setting directive 'TOP' name=MPCwithMADS 
INFO-FLOW: Setting directive 'TOP' name=MPCwithMADS 
Execute       source C:/Xilinx/Vitis_HLS/2020.2/tps/tcl/tcllib1.11.1/yaml/huddle.tcl 
Execute       source C:/Xilinx/Vitis_HLS/2020.2/tps/tcl/tcllib1.11.1/yaml/json2huddle.tcl 
Execute         source C:/Xilinx/Vitis_HLS/2020.2/tps/tcl/tcllib1.11.1/try/try.tcl 
INFO-FLOW: Setting directive 'TOP' name=MPCwithMADS 
INFO-FLOW: Setting directive 'TOP' name=MPCwithMADS 
Execute       list_core -type functional_unit 
Execute       clang_tidy xilinx-systemc-detector C:/Users/aless/Documents/NonlinearMPCwithMADS/boost/MPCwithMADS_fxd/solution1/.autopilot/db/shiftOpt.pp.0.cpp std=gnu++14 -target fpga  -directive=C:/Users/aless/Documents/NonlinearMPCwithMADS/boost/MPCwithMADS_fxd/solution1/.autopilot/db/.systemc_flag 
INFO-FLOW: exec C:/Xilinx/Vitis_HLS/2020.2/win64/tools/clang-3.9-csynth/bin/clang-tidy -header-filter=.* --checks=-*,xilinx-systemc-detector -import-directive=C:/Users/aless/Documents/NonlinearMPCwithMADS/boost/MPCwithMADS_fxd/solution1/.autopilot/db/.systemc_flag -fix-errors C:/Users/aless/Documents/NonlinearMPCwithMADS/boost/MPCwithMADS_fxd/solution1/.autopilot/db/shiftOpt.pp.0.cpp -- -std=gnu++14 -target fpga -fhls -ferror-limit=0
Command       clang_tidy done; 1.057 sec.
INFO-FLOW: Running: clang-tidy CDT preprocess 39
Execute       clang_tidy xilinx-directive2pragma C:/Users/aless/Documents/NonlinearMPCwithMADS/boost/MPCwithMADS_fxd/solution1/.autopilot/db/shiftOpt.pp.0.cpp std=gnu++14 -target fpga  -directive=C:/Users/aless/Documents/NonlinearMPCwithMADS/boost/MPCwithMADS_fxd/solution1/.autopilot/db/all.directive.json 
INFO-FLOW: exec C:/Xilinx/Vitis_HLS/2020.2/win64/tools/clang-3.9-csynth/bin/clang-tidy -header-filter=.* --checks=-*,xilinx-directive2pragma -import-directive=C:/Users/aless/Documents/NonlinearMPCwithMADS/boost/MPCwithMADS_fxd/solution1/.autopilot/db/all.directive.json -fix-errors C:/Users/aless/Documents/NonlinearMPCwithMADS/boost/MPCwithMADS_fxd/solution1/.autopilot/db/shiftOpt.pp.0.cpp -- -std=gnu++14 -target fpga -fhls -ferror-limit=0
Command       clang_tidy done; 0.95 sec.
Execute       clang_tidy xilinx-constantarray-param,xilinx-remove-assert C:/Users/aless/Documents/NonlinearMPCwithMADS/boost/MPCwithMADS_fxd/solution1/.autopilot/db/shiftOpt.pp.0.cpp std=gnu++14 -target fpga  
INFO-FLOW: exec C:/Xilinx/Vitis_HLS/2020.2/win64/tools/clang-3.9-csynth/bin/clang-tidy -header-filter=.* --checks=-*,xilinx-constantarray-param,xilinx-remove-assert -fix-errors C:/Users/aless/Documents/NonlinearMPCwithMADS/boost/MPCwithMADS_fxd/solution1/.autopilot/db/shiftOpt.pp.0.cpp -- -std=gnu++14 -target fpga -fhls -ferror-limit=0
Command       clang_tidy done; 1.016 sec.
INFO-FLOW: Done: clang-tidy CDT preprocess 39 time: 2 seconds per iteration
INFO-FLOW: Calling xilinx-label-all-loops ... 
Execute       clang_tidy -errorcheck xilinx-label-all-loops,xilinx-top-parameters,xilinx-array-stream-check,xilinx-warn-mayneed-no-ctor-attribute C:/Users/aless/Documents/NonlinearMPCwithMADS/boost/MPCwithMADS_fxd/solution1/.autopilot/db/shiftOpt.pp.0.cpp std=gnu++14 -target fpga  
Execute         ap_eval exec -ignorestderr C:/Xilinx/Vitis_HLS/2020.2/win64/tools/clang-3.9-csynth/bin/clang-tidy -export-fixes=C:/Users/aless/Documents/NonlinearMPCwithMADS/boost/MPCwithMADS_fxd/solution1/.autopilot/db/clang-tidy.shiftOpt.pp.0.cpp.diag.yml -header-filter=.* --checks=-*,xilinx-label-all-loops,xilinx-top-parameters,xilinx-array-stream-check,xilinx-warn-mayneed-no-ctor-attribute -fix-errors C:/Users/aless/Documents/NonlinearMPCwithMADS/boost/MPCwithMADS_fxd/solution1/.autopilot/db/shiftOpt.pp.0.cpp -- -std=gnu++14 -target fpga -fhls -ferror-limit=0 > C:/Users/aless/Documents/NonlinearMPCwithMADS/boost/MPCwithMADS_fxd/solution1/.autopilot/db/clang-tidy.shiftOpt.pp.0.cpp.out.log 2> C:/Users/aless/Documents/NonlinearMPCwithMADS/boost/MPCwithMADS_fxd/solution1/.autopilot/db/clang-tidy.shiftOpt.pp.0.cpp.err.log 
Command         ap_eval done; 1.571 sec.
Execute         source C:/Xilinx/Vitis_HLS/2020.2/tps/tcl/tcllib1.11.1/yaml/yaml.tcl 
Execute           source C:/Xilinx/Vitis_HLS/2020.2/tps/tcl/tcllib1.11.1/cmdline/cmdline.tcl 
Command       clang_tidy done; 1.63 sec.
Execute       get_config_dataflow -strict_mode 
Execute       ap_eval exec -ignorestderr C:/Xilinx/Vitis_HLS/2020.2/win64/tools/clang-3.9-csynth/bin/xilinx-dataflow-lawyer -export-fixes=C:/Users/aless/Documents/NonlinearMPCwithMADS/boost/MPCwithMADS_fxd/solution1/.autopilot/db/xilinx-dataflow-lawyer.shiftOpt.pp.0.cpp.diag.yml C:/Users/aless/Documents/NonlinearMPCwithMADS/boost/MPCwithMADS_fxd/solution1/.autopilot/db/shiftOpt.pp.0.cpp -- -std=gnu++14 -target fpga -fhls -ferror-limit=0 -fstrict-dataflow > C:/Users/aless/Documents/NonlinearMPCwithMADS/boost/MPCwithMADS_fxd/solution1/.autopilot/db/xilinx-dataflow-lawyer.shiftOpt.pp.0.cpp.out.log 2> C:/Users/aless/Documents/NonlinearMPCwithMADS/boost/MPCwithMADS_fxd/solution1/.autopilot/db/xilinx-dataflow-lawyer.shiftOpt.pp.0.cpp.err.log 
Command       ap_eval done; 0.869 sec.
Execute       ap_part_info -name xc7z020-clg484-1 -data info 
INFO-FLOW: compiling source code to llvm bc
Execute       ap_eval exec -ignorestderr C:/Xilinx/Vitis_HLS/2020.2/win64/tools/clang-3.9-csynth/bin/clang -foptimization-record-file=C:/Users/aless/Documents/NonlinearMPCwithMADS/boost/MPCwithMADS_fxd/solution1/.autopilot/db/clang.shiftOpt.pp.0.cpp.diag.yml -mllvm -pass-remarks-missed=reflow|pasta|unroll -mllvm -pass-remarks=reflow|pasta|unroll|inline -fno-limit-debug-info -fhls -flto -fno-exceptions -Wno-error=c++11-narrowing C:/Users/aless/Documents/NonlinearMPCwithMADS/boost/MPCwithMADS_fxd/solution1/.autopilot/db/shiftOpt.pp.0.cpp -fno-math-errno -c -emit-llvm -mllvm -disable-llvm-optzns -Werror=implicit-function-declaration -Werror=implicit-hls-streams -Werror=return-type -Wpragmas -Wunused-parameter -fno-threadsafe-statics -fno-use-cxa-atexit -std=gnu++14 -target fpga64-xilinx-linux-gnu -D__VITIS_HLS__ -DAESL_SYN -D__SYNTHESIS__ -D__HLS_SYN__ -I C:/Xilinx/Vitis_HLS/2020.2/common/technology/autopilot -I C:/Xilinx/Vitis_HLS/2020.2/common/technology/autopilot/ap_sysc -include etc/autopilot_ssdm_op.h -D__DSP48E1__ -g -o C:/Users/aless/Documents/NonlinearMPCwithMADS/boost/MPCwithMADS_fxd/solution1/.autopilot/db/shiftOpt.bc > C:/Users/aless/Documents/NonlinearMPCwithMADS/boost/MPCwithMADS_fxd/solution1/.autopilot/db/clang.shiftOpt.pp.0.cpp.out.log 2> C:/Users/aless/Documents/NonlinearMPCwithMADS/boost/MPCwithMADS_fxd/solution1/.autopilot/db/clang.shiftOpt.pp.0.cpp.err.log 
Command       ap_eval done; 0.958 sec.
INFO: [HLS 200-10] Analyzing design file 'MPCwithMADS_fxd/pseudoRand.cpp' ... 
INFO-FLOW: Compiling one TU...
Execute       get_config_compile -pragma_strict_mode 
INFO-FLOW: Handling MPCwithMADS_fxd/pseudoRand.cpp as C++
Execute       ap_part_info -name xc7z020-clg484-1 -data info 
INFO-FLOW: Running: GCC PP 39
INFO-FLOW: Source preprocessing
Execute       ap_eval exec -ignorestderr C:/Xilinx/Vitis_HLS/2020.2/win64/tools/clang-3.9-csynth/bin/clang MPCwithMADS_fxd/pseudoRand.cpp -foptimization-record-file=C:/Users/aless/Documents/NonlinearMPCwithMADS/boost/MPCwithMADS_fxd/solution1/.autopilot/db/clang.pseudoRand.cpp.diag.yml -mllvm -pass-remarks-missed=reflow|pasta|unroll -mllvm -pass-remarks=reflow|pasta|unroll|inline -fno-limit-debug-info --sysroot C:/Xilinx/Vitis_HLS/2020.2/tps/mingw/6.2.0/win64.o/nt -fhls -fno-exceptions -E -fno-math-errno -c -emit-llvm -mllvm -disable-llvm-optzns -Werror=implicit-function-declaration -Werror=implicit-hls-streams -Werror=return-type -Wpragmas -Wunused-parameter -fno-threadsafe-statics -fno-use-cxa-atexit -std=gnu++14 -target fpga64-xilinx-mingw32 -fno-threadsafe-statics -fno-use-cxa-atexit -I C:/Xilinx/Vitis_HLS/2020.2/common/technology/autopilot/39 -D__VITIS_HLS__ -DAESL_SYN -D__SYNTHESIS__ -D__HLS_SYN__ -I C:/Xilinx/Vitis_HLS/2020.2/common/technology/autopilot -I C:/Xilinx/Vitis_HLS/2020.2/common/technology/autopilot/ap_sysc -include etc/autopilot_ssdm_op.h -D__DSP48E1__ -o C:/Users/aless/Documents/NonlinearMPCwithMADS/boost/MPCwithMADS_fxd/solution1/.autopilot/db/pseudoRand.pp.0.cpp > C:/Users/aless/Documents/NonlinearMPCwithMADS/boost/MPCwithMADS_fxd/solution1/.autopilot/db/clang.pseudoRand.cpp.out.log 2> C:/Users/aless/Documents/NonlinearMPCwithMADS/boost/MPCwithMADS_fxd/solution1/.autopilot/db/clang.pseudoRand.cpp.err.log 
Command       ap_eval done; 0.172 sec.
INFO-FLOW: Done: GCC PP 39 time: 0.2 seconds per iteration
Execute       set_directive_top MPCwithMADS -name=MPCwithMADS 
INFO-FLOW: Setting directive 'TOP' name=MPCwithMADS 
INFO-FLOW: Setting directive 'TOP' name=MPCwithMADS 
INFO-FLOW: Setting directive 'TOP' name=MPCwithMADS 
INFO-FLOW: Setting directive 'TOP' name=MPCwithMADS 
INFO-FLOW: Setting directive 'TOP' name=MPCwithMADS 
INFO-FLOW: Setting directive 'TOP' name=MPCwithMADS 
INFO-FLOW: Setting directive 'TOP' name=MPCwithMADS 
INFO-FLOW: Setting directive 'TOP' name=MPCwithMADS 
INFO-FLOW: Setting directive 'TOP' name=MPCwithMADS 
Execute       list_core -type functional_unit 
Execute       clang_tidy xilinx-systemc-detector C:/Users/aless/Documents/NonlinearMPCwithMADS/boost/MPCwithMADS_fxd/solution1/.autopilot/db/pseudoRand.pp.0.cpp std=gnu++14 -target fpga  -directive=C:/Users/aless/Documents/NonlinearMPCwithMADS/boost/MPCwithMADS_fxd/solution1/.autopilot/db/.systemc_flag 
INFO-FLOW: exec C:/Xilinx/Vitis_HLS/2020.2/win64/tools/clang-3.9-csynth/bin/clang-tidy -header-filter=.* --checks=-*,xilinx-systemc-detector -import-directive=C:/Users/aless/Documents/NonlinearMPCwithMADS/boost/MPCwithMADS_fxd/solution1/.autopilot/db/.systemc_flag -fix-errors C:/Users/aless/Documents/NonlinearMPCwithMADS/boost/MPCwithMADS_fxd/solution1/.autopilot/db/pseudoRand.pp.0.cpp -- -std=gnu++14 -target fpga -fhls -ferror-limit=0
Command       clang_tidy done; 1.066 sec.
INFO-FLOW: Running: clang-tidy CDT preprocess 39
Execute       clang_tidy xilinx-directive2pragma C:/Users/aless/Documents/NonlinearMPCwithMADS/boost/MPCwithMADS_fxd/solution1/.autopilot/db/pseudoRand.pp.0.cpp std=gnu++14 -target fpga  -directive=C:/Users/aless/Documents/NonlinearMPCwithMADS/boost/MPCwithMADS_fxd/solution1/.autopilot/db/all.directive.json 
INFO-FLOW: exec C:/Xilinx/Vitis_HLS/2020.2/win64/tools/clang-3.9-csynth/bin/clang-tidy -header-filter=.* --checks=-*,xilinx-directive2pragma -import-directive=C:/Users/aless/Documents/NonlinearMPCwithMADS/boost/MPCwithMADS_fxd/solution1/.autopilot/db/all.directive.json -fix-errors C:/Users/aless/Documents/NonlinearMPCwithMADS/boost/MPCwithMADS_fxd/solution1/.autopilot/db/pseudoRand.pp.0.cpp -- -std=gnu++14 -target fpga -fhls -ferror-limit=0
Command       clang_tidy done; 1.074 sec.
Execute       clang_tidy xilinx-constantarray-param,xilinx-remove-assert C:/Users/aless/Documents/NonlinearMPCwithMADS/boost/MPCwithMADS_fxd/solution1/.autopilot/db/pseudoRand.pp.0.cpp std=gnu++14 -target fpga  
INFO-FLOW: exec C:/Xilinx/Vitis_HLS/2020.2/win64/tools/clang-3.9-csynth/bin/clang-tidy -header-filter=.* --checks=-*,xilinx-constantarray-param,xilinx-remove-assert -fix-errors C:/Users/aless/Documents/NonlinearMPCwithMADS/boost/MPCwithMADS_fxd/solution1/.autopilot/db/pseudoRand.pp.0.cpp -- -std=gnu++14 -target fpga -fhls -ferror-limit=0
Command       clang_tidy done; 1.217 sec.
INFO-FLOW: Done: clang-tidy CDT preprocess 39 time: 2.3 seconds per iteration
INFO-FLOW: Calling xilinx-label-all-loops ... 
Execute       clang_tidy -errorcheck xilinx-label-all-loops,xilinx-top-parameters,xilinx-array-stream-check,xilinx-warn-mayneed-no-ctor-attribute C:/Users/aless/Documents/NonlinearMPCwithMADS/boost/MPCwithMADS_fxd/solution1/.autopilot/db/pseudoRand.pp.0.cpp std=gnu++14 -target fpga  
Execute         ap_eval exec -ignorestderr C:/Xilinx/Vitis_HLS/2020.2/win64/tools/clang-3.9-csynth/bin/clang-tidy -export-fixes=C:/Users/aless/Documents/NonlinearMPCwithMADS/boost/MPCwithMADS_fxd/solution1/.autopilot/db/clang-tidy.pseudoRand.pp.0.cpp.diag.yml -header-filter=.* --checks=-*,xilinx-label-all-loops,xilinx-top-parameters,xilinx-array-stream-check,xilinx-warn-mayneed-no-ctor-attribute -fix-errors C:/Users/aless/Documents/NonlinearMPCwithMADS/boost/MPCwithMADS_fxd/solution1/.autopilot/db/pseudoRand.pp.0.cpp -- -std=gnu++14 -target fpga -fhls -ferror-limit=0 > C:/Users/aless/Documents/NonlinearMPCwithMADS/boost/MPCwithMADS_fxd/solution1/.autopilot/db/clang-tidy.pseudoRand.pp.0.cpp.out.log 2> C:/Users/aless/Documents/NonlinearMPCwithMADS/boost/MPCwithMADS_fxd/solution1/.autopilot/db/clang-tidy.pseudoRand.pp.0.cpp.err.log 
Command         ap_eval done; 1.757 sec.
Command       clang_tidy done; 1.795 sec.
Execute       get_config_dataflow -strict_mode 
Execute       ap_eval exec -ignorestderr C:/Xilinx/Vitis_HLS/2020.2/win64/tools/clang-3.9-csynth/bin/xilinx-dataflow-lawyer -export-fixes=C:/Users/aless/Documents/NonlinearMPCwithMADS/boost/MPCwithMADS_fxd/solution1/.autopilot/db/xilinx-dataflow-lawyer.pseudoRand.pp.0.cpp.diag.yml C:/Users/aless/Documents/NonlinearMPCwithMADS/boost/MPCwithMADS_fxd/solution1/.autopilot/db/pseudoRand.pp.0.cpp -- -std=gnu++14 -target fpga -fhls -ferror-limit=0 -fstrict-dataflow > C:/Users/aless/Documents/NonlinearMPCwithMADS/boost/MPCwithMADS_fxd/solution1/.autopilot/db/xilinx-dataflow-lawyer.pseudoRand.pp.0.cpp.out.log 2> C:/Users/aless/Documents/NonlinearMPCwithMADS/boost/MPCwithMADS_fxd/solution1/.autopilot/db/xilinx-dataflow-lawyer.pseudoRand.pp.0.cpp.err.log 
Command       ap_eval done; 1.006 sec.
Execute       ap_part_info -name xc7z020-clg484-1 -data info 
INFO-FLOW: compiling source code to llvm bc
Execute       ap_eval exec -ignorestderr C:/Xilinx/Vitis_HLS/2020.2/win64/tools/clang-3.9-csynth/bin/clang -foptimization-record-file=C:/Users/aless/Documents/NonlinearMPCwithMADS/boost/MPCwithMADS_fxd/solution1/.autopilot/db/clang.pseudoRand.pp.0.cpp.diag.yml -mllvm -pass-remarks-missed=reflow|pasta|unroll -mllvm -pass-remarks=reflow|pasta|unroll|inline -fno-limit-debug-info -fhls -flto -fno-exceptions -Wno-error=c++11-narrowing C:/Users/aless/Documents/NonlinearMPCwithMADS/boost/MPCwithMADS_fxd/solution1/.autopilot/db/pseudoRand.pp.0.cpp -fno-math-errno -c -emit-llvm -mllvm -disable-llvm-optzns -Werror=implicit-function-declaration -Werror=implicit-hls-streams -Werror=return-type -Wpragmas -Wunused-parameter -fno-threadsafe-statics -fno-use-cxa-atexit -std=gnu++14 -target fpga64-xilinx-linux-gnu -D__VITIS_HLS__ -DAESL_SYN -D__SYNTHESIS__ -D__HLS_SYN__ -I C:/Xilinx/Vitis_HLS/2020.2/common/technology/autopilot -I C:/Xilinx/Vitis_HLS/2020.2/common/technology/autopilot/ap_sysc -include etc/autopilot_ssdm_op.h -D__DSP48E1__ -g -o C:/Users/aless/Documents/NonlinearMPCwithMADS/boost/MPCwithMADS_fxd/solution1/.autopilot/db/pseudoRand.bc > C:/Users/aless/Documents/NonlinearMPCwithMADS/boost/MPCwithMADS_fxd/solution1/.autopilot/db/clang.pseudoRand.pp.0.cpp.out.log 2> C:/Users/aless/Documents/NonlinearMPCwithMADS/boost/MPCwithMADS_fxd/solution1/.autopilot/db/clang.pseudoRand.pp.0.cpp.err.log 
Command       ap_eval done; 1.144 sec.
INFO: [HLS 200-10] Analyzing design file 'MPCwithMADS_fxd/progressiveBarrierPolling.cpp' ... 
INFO-FLOW: Compiling one TU...
Execute       get_config_compile -pragma_strict_mode 
INFO-FLOW: Handling MPCwithMADS_fxd/progressiveBarrierPolling.cpp as C++
Execute       ap_part_info -name xc7z020-clg484-1 -data info 
INFO-FLOW: Running: GCC PP 39
INFO-FLOW: Source preprocessing
Execute       ap_eval exec -ignorestderr C:/Xilinx/Vitis_HLS/2020.2/win64/tools/clang-3.9-csynth/bin/clang MPCwithMADS_fxd/progressiveBarrierPolling.cpp -foptimization-record-file=C:/Users/aless/Documents/NonlinearMPCwithMADS/boost/MPCwithMADS_fxd/solution1/.autopilot/db/clang.progressiveBarrierPolling.cpp.diag.yml -mllvm -pass-remarks-missed=reflow|pasta|unroll -mllvm -pass-remarks=reflow|pasta|unroll|inline -fno-limit-debug-info --sysroot C:/Xilinx/Vitis_HLS/2020.2/tps/mingw/6.2.0/win64.o/nt -fhls -fno-exceptions -E -fno-math-errno -c -emit-llvm -mllvm -disable-llvm-optzns -Werror=implicit-function-declaration -Werror=implicit-hls-streams -Werror=return-type -Wpragmas -Wunused-parameter -fno-threadsafe-statics -fno-use-cxa-atexit -std=gnu++14 -target fpga64-xilinx-mingw32 -fno-threadsafe-statics -fno-use-cxa-atexit -I C:/Xilinx/Vitis_HLS/2020.2/common/technology/autopilot/39 -D__VITIS_HLS__ -DAESL_SYN -D__SYNTHESIS__ -D__HLS_SYN__ -I C:/Xilinx/Vitis_HLS/2020.2/common/technology/autopilot -I C:/Xilinx/Vitis_HLS/2020.2/common/technology/autopilot/ap_sysc -include etc/autopilot_ssdm_op.h -D__DSP48E1__ -o C:/Users/aless/Documents/NonlinearMPCwithMADS/boost/MPCwithMADS_fxd/solution1/.autopilot/db/progressiveBarrierPolling.pp.0.cpp > C:/Users/aless/Documents/NonlinearMPCwithMADS/boost/MPCwithMADS_fxd/solution1/.autopilot/db/clang.progressiveBarrierPolling.cpp.out.log 2> C:/Users/aless/Documents/NonlinearMPCwithMADS/boost/MPCwithMADS_fxd/solution1/.autopilot/db/clang.progressiveBarrierPolling.cpp.err.log 
Command       ap_eval done; 0.165 sec.
INFO-FLOW: Done: GCC PP 39 time: 0.2 seconds per iteration
Execute       set_directive_top MPCwithMADS -name=MPCwithMADS 
INFO-FLOW: Setting directive 'TOP' name=MPCwithMADS 
INFO-FLOW: Setting directive 'TOP' name=MPCwithMADS 
INFO-FLOW: Setting directive 'TOP' name=MPCwithMADS 
INFO-FLOW: Setting directive 'TOP' name=MPCwithMADS 
INFO-FLOW: Setting directive 'TOP' name=MPCwithMADS 
INFO-FLOW: Setting directive 'TOP' name=MPCwithMADS 
INFO-FLOW: Setting directive 'TOP' name=MPCwithMADS 
INFO-FLOW: Setting directive 'TOP' name=MPCwithMADS 
INFO-FLOW: Setting directive 'TOP' name=MPCwithMADS 
INFO-FLOW: Setting directive 'TOP' name=MPCwithMADS 
INFO-FLOW: Setting directive 'TOP' name=MPCwithMADS 
INFO-FLOW: Setting directive 'TOP' name=MPCwithMADS 
Execute       list_core -type functional_unit 
Execute       clang_tidy xilinx-systemc-detector C:/Users/aless/Documents/NonlinearMPCwithMADS/boost/MPCwithMADS_fxd/solution1/.autopilot/db/progressiveBarrierPolling.pp.0.cpp std=gnu++14 -target fpga  -directive=C:/Users/aless/Documents/NonlinearMPCwithMADS/boost/MPCwithMADS_fxd/solution1/.autopilot/db/.systemc_flag 
INFO-FLOW: exec C:/Xilinx/Vitis_HLS/2020.2/win64/tools/clang-3.9-csynth/bin/clang-tidy -header-filter=.* --checks=-*,xilinx-systemc-detector -import-directive=C:/Users/aless/Documents/NonlinearMPCwithMADS/boost/MPCwithMADS_fxd/solution1/.autopilot/db/.systemc_flag -fix-errors C:/Users/aless/Documents/NonlinearMPCwithMADS/boost/MPCwithMADS_fxd/solution1/.autopilot/db/progressiveBarrierPolling.pp.0.cpp -- -std=gnu++14 -target fpga -fhls -ferror-limit=0
Command       clang_tidy done; 0.967 sec.
INFO-FLOW: Running: clang-tidy CDT preprocess 39
Execute       clang_tidy xilinx-directive2pragma C:/Users/aless/Documents/NonlinearMPCwithMADS/boost/MPCwithMADS_fxd/solution1/.autopilot/db/progressiveBarrierPolling.pp.0.cpp std=gnu++14 -target fpga  -directive=C:/Users/aless/Documents/NonlinearMPCwithMADS/boost/MPCwithMADS_fxd/solution1/.autopilot/db/all.directive.json 
INFO-FLOW: exec C:/Xilinx/Vitis_HLS/2020.2/win64/tools/clang-3.9-csynth/bin/clang-tidy -header-filter=.* --checks=-*,xilinx-directive2pragma -import-directive=C:/Users/aless/Documents/NonlinearMPCwithMADS/boost/MPCwithMADS_fxd/solution1/.autopilot/db/all.directive.json -fix-errors C:/Users/aless/Documents/NonlinearMPCwithMADS/boost/MPCwithMADS_fxd/solution1/.autopilot/db/progressiveBarrierPolling.pp.0.cpp -- -std=gnu++14 -target fpga -fhls -ferror-limit=0
Command       clang_tidy done; 0.98 sec.
Execute       clang_tidy xilinx-constantarray-param,xilinx-remove-assert C:/Users/aless/Documents/NonlinearMPCwithMADS/boost/MPCwithMADS_fxd/solution1/.autopilot/db/progressiveBarrierPolling.pp.0.cpp std=gnu++14 -target fpga  
INFO-FLOW: exec C:/Xilinx/Vitis_HLS/2020.2/win64/tools/clang-3.9-csynth/bin/clang-tidy -header-filter=.* --checks=-*,xilinx-constantarray-param,xilinx-remove-assert -fix-errors C:/Users/aless/Documents/NonlinearMPCwithMADS/boost/MPCwithMADS_fxd/solution1/.autopilot/db/progressiveBarrierPolling.pp.0.cpp -- -std=gnu++14 -target fpga -fhls -ferror-limit=0
Command       clang_tidy done; 1.078 sec.
INFO-FLOW: Done: clang-tidy CDT preprocess 39 time: 2.1 seconds per iteration
INFO-FLOW: Calling xilinx-label-all-loops ... 
Execute       clang_tidy -errorcheck xilinx-label-all-loops,xilinx-top-parameters,xilinx-array-stream-check,xilinx-warn-mayneed-no-ctor-attribute C:/Users/aless/Documents/NonlinearMPCwithMADS/boost/MPCwithMADS_fxd/solution1/.autopilot/db/progressiveBarrierPolling.pp.0.cpp std=gnu++14 -target fpga  
Execute         ap_eval exec -ignorestderr C:/Xilinx/Vitis_HLS/2020.2/win64/tools/clang-3.9-csynth/bin/clang-tidy -export-fixes=C:/Users/aless/Documents/NonlinearMPCwithMADS/boost/MPCwithMADS_fxd/solution1/.autopilot/db/clang-tidy.progressiveBarrierPolling.pp.0.cpp.diag.yml -header-filter=.* --checks=-*,xilinx-label-all-loops,xilinx-top-parameters,xilinx-array-stream-check,xilinx-warn-mayneed-no-ctor-attribute -fix-errors C:/Users/aless/Documents/NonlinearMPCwithMADS/boost/MPCwithMADS_fxd/solution1/.autopilot/db/progressiveBarrierPolling.pp.0.cpp -- -std=gnu++14 -target fpga -fhls -ferror-limit=0 > C:/Users/aless/Documents/NonlinearMPCwithMADS/boost/MPCwithMADS_fxd/solution1/.autopilot/db/clang-tidy.progressiveBarrierPolling.pp.0.cpp.out.log 2> C:/Users/aless/Documents/NonlinearMPCwithMADS/boost/MPCwithMADS_fxd/solution1/.autopilot/db/clang-tidy.progressiveBarrierPolling.pp.0.cpp.err.log 
Command         ap_eval done; 1.68 sec.
Command       clang_tidy done; 1.738 sec.
Execute       get_config_dataflow -strict_mode 
Execute       ap_eval exec -ignorestderr C:/Xilinx/Vitis_HLS/2020.2/win64/tools/clang-3.9-csynth/bin/xilinx-dataflow-lawyer -export-fixes=C:/Users/aless/Documents/NonlinearMPCwithMADS/boost/MPCwithMADS_fxd/solution1/.autopilot/db/xilinx-dataflow-lawyer.progressiveBarrierPolling.pp.0.cpp.diag.yml C:/Users/aless/Documents/NonlinearMPCwithMADS/boost/MPCwithMADS_fxd/solution1/.autopilot/db/progressiveBarrierPolling.pp.0.cpp -- -std=gnu++14 -target fpga -fhls -ferror-limit=0 -fstrict-dataflow > C:/Users/aless/Documents/NonlinearMPCwithMADS/boost/MPCwithMADS_fxd/solution1/.autopilot/db/xilinx-dataflow-lawyer.progressiveBarrierPolling.pp.0.cpp.out.log 2> C:/Users/aless/Documents/NonlinearMPCwithMADS/boost/MPCwithMADS_fxd/solution1/.autopilot/db/xilinx-dataflow-lawyer.progressiveBarrierPolling.pp.0.cpp.err.log 
Command       ap_eval done; 0.926 sec.
Execute       ap_part_info -name xc7z020-clg484-1 -data info 
INFO-FLOW: compiling source code to llvm bc
Execute       ap_eval exec -ignorestderr C:/Xilinx/Vitis_HLS/2020.2/win64/tools/clang-3.9-csynth/bin/clang -foptimization-record-file=C:/Users/aless/Documents/NonlinearMPCwithMADS/boost/MPCwithMADS_fxd/solution1/.autopilot/db/clang.progressiveBarrierPolling.pp.0.cpp.diag.yml -mllvm -pass-remarks-missed=reflow|pasta|unroll -mllvm -pass-remarks=reflow|pasta|unroll|inline -fno-limit-debug-info -fhls -flto -fno-exceptions -Wno-error=c++11-narrowing C:/Users/aless/Documents/NonlinearMPCwithMADS/boost/MPCwithMADS_fxd/solution1/.autopilot/db/progressiveBarrierPolling.pp.0.cpp -fno-math-errno -c -emit-llvm -mllvm -disable-llvm-optzns -Werror=implicit-function-declaration -Werror=implicit-hls-streams -Werror=return-type -Wpragmas -Wunused-parameter -fno-threadsafe-statics -fno-use-cxa-atexit -std=gnu++14 -target fpga64-xilinx-linux-gnu -D__VITIS_HLS__ -DAESL_SYN -D__SYNTHESIS__ -D__HLS_SYN__ -I C:/Xilinx/Vitis_HLS/2020.2/common/technology/autopilot -I C:/Xilinx/Vitis_HLS/2020.2/common/technology/autopilot/ap_sysc -include etc/autopilot_ssdm_op.h -D__DSP48E1__ -g -o C:/Users/aless/Documents/NonlinearMPCwithMADS/boost/MPCwithMADS_fxd/solution1/.autopilot/db/progressiveBarrierPolling.bc > C:/Users/aless/Documents/NonlinearMPCwithMADS/boost/MPCwithMADS_fxd/solution1/.autopilot/db/clang.progressiveBarrierPolling.pp.0.cpp.out.log 2> C:/Users/aless/Documents/NonlinearMPCwithMADS/boost/MPCwithMADS_fxd/solution1/.autopilot/db/clang.progressiveBarrierPolling.pp.0.cpp.err.log 
Command       ap_eval done; 1.017 sec.
INFO: [HLS 200-10] Analyzing design file 'MPCwithMADS_fxd/generatePollMatrix.cpp' ... 
INFO-FLOW: Compiling one TU...
Execute       get_config_compile -pragma_strict_mode 
INFO-FLOW: Handling MPCwithMADS_fxd/generatePollMatrix.cpp as C++
Execute       ap_part_info -name xc7z020-clg484-1 -data info 
INFO-FLOW: Running: GCC PP 39
INFO-FLOW: Source preprocessing
Execute       ap_eval exec -ignorestderr C:/Xilinx/Vitis_HLS/2020.2/win64/tools/clang-3.9-csynth/bin/clang MPCwithMADS_fxd/generatePollMatrix.cpp -foptimization-record-file=C:/Users/aless/Documents/NonlinearMPCwithMADS/boost/MPCwithMADS_fxd/solution1/.autopilot/db/clang.generatePollMatrix.cpp.diag.yml -mllvm -pass-remarks-missed=reflow|pasta|unroll -mllvm -pass-remarks=reflow|pasta|unroll|inline -fno-limit-debug-info --sysroot C:/Xilinx/Vitis_HLS/2020.2/tps/mingw/6.2.0/win64.o/nt -fhls -fno-exceptions -E -fno-math-errno -c -emit-llvm -mllvm -disable-llvm-optzns -Werror=implicit-function-declaration -Werror=implicit-hls-streams -Werror=return-type -Wpragmas -Wunused-parameter -fno-threadsafe-statics -fno-use-cxa-atexit -std=gnu++14 -target fpga64-xilinx-mingw32 -fno-threadsafe-statics -fno-use-cxa-atexit -I C:/Xilinx/Vitis_HLS/2020.2/common/technology/autopilot/39 -D__VITIS_HLS__ -DAESL_SYN -D__SYNTHESIS__ -D__HLS_SYN__ -I C:/Xilinx/Vitis_HLS/2020.2/common/technology/autopilot -I C:/Xilinx/Vitis_HLS/2020.2/common/technology/autopilot/ap_sysc -include etc/autopilot_ssdm_op.h -D__DSP48E1__ -o C:/Users/aless/Documents/NonlinearMPCwithMADS/boost/MPCwithMADS_fxd/solution1/.autopilot/db/generatePollMatrix.pp.0.cpp > C:/Users/aless/Documents/NonlinearMPCwithMADS/boost/MPCwithMADS_fxd/solution1/.autopilot/db/clang.generatePollMatrix.cpp.out.log 2> C:/Users/aless/Documents/NonlinearMPCwithMADS/boost/MPCwithMADS_fxd/solution1/.autopilot/db/clang.generatePollMatrix.cpp.err.log 
Command       ap_eval done; 0.176 sec.
INFO-FLOW: Done: GCC PP 39 time: 0.2 seconds per iteration
Execute       set_directive_top MPCwithMADS -name=MPCwithMADS 
INFO-FLOW: Setting directive 'TOP' name=MPCwithMADS 
INFO-FLOW: Setting directive 'TOP' name=MPCwithMADS 
INFO-FLOW: Setting directive 'TOP' name=MPCwithMADS 
INFO-FLOW: Setting directive 'TOP' name=MPCwithMADS 
INFO-FLOW: Setting directive 'TOP' name=MPCwithMADS 
INFO-FLOW: Setting directive 'TOP' name=MPCwithMADS 
INFO-FLOW: Setting directive 'TOP' name=MPCwithMADS 
INFO-FLOW: Setting directive 'TOP' name=MPCwithMADS 
INFO-FLOW: Setting directive 'TOP' name=MPCwithMADS 
INFO-FLOW: Setting directive 'TOP' name=MPCwithMADS 
INFO-FLOW: Setting directive 'TOP' name=MPCwithMADS 
INFO-FLOW: Setting directive 'TOP' name=MPCwithMADS 
INFO-FLOW: Setting directive 'TOP' name=MPCwithMADS 
INFO-FLOW: Setting directive 'TOP' name=MPCwithMADS 
INFO-FLOW: Setting directive 'TOP' name=MPCwithMADS 
Execute       list_core -type functional_unit 
Execute       clang_tidy xilinx-systemc-detector C:/Users/aless/Documents/NonlinearMPCwithMADS/boost/MPCwithMADS_fxd/solution1/.autopilot/db/generatePollMatrix.pp.0.cpp std=gnu++14 -target fpga  -directive=C:/Users/aless/Documents/NonlinearMPCwithMADS/boost/MPCwithMADS_fxd/solution1/.autopilot/db/.systemc_flag 
INFO-FLOW: exec C:/Xilinx/Vitis_HLS/2020.2/win64/tools/clang-3.9-csynth/bin/clang-tidy -header-filter=.* --checks=-*,xilinx-systemc-detector -import-directive=C:/Users/aless/Documents/NonlinearMPCwithMADS/boost/MPCwithMADS_fxd/solution1/.autopilot/db/.systemc_flag -fix-errors C:/Users/aless/Documents/NonlinearMPCwithMADS/boost/MPCwithMADS_fxd/solution1/.autopilot/db/generatePollMatrix.pp.0.cpp -- -std=gnu++14 -target fpga -fhls -ferror-limit=0
Command       clang_tidy done; 1.11 sec.
INFO-FLOW: Running: clang-tidy CDT preprocess 39
Execute       clang_tidy xilinx-directive2pragma C:/Users/aless/Documents/NonlinearMPCwithMADS/boost/MPCwithMADS_fxd/solution1/.autopilot/db/generatePollMatrix.pp.0.cpp std=gnu++14 -target fpga  -directive=C:/Users/aless/Documents/NonlinearMPCwithMADS/boost/MPCwithMADS_fxd/solution1/.autopilot/db/all.directive.json 
INFO-FLOW: exec C:/Xilinx/Vitis_HLS/2020.2/win64/tools/clang-3.9-csynth/bin/clang-tidy -header-filter=.* --checks=-*,xilinx-directive2pragma -import-directive=C:/Users/aless/Documents/NonlinearMPCwithMADS/boost/MPCwithMADS_fxd/solution1/.autopilot/db/all.directive.json -fix-errors C:/Users/aless/Documents/NonlinearMPCwithMADS/boost/MPCwithMADS_fxd/solution1/.autopilot/db/generatePollMatrix.pp.0.cpp -- -std=gnu++14 -target fpga -fhls -ferror-limit=0
Command       clang_tidy done; 1.06 sec.
Execute       clang_tidy xilinx-constantarray-param,xilinx-remove-assert C:/Users/aless/Documents/NonlinearMPCwithMADS/boost/MPCwithMADS_fxd/solution1/.autopilot/db/generatePollMatrix.pp.0.cpp std=gnu++14 -target fpga  
INFO-FLOW: exec C:/Xilinx/Vitis_HLS/2020.2/win64/tools/clang-3.9-csynth/bin/clang-tidy -header-filter=.* --checks=-*,xilinx-constantarray-param,xilinx-remove-assert -fix-errors C:/Users/aless/Documents/NonlinearMPCwithMADS/boost/MPCwithMADS_fxd/solution1/.autopilot/db/generatePollMatrix.pp.0.cpp -- -std=gnu++14 -target fpga -fhls -ferror-limit=0
Command       clang_tidy done; 1.216 sec.
INFO-FLOW: Done: clang-tidy CDT preprocess 39 time: 2.3 seconds per iteration
INFO-FLOW: Calling xilinx-label-all-loops ... 
Execute       clang_tidy -errorcheck xilinx-label-all-loops,xilinx-top-parameters,xilinx-array-stream-check,xilinx-warn-mayneed-no-ctor-attribute C:/Users/aless/Documents/NonlinearMPCwithMADS/boost/MPCwithMADS_fxd/solution1/.autopilot/db/generatePollMatrix.pp.0.cpp std=gnu++14 -target fpga  
Execute         ap_eval exec -ignorestderr C:/Xilinx/Vitis_HLS/2020.2/win64/tools/clang-3.9-csynth/bin/clang-tidy -export-fixes=C:/Users/aless/Documents/NonlinearMPCwithMADS/boost/MPCwithMADS_fxd/solution1/.autopilot/db/clang-tidy.generatePollMatrix.pp.0.cpp.diag.yml -header-filter=.* --checks=-*,xilinx-label-all-loops,xilinx-top-parameters,xilinx-array-stream-check,xilinx-warn-mayneed-no-ctor-attribute -fix-errors C:/Users/aless/Documents/NonlinearMPCwithMADS/boost/MPCwithMADS_fxd/solution1/.autopilot/db/generatePollMatrix.pp.0.cpp -- -std=gnu++14 -target fpga -fhls -ferror-limit=0 > C:/Users/aless/Documents/NonlinearMPCwithMADS/boost/MPCwithMADS_fxd/solution1/.autopilot/db/clang-tidy.generatePollMatrix.pp.0.cpp.out.log 2> C:/Users/aless/Documents/NonlinearMPCwithMADS/boost/MPCwithMADS_fxd/solution1/.autopilot/db/clang-tidy.generatePollMatrix.pp.0.cpp.err.log 
Command         ap_eval done; 1.882 sec.
Command       clang_tidy done; 1.931 sec.
Execute       get_config_dataflow -strict_mode 
Execute       ap_eval exec -ignorestderr C:/Xilinx/Vitis_HLS/2020.2/win64/tools/clang-3.9-csynth/bin/xilinx-dataflow-lawyer -export-fixes=C:/Users/aless/Documents/NonlinearMPCwithMADS/boost/MPCwithMADS_fxd/solution1/.autopilot/db/xilinx-dataflow-lawyer.generatePollMatrix.pp.0.cpp.diag.yml C:/Users/aless/Documents/NonlinearMPCwithMADS/boost/MPCwithMADS_fxd/solution1/.autopilot/db/generatePollMatrix.pp.0.cpp -- -std=gnu++14 -target fpga -fhls -ferror-limit=0 -fstrict-dataflow > C:/Users/aless/Documents/NonlinearMPCwithMADS/boost/MPCwithMADS_fxd/solution1/.autopilot/db/xilinx-dataflow-lawyer.generatePollMatrix.pp.0.cpp.out.log 2> C:/Users/aless/Documents/NonlinearMPCwithMADS/boost/MPCwithMADS_fxd/solution1/.autopilot/db/xilinx-dataflow-lawyer.generatePollMatrix.pp.0.cpp.err.log 
Command       ap_eval done; 1.026 sec.
Execute       ap_part_info -name xc7z020-clg484-1 -data info 
INFO-FLOW: compiling source code to llvm bc
Execute       ap_eval exec -ignorestderr C:/Xilinx/Vitis_HLS/2020.2/win64/tools/clang-3.9-csynth/bin/clang -foptimization-record-file=C:/Users/aless/Documents/NonlinearMPCwithMADS/boost/MPCwithMADS_fxd/solution1/.autopilot/db/clang.generatePollMatrix.pp.0.cpp.diag.yml -mllvm -pass-remarks-missed=reflow|pasta|unroll -mllvm -pass-remarks=reflow|pasta|unroll|inline -fno-limit-debug-info -fhls -flto -fno-exceptions -Wno-error=c++11-narrowing C:/Users/aless/Documents/NonlinearMPCwithMADS/boost/MPCwithMADS_fxd/solution1/.autopilot/db/generatePollMatrix.pp.0.cpp -fno-math-errno -c -emit-llvm -mllvm -disable-llvm-optzns -Werror=implicit-function-declaration -Werror=implicit-hls-streams -Werror=return-type -Wpragmas -Wunused-parameter -fno-threadsafe-statics -fno-use-cxa-atexit -std=gnu++14 -target fpga64-xilinx-linux-gnu -D__VITIS_HLS__ -DAESL_SYN -D__SYNTHESIS__ -D__HLS_SYN__ -I C:/Xilinx/Vitis_HLS/2020.2/common/technology/autopilot -I C:/Xilinx/Vitis_HLS/2020.2/common/technology/autopilot/ap_sysc -include etc/autopilot_ssdm_op.h -D__DSP48E1__ -g -o C:/Users/aless/Documents/NonlinearMPCwithMADS/boost/MPCwithMADS_fxd/solution1/.autopilot/db/generatePollMatrix.bc > C:/Users/aless/Documents/NonlinearMPCwithMADS/boost/MPCwithMADS_fxd/solution1/.autopilot/db/clang.generatePollMatrix.pp.0.cpp.out.log 2> C:/Users/aless/Documents/NonlinearMPCwithMADS/boost/MPCwithMADS_fxd/solution1/.autopilot/db/clang.generatePollMatrix.pp.0.cpp.err.log 
Command       ap_eval done; 1.142 sec.
INFO: [HLS 200-10] Analyzing design file 'MPCwithMADS_fxd/generatePollDirections.cpp' ... 
INFO-FLOW: Compiling one TU...
Execute       get_config_compile -pragma_strict_mode 
INFO-FLOW: Handling MPCwithMADS_fxd/generatePollDirections.cpp as C++
Execute       ap_part_info -name xc7z020-clg484-1 -data info 
INFO-FLOW: Running: GCC PP 39
INFO-FLOW: Source preprocessing
Execute       ap_eval exec -ignorestderr C:/Xilinx/Vitis_HLS/2020.2/win64/tools/clang-3.9-csynth/bin/clang MPCwithMADS_fxd/generatePollDirections.cpp -foptimization-record-file=C:/Users/aless/Documents/NonlinearMPCwithMADS/boost/MPCwithMADS_fxd/solution1/.autopilot/db/clang.generatePollDirections.cpp.diag.yml -mllvm -pass-remarks-missed=reflow|pasta|unroll -mllvm -pass-remarks=reflow|pasta|unroll|inline -fno-limit-debug-info --sysroot C:/Xilinx/Vitis_HLS/2020.2/tps/mingw/6.2.0/win64.o/nt -fhls -fno-exceptions -E -fno-math-errno -c -emit-llvm -mllvm -disable-llvm-optzns -Werror=implicit-function-declaration -Werror=implicit-hls-streams -Werror=return-type -Wpragmas -Wunused-parameter -fno-threadsafe-statics -fno-use-cxa-atexit -std=gnu++14 -target fpga64-xilinx-mingw32 -fno-threadsafe-statics -fno-use-cxa-atexit -I C:/Xilinx/Vitis_HLS/2020.2/common/technology/autopilot/39 -D__VITIS_HLS__ -DAESL_SYN -D__SYNTHESIS__ -D__HLS_SYN__ -I C:/Xilinx/Vitis_HLS/2020.2/common/technology/autopilot -I C:/Xilinx/Vitis_HLS/2020.2/common/technology/autopilot/ap_sysc -include etc/autopilot_ssdm_op.h -D__DSP48E1__ -o C:/Users/aless/Documents/NonlinearMPCwithMADS/boost/MPCwithMADS_fxd/solution1/.autopilot/db/generatePollDirections.pp.0.cpp > C:/Users/aless/Documents/NonlinearMPCwithMADS/boost/MPCwithMADS_fxd/solution1/.autopilot/db/clang.generatePollDirections.cpp.out.log 2> C:/Users/aless/Documents/NonlinearMPCwithMADS/boost/MPCwithMADS_fxd/solution1/.autopilot/db/clang.generatePollDirections.cpp.err.log 
Command       ap_eval done; 0.218 sec.
INFO-FLOW: Done: GCC PP 39 time: 0.2 seconds per iteration
Execute       set_directive_top MPCwithMADS -name=MPCwithMADS 
INFO-FLOW: Setting directive 'TOP' name=MPCwithMADS 
INFO-FLOW: Setting directive 'TOP' name=MPCwithMADS 
INFO-FLOW: Setting directive 'TOP' name=MPCwithMADS 
INFO-FLOW: Setting directive 'TOP' name=MPCwithMADS 
INFO-FLOW: Setting directive 'TOP' name=MPCwithMADS 
INFO-FLOW: Setting directive 'TOP' name=MPCwithMADS 
INFO-FLOW: Setting directive 'TOP' name=MPCwithMADS 
INFO-FLOW: Setting directive 'TOP' name=MPCwithMADS 
INFO-FLOW: Setting directive 'TOP' name=MPCwithMADS 
INFO-FLOW: Setting directive 'TOP' name=MPCwithMADS 
INFO-FLOW: Setting directive 'TOP' name=MPCwithMADS 
INFO-FLOW: Setting directive 'TOP' name=MPCwithMADS 
INFO-FLOW: Setting directive 'TOP' name=MPCwithMADS 
INFO-FLOW: Setting directive 'TOP' name=MPCwithMADS 
INFO-FLOW: Setting directive 'TOP' name=MPCwithMADS 
INFO-FLOW: Setting directive 'TOP' name=MPCwithMADS 
INFO-FLOW: Setting directive 'TOP' name=MPCwithMADS 
INFO-FLOW: Setting directive 'TOP' name=MPCwithMADS 
Execute       list_core -type functional_unit 
Execute       clang_tidy xilinx-systemc-detector C:/Users/aless/Documents/NonlinearMPCwithMADS/boost/MPCwithMADS_fxd/solution1/.autopilot/db/generatePollDirections.pp.0.cpp std=gnu++14 -target fpga  -directive=C:/Users/aless/Documents/NonlinearMPCwithMADS/boost/MPCwithMADS_fxd/solution1/.autopilot/db/.systemc_flag 
INFO-FLOW: exec C:/Xilinx/Vitis_HLS/2020.2/win64/tools/clang-3.9-csynth/bin/clang-tidy -header-filter=.* --checks=-*,xilinx-systemc-detector -import-directive=C:/Users/aless/Documents/NonlinearMPCwithMADS/boost/MPCwithMADS_fxd/solution1/.autopilot/db/.systemc_flag -fix-errors C:/Users/aless/Documents/NonlinearMPCwithMADS/boost/MPCwithMADS_fxd/solution1/.autopilot/db/generatePollDirections.pp.0.cpp -- -std=gnu++14 -target fpga -fhls -ferror-limit=0
Command       clang_tidy done; 5.938 sec.
INFO-FLOW: Running: clang-tidy CDT preprocess 39
Execute       clang_tidy xilinx-directive2pragma C:/Users/aless/Documents/NonlinearMPCwithMADS/boost/MPCwithMADS_fxd/solution1/.autopilot/db/generatePollDirections.pp.0.cpp std=gnu++14 -target fpga  -directive=C:/Users/aless/Documents/NonlinearMPCwithMADS/boost/MPCwithMADS_fxd/solution1/.autopilot/db/all.directive.json 
INFO-FLOW: exec C:/Xilinx/Vitis_HLS/2020.2/win64/tools/clang-3.9-csynth/bin/clang-tidy -header-filter=.* --checks=-*,xilinx-directive2pragma -import-directive=C:/Users/aless/Documents/NonlinearMPCwithMADS/boost/MPCwithMADS_fxd/solution1/.autopilot/db/all.directive.json -fix-errors C:/Users/aless/Documents/NonlinearMPCwithMADS/boost/MPCwithMADS_fxd/solution1/.autopilot/db/generatePollDirections.pp.0.cpp -- -std=gnu++14 -target fpga -fhls -ferror-limit=0
Command       clang_tidy done; 6.095 sec.
Execute       clang_tidy xilinx-constantarray-param,xilinx-remove-assert C:/Users/aless/Documents/NonlinearMPCwithMADS/boost/MPCwithMADS_fxd/solution1/.autopilot/db/generatePollDirections.pp.0.cpp std=gnu++14 -target fpga  
INFO-FLOW: exec C:/Xilinx/Vitis_HLS/2020.2/win64/tools/clang-3.9-csynth/bin/clang-tidy -header-filter=.* --checks=-*,xilinx-constantarray-param,xilinx-remove-assert -fix-errors C:/Users/aless/Documents/NonlinearMPCwithMADS/boost/MPCwithMADS_fxd/solution1/.autopilot/db/generatePollDirections.pp.0.cpp -- -std=gnu++14 -target fpga -fhls -ferror-limit=0
Command       clang_tidy done; 7.331 sec.
INFO-FLOW: Done: clang-tidy CDT preprocess 39 time: 13.4 seconds per iteration
INFO-FLOW: Calling xilinx-label-all-loops ... 
Execute       clang_tidy -errorcheck xilinx-label-all-loops,xilinx-top-parameters,xilinx-array-stream-check,xilinx-warn-mayneed-no-ctor-attribute C:/Users/aless/Documents/NonlinearMPCwithMADS/boost/MPCwithMADS_fxd/solution1/.autopilot/db/generatePollDirections.pp.0.cpp std=gnu++14 -target fpga  
Execute         ap_eval exec -ignorestderr C:/Xilinx/Vitis_HLS/2020.2/win64/tools/clang-3.9-csynth/bin/clang-tidy -export-fixes=C:/Users/aless/Documents/NonlinearMPCwithMADS/boost/MPCwithMADS_fxd/solution1/.autopilot/db/clang-tidy.generatePollDirections.pp.0.cpp.diag.yml -header-filter=.* --checks=-*,xilinx-label-all-loops,xilinx-top-parameters,xilinx-array-stream-check,xilinx-warn-mayneed-no-ctor-attribute -fix-errors C:/Users/aless/Documents/NonlinearMPCwithMADS/boost/MPCwithMADS_fxd/solution1/.autopilot/db/generatePollDirections.pp.0.cpp -- -std=gnu++14 -target fpga -fhls -ferror-limit=0 > C:/Users/aless/Documents/NonlinearMPCwithMADS/boost/MPCwithMADS_fxd/solution1/.autopilot/db/clang-tidy.generatePollDirections.pp.0.cpp.out.log 2> C:/Users/aless/Documents/NonlinearMPCwithMADS/boost/MPCwithMADS_fxd/solution1/.autopilot/db/clang-tidy.generatePollDirections.pp.0.cpp.err.log 
Command         ap_eval done; 10.659 sec.
Command       clang_tidy done; 11.406 sec.
Execute       get_config_dataflow -strict_mode 
Execute       ap_eval exec -ignorestderr C:/Xilinx/Vitis_HLS/2020.2/win64/tools/clang-3.9-csynth/bin/xilinx-dataflow-lawyer -export-fixes=C:/Users/aless/Documents/NonlinearMPCwithMADS/boost/MPCwithMADS_fxd/solution1/.autopilot/db/xilinx-dataflow-lawyer.generatePollDirections.pp.0.cpp.diag.yml C:/Users/aless/Documents/NonlinearMPCwithMADS/boost/MPCwithMADS_fxd/solution1/.autopilot/db/generatePollDirections.pp.0.cpp -- -std=gnu++14 -target fpga -fhls -ferror-limit=0 -fstrict-dataflow > C:/Users/aless/Documents/NonlinearMPCwithMADS/boost/MPCwithMADS_fxd/solution1/.autopilot/db/xilinx-dataflow-lawyer.generatePollDirections.pp.0.cpp.out.log 2> C:/Users/aless/Documents/NonlinearMPCwithMADS/boost/MPCwithMADS_fxd/solution1/.autopilot/db/xilinx-dataflow-lawyer.generatePollDirections.pp.0.cpp.err.log 
Command       ap_eval done; 5.693 sec.
Execute       ap_part_info -name xc7z020-clg484-1 -data info 
INFO-FLOW: compiling source code to llvm bc
Execute       ap_eval exec -ignorestderr C:/Xilinx/Vitis_HLS/2020.2/win64/tools/clang-3.9-csynth/bin/clang -foptimization-record-file=C:/Users/aless/Documents/NonlinearMPCwithMADS/boost/MPCwithMADS_fxd/solution1/.autopilot/db/clang.generatePollDirections.pp.0.cpp.diag.yml -mllvm -pass-remarks-missed=reflow|pasta|unroll -mllvm -pass-remarks=reflow|pasta|unroll|inline -fno-limit-debug-info -fhls -flto -fno-exceptions -Wno-error=c++11-narrowing C:/Users/aless/Documents/NonlinearMPCwithMADS/boost/MPCwithMADS_fxd/solution1/.autopilot/db/generatePollDirections.pp.0.cpp -fno-math-errno -c -emit-llvm -mllvm -disable-llvm-optzns -Werror=implicit-function-declaration -Werror=implicit-hls-streams -Werror=return-type -Wpragmas -Wunused-parameter -fno-threadsafe-statics -fno-use-cxa-atexit -std=gnu++14 -target fpga64-xilinx-linux-gnu -D__VITIS_HLS__ -DAESL_SYN -D__SYNTHESIS__ -D__HLS_SYN__ -I C:/Xilinx/Vitis_HLS/2020.2/common/technology/autopilot -I C:/Xilinx/Vitis_HLS/2020.2/common/technology/autopilot/ap_sysc -include etc/autopilot_ssdm_op.h -D__DSP48E1__ -g -o C:/Users/aless/Documents/NonlinearMPCwithMADS/boost/MPCwithMADS_fxd/solution1/.autopilot/db/generatePollDirections.bc > C:/Users/aless/Documents/NonlinearMPCwithMADS/boost/MPCwithMADS_fxd/solution1/.autopilot/db/clang.generatePollDirections.pp.0.cpp.out.log 2> C:/Users/aless/Documents/NonlinearMPCwithMADS/boost/MPCwithMADS_fxd/solution1/.autopilot/db/clang.generatePollDirections.pp.0.cpp.err.log 
Command       ap_eval done; 6.141 sec.
WARNING: [HLS 207-5510] 'Resource pragma' is deprecated, and it will be removed in future release. It is suggested to replace it with 'bind_op/bind_storage pragma'.: C:/Xilinx/Vitis_HLS/2020.2/common/technology/autopilot/hls_hotbm_apfixed.h:117:9
WARNING: [HLS 207-5510] 'Resource pragma' is deprecated, and it will be removed in future release. It is suggested to replace it with 'bind_op/bind_storage pragma'.: C:/Xilinx/Vitis_HLS/2020.2/common/technology/autopilot/hls_hotbm_apfixed.h:118:9
WARNING: [HLS 207-5510] 'Resource pragma' is deprecated, and it will be removed in future release. It is suggested to replace it with 'bind_op/bind_storage pragma'.: C:/Xilinx/Vitis_HLS/2020.2/common/technology/autopilot/hls_hotbm_apfixed.h:119:9
WARNING: [HLS 207-5510] 'Resource pragma' is deprecated, and it will be removed in future release. It is suggested to replace it with 'bind_op/bind_storage pragma'.: C:/Xilinx/Vitis_HLS/2020.2/common/technology/autopilot/hls_hotbm_apfixed.h:120:9
WARNING: [HLS 207-5510] 'Resource pragma' is deprecated, and it will be removed in future release. It is suggested to replace it with 'bind_op/bind_storage pragma'.: C:/Xilinx/Vitis_HLS/2020.2/common/technology/autopilot/hls_hotbm_apfixed.h:121:9
WARNING: [HLS 207-5510] 'Resource pragma' is deprecated, and it will be removed in future release. It is suggested to replace it with 'bind_op/bind_storage pragma'.: C:/Xilinx/Vitis_HLS/2020.2/common/technology/autopilot/hls_hotbm_apfixed.h:151:9
WARNING: [HLS 207-5510] 'Resource pragma' is deprecated, and it will be removed in future release. It is suggested to replace it with 'bind_op/bind_storage pragma'.: C:/Xilinx/Vitis_HLS/2020.2/common/technology/autopilot/hls_hotbm_apfixed.h:152:9
WARNING: [HLS 207-5510] 'Resource pragma' is deprecated, and it will be removed in future release. It is suggested to replace it with 'bind_op/bind_storage pragma'.: C:/Xilinx/Vitis_HLS/2020.2/common/technology/autopilot/hls_hotbm_apfixed.h:153:9
WARNING: [HLS 207-5510] 'Resource pragma' is deprecated, and it will be removed in future release. It is suggested to replace it with 'bind_op/bind_storage pragma'.: C:/Xilinx/Vitis_HLS/2020.2/common/technology/autopilot/hls_hotbm_apfixed.h:154:9
WARNING: [HLS 207-5510] 'Resource pragma' is deprecated, and it will be removed in future release. It is suggested to replace it with 'bind_op/bind_storage pragma'.: C:/Xilinx/Vitis_HLS/2020.2/common/technology/autopilot/hls_hotbm_apfixed.h:155:9
WARNING: [HLS 207-5510] 'Resource pragma' is deprecated, and it will be removed in future release. It is suggested to replace it with 'bind_op/bind_storage pragma'.: C:/Xilinx/Vitis_HLS/2020.2/common/technology/autopilot/hls_hotbm_apfixed.h:156:9
WARNING: [HLS 207-5510] 'Resource pragma' is deprecated, and it will be removed in future release. It is suggested to replace it with 'bind_op/bind_storage pragma'.: C:/Xilinx/Vitis_HLS/2020.2/common/technology/autopilot/hls_hotbm_apfixed.h:157:9
WARNING: [HLS 207-5510] 'Resource pragma' is deprecated, and it will be removed in future release. It is suggested to replace it with 'bind_op/bind_storage pragma'.: C:/Xilinx/Vitis_HLS/2020.2/common/technology/autopilot/hls_hotbm_apfixed.h:158:9
WARNING: [HLS 207-5510] 'Resource pragma' is deprecated, and it will be removed in future release. It is suggested to replace it with 'bind_op/bind_storage pragma'.: C:/Xilinx/Vitis_HLS/2020.2/common/technology/autopilot/hls_hotbm_apfixed.h:159:9
WARNING: [HLS 207-5510] 'Resource pragma' is deprecated, and it will be removed in future release. It is suggested to replace it with 'bind_op/bind_storage pragma'.: C:/Xilinx/Vitis_HLS/2020.2/common/technology/autopilot/hls_hotbm_apfixed.h:160:9
WARNING: [HLS 207-5510] 'Resource pragma' is deprecated, and it will be removed in future release. It is suggested to replace it with 'bind_op/bind_storage pragma'.: C:/Xilinx/Vitis_HLS/2020.2/common/technology/autopilot/hls_hotbm_apfixed.h:210:9
WARNING: [HLS 207-5510] 'Resource pragma' is deprecated, and it will be removed in future release. It is suggested to replace it with 'bind_op/bind_storage pragma'.: C:/Xilinx/Vitis_HLS/2020.2/common/technology/autopilot/hls_hotbm_apfixed.h:211:9
WARNING: [HLS 207-5510] 'Resource pragma' is deprecated, and it will be removed in future release. It is suggested to replace it with 'bind_op/bind_storage pragma'.: C:/Xilinx/Vitis_HLS/2020.2/common/technology/autopilot/hls_hotbm_apfixed.h:212:9
WARNING: [HLS 207-5510] 'Resource pragma' is deprecated, and it will be removed in future release. It is suggested to replace it with 'bind_op/bind_storage pragma'.: C:/Xilinx/Vitis_HLS/2020.2/common/technology/autopilot/hls_hotbm_apfixed.h:239:9
WARNING: [HLS 207-5510] 'Resource pragma' is deprecated, and it will be removed in future release. It is suggested to replace it with 'bind_op/bind_storage pragma'.: C:/Xilinx/Vitis_HLS/2020.2/common/technology/autopilot/hls_hotbm_apfixed.h:240:9
WARNING: [HLS 207-5510] 'Resource pragma' is deprecated, and it will be removed in future release. It is suggested to replace it with 'bind_op/bind_storage pragma'.: C:/Xilinx/Vitis_HLS/2020.2/common/technology/autopilot/hls_hotbm_apfixed.h:241:9
WARNING: [HLS 207-5510] 'Resource pragma' is deprecated, and it will be removed in future release. It is suggested to replace it with 'bind_op/bind_storage pragma'.: C:/Xilinx/Vitis_HLS/2020.2/common/technology/autopilot/hls_hotbm_apfixed.h:242:9
WARNING: [HLS 207-5510] 'Resource pragma' is deprecated, and it will be removed in future release. It is suggested to replace it with 'bind_op/bind_storage pragma'.: C:/Xilinx/Vitis_HLS/2020.2/common/technology/autopilot/hls_hotbm_apfixed.h:243:9
WARNING: [HLS 207-5510] 'Resource pragma' is deprecated, and it will be removed in future release. It is suggested to replace it with 'bind_op/bind_storage pragma'.: C:/Xilinx/Vitis_HLS/2020.2/common/technology/autopilot/hls_hotbm_apfixed.h:244:9
WARNING: [HLS 207-5510] 'Resource pragma' is deprecated, and it will be removed in future release. It is suggested to replace it with 'bind_op/bind_storage pragma'.: C:/Xilinx/Vitis_HLS/2020.2/common/technology/autopilot/hls_hotbm_apfixed.h:280:9
WARNING: [HLS 207-5510] 'Resource pragma' is deprecated, and it will be removed in future release. It is suggested to replace it with 'bind_op/bind_storage pragma'.: C:/Xilinx/Vitis_HLS/2020.2/common/technology/autopilot/hls_hotbm_apfixed.h:281:9
INFO: [HLS 200-10] Analyzing design file 'MPCwithMADS_fxd/costFunction.cpp' ... 
INFO-FLOW: Compiling one TU...
Execute       get_config_compile -pragma_strict_mode 
INFO-FLOW: Handling MPCwithMADS_fxd/costFunction.cpp as C++
Execute       ap_part_info -name xc7z020-clg484-1 -data info 
INFO-FLOW: Running: GCC PP 39
INFO-FLOW: Source preprocessing
Execute       ap_eval exec -ignorestderr C:/Xilinx/Vitis_HLS/2020.2/win64/tools/clang-3.9-csynth/bin/clang MPCwithMADS_fxd/costFunction.cpp -foptimization-record-file=C:/Users/aless/Documents/NonlinearMPCwithMADS/boost/MPCwithMADS_fxd/solution1/.autopilot/db/clang.costFunction.cpp.diag.yml -mllvm -pass-remarks-missed=reflow|pasta|unroll -mllvm -pass-remarks=reflow|pasta|unroll|inline -fno-limit-debug-info --sysroot C:/Xilinx/Vitis_HLS/2020.2/tps/mingw/6.2.0/win64.o/nt -fhls -fno-exceptions -E -fno-math-errno -c -emit-llvm -mllvm -disable-llvm-optzns -Werror=implicit-function-declaration -Werror=implicit-hls-streams -Werror=return-type -Wpragmas -Wunused-parameter -fno-threadsafe-statics -fno-use-cxa-atexit -std=gnu++14 -target fpga64-xilinx-mingw32 -fno-threadsafe-statics -fno-use-cxa-atexit -I C:/Xilinx/Vitis_HLS/2020.2/common/technology/autopilot/39 -D__VITIS_HLS__ -DAESL_SYN -D__SYNTHESIS__ -D__HLS_SYN__ -I C:/Xilinx/Vitis_HLS/2020.2/common/technology/autopilot -I C:/Xilinx/Vitis_HLS/2020.2/common/technology/autopilot/ap_sysc -include etc/autopilot_ssdm_op.h -D__DSP48E1__ -o C:/Users/aless/Documents/NonlinearMPCwithMADS/boost/MPCwithMADS_fxd/solution1/.autopilot/db/costFunction.pp.0.cpp > C:/Users/aless/Documents/NonlinearMPCwithMADS/boost/MPCwithMADS_fxd/solution1/.autopilot/db/clang.costFunction.cpp.out.log 2> C:/Users/aless/Documents/NonlinearMPCwithMADS/boost/MPCwithMADS_fxd/solution1/.autopilot/db/clang.costFunction.cpp.err.log 
Command       ap_eval done; 0.216 sec.
INFO-FLOW: Done: GCC PP 39 time: 0.2 seconds per iteration
Execute       set_directive_top MPCwithMADS -name=MPCwithMADS 
INFO-FLOW: Setting directive 'TOP' name=MPCwithMADS 
INFO-FLOW: Setting directive 'TOP' name=MPCwithMADS 
INFO-FLOW: Setting directive 'TOP' name=MPCwithMADS 
INFO-FLOW: Setting directive 'TOP' name=MPCwithMADS 
INFO-FLOW: Setting directive 'TOP' name=MPCwithMADS 
INFO-FLOW: Setting directive 'TOP' name=MPCwithMADS 
INFO-FLOW: Setting directive 'TOP' name=MPCwithMADS 
INFO-FLOW: Setting directive 'TOP' name=MPCwithMADS 
INFO-FLOW: Setting directive 'TOP' name=MPCwithMADS 
INFO-FLOW: Setting directive 'TOP' name=MPCwithMADS 
INFO-FLOW: Setting directive 'TOP' name=MPCwithMADS 
INFO-FLOW: Setting directive 'TOP' name=MPCwithMADS 
INFO-FLOW: Setting directive 'TOP' name=MPCwithMADS 
INFO-FLOW: Setting directive 'TOP' name=MPCwithMADS 
INFO-FLOW: Setting directive 'TOP' name=MPCwithMADS 
INFO-FLOW: Setting directive 'TOP' name=MPCwithMADS 
INFO-FLOW: Setting directive 'TOP' name=MPCwithMADS 
INFO-FLOW: Setting directive 'TOP' name=MPCwithMADS 
INFO-FLOW: Setting directive 'TOP' name=MPCwithMADS 
INFO-FLOW: Setting directive 'TOP' name=MPCwithMADS 
INFO-FLOW: Setting directive 'TOP' name=MPCwithMADS 
Execute       list_core -type functional_unit 
Execute       clang_tidy xilinx-systemc-detector C:/Users/aless/Documents/NonlinearMPCwithMADS/boost/MPCwithMADS_fxd/solution1/.autopilot/db/costFunction.pp.0.cpp std=gnu++14 -target fpga  -directive=C:/Users/aless/Documents/NonlinearMPCwithMADS/boost/MPCwithMADS_fxd/solution1/.autopilot/db/.systemc_flag 
INFO-FLOW: exec C:/Xilinx/Vitis_HLS/2020.2/win64/tools/clang-3.9-csynth/bin/clang-tidy -header-filter=.* --checks=-*,xilinx-systemc-detector -import-directive=C:/Users/aless/Documents/NonlinearMPCwithMADS/boost/MPCwithMADS_fxd/solution1/.autopilot/db/.systemc_flag -fix-errors C:/Users/aless/Documents/NonlinearMPCwithMADS/boost/MPCwithMADS_fxd/solution1/.autopilot/db/costFunction.pp.0.cpp -- -std=gnu++14 -target fpga -fhls -ferror-limit=0
Command       clang_tidy done; 7.065 sec.
INFO-FLOW: Running: clang-tidy CDT preprocess 39
Execute       clang_tidy xilinx-directive2pragma C:/Users/aless/Documents/NonlinearMPCwithMADS/boost/MPCwithMADS_fxd/solution1/.autopilot/db/costFunction.pp.0.cpp std=gnu++14 -target fpga  -directive=C:/Users/aless/Documents/NonlinearMPCwithMADS/boost/MPCwithMADS_fxd/solution1/.autopilot/db/all.directive.json 
INFO-FLOW: exec C:/Xilinx/Vitis_HLS/2020.2/win64/tools/clang-3.9-csynth/bin/clang-tidy -header-filter=.* --checks=-*,xilinx-directive2pragma -import-directive=C:/Users/aless/Documents/NonlinearMPCwithMADS/boost/MPCwithMADS_fxd/solution1/.autopilot/db/all.directive.json -fix-errors C:/Users/aless/Documents/NonlinearMPCwithMADS/boost/MPCwithMADS_fxd/solution1/.autopilot/db/costFunction.pp.0.cpp -- -std=gnu++14 -target fpga -fhls -ferror-limit=0
Command       clang_tidy done; 7.044 sec.
Execute       clang_tidy xilinx-constantarray-param,xilinx-remove-assert C:/Users/aless/Documents/NonlinearMPCwithMADS/boost/MPCwithMADS_fxd/solution1/.autopilot/db/costFunction.pp.0.cpp std=gnu++14 -target fpga  
INFO-FLOW: exec C:/Xilinx/Vitis_HLS/2020.2/win64/tools/clang-3.9-csynth/bin/clang-tidy -header-filter=.* --checks=-*,xilinx-constantarray-param,xilinx-remove-assert -fix-errors C:/Users/aless/Documents/NonlinearMPCwithMADS/boost/MPCwithMADS_fxd/solution1/.autopilot/db/costFunction.pp.0.cpp -- -std=gnu++14 -target fpga -fhls -ferror-limit=0
Command       clang_tidy done; 8.681 sec.
INFO-FLOW: Done: clang-tidy CDT preprocess 39 time: 15.7 seconds per iteration
INFO-FLOW: Calling xilinx-label-all-loops ... 
Execute       clang_tidy -errorcheck xilinx-label-all-loops,xilinx-top-parameters,xilinx-array-stream-check,xilinx-warn-mayneed-no-ctor-attribute C:/Users/aless/Documents/NonlinearMPCwithMADS/boost/MPCwithMADS_fxd/solution1/.autopilot/db/costFunction.pp.0.cpp std=gnu++14 -target fpga  
Execute         ap_eval exec -ignorestderr C:/Xilinx/Vitis_HLS/2020.2/win64/tools/clang-3.9-csynth/bin/clang-tidy -export-fixes=C:/Users/aless/Documents/NonlinearMPCwithMADS/boost/MPCwithMADS_fxd/solution1/.autopilot/db/clang-tidy.costFunction.pp.0.cpp.diag.yml -header-filter=.* --checks=-*,xilinx-label-all-loops,xilinx-top-parameters,xilinx-array-stream-check,xilinx-warn-mayneed-no-ctor-attribute -fix-errors C:/Users/aless/Documents/NonlinearMPCwithMADS/boost/MPCwithMADS_fxd/solution1/.autopilot/db/costFunction.pp.0.cpp -- -std=gnu++14 -target fpga -fhls -ferror-limit=0 > C:/Users/aless/Documents/NonlinearMPCwithMADS/boost/MPCwithMADS_fxd/solution1/.autopilot/db/clang-tidy.costFunction.pp.0.cpp.out.log 2> C:/Users/aless/Documents/NonlinearMPCwithMADS/boost/MPCwithMADS_fxd/solution1/.autopilot/db/clang-tidy.costFunction.pp.0.cpp.err.log 
Command         ap_eval done; 12.35 sec.
Command       clang_tidy done; 13.067 sec.
Execute       get_config_dataflow -strict_mode 
Execute       ap_eval exec -ignorestderr C:/Xilinx/Vitis_HLS/2020.2/win64/tools/clang-3.9-csynth/bin/xilinx-dataflow-lawyer -export-fixes=C:/Users/aless/Documents/NonlinearMPCwithMADS/boost/MPCwithMADS_fxd/solution1/.autopilot/db/xilinx-dataflow-lawyer.costFunction.pp.0.cpp.diag.yml C:/Users/aless/Documents/NonlinearMPCwithMADS/boost/MPCwithMADS_fxd/solution1/.autopilot/db/costFunction.pp.0.cpp -- -std=gnu++14 -target fpga -fhls -ferror-limit=0 -fstrict-dataflow > C:/Users/aless/Documents/NonlinearMPCwithMADS/boost/MPCwithMADS_fxd/solution1/.autopilot/db/xilinx-dataflow-lawyer.costFunction.pp.0.cpp.out.log 2> C:/Users/aless/Documents/NonlinearMPCwithMADS/boost/MPCwithMADS_fxd/solution1/.autopilot/db/xilinx-dataflow-lawyer.costFunction.pp.0.cpp.err.log 
Command       ap_eval done; 6.934 sec.
Execute       ap_part_info -name xc7z020-clg484-1 -data info 
INFO-FLOW: compiling source code to llvm bc
Execute       ap_eval exec -ignorestderr C:/Xilinx/Vitis_HLS/2020.2/win64/tools/clang-3.9-csynth/bin/clang -foptimization-record-file=C:/Users/aless/Documents/NonlinearMPCwithMADS/boost/MPCwithMADS_fxd/solution1/.autopilot/db/clang.costFunction.pp.0.cpp.diag.yml -mllvm -pass-remarks-missed=reflow|pasta|unroll -mllvm -pass-remarks=reflow|pasta|unroll|inline -fno-limit-debug-info -fhls -flto -fno-exceptions -Wno-error=c++11-narrowing C:/Users/aless/Documents/NonlinearMPCwithMADS/boost/MPCwithMADS_fxd/solution1/.autopilot/db/costFunction.pp.0.cpp -fno-math-errno -c -emit-llvm -mllvm -disable-llvm-optzns -Werror=implicit-function-declaration -Werror=implicit-hls-streams -Werror=return-type -Wpragmas -Wunused-parameter -fno-threadsafe-statics -fno-use-cxa-atexit -std=gnu++14 -target fpga64-xilinx-linux-gnu -D__VITIS_HLS__ -DAESL_SYN -D__SYNTHESIS__ -D__HLS_SYN__ -I C:/Xilinx/Vitis_HLS/2020.2/common/technology/autopilot -I C:/Xilinx/Vitis_HLS/2020.2/common/technology/autopilot/ap_sysc -include etc/autopilot_ssdm_op.h -D__DSP48E1__ -g -o C:/Users/aless/Documents/NonlinearMPCwithMADS/boost/MPCwithMADS_fxd/solution1/.autopilot/db/costFunction.bc > C:/Users/aless/Documents/NonlinearMPCwithMADS/boost/MPCwithMADS_fxd/solution1/.autopilot/db/clang.costFunction.pp.0.cpp.out.log 2> C:/Users/aless/Documents/NonlinearMPCwithMADS/boost/MPCwithMADS_fxd/solution1/.autopilot/db/clang.costFunction.pp.0.cpp.err.log 
Command       ap_eval done; 7.765 sec.
WARNING: [HLS 207-5510] 'Resource pragma' is deprecated, and it will be removed in future release. It is suggested to replace it with 'bind_op/bind_storage pragma'.: C:/Xilinx/Vitis_HLS/2020.2/common/technology/autopilot/hls_hotbm_apfixed.h:117:9
WARNING: [HLS 207-5510] 'Resource pragma' is deprecated, and it will be removed in future release. It is suggested to replace it with 'bind_op/bind_storage pragma'.: C:/Xilinx/Vitis_HLS/2020.2/common/technology/autopilot/hls_hotbm_apfixed.h:118:9
WARNING: [HLS 207-5510] 'Resource pragma' is deprecated, and it will be removed in future release. It is suggested to replace it with 'bind_op/bind_storage pragma'.: C:/Xilinx/Vitis_HLS/2020.2/common/technology/autopilot/hls_hotbm_apfixed.h:119:9
WARNING: [HLS 207-5510] 'Resource pragma' is deprecated, and it will be removed in future release. It is suggested to replace it with 'bind_op/bind_storage pragma'.: C:/Xilinx/Vitis_HLS/2020.2/common/technology/autopilot/hls_hotbm_apfixed.h:120:9
WARNING: [HLS 207-5510] 'Resource pragma' is deprecated, and it will be removed in future release. It is suggested to replace it with 'bind_op/bind_storage pragma'.: C:/Xilinx/Vitis_HLS/2020.2/common/technology/autopilot/hls_hotbm_apfixed.h:121:9
WARNING: [HLS 207-5510] 'Resource pragma' is deprecated, and it will be removed in future release. It is suggested to replace it with 'bind_op/bind_storage pragma'.: C:/Xilinx/Vitis_HLS/2020.2/common/technology/autopilot/hls_hotbm_apfixed.h:151:9
WARNING: [HLS 207-5510] 'Resource pragma' is deprecated, and it will be removed in future release. It is suggested to replace it with 'bind_op/bind_storage pragma'.: C:/Xilinx/Vitis_HLS/2020.2/common/technology/autopilot/hls_hotbm_apfixed.h:152:9
WARNING: [HLS 207-5510] 'Resource pragma' is deprecated, and it will be removed in future release. It is suggested to replace it with 'bind_op/bind_storage pragma'.: C:/Xilinx/Vitis_HLS/2020.2/common/technology/autopilot/hls_hotbm_apfixed.h:153:9
WARNING: [HLS 207-5510] 'Resource pragma' is deprecated, and it will be removed in future release. It is suggested to replace it with 'bind_op/bind_storage pragma'.: C:/Xilinx/Vitis_HLS/2020.2/common/technology/autopilot/hls_hotbm_apfixed.h:154:9
WARNING: [HLS 207-5510] 'Resource pragma' is deprecated, and it will be removed in future release. It is suggested to replace it with 'bind_op/bind_storage pragma'.: C:/Xilinx/Vitis_HLS/2020.2/common/technology/autopilot/hls_hotbm_apfixed.h:155:9
WARNING: [HLS 207-5510] 'Resource pragma' is deprecated, and it will be removed in future release. It is suggested to replace it with 'bind_op/bind_storage pragma'.: C:/Xilinx/Vitis_HLS/2020.2/common/technology/autopilot/hls_hotbm_apfixed.h:156:9
WARNING: [HLS 207-5510] 'Resource pragma' is deprecated, and it will be removed in future release. It is suggested to replace it with 'bind_op/bind_storage pragma'.: C:/Xilinx/Vitis_HLS/2020.2/common/technology/autopilot/hls_hotbm_apfixed.h:157:9
WARNING: [HLS 207-5510] 'Resource pragma' is deprecated, and it will be removed in future release. It is suggested to replace it with 'bind_op/bind_storage pragma'.: C:/Xilinx/Vitis_HLS/2020.2/common/technology/autopilot/hls_hotbm_apfixed.h:158:9
WARNING: [HLS 207-5510] 'Resource pragma' is deprecated, and it will be removed in future release. It is suggested to replace it with 'bind_op/bind_storage pragma'.: C:/Xilinx/Vitis_HLS/2020.2/common/technology/autopilot/hls_hotbm_apfixed.h:159:9
WARNING: [HLS 207-5510] 'Resource pragma' is deprecated, and it will be removed in future release. It is suggested to replace it with 'bind_op/bind_storage pragma'.: C:/Xilinx/Vitis_HLS/2020.2/common/technology/autopilot/hls_hotbm_apfixed.h:160:9
WARNING: [HLS 207-5510] 'Resource pragma' is deprecated, and it will be removed in future release. It is suggested to replace it with 'bind_op/bind_storage pragma'.: C:/Xilinx/Vitis_HLS/2020.2/common/technology/autopilot/hls_hotbm_apfixed.h:210:9
WARNING: [HLS 207-5510] 'Resource pragma' is deprecated, and it will be removed in future release. It is suggested to replace it with 'bind_op/bind_storage pragma'.: C:/Xilinx/Vitis_HLS/2020.2/common/technology/autopilot/hls_hotbm_apfixed.h:211:9
WARNING: [HLS 207-5510] 'Resource pragma' is deprecated, and it will be removed in future release. It is suggested to replace it with 'bind_op/bind_storage pragma'.: C:/Xilinx/Vitis_HLS/2020.2/common/technology/autopilot/hls_hotbm_apfixed.h:212:9
WARNING: [HLS 207-5510] 'Resource pragma' is deprecated, and it will be removed in future release. It is suggested to replace it with 'bind_op/bind_storage pragma'.: C:/Xilinx/Vitis_HLS/2020.2/common/technology/autopilot/hls_hotbm_apfixed.h:239:9
WARNING: [HLS 207-5510] 'Resource pragma' is deprecated, and it will be removed in future release. It is suggested to replace it with 'bind_op/bind_storage pragma'.: C:/Xilinx/Vitis_HLS/2020.2/common/technology/autopilot/hls_hotbm_apfixed.h:240:9
WARNING: [HLS 207-5510] 'Resource pragma' is deprecated, and it will be removed in future release. It is suggested to replace it with 'bind_op/bind_storage pragma'.: C:/Xilinx/Vitis_HLS/2020.2/common/technology/autopilot/hls_hotbm_apfixed.h:241:9
WARNING: [HLS 207-5510] 'Resource pragma' is deprecated, and it will be removed in future release. It is suggested to replace it with 'bind_op/bind_storage pragma'.: C:/Xilinx/Vitis_HLS/2020.2/common/technology/autopilot/hls_hotbm_apfixed.h:242:9
WARNING: [HLS 207-5510] 'Resource pragma' is deprecated, and it will be removed in future release. It is suggested to replace it with 'bind_op/bind_storage pragma'.: C:/Xilinx/Vitis_HLS/2020.2/common/technology/autopilot/hls_hotbm_apfixed.h:243:9
WARNING: [HLS 207-5510] 'Resource pragma' is deprecated, and it will be removed in future release. It is suggested to replace it with 'bind_op/bind_storage pragma'.: C:/Xilinx/Vitis_HLS/2020.2/common/technology/autopilot/hls_hotbm_apfixed.h:244:9
WARNING: [HLS 207-5510] 'Resource pragma' is deprecated, and it will be removed in future release. It is suggested to replace it with 'bind_op/bind_storage pragma'.: C:/Xilinx/Vitis_HLS/2020.2/common/technology/autopilot/hls_hotbm_apfixed.h:280:9
WARNING: [HLS 207-5510] 'Resource pragma' is deprecated, and it will be removed in future release. It is suggested to replace it with 'bind_op/bind_storage pragma'.: C:/Xilinx/Vitis_HLS/2020.2/common/technology/autopilot/hls_hotbm_apfixed.h:281:9
INFO: [HLS 200-10] Analyzing design file 'MPCwithMADS_fxd/MPCwithMADS.cpp' ... 
INFO-FLOW: Compiling one TU...
Execute       get_config_compile -pragma_strict_mode 
INFO-FLOW: Handling MPCwithMADS_fxd/MPCwithMADS.cpp as C++
Execute       ap_part_info -name xc7z020-clg484-1 -data info 
INFO-FLOW: Running: GCC PP 39
INFO-FLOW: Source preprocessing
Execute       ap_eval exec -ignorestderr C:/Xilinx/Vitis_HLS/2020.2/win64/tools/clang-3.9-csynth/bin/clang MPCwithMADS_fxd/MPCwithMADS.cpp -foptimization-record-file=C:/Users/aless/Documents/NonlinearMPCwithMADS/boost/MPCwithMADS_fxd/solution1/.autopilot/db/clang.MPCwithMADS.cpp.diag.yml -mllvm -pass-remarks-missed=reflow|pasta|unroll -mllvm -pass-remarks=reflow|pasta|unroll|inline -fno-limit-debug-info --sysroot C:/Xilinx/Vitis_HLS/2020.2/tps/mingw/6.2.0/win64.o/nt -fhls -fno-exceptions -E -fno-math-errno -c -emit-llvm -mllvm -disable-llvm-optzns -Werror=implicit-function-declaration -Werror=implicit-hls-streams -Werror=return-type -Wpragmas -Wunused-parameter -fno-threadsafe-statics -fno-use-cxa-atexit -std=gnu++14 -target fpga64-xilinx-mingw32 -fno-threadsafe-statics -fno-use-cxa-atexit -I C:/Xilinx/Vitis_HLS/2020.2/common/technology/autopilot/39 -D__VITIS_HLS__ -DAESL_SYN -D__SYNTHESIS__ -D__HLS_SYN__ -I C:/Xilinx/Vitis_HLS/2020.2/common/technology/autopilot -I C:/Xilinx/Vitis_HLS/2020.2/common/technology/autopilot/ap_sysc -include etc/autopilot_ssdm_op.h -D__DSP48E1__ -o C:/Users/aless/Documents/NonlinearMPCwithMADS/boost/MPCwithMADS_fxd/solution1/.autopilot/db/MPCwithMADS.pp.0.cpp > C:/Users/aless/Documents/NonlinearMPCwithMADS/boost/MPCwithMADS_fxd/solution1/.autopilot/db/clang.MPCwithMADS.cpp.out.log 2> C:/Users/aless/Documents/NonlinearMPCwithMADS/boost/MPCwithMADS_fxd/solution1/.autopilot/db/clang.MPCwithMADS.cpp.err.log 
Command       ap_eval done; 0.173 sec.
INFO-FLOW: Done: GCC PP 39 time: 0.2 seconds per iteration
Execute       set_directive_top MPCwithMADS -name=MPCwithMADS 
INFO-FLOW: Setting directive 'TOP' name=MPCwithMADS 
INFO-FLOW: Setting directive 'TOP' name=MPCwithMADS 
INFO-FLOW: Setting directive 'TOP' name=MPCwithMADS 
INFO-FLOW: Setting directive 'TOP' name=MPCwithMADS 
INFO-FLOW: Setting directive 'TOP' name=MPCwithMADS 
INFO-FLOW: Setting directive 'TOP' name=MPCwithMADS 
INFO-FLOW: Setting directive 'TOP' name=MPCwithMADS 
INFO-FLOW: Setting directive 'TOP' name=MPCwithMADS 
INFO-FLOW: Setting directive 'TOP' name=MPCwithMADS 
INFO-FLOW: Setting directive 'TOP' name=MPCwithMADS 
INFO-FLOW: Setting directive 'TOP' name=MPCwithMADS 
INFO-FLOW: Setting directive 'TOP' name=MPCwithMADS 
INFO-FLOW: Setting directive 'TOP' name=MPCwithMADS 
INFO-FLOW: Setting directive 'TOP' name=MPCwithMADS 
INFO-FLOW: Setting directive 'TOP' name=MPCwithMADS 
INFO-FLOW: Setting directive 'TOP' name=MPCwithMADS 
INFO-FLOW: Setting directive 'TOP' name=MPCwithMADS 
INFO-FLOW: Setting directive 'TOP' name=MPCwithMADS 
INFO-FLOW: Setting directive 'TOP' name=MPCwithMADS 
INFO-FLOW: Setting directive 'TOP' name=MPCwithMADS 
INFO-FLOW: Setting directive 'TOP' name=MPCwithMADS 
INFO-FLOW: Setting directive 'TOP' name=MPCwithMADS 
INFO-FLOW: Setting directive 'TOP' name=MPCwithMADS 
INFO-FLOW: Setting directive 'TOP' name=MPCwithMADS 
Execute       list_core -type functional_unit 
Execute       clang_tidy xilinx-systemc-detector C:/Users/aless/Documents/NonlinearMPCwithMADS/boost/MPCwithMADS_fxd/solution1/.autopilot/db/MPCwithMADS.pp.0.cpp std=gnu++14 -target fpga  -directive=C:/Users/aless/Documents/NonlinearMPCwithMADS/boost/MPCwithMADS_fxd/solution1/.autopilot/db/.systemc_flag 
INFO-FLOW: exec C:/Xilinx/Vitis_HLS/2020.2/win64/tools/clang-3.9-csynth/bin/clang-tidy -header-filter=.* --checks=-*,xilinx-systemc-detector -import-directive=C:/Users/aless/Documents/NonlinearMPCwithMADS/boost/MPCwithMADS_fxd/solution1/.autopilot/db/.systemc_flag -fix-errors C:/Users/aless/Documents/NonlinearMPCwithMADS/boost/MPCwithMADS_fxd/solution1/.autopilot/db/MPCwithMADS.pp.0.cpp -- -std=gnu++14 -target fpga -fhls -ferror-limit=0
Command       clang_tidy done; 1.005 sec.
INFO-FLOW: Running: clang-tidy CDT preprocess 39
Execute       clang_tidy xilinx-directive2pragma C:/Users/aless/Documents/NonlinearMPCwithMADS/boost/MPCwithMADS_fxd/solution1/.autopilot/db/MPCwithMADS.pp.0.cpp std=gnu++14 -target fpga  -directive=C:/Users/aless/Documents/NonlinearMPCwithMADS/boost/MPCwithMADS_fxd/solution1/.autopilot/db/all.directive.json 
INFO-FLOW: exec C:/Xilinx/Vitis_HLS/2020.2/win64/tools/clang-3.9-csynth/bin/clang-tidy -header-filter=.* --checks=-*,xilinx-directive2pragma -import-directive=C:/Users/aless/Documents/NonlinearMPCwithMADS/boost/MPCwithMADS_fxd/solution1/.autopilot/db/all.directive.json -fix-errors C:/Users/aless/Documents/NonlinearMPCwithMADS/boost/MPCwithMADS_fxd/solution1/.autopilot/db/MPCwithMADS.pp.0.cpp -- -std=gnu++14 -target fpga -fhls -ferror-limit=0
Command       clang_tidy done; 1.367 sec.
Execute       clang_tidy xilinx-constantarray-param,xilinx-remove-assert C:/Users/aless/Documents/NonlinearMPCwithMADS/boost/MPCwithMADS_fxd/solution1/.autopilot/db/MPCwithMADS.pp.0.cpp std=gnu++14 -target fpga  
INFO-FLOW: exec C:/Xilinx/Vitis_HLS/2020.2/win64/tools/clang-3.9-csynth/bin/clang-tidy -header-filter=.* --checks=-*,xilinx-constantarray-param,xilinx-remove-assert -fix-errors C:/Users/aless/Documents/NonlinearMPCwithMADS/boost/MPCwithMADS_fxd/solution1/.autopilot/db/MPCwithMADS.pp.0.cpp -- -std=gnu++14 -target fpga -fhls -ferror-limit=0
Command       clang_tidy done; 1.451 sec.
INFO-FLOW: Done: clang-tidy CDT preprocess 39 time: 2.8 seconds per iteration
INFO-FLOW: Calling xilinx-label-all-loops ... 
Execute       clang_tidy -errorcheck xilinx-label-all-loops,xilinx-top-parameters,xilinx-array-stream-check,xilinx-warn-mayneed-no-ctor-attribute C:/Users/aless/Documents/NonlinearMPCwithMADS/boost/MPCwithMADS_fxd/solution1/.autopilot/db/MPCwithMADS.pp.0.cpp std=gnu++14 -target fpga  
Execute         ap_eval exec -ignorestderr C:/Xilinx/Vitis_HLS/2020.2/win64/tools/clang-3.9-csynth/bin/clang-tidy -export-fixes=C:/Users/aless/Documents/NonlinearMPCwithMADS/boost/MPCwithMADS_fxd/solution1/.autopilot/db/clang-tidy.MPCwithMADS.pp.0.cpp.diag.yml -header-filter=.* --checks=-*,xilinx-label-all-loops,xilinx-top-parameters,xilinx-array-stream-check,xilinx-warn-mayneed-no-ctor-attribute -fix-errors C:/Users/aless/Documents/NonlinearMPCwithMADS/boost/MPCwithMADS_fxd/solution1/.autopilot/db/MPCwithMADS.pp.0.cpp -- -std=gnu++14 -target fpga -fhls -ferror-limit=0 > C:/Users/aless/Documents/NonlinearMPCwithMADS/boost/MPCwithMADS_fxd/solution1/.autopilot/db/clang-tidy.MPCwithMADS.pp.0.cpp.out.log 2> C:/Users/aless/Documents/NonlinearMPCwithMADS/boost/MPCwithMADS_fxd/solution1/.autopilot/db/clang-tidy.MPCwithMADS.pp.0.cpp.err.log 
Command         ap_eval done; 1.682 sec.
Command       clang_tidy done; 1.742 sec.
Execute       get_config_dataflow -strict_mode 
Execute       ap_eval exec -ignorestderr C:/Xilinx/Vitis_HLS/2020.2/win64/tools/clang-3.9-csynth/bin/xilinx-dataflow-lawyer -export-fixes=C:/Users/aless/Documents/NonlinearMPCwithMADS/boost/MPCwithMADS_fxd/solution1/.autopilot/db/xilinx-dataflow-lawyer.MPCwithMADS.pp.0.cpp.diag.yml C:/Users/aless/Documents/NonlinearMPCwithMADS/boost/MPCwithMADS_fxd/solution1/.autopilot/db/MPCwithMADS.pp.0.cpp -- -std=gnu++14 -target fpga -fhls -ferror-limit=0 -fstrict-dataflow > C:/Users/aless/Documents/NonlinearMPCwithMADS/boost/MPCwithMADS_fxd/solution1/.autopilot/db/xilinx-dataflow-lawyer.MPCwithMADS.pp.0.cpp.out.log 2> C:/Users/aless/Documents/NonlinearMPCwithMADS/boost/MPCwithMADS_fxd/solution1/.autopilot/db/xilinx-dataflow-lawyer.MPCwithMADS.pp.0.cpp.err.log 
Command       ap_eval done; 0.942 sec.
Execute       ap_part_info -name xc7z020-clg484-1 -data info 
INFO-FLOW: compiling source code to llvm bc
Execute       ap_eval exec -ignorestderr C:/Xilinx/Vitis_HLS/2020.2/win64/tools/clang-3.9-csynth/bin/clang -foptimization-record-file=C:/Users/aless/Documents/NonlinearMPCwithMADS/boost/MPCwithMADS_fxd/solution1/.autopilot/db/clang.MPCwithMADS.pp.0.cpp.diag.yml -mllvm -pass-remarks-missed=reflow|pasta|unroll -mllvm -pass-remarks=reflow|pasta|unroll|inline -fno-limit-debug-info -fhls -flto -fno-exceptions -Wno-error=c++11-narrowing C:/Users/aless/Documents/NonlinearMPCwithMADS/boost/MPCwithMADS_fxd/solution1/.autopilot/db/MPCwithMADS.pp.0.cpp -fno-math-errno -c -emit-llvm -mllvm -disable-llvm-optzns -Werror=implicit-function-declaration -Werror=implicit-hls-streams -Werror=return-type -Wpragmas -Wunused-parameter -fno-threadsafe-statics -fno-use-cxa-atexit -std=gnu++14 -target fpga64-xilinx-linux-gnu -D__VITIS_HLS__ -DAESL_SYN -D__SYNTHESIS__ -D__HLS_SYN__ -I C:/Xilinx/Vitis_HLS/2020.2/common/technology/autopilot -I C:/Xilinx/Vitis_HLS/2020.2/common/technology/autopilot/ap_sysc -include etc/autopilot_ssdm_op.h -D__DSP48E1__ -g -o C:/Users/aless/Documents/NonlinearMPCwithMADS/boost/MPCwithMADS_fxd/solution1/.autopilot/db/MPCwithMADS.bc > C:/Users/aless/Documents/NonlinearMPCwithMADS/boost/MPCwithMADS_fxd/solution1/.autopilot/db/clang.MPCwithMADS.pp.0.cpp.out.log 2> C:/Users/aless/Documents/NonlinearMPCwithMADS/boost/MPCwithMADS_fxd/solution1/.autopilot/db/clang.MPCwithMADS.pp.0.cpp.err.log 
Command       ap_eval done; 1.074 sec.
INFO: [HLS 200-10] Analyzing design file 'MPCwithMADS_fxd/MADS.cpp' ... 
INFO-FLOW: Compiling one TU...
Execute       get_config_compile -pragma_strict_mode 
INFO-FLOW: Handling MPCwithMADS_fxd/MADS.cpp as C++
Execute       ap_part_info -name xc7z020-clg484-1 -data info 
INFO-FLOW: Running: GCC PP 39
INFO-FLOW: Source preprocessing
Execute       ap_eval exec -ignorestderr C:/Xilinx/Vitis_HLS/2020.2/win64/tools/clang-3.9-csynth/bin/clang MPCwithMADS_fxd/MADS.cpp -foptimization-record-file=C:/Users/aless/Documents/NonlinearMPCwithMADS/boost/MPCwithMADS_fxd/solution1/.autopilot/db/clang.MADS.cpp.diag.yml -mllvm -pass-remarks-missed=reflow|pasta|unroll -mllvm -pass-remarks=reflow|pasta|unroll|inline -fno-limit-debug-info --sysroot C:/Xilinx/Vitis_HLS/2020.2/tps/mingw/6.2.0/win64.o/nt -fhls -fno-exceptions -E -fno-math-errno -c -emit-llvm -mllvm -disable-llvm-optzns -Werror=implicit-function-declaration -Werror=implicit-hls-streams -Werror=return-type -Wpragmas -Wunused-parameter -fno-threadsafe-statics -fno-use-cxa-atexit -std=gnu++14 -target fpga64-xilinx-mingw32 -fno-threadsafe-statics -fno-use-cxa-atexit -I C:/Xilinx/Vitis_HLS/2020.2/common/technology/autopilot/39 -D__VITIS_HLS__ -DAESL_SYN -D__SYNTHESIS__ -D__HLS_SYN__ -I C:/Xilinx/Vitis_HLS/2020.2/common/technology/autopilot -I C:/Xilinx/Vitis_HLS/2020.2/common/technology/autopilot/ap_sysc -include etc/autopilot_ssdm_op.h -D__DSP48E1__ -o C:/Users/aless/Documents/NonlinearMPCwithMADS/boost/MPCwithMADS_fxd/solution1/.autopilot/db/MADS.pp.0.cpp > C:/Users/aless/Documents/NonlinearMPCwithMADS/boost/MPCwithMADS_fxd/solution1/.autopilot/db/clang.MADS.cpp.out.log 2> C:/Users/aless/Documents/NonlinearMPCwithMADS/boost/MPCwithMADS_fxd/solution1/.autopilot/db/clang.MADS.cpp.err.log 
Command       ap_eval done; 0.166 sec.
INFO-FLOW: Done: GCC PP 39 time: 0.2 seconds per iteration
Execute       set_directive_top MPCwithMADS -name=MPCwithMADS 
INFO-FLOW: Setting directive 'TOP' name=MPCwithMADS 
INFO-FLOW: Setting directive 'TOP' name=MPCwithMADS 
INFO-FLOW: Setting directive 'TOP' name=MPCwithMADS 
INFO-FLOW: Setting directive 'TOP' name=MPCwithMADS 
INFO-FLOW: Setting directive 'TOP' name=MPCwithMADS 
INFO-FLOW: Setting directive 'TOP' name=MPCwithMADS 
INFO-FLOW: Setting directive 'TOP' name=MPCwithMADS 
INFO-FLOW: Setting directive 'TOP' name=MPCwithMADS 
INFO-FLOW: Setting directive 'TOP' name=MPCwithMADS 
INFO-FLOW: Setting directive 'TOP' name=MPCwithMADS 
INFO-FLOW: Setting directive 'TOP' name=MPCwithMADS 
INFO-FLOW: Setting directive 'TOP' name=MPCwithMADS 
INFO-FLOW: Setting directive 'TOP' name=MPCwithMADS 
INFO-FLOW: Setting directive 'TOP' name=MPCwithMADS 
INFO-FLOW: Setting directive 'TOP' name=MPCwithMADS 
INFO-FLOW: Setting directive 'TOP' name=MPCwithMADS 
INFO-FLOW: Setting directive 'TOP' name=MPCwithMADS 
INFO-FLOW: Setting directive 'TOP' name=MPCwithMADS 
INFO-FLOW: Setting directive 'TOP' name=MPCwithMADS 
INFO-FLOW: Setting directive 'TOP' name=MPCwithMADS 
INFO-FLOW: Setting directive 'TOP' name=MPCwithMADS 
INFO-FLOW: Setting directive 'TOP' name=MPCwithMADS 
INFO-FLOW: Setting directive 'TOP' name=MPCwithMADS 
INFO-FLOW: Setting directive 'TOP' name=MPCwithMADS 
INFO-FLOW: Setting directive 'TOP' name=MPCwithMADS 
INFO-FLOW: Setting directive 'TOP' name=MPCwithMADS 
INFO-FLOW: Setting directive 'TOP' name=MPCwithMADS 
Execute       list_core -type functional_unit 
Execute       clang_tidy xilinx-systemc-detector C:/Users/aless/Documents/NonlinearMPCwithMADS/boost/MPCwithMADS_fxd/solution1/.autopilot/db/MADS.pp.0.cpp std=gnu++14 -target fpga  -directive=C:/Users/aless/Documents/NonlinearMPCwithMADS/boost/MPCwithMADS_fxd/solution1/.autopilot/db/.systemc_flag 
INFO-FLOW: exec C:/Xilinx/Vitis_HLS/2020.2/win64/tools/clang-3.9-csynth/bin/clang-tidy -header-filter=.* --checks=-*,xilinx-systemc-detector -import-directive=C:/Users/aless/Documents/NonlinearMPCwithMADS/boost/MPCwithMADS_fxd/solution1/.autopilot/db/.systemc_flag -fix-errors C:/Users/aless/Documents/NonlinearMPCwithMADS/boost/MPCwithMADS_fxd/solution1/.autopilot/db/MADS.pp.0.cpp -- -std=gnu++14 -target fpga -fhls -ferror-limit=0
Command       clang_tidy done; 1.015 sec.
INFO-FLOW: Running: clang-tidy CDT preprocess 39
Execute       clang_tidy xilinx-directive2pragma C:/Users/aless/Documents/NonlinearMPCwithMADS/boost/MPCwithMADS_fxd/solution1/.autopilot/db/MADS.pp.0.cpp std=gnu++14 -target fpga  -directive=C:/Users/aless/Documents/NonlinearMPCwithMADS/boost/MPCwithMADS_fxd/solution1/.autopilot/db/all.directive.json 
INFO-FLOW: exec C:/Xilinx/Vitis_HLS/2020.2/win64/tools/clang-3.9-csynth/bin/clang-tidy -header-filter=.* --checks=-*,xilinx-directive2pragma -import-directive=C:/Users/aless/Documents/NonlinearMPCwithMADS/boost/MPCwithMADS_fxd/solution1/.autopilot/db/all.directive.json -fix-errors C:/Users/aless/Documents/NonlinearMPCwithMADS/boost/MPCwithMADS_fxd/solution1/.autopilot/db/MADS.pp.0.cpp -- -std=gnu++14 -target fpga -fhls -ferror-limit=0
Command       clang_tidy done; 1.026 sec.
Execute       clang_tidy xilinx-constantarray-param,xilinx-remove-assert C:/Users/aless/Documents/NonlinearMPCwithMADS/boost/MPCwithMADS_fxd/solution1/.autopilot/db/MADS.pp.0.cpp std=gnu++14 -target fpga  
INFO-FLOW: exec C:/Xilinx/Vitis_HLS/2020.2/win64/tools/clang-3.9-csynth/bin/clang-tidy -header-filter=.* --checks=-*,xilinx-constantarray-param,xilinx-remove-assert -fix-errors C:/Users/aless/Documents/NonlinearMPCwithMADS/boost/MPCwithMADS_fxd/solution1/.autopilot/db/MADS.pp.0.cpp -- -std=gnu++14 -target fpga -fhls -ferror-limit=0
Command       clang_tidy done; 1.128 sec.
INFO-FLOW: Done: clang-tidy CDT preprocess 39 time: 2.2 seconds per iteration
INFO-FLOW: Calling xilinx-label-all-loops ... 
Execute       clang_tidy -errorcheck xilinx-label-all-loops,xilinx-top-parameters,xilinx-array-stream-check,xilinx-warn-mayneed-no-ctor-attribute C:/Users/aless/Documents/NonlinearMPCwithMADS/boost/MPCwithMADS_fxd/solution1/.autopilot/db/MADS.pp.0.cpp std=gnu++14 -target fpga  
Execute         ap_eval exec -ignorestderr C:/Xilinx/Vitis_HLS/2020.2/win64/tools/clang-3.9-csynth/bin/clang-tidy -export-fixes=C:/Users/aless/Documents/NonlinearMPCwithMADS/boost/MPCwithMADS_fxd/solution1/.autopilot/db/clang-tidy.MADS.pp.0.cpp.diag.yml -header-filter=.* --checks=-*,xilinx-label-all-loops,xilinx-top-parameters,xilinx-array-stream-check,xilinx-warn-mayneed-no-ctor-attribute -fix-errors C:/Users/aless/Documents/NonlinearMPCwithMADS/boost/MPCwithMADS_fxd/solution1/.autopilot/db/MADS.pp.0.cpp -- -std=gnu++14 -target fpga -fhls -ferror-limit=0 > C:/Users/aless/Documents/NonlinearMPCwithMADS/boost/MPCwithMADS_fxd/solution1/.autopilot/db/clang-tidy.MADS.pp.0.cpp.out.log 2> C:/Users/aless/Documents/NonlinearMPCwithMADS/boost/MPCwithMADS_fxd/solution1/.autopilot/db/clang-tidy.MADS.pp.0.cpp.err.log 
Command         ap_eval done; 1.639 sec.
Command       clang_tidy done; 1.683 sec.
Execute       get_config_dataflow -strict_mode 
Execute       ap_eval exec -ignorestderr C:/Xilinx/Vitis_HLS/2020.2/win64/tools/clang-3.9-csynth/bin/xilinx-dataflow-lawyer -export-fixes=C:/Users/aless/Documents/NonlinearMPCwithMADS/boost/MPCwithMADS_fxd/solution1/.autopilot/db/xilinx-dataflow-lawyer.MADS.pp.0.cpp.diag.yml C:/Users/aless/Documents/NonlinearMPCwithMADS/boost/MPCwithMADS_fxd/solution1/.autopilot/db/MADS.pp.0.cpp -- -std=gnu++14 -target fpga -fhls -ferror-limit=0 -fstrict-dataflow > C:/Users/aless/Documents/NonlinearMPCwithMADS/boost/MPCwithMADS_fxd/solution1/.autopilot/db/xilinx-dataflow-lawyer.MADS.pp.0.cpp.out.log 2> C:/Users/aless/Documents/NonlinearMPCwithMADS/boost/MPCwithMADS_fxd/solution1/.autopilot/db/xilinx-dataflow-lawyer.MADS.pp.0.cpp.err.log 
Command       ap_eval done; 0.948 sec.
Execute       ap_part_info -name xc7z020-clg484-1 -data info 
INFO-FLOW: compiling source code to llvm bc
Execute       ap_eval exec -ignorestderr C:/Xilinx/Vitis_HLS/2020.2/win64/tools/clang-3.9-csynth/bin/clang -foptimization-record-file=C:/Users/aless/Documents/NonlinearMPCwithMADS/boost/MPCwithMADS_fxd/solution1/.autopilot/db/clang.MADS.pp.0.cpp.diag.yml -mllvm -pass-remarks-missed=reflow|pasta|unroll -mllvm -pass-remarks=reflow|pasta|unroll|inline -fno-limit-debug-info -fhls -flto -fno-exceptions -Wno-error=c++11-narrowing C:/Users/aless/Documents/NonlinearMPCwithMADS/boost/MPCwithMADS_fxd/solution1/.autopilot/db/MADS.pp.0.cpp -fno-math-errno -c -emit-llvm -mllvm -disable-llvm-optzns -Werror=implicit-function-declaration -Werror=implicit-hls-streams -Werror=return-type -Wpragmas -Wunused-parameter -fno-threadsafe-statics -fno-use-cxa-atexit -std=gnu++14 -target fpga64-xilinx-linux-gnu -D__VITIS_HLS__ -DAESL_SYN -D__SYNTHESIS__ -D__HLS_SYN__ -I C:/Xilinx/Vitis_HLS/2020.2/common/technology/autopilot -I C:/Xilinx/Vitis_HLS/2020.2/common/technology/autopilot/ap_sysc -include etc/autopilot_ssdm_op.h -D__DSP48E1__ -g -o C:/Users/aless/Documents/NonlinearMPCwithMADS/boost/MPCwithMADS_fxd/solution1/.autopilot/db/MADS.bc > C:/Users/aless/Documents/NonlinearMPCwithMADS/boost/MPCwithMADS_fxd/solution1/.autopilot/db/clang.MADS.pp.0.cpp.out.log 2> C:/Users/aless/Documents/NonlinearMPCwithMADS/boost/MPCwithMADS_fxd/solution1/.autopilot/db/clang.MADS.pp.0.cpp.err.log 
Command       ap_eval done; 1.055 sec.
INFO: [HLS 200-111] Finished Source Code Analysis and Preprocessing: CPU user time: 4 seconds. CPU system time: 1 seconds. Elapsed time: 138.291 seconds; current allocated memory: 93.813 MB.
INFO-FLOW: Linking Debug ...
INFO-FLOW: Linking dut bc code.
Execute       run_link_or_opt -out C:/Users/aless/Documents/NonlinearMPCwithMADS/boost/MPCwithMADS_fxd/solution1/.autopilot/db/a.g.ld.0.bc -args  "C:/Users/aless/Documents/NonlinearMPCwithMADS/boost/MPCwithMADS_fxd/solution1/.autopilot/db/shiftOpt.g.bc" "C:/Users/aless/Documents/NonlinearMPCwithMADS/boost/MPCwithMADS_fxd/solution1/.autopilot/db/pseudoRand.g.bc" "C:/Users/aless/Documents/NonlinearMPCwithMADS/boost/MPCwithMADS_fxd/solution1/.autopilot/db/progressiveBarrierPolling.g.bc" "C:/Users/aless/Documents/NonlinearMPCwithMADS/boost/MPCwithMADS_fxd/solution1/.autopilot/db/generatePollMatrix.g.bc" "C:/Users/aless/Documents/NonlinearMPCwithMADS/boost/MPCwithMADS_fxd/solution1/.autopilot/db/generatePollDirections.g.bc" "C:/Users/aless/Documents/NonlinearMPCwithMADS/boost/MPCwithMADS_fxd/solution1/.autopilot/db/costFunction.g.bc" "C:/Users/aless/Documents/NonlinearMPCwithMADS/boost/MPCwithMADS_fxd/solution1/.autopilot/db/MPCwithMADS.g.bc" "C:/Users/aless/Documents/NonlinearMPCwithMADS/boost/MPCwithMADS_fxd/solution1/.autopilot/db/MADS.g.bc"  
Execute         ap_eval exec -ignorestderr C:/Xilinx/Vitis_HLS/2020.2/win64/tools/clang-3.9-csynth/bin/llvm-link C:/Users/aless/Documents/NonlinearMPCwithMADS/boost/MPCwithMADS_fxd/solution1/.autopilot/db/shiftOpt.g.bc C:/Users/aless/Documents/NonlinearMPCwithMADS/boost/MPCwithMADS_fxd/solution1/.autopilot/db/pseudoRand.g.bc C:/Users/aless/Documents/NonlinearMPCwithMADS/boost/MPCwithMADS_fxd/solution1/.autopilot/db/progressiveBarrierPolling.g.bc C:/Users/aless/Documents/NonlinearMPCwithMADS/boost/MPCwithMADS_fxd/solution1/.autopilot/db/generatePollMatrix.g.bc C:/Users/aless/Documents/NonlinearMPCwithMADS/boost/MPCwithMADS_fxd/solution1/.autopilot/db/generatePollDirections.g.bc C:/Users/aless/Documents/NonlinearMPCwithMADS/boost/MPCwithMADS_fxd/solution1/.autopilot/db/costFunction.g.bc C:/Users/aless/Documents/NonlinearMPCwithMADS/boost/MPCwithMADS_fxd/solution1/.autopilot/db/MPCwithMADS.g.bc C:/Users/aless/Documents/NonlinearMPCwithMADS/boost/MPCwithMADS_fxd/solution1/.autopilot/db/MADS.g.bc -o C:/Users/aless/Documents/NonlinearMPCwithMADS/boost/MPCwithMADS_fxd/solution1/.autopilot/db/a.g.ld.0.bc > C:/Users/aless/Documents/NonlinearMPCwithMADS/boost/MPCwithMADS_fxd/solution1/.autopilot/db/llvm-link.a.g.ld.0.bc.out.log 2> C:/Users/aless/Documents/NonlinearMPCwithMADS/boost/MPCwithMADS_fxd/solution1/.autopilot/db/llvm-link.a.g.ld.0.bc.err.log 
Command         ap_eval done; 0.446 sec.
INFO-FLOW: 
Command       run_link_or_opt done; 0.449 sec.
Execute       run_link_or_opt -opt -out C:/Users/aless/Documents/NonlinearMPCwithMADS/boost/MPCwithMADS_fxd/solution1/.autopilot/db/a.g.ld.1.lower.bc -args C:/Users/aless/Documents/NonlinearMPCwithMADS/boost/MPCwithMADS_fxd/solution1/.autopilot/db/a.g.ld.0.bc -reflow-lower-math-intrinsics 
Execute         ap_eval exec -ignorestderr C:/Xilinx/Vitis_HLS/2020.2/win64/tools/clang-3.9-csynth/bin/opt -pass-remarks-missed=reflow|pasta|unroll -pass-remarks=reflow|pasta|unroll|inline -pass-remarks-output=C:/Users/aless/Documents/NonlinearMPCwithMADS/boost/MPCwithMADS_fxd/solution1/.autopilot/db/opt.a.g.ld.1.lower.bc.diag.yml C:/Users/aless/Documents/NonlinearMPCwithMADS/boost/MPCwithMADS_fxd/solution1/.autopilot/db/a.g.ld.0.bc -reflow-lower-math-intrinsics -o C:/Users/aless/Documents/NonlinearMPCwithMADS/boost/MPCwithMADS_fxd/solution1/.autopilot/db/a.g.ld.1.lower.bc > C:/Users/aless/Documents/NonlinearMPCwithMADS/boost/MPCwithMADS_fxd/solution1/.autopilot/db/opt.a.g.ld.1.lower.bc.out.log 2> C:/Users/aless/Documents/NonlinearMPCwithMADS/boost/MPCwithMADS_fxd/solution1/.autopilot/db/opt.a.g.ld.1.lower.bc.err.log 
Command         ap_eval done; 0.287 sec.
INFO-FLOW: 
Command       run_link_or_opt done; 0.291 sec.
INFO-FLOW: Linking math bc lib
Execute       run_link_or_opt -out C:/Users/aless/Documents/NonlinearMPCwithMADS/boost/MPCwithMADS_fxd/solution1/.autopilot/db/a.g.ld.2.m1.bc -args C:/Users/aless/Documents/NonlinearMPCwithMADS/boost/MPCwithMADS_fxd/solution1/.autopilot/db/a.g.ld.1.lower.bc -only-needed C:/Xilinx/Vitis_HLS/2020.2/win64/lib/libhlsm_39.bc C:/Xilinx/Vitis_HLS/2020.2/win64/lib/libhlsmc++_39.bc 
Execute         ap_eval exec -ignorestderr C:/Xilinx/Vitis_HLS/2020.2/win64/tools/clang-3.9-csynth/bin/llvm-link C:/Users/aless/Documents/NonlinearMPCwithMADS/boost/MPCwithMADS_fxd/solution1/.autopilot/db/a.g.ld.1.lower.bc -only-needed C:/Xilinx/Vitis_HLS/2020.2/win64/lib/libhlsm_39.bc C:/Xilinx/Vitis_HLS/2020.2/win64/lib/libhlsmc++_39.bc -o C:/Users/aless/Documents/NonlinearMPCwithMADS/boost/MPCwithMADS_fxd/solution1/.autopilot/db/a.g.ld.2.m1.bc > C:/Users/aless/Documents/NonlinearMPCwithMADS/boost/MPCwithMADS_fxd/solution1/.autopilot/db/llvm-link.a.g.ld.2.m1.bc.out.log 2> C:/Users/aless/Documents/NonlinearMPCwithMADS/boost/MPCwithMADS_fxd/solution1/.autopilot/db/llvm-link.a.g.ld.2.m1.bc.err.log 
Command         ap_eval done; 4.281 sec.
INFO-FLOW: 
Command       run_link_or_opt done; 4.284 sec.
Execute       run_link_or_opt -opt -out C:/Users/aless/Documents/NonlinearMPCwithMADS/boost/MPCwithMADS_fxd/solution1/.autopilot/db/a.g.ld.3.fpc.bc -args C:/Users/aless/Documents/NonlinearMPCwithMADS/boost/MPCwithMADS_fxd/solution1/.autopilot/db/a.g.ld.2.m1.bc -reflow-globaldce -hls-top-function-name=MPCwithMADS -reflow-float-conversion 
Execute         ap_eval exec -ignorestderr C:/Xilinx/Vitis_HLS/2020.2/win64/tools/clang-3.9-csynth/bin/opt -pass-remarks-missed=reflow|pasta|unroll -pass-remarks=reflow|pasta|unroll|inline -pass-remarks-output=C:/Users/aless/Documents/NonlinearMPCwithMADS/boost/MPCwithMADS_fxd/solution1/.autopilot/db/opt.a.g.ld.3.fpc.bc.diag.yml C:/Users/aless/Documents/NonlinearMPCwithMADS/boost/MPCwithMADS_fxd/solution1/.autopilot/db/a.g.ld.2.m1.bc -reflow-globaldce -hls-top-function-name=MPCwithMADS -reflow-float-conversion -o C:/Users/aless/Documents/NonlinearMPCwithMADS/boost/MPCwithMADS_fxd/solution1/.autopilot/db/a.g.ld.3.fpc.bc > C:/Users/aless/Documents/NonlinearMPCwithMADS/boost/MPCwithMADS_fxd/solution1/.autopilot/db/opt.a.g.ld.3.fpc.bc.out.log 2> C:/Users/aless/Documents/NonlinearMPCwithMADS/boost/MPCwithMADS_fxd/solution1/.autopilot/db/opt.a.g.ld.3.fpc.bc.err.log 
Command         ap_eval done; 1.787 sec.
INFO-FLOW: 
Command       run_link_or_opt done; 1.791 sec.
Execute       run_link_or_opt -out C:/Users/aless/Documents/NonlinearMPCwithMADS/boost/MPCwithMADS_fxd/solution1/.autopilot/db/a.g.ld.4.m2.bc -args C:/Users/aless/Documents/NonlinearMPCwithMADS/boost/MPCwithMADS_fxd/solution1/.autopilot/db/a.g.ld.3.fpc.bc -only-needed C:/Xilinx/Vitis_HLS/2020.2/win64/lib/libfloatconversion_39.bc 
Execute         ap_eval exec -ignorestderr C:/Xilinx/Vitis_HLS/2020.2/win64/tools/clang-3.9-csynth/bin/llvm-link C:/Users/aless/Documents/NonlinearMPCwithMADS/boost/MPCwithMADS_fxd/solution1/.autopilot/db/a.g.ld.3.fpc.bc -only-needed C:/Xilinx/Vitis_HLS/2020.2/win64/lib/libfloatconversion_39.bc -o C:/Users/aless/Documents/NonlinearMPCwithMADS/boost/MPCwithMADS_fxd/solution1/.autopilot/db/a.g.ld.4.m2.bc > C:/Users/aless/Documents/NonlinearMPCwithMADS/boost/MPCwithMADS_fxd/solution1/.autopilot/db/llvm-link.a.g.ld.4.m2.bc.out.log 2> C:/Users/aless/Documents/NonlinearMPCwithMADS/boost/MPCwithMADS_fxd/solution1/.autopilot/db/llvm-link.a.g.ld.4.m2.bc.err.log 
Command         ap_eval done; 0.456 sec.
INFO-FLOW: 
Command       run_link_or_opt done; 0.459 sec.
Execute       run_link_or_opt -opt -out C:/Users/aless/Documents/NonlinearMPCwithMADS/boost/MPCwithMADS_fxd/solution1/.autopilot/db/a.g.ld.5.gdce.bc -args C:/Users/aless/Documents/NonlinearMPCwithMADS/boost/MPCwithMADS_fxd/solution1/.autopilot/db/a.g.ld.4.m2.bc -reflow-globaldce -hls-top-function-name=MPCwithMADS 
Execute         ap_eval exec -ignorestderr C:/Xilinx/Vitis_HLS/2020.2/win64/tools/clang-3.9-csynth/bin/opt -pass-remarks-missed=reflow|pasta|unroll -pass-remarks=reflow|pasta|unroll|inline -pass-remarks-output=C:/Users/aless/Documents/NonlinearMPCwithMADS/boost/MPCwithMADS_fxd/solution1/.autopilot/db/opt.a.g.ld.5.gdce.bc.diag.yml C:/Users/aless/Documents/NonlinearMPCwithMADS/boost/MPCwithMADS_fxd/solution1/.autopilot/db/a.g.ld.4.m2.bc -reflow-globaldce -hls-top-function-name=MPCwithMADS -o C:/Users/aless/Documents/NonlinearMPCwithMADS/boost/MPCwithMADS_fxd/solution1/.autopilot/db/a.g.ld.5.gdce.bc > C:/Users/aless/Documents/NonlinearMPCwithMADS/boost/MPCwithMADS_fxd/solution1/.autopilot/db/opt.a.g.ld.5.gdce.bc.out.log 2> C:/Users/aless/Documents/NonlinearMPCwithMADS/boost/MPCwithMADS_fxd/solution1/.autopilot/db/opt.a.g.ld.5.gdce.bc.err.log 
Command         ap_eval done; 0.402 sec.
INFO-FLOW: 
Command       run_link_or_opt done; 0.406 sec.
Execute       get_solution -flow_target 
Execute       get_config_export -xo 
Execute       get_config_export -format 
Execute       get_config_rtl -module_prefix 
Execute       get_config_interface -default_slave_interface 
Execute       get_solution -flow_target 
Execute       get_config_export -xo 
Execute       get_config_export -format 
Execute       get_config_interface -m_axi_offset 
Execute       get_config_interface -m_axi_latency 
Execute       get_config_interface -m_axi_alignment_byte_size 
Execute       get_config_interface -m_axi_min_bitwidth 
Execute       get_config_interface -m_axi_max_bitwidth 
Execute       get_config_interface -m_axi_max_widen_bitwidth 
Execute       get_config_interface -m_axi_num_read_outstanding 
Execute       get_config_interface -m_axi_num_write_outstanding 
Execute       get_config_interface -m_axi_max_read_burst_length 
Execute       get_config_interface -m_axi_max_write_burst_length 
Execute       get_config_interface -m_axi_min_bitwidth 
Execute       get_config_interface -m_axi_max_bitwidth 
Execute       get_config_interface -m_axi_latency 
Execute       get_config_interface -m_axi_min_bitwidth 
Execute       get_config_interface -m_axi_max_bitwidth 
Execute       get_config_interface -m_axi_max_widen_bitwidth 
Execute       get_config_interface -m_axi_auto_max_ports 
Execute       get_config_interface -m_axi_num_read_outstanding 
Execute       get_config_interface -m_axi_num_write_outstanding 
Execute       get_config_interface -m_axi_max_read_burst_length 
Execute       get_config_interface -m_axi_max_write_burst_length 
Execute       get_config_interface -s_axilite_data64 
Execute       get_config_interface -m_axi_alignment_byte_size 
Execute       get_config_compile -pragma_strict_mode 
Execute       get_config_compile -pipeline_style 
Execute       send_msg_by_id INFO @200-777@%s Vivado 
INFO: [HLS 200-777] Using interface defaults for 'Vivado' flow target.
Execute       is_m_axi_addr64 
INFO-FLOW: Doing LTO.
Execute       ap_eval exec -ignorestderr C:/Xilinx/Vitis_HLS/2020.2/win64/tools/clang-3.9-csynth/bin/clang -foptimization-record-file=C:/Users/aless/Documents/NonlinearMPCwithMADS/boost/MPCwithMADS_fxd/solution1/.autopilot/db/clang.a.g.ld.0.bc.diag.yml -mllvm -pass-remarks-missed=reflow|pasta|unroll -mllvm -pass-remarks=reflow|pasta|unroll|inline -fhls -mllvm -hls-top-function-name=MPCwithMADS -mllvm -hls-db-dir -mllvm C:/Users/aless/Documents/NonlinearMPCwithMADS/boost/MPCwithMADS_fxd/solution1/.autopilot/db -emit-llvm -c -target fpga64-xilinx-none -mllvm -xcl-xmlinfo=C:/Users/aless/Documents/NonlinearMPCwithMADS/boost/MPCwithMADS_fxd/solution1/.autopilot/db/kernel.internal.xml -mllvm -top-io-mapping-info=C:/Users/aless/Documents/NonlinearMPCwithMADS/boost/MPCwithMADS_fxd/solution1/.autopilot/db/top-io-fe.xml -mllvm -hls-bitcode-version=3.1 -mllvm -reflow-enable-slave-interface-default-setting=true -mllvm -gen-kernel-xml=false -mllvm -default-maxi-offset=off -mllvm -maxi-latency=0 -mllvm -hls-maxi-data-size-in-bits=8 -mllvm -hls-maxi-max-data-size-in-bits=1024 -mllvm -hls-max-widen-size-in-bits=0 -mllvm -xcl-kernel-max-mem-ports=0 -mllvm -maxi-read-trans=16 -mllvm -maxi-write-trans=16 -mllvm -maxi-read-burst-len=16 -mllvm -maxi-write-burst-len=16 -mllvm -reflow-enable-saxi-64bits=0 -mllvm -assume-maxi-align=0 -mllvm -no-unaligned-maxi-accesses -mllvm -reflow-pipeline-style-llvm-setting=0 -mllvm -disable-inlined-alloca-merging=true -x ir C:/Users/aless/Documents/NonlinearMPCwithMADS/boost/MPCwithMADS_fxd/solution1/.autopilot/db/a.g.ld.5.gdce.bc -o C:/Users/aless/Documents/NonlinearMPCwithMADS/boost/MPCwithMADS_fxd/solution1/.autopilot/db/a.g.lto.bc > C:/Users/aless/Documents/NonlinearMPCwithMADS/boost/MPCwithMADS_fxd/solution1/.autopilot/db/clang.a.g.ld.0.bc.out.log 2> C:/Users/aless/Documents/NonlinearMPCwithMADS/boost/MPCwithMADS_fxd/solution1/.autopilot/db/clang.a.g.ld.0.bc.err.log 
Command       ap_eval done; 9.054 sec.
INFO: [HLS 214-131] Inlining function 'ap_int_base<65, true>::ap_int_base<11, false>(ap_int_base<11, false> const&)' into 'ap_int_base<11, false>::RType<64, true>::minus operator-<11, false, 64, true>(ap_int_base<11, false> const&, ap_int_base<64, true> const&)' (C:/Xilinx/Vitis_HLS/2020.2/common/technology/autopilot\ap_int_base.h:1347:341)
INFO: [HLS 214-131] Inlining function 'ap_int<65>::ap_int<65, true>(ap_int_base<65, true> const&)' into 'ap_int_base<11, false>::RType<64, true>::minus operator-<11, false, 64, true>(ap_int_base<11, false> const&, ap_int_base<64, true> const&)' (C:/Xilinx/Vitis_HLS/2020.2/common/technology/autopilot\ap_int_base.h:1347:555)
INFO: [HLS 214-131] Inlining function 'ap_int_base<65, true>::ap_int_base<64, true>(ap_int_base<64, true> const&)' into 'ap_int_base<11, false>::RType<64, true>::minus operator-<11, false, 64, true>(ap_int_base<11, false> const&, ap_int_base<64, true> const&)' (C:/Xilinx/Vitis_HLS/2020.2/common/technology/autopilot\ap_int_base.h:1347:430)
INFO: [HLS 214-131] Inlining function 'ap_int_base<64, true>::ap_int_base(long)' into 'ap_int_base<11, false>::RType<($_0)64, true>::minus operator-<11, false>(ap_int_base<11, false> const&, long)' (C:/Xilinx/Vitis_HLS/2020.2/common/technology/autopilot\ap_int_base.h:1463:1548)
INFO: [HLS 214-131] Inlining function 'ap_int_base<11, false>::RType<64, true>::minus operator-<11, false, 64, true>(ap_int_base<11, false> const&, ap_int_base<64, true> const&)' into 'ap_int_base<11, false>::RType<($_0)64, true>::minus operator-<11, false>(ap_int_base<11, false> const&, long)' (C:/Xilinx/Vitis_HLS/2020.2/common/technology/autopilot\ap_int_base.h:1463:1546)
INFO: [HLS 214-131] Inlining function 'ap_int_base<55, true>::ap_int_base<1, false>(ap_int_base<1, false> const&)' into 'ap_int_base<1, false>::RType<54, true>::minus operator-<1, false, 54, true>(ap_int_base<1, false> const&, ap_int_base<54, true> const&)' (C:/Xilinx/Vitis_HLS/2020.2/common/technology/autopilot\ap_int_base.h:1347:341)
INFO: [HLS 214-131] Inlining function 'ap_int<55>::ap_int<55, true>(ap_int_base<55, true> const&)' into 'ap_int_base<1, false>::RType<54, true>::minus operator-<1, false, 54, true>(ap_int_base<1, false> const&, ap_int_base<54, true> const&)' (C:/Xilinx/Vitis_HLS/2020.2/common/technology/autopilot\ap_int_base.h:1347:555)
INFO: [HLS 214-131] Inlining function 'ap_int_base<55, true>::ap_int_base<54, true>(ap_int_base<54, true> const&)' into 'ap_int_base<1, false>::RType<54, true>::minus operator-<1, false, 54, true>(ap_int_base<1, false> const&, ap_int_base<54, true> const&)' (C:/Xilinx/Vitis_HLS/2020.2/common/technology/autopilot\ap_int_base.h:1347:430)
INFO: [HLS 214-131] Inlining function 'ap_int_base<1, false>::ap_int_base(int)' into 'ap_int_base<54, true>::operator-() const' (C:/Xilinx/Vitis_HLS/2020.2/common/technology/autopilot\ap_int_base.h:746:12)
INFO: [HLS 214-131] Inlining function 'ap_int_base<1, false>::RType<54, true>::minus operator-<1, false, 54, true>(ap_int_base<1, false> const&, ap_int_base<54, true> const&)' into 'ap_int_base<54, true>::operator-() const' (C:/Xilinx/Vitis_HLS/2020.2/common/technology/autopilot\ap_int_base.h:746:37)
INFO: [HLS 214-131] Inlining function 'doubleToRawBits(double)' into 'ap_fixed_base<1, 0, false, (ap_q_mode)5, (ap_o_mode)3, 0>::ap_fixed_base(double)' (C:/Xilinx/Vitis_HLS/2020.2/common/technology/autopilot\ap_fixed_base.h:556:14)
INFO: [HLS 214-131] Inlining function 'ap_int_base<54, true>& ap_int_base<54, true>::operator=<55, true>(ap_int_base<55, true> const&)' into 'ap_fixed_base<1, 0, false, (ap_q_mode)5, (ap_o_mode)3, 0>::ap_fixed_base(double)' (C:/Xilinx/Vitis_HLS/2020.2/common/technology/autopilot\ap_fixed_base.h:570:20)
INFO: [HLS 214-131] Inlining function 'ap_int_base<54, true>::operator-() const' into 'ap_fixed_base<1, 0, false, (ap_q_mode)5, (ap_o_mode)3, 0>::ap_fixed_base(double)' (C:/Xilinx/Vitis_HLS/2020.2/common/technology/autopilot\ap_fixed_base.h:570:22)
INFO: [HLS 214-131] Inlining function 'ap_int_base<12, true>& ap_int_base<12, true>::operator=<65, true>(ap_int_base<65, true> const&)' into 'ap_fixed_base<1, 0, false, (ap_q_mode)5, (ap_o_mode)3, 0>::ap_fixed_base(double)' (C:/Xilinx/Vitis_HLS/2020.2/common/technology/autopilot\ap_fixed_base.h:563:9)
INFO: [HLS 214-131] Inlining function 'ap_int_base<11, false>::RType<($_0)64, true>::minus operator-<11, false>(ap_int_base<11, false> const&, long)' into 'ap_fixed_base<1, 0, false, (ap_q_mode)5, (ap_o_mode)3, 0>::ap_fixed_base(double)' (C:/Xilinx/Vitis_HLS/2020.2/common/technology/autopilot\ap_fixed_base.h:563:19)
INFO: [HLS 214-131] Inlining function 'ap_ufixed<1, 0, (ap_q_mode)5, (ap_o_mode)3, 0>::ap_ufixed(double)' into '__cxx_global_var_init.73' (MPCwithMADS_fxd/boostParams.h:55:54)
INFO: [HLS 214-131] Inlining function 'ap_fixed_base<32, 32, true, (ap_q_mode)5, (ap_o_mode)3, 0>::operator!() const' into 'ap_fixed_base<3, 3, false, (ap_q_mode)5, (ap_o_mode)3, 0>& ap_fixed_base<3, 3, false, (ap_q_mode)5, (ap_o_mode)3, 0>::operator=<32, 32, true, (ap_q_mode)5, (ap_o_mode)3, 0>(ap_fixed_base<32, 32, true, (ap_q_mode)5, (ap_o_mode)3, 0> const&)' (C:/Xilinx/Vitis_HLS/2020.2/common/technology/autopilot\ap_fixed_base.h:698:9)
INFO: [HLS 214-131] Inlining function 'ap_fixed_base<3, 3, false, (ap_q_mode)5, (ap_o_mode)3, 0>& ap_fixed_base<3, 3, false, (ap_q_mode)5, (ap_o_mode)3, 0>::operator=<32, 32, true, (ap_q_mode)5, (ap_o_mode)3, 0>(ap_fixed_base<32, 32, true, (ap_q_mode)5, (ap_o_mode)3, 0> const&)' into 'ap_fixed_base<3, 3, false, (ap_q_mode)5, (ap_o_mode)3, 0>::ap_fixed_base(int)' (C:/Xilinx/Vitis_HLS/2020.2/common/technology/autopilot\ap_fixed_base.h:541:146)
INFO: [HLS 214-131] Inlining function 'ap_fixed_base<3, 3, false, (ap_q_mode)5, (ap_o_mode)3, 0>::ap_fixed_base(int)' into 'ap_ufixed<3, 3, (ap_q_mode)5, (ap_o_mode)3, 0>::ap_ufixed(int)' (C:/Xilinx/Vitis_HLS/2020.2/common/technology/autopilot\ap_fixed.h:338:60)
INFO: [HLS 214-131] Inlining function 'ap_ufixed<3, 3, (ap_q_mode)5, (ap_o_mode)3, 0>::ap_ufixed(int)' into '__cxx_global_var_init.1.97' (MPCwithMADS_fxd/boostParams.h:58:61)
INFO: [HLS 214-131] Inlining function 'ap_ufixed<3, 3, (ap_q_mode)5, (ap_o_mode)3, 0>::ap_ufixed(int)' into '__cxx_global_var_init.1.97' (MPCwithMADS_fxd/boostParams.h:58:74)
INFO: [HLS 214-131] Inlining function 'ap_ufixed<3, 3, (ap_q_mode)5, (ap_o_mode)3, 0>::ap_ufixed(int)' into '__cxx_global_var_init.1.97' (MPCwithMADS_fxd/boostParams.h:58:71)
INFO: [HLS 214-131] Inlining function 'ap_ufixed<3, 3, (ap_q_mode)5, (ap_o_mode)3, 0>::ap_ufixed(int)' into '__cxx_global_var_init.1.97' (MPCwithMADS_fxd/boostParams.h:58:64)
INFO: [HLS 214-131] Inlining function 'doubleToRawBits(double)' into 'ap_fixed_base<13, 0, false, (ap_q_mode)5, (ap_o_mode)3, 0>::ap_fixed_base(double)' (C:/Xilinx/Vitis_HLS/2020.2/common/technology/autopilot\ap_fixed_base.h:556:14)
INFO: [HLS 214-131] Inlining function 'ap_int_base<54, true>& ap_int_base<54, true>::operator=<55, true>(ap_int_base<55, true> const&)' into 'ap_fixed_base<13, 0, false, (ap_q_mode)5, (ap_o_mode)3, 0>::ap_fixed_base(double)' (C:/Xilinx/Vitis_HLS/2020.2/common/technology/autopilot\ap_fixed_base.h:570:20)
INFO: [HLS 214-131] Inlining function 'ap_int_base<54, true>::operator-() const' into 'ap_fixed_base<13, 0, false, (ap_q_mode)5, (ap_o_mode)3, 0>::ap_fixed_base(double)' (C:/Xilinx/Vitis_HLS/2020.2/common/technology/autopilot\ap_fixed_base.h:570:22)
INFO: [HLS 214-131] Inlining function 'ap_int_base<12, true>& ap_int_base<12, true>::operator=<65, true>(ap_int_base<65, true> const&)' into 'ap_fixed_base<13, 0, false, (ap_q_mode)5, (ap_o_mode)3, 0>::ap_fixed_base(double)' (C:/Xilinx/Vitis_HLS/2020.2/common/technology/autopilot\ap_fixed_base.h:563:9)
INFO: [HLS 214-131] Inlining function 'ap_int_base<11, false>::RType<($_0)64, true>::minus operator-<11, false>(ap_int_base<11, false> const&, long)' into 'ap_fixed_base<13, 0, false, (ap_q_mode)5, (ap_o_mode)3, 0>::ap_fixed_base(double)' (C:/Xilinx/Vitis_HLS/2020.2/common/technology/autopilot\ap_fixed_base.h:563:19)
INFO: [HLS 214-131] Inlining function 'ap_ufixed<13, 0, (ap_q_mode)5, (ap_o_mode)3, 0>::ap_ufixed(double)' into '__cxx_global_var_init.2.98' (MPCwithMADS_fxd/boostParams.h:66:52)
INFO: [HLS 214-131] Inlining function 'doubleToRawBits(double)' into 'ap_fixed_base<17, 17, true, (ap_q_mode)5, (ap_o_mode)3, 0>::ap_fixed_base(double)' (C:/Xilinx/Vitis_HLS/2020.2/common/technology/autopilot\ap_fixed_base.h:556:14)
INFO: [HLS 214-131] Inlining function 'ap_int_base<54, true>& ap_int_base<54, true>::operator=<55, true>(ap_int_base<55, true> const&)' into 'ap_fixed_base<17, 17, true, (ap_q_mode)5, (ap_o_mode)3, 0>::ap_fixed_base(double)' (C:/Xilinx/Vitis_HLS/2020.2/common/technology/autopilot\ap_fixed_base.h:570:20)
INFO: [HLS 214-131] Inlining function 'ap_int_base<54, true>::operator-() const' into 'ap_fixed_base<17, 17, true, (ap_q_mode)5, (ap_o_mode)3, 0>::ap_fixed_base(double)' (C:/Xilinx/Vitis_HLS/2020.2/common/technology/autopilot\ap_fixed_base.h:570:22)
INFO: [HLS 214-131] Inlining function 'ap_int_base<12, true>& ap_int_base<12, true>::operator=<65, true>(ap_int_base<65, true> const&)' into 'ap_fixed_base<17, 17, true, (ap_q_mode)5, (ap_o_mode)3, 0>::ap_fixed_base(double)' (C:/Xilinx/Vitis_HLS/2020.2/common/technology/autopilot\ap_fixed_base.h:563:9)
INFO: [HLS 214-131] Inlining function 'ap_int_base<11, false>::RType<($_0)64, true>::minus operator-<11, false>(ap_int_base<11, false> const&, long)' into 'ap_fixed_base<17, 17, true, (ap_q_mode)5, (ap_o_mode)3, 0>::ap_fixed_base(double)' (C:/Xilinx/Vitis_HLS/2020.2/common/technology/autopilot\ap_fixed_base.h:563:19)
INFO: [HLS 214-131] Inlining function 'ap_fixed<17, 17, (ap_q_mode)5, (ap_o_mode)3, 0>::ap_fixed(double)' into '__cxx_global_var_init.5.101' (MPCwithMADS_fxd/boostParams.h:91:55)
INFO: [HLS 214-131] Inlining function 'doubleToRawBits(double)' into 'ap_fixed_base<15, 15, true, (ap_q_mode)5, (ap_o_mode)3, 0>::ap_fixed_base(double)' (C:/Xilinx/Vitis_HLS/2020.2/common/technology/autopilot\ap_fixed_base.h:556:14)
INFO: [HLS 214-131] Inlining function 'ap_int_base<54, true>& ap_int_base<54, true>::operator=<55, true>(ap_int_base<55, true> const&)' into 'ap_fixed_base<15, 15, true, (ap_q_mode)5, (ap_o_mode)3, 0>::ap_fixed_base(double)' (C:/Xilinx/Vitis_HLS/2020.2/common/technology/autopilot\ap_fixed_base.h:570:20)
INFO: [HLS 214-131] Inlining function 'ap_int_base<54, true>::operator-() const' into 'ap_fixed_base<15, 15, true, (ap_q_mode)5, (ap_o_mode)3, 0>::ap_fixed_base(double)' (C:/Xilinx/Vitis_HLS/2020.2/common/technology/autopilot\ap_fixed_base.h:570:22)
INFO: [HLS 214-131] Inlining function 'ap_int_base<12, true>& ap_int_base<12, true>::operator=<65, true>(ap_int_base<65, true> const&)' into 'ap_fixed_base<15, 15, true, (ap_q_mode)5, (ap_o_mode)3, 0>::ap_fixed_base(double)' (C:/Xilinx/Vitis_HLS/2020.2/common/technology/autopilot\ap_fixed_base.h:563:9)
INFO: [HLS 214-131] Inlining function 'ap_int_base<11, false>::RType<($_0)64, true>::minus operator-<11, false>(ap_int_base<11, false> const&, long)' into 'ap_fixed_base<15, 15, true, (ap_q_mode)5, (ap_o_mode)3, 0>::ap_fixed_base(double)' (C:/Xilinx/Vitis_HLS/2020.2/common/technology/autopilot\ap_fixed_base.h:563:19)
INFO: [HLS 214-131] Inlining function 'ap_fixed<15, 15, (ap_q_mode)5, (ap_o_mode)3, 0>::ap_fixed(double)' into '__cxx_global_var_init.6.102' (MPCwithMADS_fxd/boostParams.h:95:55)
INFO: [HLS 214-131] Inlining function 'doubleToRawBits(double)' into 'ap_fixed_base<30, 0, false, (ap_q_mode)5, (ap_o_mode)3, 0>::ap_fixed_base(double)' (C:/Xilinx/Vitis_HLS/2020.2/common/technology/autopilot\ap_fixed_base.h:556:14)
INFO: [HLS 214-131] Inlining function 'ap_int_base<54, true>& ap_int_base<54, true>::operator=<55, true>(ap_int_base<55, true> const&)' into 'ap_fixed_base<30, 0, false, (ap_q_mode)5, (ap_o_mode)3, 0>::ap_fixed_base(double)' (C:/Xilinx/Vitis_HLS/2020.2/common/technology/autopilot\ap_fixed_base.h:570:20)
INFO: [HLS 214-131] Inlining function 'ap_int_base<54, true>::operator-() const' into 'ap_fixed_base<30, 0, false, (ap_q_mode)5, (ap_o_mode)3, 0>::ap_fixed_base(double)' (C:/Xilinx/Vitis_HLS/2020.2/common/technology/autopilot\ap_fixed_base.h:570:22)
INFO: [HLS 214-131] Inlining function 'ap_int_base<12, true>& ap_int_base<12, true>::operator=<65, true>(ap_int_base<65, true> const&)' into 'ap_fixed_base<30, 0, false, (ap_q_mode)5, (ap_o_mode)3, 0>::ap_fixed_base(double)' (C:/Xilinx/Vitis_HLS/2020.2/common/technology/autopilot\ap_fixed_base.h:563:9)
INFO: [HLS 214-131] Inlining function 'ap_int_base<11, false>::RType<($_0)64, true>::minus operator-<11, false>(ap_int_base<11, false> const&, long)' into 'ap_fixed_base<30, 0, false, (ap_q_mode)5, (ap_o_mode)3, 0>::ap_fixed_base(double)' (C:/Xilinx/Vitis_HLS/2020.2/common/technology/autopilot\ap_fixed_base.h:563:19)
INFO: [HLS 214-131] Inlining function 'ap_ufixed<30, 0, (ap_q_mode)5, (ap_o_mode)3, 0>::ap_ufixed(double)' into '__cxx_global_var_init.7.103' (MPCwithMADS_fxd/boostParams.h:98:52)
INFO: [HLS 214-131] Inlining function 'ap_fixed_base<32, 32, true, (ap_q_mode)5, (ap_o_mode)3, 0>::operator!() const' into 'ap_fixed_base<12, 2, true, (ap_q_mode)5, (ap_o_mode)3, 0>& ap_fixed_base<12, 2, true, (ap_q_mode)5, (ap_o_mode)3, 0>::operator=<32, 32, true, (ap_q_mode)5, (ap_o_mode)3, 0>(ap_fixed_base<32, 32, true, (ap_q_mode)5, (ap_o_mode)3, 0> const&)' (C:/Xilinx/Vitis_HLS/2020.2/common/technology/autopilot\ap_fixed_base.h:698:9)
INFO: [HLS 214-131] Inlining function 'ap_fixed_base<12, 2, true, (ap_q_mode)5, (ap_o_mode)3, 0>& ap_fixed_base<12, 2, true, (ap_q_mode)5, (ap_o_mode)3, 0>::operator=<32, 32, true, (ap_q_mode)5, (ap_o_mode)3, 0>(ap_fixed_base<32, 32, true, (ap_q_mode)5, (ap_o_mode)3, 0> const&)' into 'ap_fixed_base<12, 2, true, (ap_q_mode)5, (ap_o_mode)3, 0>::ap_fixed_base(int)' (C:/Xilinx/Vitis_HLS/2020.2/common/technology/autopilot\ap_fixed_base.h:541:146)
INFO: [HLS 214-131] Inlining function 'ap_fixed_base<12, 2, true, (ap_q_mode)5, (ap_o_mode)3, 0>::ap_fixed_base(int)' into 'ap_fixed<12, 2, (ap_q_mode)5, (ap_o_mode)3, 0>::ap_fixed(int)' (C:/Xilinx/Vitis_HLS/2020.2/common/technology/autopilot\ap_fixed.h:183:59)
INFO: [HLS 214-131] Inlining function 'ap_fixed<12, 2, (ap_q_mode)5, (ap_o_mode)3, 0>::ap_fixed(int)' into '__cxx_global_var_init.8.104' (MPCwithMADS_fxd/boostParams.h:101:30)
INFO: [HLS 214-131] Inlining function 'ap_fixed<12, 2, (ap_q_mode)5, (ap_o_mode)3, 0>::ap_fixed(int)' into '__cxx_global_var_init.9.105' (MPCwithMADS_fxd/boostParams.h:102:30)
INFO: [HLS 214-131] Inlining function 'doubleToRawBits(double)' into 'ap_fixed_base<18, 2, true, (ap_q_mode)5, (ap_o_mode)3, 0>::ap_fixed_base(double)' (C:/Xilinx/Vitis_HLS/2020.2/common/technology/autopilot\ap_fixed_base.h:556:14)
INFO: [HLS 214-131] Inlining function 'ap_int_base<54, true>& ap_int_base<54, true>::operator=<55, true>(ap_int_base<55, true> const&)' into 'ap_fixed_base<18, 2, true, (ap_q_mode)5, (ap_o_mode)3, 0>::ap_fixed_base(double)' (C:/Xilinx/Vitis_HLS/2020.2/common/technology/autopilot\ap_fixed_base.h:570:20)
INFO: [HLS 214-131] Inlining function 'ap_int_base<54, true>::operator-() const' into 'ap_fixed_base<18, 2, true, (ap_q_mode)5, (ap_o_mode)3, 0>::ap_fixed_base(double)' (C:/Xilinx/Vitis_HLS/2020.2/common/technology/autopilot\ap_fixed_base.h:570:22)
INFO: [HLS 214-131] Inlining function 'ap_int_base<12, true>& ap_int_base<12, true>::operator=<65, true>(ap_int_base<65, true> const&)' into 'ap_fixed_base<18, 2, true, (ap_q_mode)5, (ap_o_mode)3, 0>::ap_fixed_base(double)' (C:/Xilinx/Vitis_HLS/2020.2/common/technology/autopilot\ap_fixed_base.h:563:9)
INFO: [HLS 214-131] Inlining function 'ap_int_base<11, false>::RType<($_0)64, true>::minus operator-<11, false>(ap_int_base<11, false> const&, long)' into 'ap_fixed_base<18, 2, true, (ap_q_mode)5, (ap_o_mode)3, 0>::ap_fixed_base(double)' (C:/Xilinx/Vitis_HLS/2020.2/common/technology/autopilot\ap_fixed_base.h:563:19)
INFO: [HLS 214-131] Inlining function 'ap_fixed<18, 2, (ap_q_mode)5, (ap_o_mode)3, 0>::ap_fixed(double)' into '__cxx_global_var_init.4.123' (MPCwithMADS_fxd/boostParams.h:84:42)
INFO: [HLS 214-131] Inlining function 'ap_fixed<18, 2, (ap_q_mode)5, (ap_o_mode)3, 0>::ap_fixed(double)' into '__cxx_global_var_init.4.123' (MPCwithMADS_fxd/boostParams.h:84:47)
INFO: [HLS 214-131] Inlining function 'ap_int<6>::ap_int(int)' into '__cxx_global_var_init.3.143' (MPCwithMADS_fxd/boostParams.h:75:36)
INFO: [HLS 214-131] Inlining function 'ap_int<6>::ap_int(int)' into '__cxx_global_var_init.3.143' (MPCwithMADS_fxd/boostParams.h:75:40)
INFO: [HLS 214-131] Inlining function 'ap_fixed_base<12, 7, true, (ap_q_mode)5, (ap_o_mode)3, 0>::operator!() const' into 'ap_fixed_base<18, 7, true, (ap_q_mode)5, (ap_o_mode)3, 0>& ap_fixed_base<18, 7, true, (ap_q_mode)5, (ap_o_mode)3, 0>::operator=<12, 7, true, (ap_q_mode)5, (ap_o_mode)3, 0>(ap_fixed_base<12, 7, true, (ap_q_mode)5, (ap_o_mode)3, 0> const&)' (C:/Xilinx/Vitis_HLS/2020.2/common/technology/autopilot\ap_fixed_base.h:698:9)
INFO: [HLS 214-131] Inlining function 'ap_fixed_base<18, 7, true, (ap_q_mode)5, (ap_o_mode)3, 0>& ap_fixed_base<18, 7, true, (ap_q_mode)5, (ap_o_mode)3, 0>::operator=<12, 7, true, (ap_q_mode)5, (ap_o_mode)3, 0>(ap_fixed_base<12, 7, true, (ap_q_mode)5, (ap_o_mode)3, 0> const&)' into 'ap_fixed_base<18, 7, true, (ap_q_mode)5, (ap_o_mode)3, 0>::ap_fixed_base<12, 7, true, (ap_q_mode)5, (ap_o_mode)3, 0>(ap_fixed_base<12, 7, true, (ap_q_mode)5, (ap_o_mode)3, 0> const&)' (C:/Xilinx/Vitis_HLS/2020.2/common/technology/autopilot\ap_fixed_base.h:431:5)
INFO: [HLS 214-131] Inlining function 'ap_fixed_base<18, 7, true, (ap_q_mode)5, (ap_o_mode)3, 0>::ap_fixed_base<12, 7, true, (ap_q_mode)5, (ap_o_mode)3, 0>(ap_fixed_base<12, 7, true, (ap_q_mode)5, (ap_o_mode)3, 0> const&)' into 'ap_fixed<18, 7, (ap_q_mode)5, (ap_o_mode)3, 0>::ap_fixed<12, 7, true, (ap_q_mode)5, (ap_o_mode)3, 0>(ap_fixed_base<12, 7, true, (ap_q_mode)5, (ap_o_mode)3, 0> const&)' (C:/Xilinx/Vitis_HLS/2020.2/common/technology/autopilot\ap_fixed.h:75:9)
INFO: [HLS 214-131] Inlining function 'ap_fixed_base<32, 32, true, (ap_q_mode)5, (ap_o_mode)3, 0>::operator!() const' into 'ap_fixed_base<32, 9, false, (ap_q_mode)5, (ap_o_mode)3, 0>& ap_fixed_base<32, 9, false, (ap_q_mode)5, (ap_o_mode)3, 0>::operator=<32, 32, true, (ap_q_mode)5, (ap_o_mode)3, 0>(ap_fixed_base<32, 32, true, (ap_q_mode)5, (ap_o_mode)3, 0> const&)' (C:/Xilinx/Vitis_HLS/2020.2/common/technology/autopilot\ap_fixed_base.h:698:9)
INFO: [HLS 214-131] Inlining function 'ap_fixed_base<32, 9, false, (ap_q_mode)5, (ap_o_mode)3, 0>& ap_fixed_base<32, 9, false, (ap_q_mode)5, (ap_o_mode)3, 0>::operator=<32, 32, true, (ap_q_mode)5, (ap_o_mode)3, 0>(ap_fixed_base<32, 32, true, (ap_q_mode)5, (ap_o_mode)3, 0> const&)' into 'ap_fixed_base<32, 9, false, (ap_q_mode)5, (ap_o_mode)3, 0>::ap_fixed_base(int)' (C:/Xilinx/Vitis_HLS/2020.2/common/technology/autopilot\ap_fixed_base.h:541:146)
INFO: [HLS 214-131] Inlining function 'ap_fixed_base<32, 9, false, (ap_q_mode)5, (ap_o_mode)3, 0>::ap_fixed_base(int)' into 'ap_ufixed<32, 9, (ap_q_mode)5, (ap_o_mode)3, 0>::ap_ufixed(int)' (C:/Xilinx/Vitis_HLS/2020.2/common/technology/autopilot\ap_fixed.h:338:60)
INFO: [HLS 214-131] Inlining function 'ap_fixed_base<18, 7, true, (ap_q_mode)5, (ap_o_mode)3, 0>::operator!() const' into 'ap_fixed_base<29, 7, true, (ap_q_mode)5, (ap_o_mode)3, 0>& ap_fixed_base<29, 7, true, (ap_q_mode)5, (ap_o_mode)3, 0>::operator=<18, 7, true, (ap_q_mode)5, (ap_o_mode)3, 0>(ap_fixed_base<18, 7, true, (ap_q_mode)5, (ap_o_mode)3, 0> const&)' (C:/Xilinx/Vitis_HLS/2020.2/common/technology/autopilot\ap_fixed_base.h:698:9)
INFO: [HLS 214-131] Inlining function 'ap_fixed_base<29, 7, true, (ap_q_mode)5, (ap_o_mode)3, 0>& ap_fixed_base<29, 7, true, (ap_q_mode)5, (ap_o_mode)3, 0>::operator=<18, 7, true, (ap_q_mode)5, (ap_o_mode)3, 0>(ap_fixed_base<18, 7, true, (ap_q_mode)5, (ap_o_mode)3, 0> const&)' into 'ap_fixed_base<29, 7, true, (ap_q_mode)5, (ap_o_mode)3, 0>::ap_fixed_base<18, 7, true, (ap_q_mode)5, (ap_o_mode)3, 0>(ap_fixed_base<18, 7, true, (ap_q_mode)5, (ap_o_mode)3, 0> const&)' (C:/Xilinx/Vitis_HLS/2020.2/common/technology/autopilot\ap_fixed_base.h:431:5)
INFO: [HLS 214-131] Inlining function 'ap_fixed_base<29, 7, true, (ap_q_mode)5, (ap_o_mode)3, 0>::ap_fixed_base<18, 7, true, (ap_q_mode)5, (ap_o_mode)3, 0>(ap_fixed_base<18, 7, true, (ap_q_mode)5, (ap_o_mode)3, 0> const&)' into 'ap_fixed_base<18, 7, true, (ap_q_mode)5, (ap_o_mode)3, 0>::RType<18, 7, true>::div ap_fixed_base<18, 7, true, (ap_q_mode)5, (ap_o_mode)3, 0>::operator/<18, 7, true, (ap_q_mode)5, (ap_o_mode)3, 0>(ap_fixed_base<18, 7, true, (ap_q_mode)5, (ap_o_mode)3, 0> const&) const' (C:/Xilinx/Vitis_HLS/2020.2/common/technology/autopilot\ap_fixed_base.h:1144:97)
INFO: [HLS 214-131] Inlining function 'ap_fixed<30, 19, (ap_q_mode)5, (ap_o_mode)3, 0>::ap_fixed<30, 19, true, (ap_q_mode)5, (ap_o_mode)3, 0>(ap_fixed_base<30, 19, true, (ap_q_mode)5, (ap_o_mode)3, 0> const&)' into 'ap_fixed_base<18, 7, true, (ap_q_mode)5, (ap_o_mode)3, 0>::RType<18, 7, true>::div ap_fixed_base<18, 7, true, (ap_q_mode)5, (ap_o_mode)3, 0>::operator/<18, 7, true, (ap_q_mode)5, (ap_o_mode)3, 0>(ap_fixed_base<18, 7, true, (ap_q_mode)5, (ap_o_mode)3, 0> const&) const' (C:/Xilinx/Vitis_HLS/2020.2/common/technology/autopilot\ap_fixed_base.h:1177:12)
INFO: [HLS 214-131] Inlining function 'ap_fixed_base<30, 19, true, (ap_q_mode)5, (ap_o_mode)3, 0>::operator!() const' into 'ap_fixed_base<18, 2, true, (ap_q_mode)5, (ap_o_mode)3, 0>& ap_fixed_base<18, 2, true, (ap_q_mode)5, (ap_o_mode)3, 0>::operator=<30, 19, true, (ap_q_mode)5, (ap_o_mode)3, 0>(ap_fixed_base<30, 19, true, (ap_q_mode)5, (ap_o_mode)3, 0> const&)' (C:/Xilinx/Vitis_HLS/2020.2/common/technology/autopilot\ap_fixed_base.h:698:9)
INFO: [HLS 214-131] Inlining function 'ap_fixed_base<18, 2, true, (ap_q_mode)5, (ap_o_mode)3, 0>& ap_fixed_base<18, 2, true, (ap_q_mode)5, (ap_o_mode)3, 0>::operator=<30, 19, true, (ap_q_mode)5, (ap_o_mode)3, 0>(ap_fixed_base<30, 19, true, (ap_q_mode)5, (ap_o_mode)3, 0> const&)' into 'ap_fixed_base<18, 2, true, (ap_q_mode)5, (ap_o_mode)3, 0>::ap_fixed_base<30, 19, true, (ap_q_mode)5, (ap_o_mode)3, 0>(ap_fixed_base<30, 19, true, (ap_q_mode)5, (ap_o_mode)3, 0> const&)' (C:/Xilinx/Vitis_HLS/2020.2/common/technology/autopilot\ap_fixed_base.h:431:5)
INFO: [HLS 214-131] Inlining function 'ap_fixed_base<18, 2, true, (ap_q_mode)5, (ap_o_mode)3, 0>::ap_fixed_base<30, 19, true, (ap_q_mode)5, (ap_o_mode)3, 0>(ap_fixed_base<30, 19, true, (ap_q_mode)5, (ap_o_mode)3, 0> const&)' into 'ap_fixed<18, 2, (ap_q_mode)5, (ap_o_mode)3, 0>::ap_fixed<30, 19, true, (ap_q_mode)5, (ap_o_mode)3, 0>(ap_fixed_base<30, 19, true, (ap_q_mode)5, (ap_o_mode)3, 0> const&)' (C:/Xilinx/Vitis_HLS/2020.2/common/technology/autopilot\ap_fixed.h:75:9)
INFO: [HLS 214-131] Inlining function 'ap_fixed_base<32, 32, true, (ap_q_mode)5, (ap_o_mode)3, 0>::operator!() const' into 'ap_fixed_base<49, 33, true, (ap_q_mode)5, (ap_o_mode)3, 0>& ap_fixed_base<49, 33, true, (ap_q_mode)5, (ap_o_mode)3, 0>::operator=<32, 32, true, (ap_q_mode)5, (ap_o_mode)3, 0>(ap_fixed_base<32, 32, true, (ap_q_mode)5, (ap_o_mode)3, 0> const&)' (C:/Xilinx/Vitis_HLS/2020.2/common/technology/autopilot\ap_fixed_base.h:698:9)
INFO: [HLS 214-131] Inlining function 'ap_fixed_base<49, 33, true, (ap_q_mode)5, (ap_o_mode)3, 0>& ap_fixed_base<49, 33, true, (ap_q_mode)5, (ap_o_mode)3, 0>::operator=<32, 32, true, (ap_q_mode)5, (ap_o_mode)3, 0>(ap_fixed_base<32, 32, true, (ap_q_mode)5, (ap_o_mode)3, 0> const&)' into 'ap_fixed_base<49, 33, true, (ap_q_mode)5, (ap_o_mode)3, 0>::ap_fixed_base<32, 32, true, (ap_q_mode)5, (ap_o_mode)3, 0>(ap_fixed_base<32, 32, true, (ap_q_mode)5, (ap_o_mode)3, 0> const&)' (C:/Xilinx/Vitis_HLS/2020.2/common/technology/autopilot\ap_fixed_base.h:431:5)
INFO: [HLS 214-131] Inlining function 'ap_fixed_base<18, 2, true, (ap_q_mode)5, (ap_o_mode)3, 0>::operator!() const' into 'ap_fixed_base<49, 33, true, (ap_q_mode)5, (ap_o_mode)3, 0>& ap_fixed_base<49, 33, true, (ap_q_mode)5, (ap_o_mode)3, 0>::operator=<18, 2, true, (ap_q_mode)5, (ap_o_mode)3, 0>(ap_fixed_base<18, 2, true, (ap_q_mode)5, (ap_o_mode)3, 0> const&)' (C:/Xilinx/Vitis_HLS/2020.2/common/technology/autopilot\ap_fixed_base.h:698:9)
INFO: [HLS 214-131] Inlining function 'ap_fixed_base<49, 33, true, (ap_q_mode)5, (ap_o_mode)3, 0>& ap_fixed_base<49, 33, true, (ap_q_mode)5, (ap_o_mode)3, 0>::operator=<18, 2, true, (ap_q_mode)5, (ap_o_mode)3, 0>(ap_fixed_base<18, 2, true, (ap_q_mode)5, (ap_o_mode)3, 0> const&)' into 'ap_fixed_base<49, 33, true, (ap_q_mode)5, (ap_o_mode)3, 0>::ap_fixed_base<18, 2, true, (ap_q_mode)5, (ap_o_mode)3, 0>(ap_fixed_base<18, 2, true, (ap_q_mode)5, (ap_o_mode)3, 0> const&)' (C:/Xilinx/Vitis_HLS/2020.2/common/technology/autopilot\ap_fixed_base.h:431:5)
INFO: [HLS 214-131] Inlining function 'ap_fixed_base<49, 33, true, (ap_q_mode)5, (ap_o_mode)3, 0>::ap_fixed_base<32, 32, true, (ap_q_mode)5, (ap_o_mode)3, 0>(ap_fixed_base<32, 32, true, (ap_q_mode)5, (ap_o_mode)3, 0> const&)' into 'ap_fixed_base<32, 32, true, (ap_q_mode)5, (ap_o_mode)3, 0>::RType<18, 2, true>::minus ap_fixed_base<32, 32, true, (ap_q_mode)5, (ap_o_mode)3, 0>::operator-<18, 2, true, (ap_q_mode)5, (ap_o_mode)3, 0>(ap_fixed_base<18, 2, true, (ap_q_mode)5, (ap_o_mode)3, 0> const&) const' (C:/Xilinx/Vitis_HLS/2020.2/common/technology/autopilot\ap_fixed_base.h:1193:332)
INFO: [HLS 214-131] Inlining function 'ap_fixed<49, 33, (ap_q_mode)5, (ap_o_mode)3, 0>::ap_fixed<49, 33, true, (ap_q_mode)5, (ap_o_mode)3, 0>(ap_fixed_base<49, 33, true, (ap_q_mode)5, (ap_o_mode)3, 0> const&)' into 'ap_fixed_base<32, 32, true, (ap_q_mode)5, (ap_o_mode)3, 0>::RType<18, 2, true>::minus ap_fixed_base<32, 32, true, (ap_q_mode)5, (ap_o_mode)3, 0>::operator-<18, 2, true, (ap_q_mode)5, (ap_o_mode)3, 0>(ap_fixed_base<18, 2, true, (ap_q_mode)5, (ap_o_mode)3, 0> const&) const' (C:/Xilinx/Vitis_HLS/2020.2/common/technology/autopilot\ap_fixed_base.h:1193:384)
INFO: [HLS 214-131] Inlining function 'ap_fixed_base<49, 33, true, (ap_q_mode)5, (ap_o_mode)3, 0>::ap_fixed_base<18, 2, true, (ap_q_mode)5, (ap_o_mode)3, 0>(ap_fixed_base<18, 2, true, (ap_q_mode)5, (ap_o_mode)3, 0> const&)' into 'ap_fixed_base<32, 32, true, (ap_q_mode)5, (ap_o_mode)3, 0>::RType<18, 2, true>::minus ap_fixed_base<32, 32, true, (ap_q_mode)5, (ap_o_mode)3, 0>::operator-<18, 2, true, (ap_q_mode)5, (ap_o_mode)3, 0>(ap_fixed_base<18, 2, true, (ap_q_mode)5, (ap_o_mode)3, 0> const&) const' (C:/Xilinx/Vitis_HLS/2020.2/common/technology/autopilot\ap_fixed_base.h:1193:344)
INFO: [HLS 214-131] Inlining function 'ap_fixed_base<32, 32, true, (ap_q_mode)5, (ap_o_mode)3, 0>::ap_fixed_base(int)' into 'ap_fixed_base<18, 2, true, (ap_q_mode)5, (ap_o_mode)3, 0>::RType<($_0)32, ($_0)32, true>::minus operator-<18, 2, true, (ap_q_mode)5, (ap_o_mode)3, 0>(int, ap_fixed_base<18, 2, true, (ap_q_mode)5, (ap_o_mode)3, 0> const&)' (C:/Xilinx/Vitis_HLS/2020.2/common/technology/autopilot\ap_fixed_base.h:2221:1565)
INFO: [HLS 214-131] Inlining function 'ap_fixed_base<32, 32, true, (ap_q_mode)5, (ap_o_mode)3, 0>::RType<18, 2, true>::minus ap_fixed_base<32, 32, true, (ap_q_mode)5, (ap_o_mode)3, 0>::operator-<18, 2, true, (ap_q_mode)5, (ap_o_mode)3, 0>(ap_fixed_base<18, 2, true, (ap_q_mode)5, (ap_o_mode)3, 0> const&) const' into 'ap_fixed_base<18, 2, true, (ap_q_mode)5, (ap_o_mode)3, 0>::RType<($_0)32, ($_0)32, true>::minus operator-<18, 2, true, (ap_q_mode)5, (ap_o_mode)3, 0>(int, ap_fixed_base<18, 2, true, (ap_q_mode)5, (ap_o_mode)3, 0> const&)' (C:/Xilinx/Vitis_HLS/2020.2/common/technology/autopilot\ap_fixed_base.h:2221:1625)
INFO: [HLS 214-131] Inlining function 'ap_fixed_base<49, 33, true, (ap_q_mode)5, (ap_o_mode)3, 0>::operator!() const' into 'ap_fixed_base<18, 2, true, (ap_q_mode)5, (ap_o_mode)3, 0>& ap_fixed_base<18, 2, true, (ap_q_mode)5, (ap_o_mode)3, 0>::operator=<49, 33, true, (ap_q_mode)5, (ap_o_mode)3, 0>(ap_fixed_base<49, 33, true, (ap_q_mode)5, (ap_o_mode)3, 0> const&)' (C:/Xilinx/Vitis_HLS/2020.2/common/technology/autopilot\ap_fixed_base.h:698:9)
INFO: [HLS 214-131] Inlining function 'ap_fixed_base<18, 2, true, (ap_q_mode)5, (ap_o_mode)3, 0>& ap_fixed_base<18, 2, true, (ap_q_mode)5, (ap_o_mode)3, 0>::operator=<49, 33, true, (ap_q_mode)5, (ap_o_mode)3, 0>(ap_fixed_base<49, 33, true, (ap_q_mode)5, (ap_o_mode)3, 0> const&)' into 'ap_fixed_base<18, 2, true, (ap_q_mode)5, (ap_o_mode)3, 0>::ap_fixed_base<49, 33, true, (ap_q_mode)5, (ap_o_mode)3, 0>(ap_fixed_base<49, 33, true, (ap_q_mode)5, (ap_o_mode)3, 0> const&)' (C:/Xilinx/Vitis_HLS/2020.2/common/technology/autopilot\ap_fixed_base.h:431:5)
INFO: [HLS 214-131] Inlining function 'ap_fixed_base<18, 2, true, (ap_q_mode)5, (ap_o_mode)3, 0>::ap_fixed_base<49, 33, true, (ap_q_mode)5, (ap_o_mode)3, 0>(ap_fixed_base<49, 33, true, (ap_q_mode)5, (ap_o_mode)3, 0> const&)' into 'ap_fixed<18, 2, (ap_q_mode)5, (ap_o_mode)3, 0>::ap_fixed<49, 33, true, (ap_q_mode)5, (ap_o_mode)3, 0>(ap_fixed_base<49, 33, true, (ap_q_mode)5, (ap_o_mode)3, 0> const&)' (C:/Xilinx/Vitis_HLS/2020.2/common/technology/autopilot\ap_fixed.h:75:9)
INFO: [HLS 214-131] Inlining function 'ap_fixed<36, 14, (ap_q_mode)5, (ap_o_mode)3, 0>::ap_fixed<36, 14, true, (ap_q_mode)5, (ap_o_mode)3, 0>(ap_fixed_base<36, 14, true, (ap_q_mode)5, (ap_o_mode)3, 0> const&)' into 'ap_fixed_base<18, 7, true, (ap_q_mode)5, (ap_o_mode)3, 0>::RType<18, 7, true>::mult ap_fixed_base<18, 7, true, (ap_q_mode)5, (ap_o_mode)3, 0>::operator*<18, 7, true, (ap_q_mode)5, (ap_o_mode)3, 0>(ap_fixed_base<18, 7, true, (ap_q_mode)5, (ap_o_mode)3, 0> const&) const' (C:/Xilinx/Vitis_HLS/2020.2/common/technology/autopilot\ap_fixed_base.h:1119:12)
INFO: [HLS 214-131] Inlining function 'ap_fixed_base<36, 14, true, (ap_q_mode)5, (ap_o_mode)3, 0>::operator!() const' into 'ap_fixed_base<18, 7, true, (ap_q_mode)5, (ap_o_mode)3, 0>& ap_fixed_base<18, 7, true, (ap_q_mode)5, (ap_o_mode)3, 0>::operator=<36, 14, true, (ap_q_mode)5, (ap_o_mode)3, 0>(ap_fixed_base<36, 14, true, (ap_q_mode)5, (ap_o_mode)3, 0> const&)' (C:/Xilinx/Vitis_HLS/2020.2/common/technology/autopilot\ap_fixed_base.h:698:9)
INFO: [HLS 214-131] Inlining function 'ap_fixed_base<18, 7, true, (ap_q_mode)5, (ap_o_mode)3, 0>& ap_fixed_base<18, 7, true, (ap_q_mode)5, (ap_o_mode)3, 0>::operator=<36, 14, true, (ap_q_mode)5, (ap_o_mode)3, 0>(ap_fixed_base<36, 14, true, (ap_q_mode)5, (ap_o_mode)3, 0> const&)' into 'ap_fixed_base<18, 7, true, (ap_q_mode)5, (ap_o_mode)3, 0>::ap_fixed_base<36, 14, true, (ap_q_mode)5, (ap_o_mode)3, 0>(ap_fixed_base<36, 14, true, (ap_q_mode)5, (ap_o_mode)3, 0> const&)' (C:/Xilinx/Vitis_HLS/2020.2/common/technology/autopilot\ap_fixed_base.h:431:5)
INFO: [HLS 214-131] Inlining function 'ap_fixed_base<18, 7, true, (ap_q_mode)5, (ap_o_mode)3, 0>::ap_fixed_base<36, 14, true, (ap_q_mode)5, (ap_o_mode)3, 0>(ap_fixed_base<36, 14, true, (ap_q_mode)5, (ap_o_mode)3, 0> const&)' into 'ap_fixed<18, 7, (ap_q_mode)5, (ap_o_mode)3, 0>::ap_fixed<36, 14, true, (ap_q_mode)5, (ap_o_mode)3, 0>(ap_fixed_base<36, 14, true, (ap_q_mode)5, (ap_o_mode)3, 0> const&)' (C:/Xilinx/Vitis_HLS/2020.2/common/technology/autopilot\ap_fixed.h:75:9)
INFO: [HLS 214-131] Inlining function 'ap_fixed_base<36, 14, true, (ap_q_mode)5, (ap_o_mode)3, 0>::operator!() const' into 'ap_fixed_base<47, 14, true, (ap_q_mode)5, (ap_o_mode)3, 0>& ap_fixed_base<47, 14, true, (ap_q_mode)5, (ap_o_mode)3, 0>::operator=<36, 14, true, (ap_q_mode)5, (ap_o_mode)3, 0>(ap_fixed_base<36, 14, true, (ap_q_mode)5, (ap_o_mode)3, 0> const&)' (C:/Xilinx/Vitis_HLS/2020.2/common/technology/autopilot\ap_fixed_base.h:698:9)
INFO: [HLS 214-131] Inlining function 'ap_fixed_base<47, 14, true, (ap_q_mode)5, (ap_o_mode)3, 0>& ap_fixed_base<47, 14, true, (ap_q_mode)5, (ap_o_mode)3, 0>::operator=<36, 14, true, (ap_q_mode)5, (ap_o_mode)3, 0>(ap_fixed_base<36, 14, true, (ap_q_mode)5, (ap_o_mode)3, 0> const&)' into 'ap_fixed_base<47, 14, true, (ap_q_mode)5, (ap_o_mode)3, 0>::ap_fixed_base<36, 14, true, (ap_q_mode)5, (ap_o_mode)3, 0>(ap_fixed_base<36, 14, true, (ap_q_mode)5, (ap_o_mode)3, 0> const&)' (C:/Xilinx/Vitis_HLS/2020.2/common/technology/autopilot\ap_fixed_base.h:431:5)
INFO: [HLS 214-131] Inlining function 'ap_fixed_base<47, 14, true, (ap_q_mode)5, (ap_o_mode)3, 0>::ap_fixed_base<36, 14, true, (ap_q_mode)5, (ap_o_mode)3, 0>(ap_fixed_base<36, 14, true, (ap_q_mode)5, (ap_o_mode)3, 0> const&)' into 'ap_fixed_base<36, 14, true, (ap_q_mode)5, (ap_o_mode)3, 0>::RType<18, 7, true>::div ap_fixed_base<36, 14, true, (ap_q_mode)5, (ap_o_mode)3, 0>::operator/<18, 7, true, (ap_q_mode)5, (ap_o_mode)3, 0>(ap_fixed_base<18, 7, true, (ap_q_mode)5, (ap_o_mode)3, 0> const&) const' (C:/Xilinx/Vitis_HLS/2020.2/common/technology/autopilot\ap_fixed_base.h:1144:97)
INFO: [HLS 214-131] Inlining function 'ap_fixed<48, 26, (ap_q_mode)5, (ap_o_mode)3, 0>::ap_fixed<48, 26, true, (ap_q_mode)5, (ap_o_mode)3, 0>(ap_fixed_base<48, 26, true, (ap_q_mode)5, (ap_o_mode)3, 0> const&)' into 'ap_fixed_base<36, 14, true, (ap_q_mode)5, (ap_o_mode)3, 0>::RType<18, 7, true>::div ap_fixed_base<36, 14, true, (ap_q_mode)5, (ap_o_mode)3, 0>::operator/<18, 7, true, (ap_q_mode)5, (ap_o_mode)3, 0>(ap_fixed_base<18, 7, true, (ap_q_mode)5, (ap_o_mode)3, 0> const&) const' (C:/Xilinx/Vitis_HLS/2020.2/common/technology/autopilot\ap_fixed_base.h:1177:12)
INFO: [HLS 214-131] Inlining function 'ap_fixed_base<48, 26, true, (ap_q_mode)5, (ap_o_mode)3, 0>::operator!() const' into 'ap_fixed_base<18, 7, true, (ap_q_mode)5, (ap_o_mode)3, 0>& ap_fixed_base<18, 7, true, (ap_q_mode)5, (ap_o_mode)3, 0>::operator=<48, 26, true, (ap_q_mode)5, (ap_o_mode)3, 0>(ap_fixed_base<48, 26, true, (ap_q_mode)5, (ap_o_mode)3, 0> const&)' (C:/Xilinx/Vitis_HLS/2020.2/common/technology/autopilot\ap_fixed_base.h:698:9)
INFO: [HLS 214-131] Inlining function 'ap_fixed_base<18, 7, true, (ap_q_mode)5, (ap_o_mode)3, 0>& ap_fixed_base<18, 7, true, (ap_q_mode)5, (ap_o_mode)3, 0>::operator=<48, 26, true, (ap_q_mode)5, (ap_o_mode)3, 0>(ap_fixed_base<48, 26, true, (ap_q_mode)5, (ap_o_mode)3, 0> const&)' into 'ap_fixed_base<18, 7, true, (ap_q_mode)5, (ap_o_mode)3, 0>::ap_fixed_base<48, 26, true, (ap_q_mode)5, (ap_o_mode)3, 0>(ap_fixed_base<48, 26, true, (ap_q_mode)5, (ap_o_mode)3, 0> const&)' (C:/Xilinx/Vitis_HLS/2020.2/common/technology/autopilot\ap_fixed_base.h:431:5)
INFO: [HLS 214-131] Inlining function 'ap_fixed_base<18, 7, true, (ap_q_mode)5, (ap_o_mode)3, 0>::ap_fixed_base<48, 26, true, (ap_q_mode)5, (ap_o_mode)3, 0>(ap_fixed_base<48, 26, true, (ap_q_mode)5, (ap_o_mode)3, 0> const&)' into 'ap_fixed<18, 7, (ap_q_mode)5, (ap_o_mode)3, 0>::ap_fixed<48, 26, true, (ap_q_mode)5, (ap_o_mode)3, 0>(ap_fixed_base<48, 26, true, (ap_q_mode)5, (ap_o_mode)3, 0> const&)' (C:/Xilinx/Vitis_HLS/2020.2/common/technology/autopilot\ap_fixed.h:75:9)
INFO: [HLS 214-131] Inlining function 'ap_fixed_base<17, 17, true, (ap_q_mode)5, (ap_o_mode)3, 0>::operator!() const' into 'ap_fixed_base<18, 18, true, (ap_q_mode)5, (ap_o_mode)3, 0>& ap_fixed_base<18, 18, true, (ap_q_mode)5, (ap_o_mode)3, 0>::operator=<17, 17, true, (ap_q_mode)5, (ap_o_mode)3, 0>(ap_fixed_base<17, 17, true, (ap_q_mode)5, (ap_o_mode)3, 0> const&)' (C:/Xilinx/Vitis_HLS/2020.2/common/technology/autopilot\ap_fixed_base.h:698:9)
INFO: [HLS 214-131] Inlining function 'ap_fixed_base<18, 18, true, (ap_q_mode)5, (ap_o_mode)3, 0>& ap_fixed_base<18, 18, true, (ap_q_mode)5, (ap_o_mode)3, 0>::operator=<17, 17, true, (ap_q_mode)5, (ap_o_mode)3, 0>(ap_fixed_base<17, 17, true, (ap_q_mode)5, (ap_o_mode)3, 0> const&)' into 'ap_fixed_base<18, 18, true, (ap_q_mode)5, (ap_o_mode)3, 0>::ap_fixed_base<17, 17, true, (ap_q_mode)5, (ap_o_mode)3, 0>(ap_fixed_base<17, 17, true, (ap_q_mode)5, (ap_o_mode)3, 0> const&)' (C:/Xilinx/Vitis_HLS/2020.2/common/technology/autopilot\ap_fixed_base.h:431:5)
INFO: [HLS 214-131] Inlining function 'ap_fixed_base<18, 18, true, (ap_q_mode)5, (ap_o_mode)3, 0>::ap_fixed_base<17, 17, true, (ap_q_mode)5, (ap_o_mode)3, 0>(ap_fixed_base<17, 17, true, (ap_q_mode)5, (ap_o_mode)3, 0> const&)' into 'ap_fixed_base<17, 17, true, (ap_q_mode)5, (ap_o_mode)3, 0>::operator-() const' (C:/Xilinx/Vitis_HLS/2020.2/common/technology/autopilot\ap_fixed_base.h:1252:47)
INFO: [HLS 214-131] Inlining function 'ap_fixed<48, 18, (ap_q_mode)5, (ap_o_mode)3, 0>::ap_fixed<48, 18, true, (ap_q_mode)5, (ap_o_mode)3, 0>(ap_fixed_base<48, 18, true, (ap_q_mode)5, (ap_o_mode)3, 0> const&)' into 'ap_fixed_base<18, 18, true, (ap_q_mode)5, (ap_o_mode)3, 0>::RType<30, 0, false>::mult ap_fixed_base<18, 18, true, (ap_q_mode)5, (ap_o_mode)3, 0>::operator*<30, 0, false, (ap_q_mode)5, (ap_o_mode)3, 0>(ap_fixed_base<30, 0, false, (ap_q_mode)5, (ap_o_mode)3, 0> const&) const' (C:/Xilinx/Vitis_HLS/2020.2/common/technology/autopilot\ap_fixed_base.h:1119:12)
INFO: [HLS 214-131] Inlining function 'ap_fixed_base<48, 18, true, (ap_q_mode)5, (ap_o_mode)3, 0>::operator!() const' into 'ap_fixed_base<59, 18, true, (ap_q_mode)5, (ap_o_mode)3, 0>& ap_fixed_base<59, 18, true, (ap_q_mode)5, (ap_o_mode)3, 0>::operator=<48, 18, true, (ap_q_mode)5, (ap_o_mode)3, 0>(ap_fixed_base<48, 18, true, (ap_q_mode)5, (ap_o_mode)3, 0> const&)' (C:/Xilinx/Vitis_HLS/2020.2/common/technology/autopilot\ap_fixed_base.h:698:9)
INFO: [HLS 214-131] Inlining function 'ap_fixed_base<59, 18, true, (ap_q_mode)5, (ap_o_mode)3, 0>& ap_fixed_base<59, 18, true, (ap_q_mode)5, (ap_o_mode)3, 0>::operator=<48, 18, true, (ap_q_mode)5, (ap_o_mode)3, 0>(ap_fixed_base<48, 18, true, (ap_q_mode)5, (ap_o_mode)3, 0> const&)' into 'ap_fixed_base<59, 18, true, (ap_q_mode)5, (ap_o_mode)3, 0>::ap_fixed_base<48, 18, true, (ap_q_mode)5, (ap_o_mode)3, 0>(ap_fixed_base<48, 18, true, (ap_q_mode)5, (ap_o_mode)3, 0> const&)' (C:/Xilinx/Vitis_HLS/2020.2/common/technology/autopilot\ap_fixed_base.h:431:5)
INFO: [HLS 214-131] Inlining function 'ap_fixed_base<59, 18, true, (ap_q_mode)5, (ap_o_mode)3, 0>::ap_fixed_base<48, 18, true, (ap_q_mode)5, (ap_o_mode)3, 0>(ap_fixed_base<48, 18, true, (ap_q_mode)5, (ap_o_mode)3, 0> const&)' into 'ap_fixed_base<48, 18, true, (ap_q_mode)5, (ap_o_mode)3, 0>::RType<18, 7, true>::div ap_fixed_base<48, 18, true, (ap_q_mode)5, (ap_o_mode)3, 0>::operator/<18, 7, true, (ap_q_mode)5, (ap_o_mode)3, 0>(ap_fixed_base<18, 7, true, (ap_q_mode)5, (ap_o_mode)3, 0> const&) const' (C:/Xilinx/Vitis_HLS/2020.2/common/technology/autopilot\ap_fixed_base.h:1144:97)
INFO: [HLS 214-131] Inlining function 'ap_fixed<60, 30, (ap_q_mode)5, (ap_o_mode)3, 0>::ap_fixed<60, 30, true, (ap_q_mode)5, (ap_o_mode)3, 0>(ap_fixed_base<60, 30, true, (ap_q_mode)5, (ap_o_mode)3, 0> const&)' into 'ap_fixed_base<48, 18, true, (ap_q_mode)5, (ap_o_mode)3, 0>::RType<18, 7, true>::div ap_fixed_base<48, 18, true, (ap_q_mode)5, (ap_o_mode)3, 0>::operator/<18, 7, true, (ap_q_mode)5, (ap_o_mode)3, 0>(ap_fixed_base<18, 7, true, (ap_q_mode)5, (ap_o_mode)3, 0> const&) const' (C:/Xilinx/Vitis_HLS/2020.2/common/technology/autopilot\ap_fixed_base.h:1177:12)
INFO: [HLS 214-131] Inlining function 'ap_fixed_base<60, 30, true, (ap_q_mode)5, (ap_o_mode)3, 0>::operator!() const' into 'ap_fixed_base<18, 3, true, (ap_q_mode)5, (ap_o_mode)3, 0>& ap_fixed_base<18, 3, true, (ap_q_mode)5, (ap_o_mode)3, 0>::operator=<60, 30, true, (ap_q_mode)5, (ap_o_mode)3, 0>(ap_fixed_base<60, 30, true, (ap_q_mode)5, (ap_o_mode)3, 0> const&)' (C:/Xilinx/Vitis_HLS/2020.2/common/technology/autopilot\ap_fixed_base.h:698:9)
INFO: [HLS 214-131] Inlining function 'ap_fixed_base<18, 3, true, (ap_q_mode)5, (ap_o_mode)3, 0>& ap_fixed_base<18, 3, true, (ap_q_mode)5, (ap_o_mode)3, 0>::operator=<60, 30, true, (ap_q_mode)5, (ap_o_mode)3, 0>(ap_fixed_base<60, 30, true, (ap_q_mode)5, (ap_o_mode)3, 0> const&)' into 'ap_fixed_base<18, 3, true, (ap_q_mode)5, (ap_o_mode)3, 0>::ap_fixed_base<60, 30, true, (ap_q_mode)5, (ap_o_mode)3, 0>(ap_fixed_base<60, 30, true, (ap_q_mode)5, (ap_o_mode)3, 0> const&)' (C:/Xilinx/Vitis_HLS/2020.2/common/technology/autopilot\ap_fixed_base.h:431:5)
INFO: [HLS 214-131] Inlining function 'ap_fixed_base<18, 3, true, (ap_q_mode)5, (ap_o_mode)3, 0>::ap_fixed_base<60, 30, true, (ap_q_mode)5, (ap_o_mode)3, 0>(ap_fixed_base<60, 30, true, (ap_q_mode)5, (ap_o_mode)3, 0> const&)' into 'ap_fixed<18, 3, (ap_q_mode)5, (ap_o_mode)3, 0>::ap_fixed<60, 30, true, (ap_q_mode)5, (ap_o_mode)3, 0>(ap_fixed_base<60, 30, true, (ap_q_mode)5, (ap_o_mode)3, 0> const&)' (C:/Xilinx/Vitis_HLS/2020.2/common/technology/autopilot\ap_fixed.h:75:9)
INFO: [HLS 214-131] Inlining function 'ap_fixed<36, 6, (ap_q_mode)5, (ap_o_mode)3, 0>::ap_fixed<36, 6, true, (ap_q_mode)5, (ap_o_mode)3, 0>(ap_fixed_base<36, 6, true, (ap_q_mode)5, (ap_o_mode)3, 0> const&)' into 'ap_fixed_base<18, 3, true, (ap_q_mode)5, (ap_o_mode)3, 0>::RType<18, 3, true>::mult ap_fixed_base<18, 3, true, (ap_q_mode)5, (ap_o_mode)3, 0>::operator*<18, 3, true, (ap_q_mode)5, (ap_o_mode)3, 0>(ap_fixed_base<18, 3, true, (ap_q_mode)5, (ap_o_mode)3, 0> const&) const' (C:/Xilinx/Vitis_HLS/2020.2/common/technology/autopilot\ap_fixed_base.h:1119:12)
INFO: [HLS 214-131] Inlining function 'ap_fixed_base<36, 6, true, (ap_q_mode)5, (ap_o_mode)3, 0>::operator<<(unsigned int) const' into 'ap_fixed_base<36, 6, true, (ap_q_mode)5, (ap_o_mode)3, 0>::operator>>(int) const' (C:/Xilinx/Vitis_HLS/2020.2/common/technology/autopilot\ap_fixed_base.h:1369:14)
INFO: [HLS 214-131] Inlining function 'ap_fixed_base<36, 6, true, (ap_q_mode)5, (ap_o_mode)3, 0>::operator>>(unsigned int) const' into 'ap_fixed_base<36, 6, true, (ap_q_mode)5, (ap_o_mode)3, 0>::operator>>(int) const' (C:/Xilinx/Vitis_HLS/2020.2/common/technology/autopilot\ap_fixed_base.h:1371:14)
INFO: [HLS 214-131] Inlining function 'ap_fixed_base<36, 6, true, (ap_q_mode)5, (ap_o_mode)3, 0>::operator!() const' into 'ap_fixed_base<18, 3, true, (ap_q_mode)5, (ap_o_mode)3, 0>& ap_fixed_base<18, 3, true, (ap_q_mode)5, (ap_o_mode)3, 0>::operator=<36, 6, true, (ap_q_mode)5, (ap_o_mode)3, 0>(ap_fixed_base<36, 6, true, (ap_q_mode)5, (ap_o_mode)3, 0> const&)' (C:/Xilinx/Vitis_HLS/2020.2/common/technology/autopilot\ap_fixed_base.h:698:9)
INFO: [HLS 214-131] Inlining function 'ap_fixed_base<18, 3, true, (ap_q_mode)5, (ap_o_mode)3, 0>& ap_fixed_base<18, 3, true, (ap_q_mode)5, (ap_o_mode)3, 0>::operator=<36, 6, true, (ap_q_mode)5, (ap_o_mode)3, 0>(ap_fixed_base<36, 6, true, (ap_q_mode)5, (ap_o_mode)3, 0> const&)' into 'ap_fixed_base<18, 3, true, (ap_q_mode)5, (ap_o_mode)3, 0>::ap_fixed_base<36, 6, true, (ap_q_mode)5, (ap_o_mode)3, 0>(ap_fixed_base<36, 6, true, (ap_q_mode)5, (ap_o_mode)3, 0> const&)' (C:/Xilinx/Vitis_HLS/2020.2/common/technology/autopilot\ap_fixed_base.h:431:5)
INFO: [HLS 214-131] Inlining function 'ap_fixed_base<18, 3, true, (ap_q_mode)5, (ap_o_mode)3, 0>::ap_fixed_base<36, 6, true, (ap_q_mode)5, (ap_o_mode)3, 0>(ap_fixed_base<36, 6, true, (ap_q_mode)5, (ap_o_mode)3, 0> const&)' into 'ap_fixed<18, 3, (ap_q_mode)5, (ap_o_mode)3, 0>::ap_fixed<36, 6, true, (ap_q_mode)5, (ap_o_mode)3, 0>(ap_fixed_base<36, 6, true, (ap_q_mode)5, (ap_o_mode)3, 0> const&)' (C:/Xilinx/Vitis_HLS/2020.2/common/technology/autopilot\ap_fixed.h:75:9)
INFO: [HLS 214-131] Inlining function 'ap_fixed<48, 7, (ap_q_mode)5, (ap_o_mode)3, 0>::ap_fixed<48, 7, true, (ap_q_mode)5, (ap_o_mode)3, 0>(ap_fixed_base<48, 7, true, (ap_q_mode)5, (ap_o_mode)3, 0> const&)' into 'ap_fixed_base<18, 7, true, (ap_q_mode)5, (ap_o_mode)3, 0>::RType<30, 0, false>::mult ap_fixed_base<18, 7, true, (ap_q_mode)5, (ap_o_mode)3, 0>::operator*<30, 0, false, (ap_q_mode)5, (ap_o_mode)3, 0>(ap_fixed_base<30, 0, false, (ap_q_mode)5, (ap_o_mode)3, 0> const&) const' (C:/Xilinx/Vitis_HLS/2020.2/common/technology/autopilot\ap_fixed_base.h:1119:12)
INFO: [HLS 214-131] Inlining function 'ap_fixed<63, 22, (ap_q_mode)5, (ap_o_mode)3, 0>::ap_fixed<63, 22, true, (ap_q_mode)5, (ap_o_mode)3, 0>(ap_fixed_base<63, 22, true, (ap_q_mode)5, (ap_o_mode)3, 0> const&)' into 'ap_fixed_base<48, 7, true, (ap_q_mode)5, (ap_o_mode)3, 0>::RType<15, 15, true>::mult ap_fixed_base<48, 7, true, (ap_q_mode)5, (ap_o_mode)3, 0>::operator*<15, 15, true, (ap_q_mode)5, (ap_o_mode)3, 0>(ap_fixed_base<15, 15, true, (ap_q_mode)5, (ap_o_mode)3, 0> const&) const' (C:/Xilinx/Vitis_HLS/2020.2/common/technology/autopilot\ap_fixed_base.h:1119:12)
INFO: [HLS 214-131] Inlining function 'ap_fixed_base<63, 22, true, (ap_q_mode)5, (ap_o_mode)3, 0>::operator!() const' into 'ap_fixed_base<18, 3, true, (ap_q_mode)5, (ap_o_mode)3, 0>& ap_fixed_base<18, 3, true, (ap_q_mode)5, (ap_o_mode)3, 0>::operator=<63, 22, true, (ap_q_mode)5, (ap_o_mode)3, 0>(ap_fixed_base<63, 22, true, (ap_q_mode)5, (ap_o_mode)3, 0> const&)' (C:/Xilinx/Vitis_HLS/2020.2/common/technology/autopilot\ap_fixed_base.h:698:9)
INFO: [HLS 214-131] Inlining function 'ap_fixed_base<18, 3, true, (ap_q_mode)5, (ap_o_mode)3, 0>& ap_fixed_base<18, 3, true, (ap_q_mode)5, (ap_o_mode)3, 0>::operator=<63, 22, true, (ap_q_mode)5, (ap_o_mode)3, 0>(ap_fixed_base<63, 22, true, (ap_q_mode)5, (ap_o_mode)3, 0> const&)' into 'ap_fixed_base<18, 3, true, (ap_q_mode)5, (ap_o_mode)3, 0>::ap_fixed_base<63, 22, true, (ap_q_mode)5, (ap_o_mode)3, 0>(ap_fixed_base<63, 22, true, (ap_q_mode)5, (ap_o_mode)3, 0> const&)' (C:/Xilinx/Vitis_HLS/2020.2/common/technology/autopilot\ap_fixed_base.h:431:5)
INFO: [HLS 214-131] Inlining function 'ap_fixed_base<18, 3, true, (ap_q_mode)5, (ap_o_mode)3, 0>::ap_fixed_base<63, 22, true, (ap_q_mode)5, (ap_o_mode)3, 0>(ap_fixed_base<63, 22, true, (ap_q_mode)5, (ap_o_mode)3, 0> const&)' into 'ap_fixed<18, 3, (ap_q_mode)5, (ap_o_mode)3, 0>::ap_fixed<63, 22, true, (ap_q_mode)5, (ap_o_mode)3, 0>(ap_fixed_base<63, 22, true, (ap_q_mode)5, (ap_o_mode)3, 0> const&)' (C:/Xilinx/Vitis_HLS/2020.2/common/technology/autopilot\ap_fixed.h:75:9)
INFO: [HLS 214-131] Inlining function 'ap_fixed_base<32, 32, true, (ap_q_mode)5, (ap_o_mode)3, 0>::operator!() const' into 'ap_fixed_base<18, 3, true, (ap_q_mode)5, (ap_o_mode)3, 0>& ap_fixed_base<18, 3, true, (ap_q_mode)5, (ap_o_mode)3, 0>::operator=<32, 32, true, (ap_q_mode)5, (ap_o_mode)3, 0>(ap_fixed_base<32, 32, true, (ap_q_mode)5, (ap_o_mode)3, 0> const&)' (C:/Xilinx/Vitis_HLS/2020.2/common/technology/autopilot\ap_fixed_base.h:698:9)
INFO: [HLS 214-131] Inlining function 'ap_fixed_base<18, 3, true, (ap_q_mode)5, (ap_o_mode)3, 0>& ap_fixed_base<18, 3, true, (ap_q_mode)5, (ap_o_mode)3, 0>::operator=<32, 32, true, (ap_q_mode)5, (ap_o_mode)3, 0>(ap_fixed_base<32, 32, true, (ap_q_mode)5, (ap_o_mode)3, 0> const&)' into 'ap_fixed_base<18, 3, true, (ap_q_mode)5, (ap_o_mode)3, 0>::ap_fixed_base(int)' (C:/Xilinx/Vitis_HLS/2020.2/common/technology/autopilot\ap_fixed_base.h:541:146)
INFO: [HLS 214-131] Inlining function 'ap_fixed_base<18, 3, true, (ap_q_mode)5, (ap_o_mode)3, 0>::ap_fixed_base(int)' into 'ap_fixed<18, 3, (ap_q_mode)5, (ap_o_mode)3, 0>::ap_fixed(int)' (C:/Xilinx/Vitis_HLS/2020.2/common/technology/autopilot\ap_fixed.h:183:59)
INFO: [HLS 214-131] Inlining function 'ap_fixed_base<15, 15, true, (ap_q_mode)5, (ap_o_mode)3, 0>::operator!() const' into 'ap_fixed_base<16, 16, true, (ap_q_mode)5, (ap_o_mode)3, 0>& ap_fixed_base<16, 16, true, (ap_q_mode)5, (ap_o_mode)3, 0>::operator=<15, 15, true, (ap_q_mode)5, (ap_o_mode)3, 0>(ap_fixed_base<15, 15, true, (ap_q_mode)5, (ap_o_mode)3, 0> const&)' (C:/Xilinx/Vitis_HLS/2020.2/common/technology/autopilot\ap_fixed_base.h:698:9)
INFO: [HLS 214-131] Inlining function 'ap_fixed_base<16, 16, true, (ap_q_mode)5, (ap_o_mode)3, 0>& ap_fixed_base<16, 16, true, (ap_q_mode)5, (ap_o_mode)3, 0>::operator=<15, 15, true, (ap_q_mode)5, (ap_o_mode)3, 0>(ap_fixed_base<15, 15, true, (ap_q_mode)5, (ap_o_mode)3, 0> const&)' into 'ap_fixed_base<16, 16, true, (ap_q_mode)5, (ap_o_mode)3, 0>::ap_fixed_base<15, 15, true, (ap_q_mode)5, (ap_o_mode)3, 0>(ap_fixed_base<15, 15, true, (ap_q_mode)5, (ap_o_mode)3, 0> const&)' (C:/Xilinx/Vitis_HLS/2020.2/common/technology/autopilot\ap_fixed_base.h:431:5)
INFO: [HLS 214-131] Inlining function 'ap_fixed_base<16, 16, true, (ap_q_mode)5, (ap_o_mode)3, 0>::ap_fixed_base<15, 15, true, (ap_q_mode)5, (ap_o_mode)3, 0>(ap_fixed_base<15, 15, true, (ap_q_mode)5, (ap_o_mode)3, 0> const&)' into 'ap_fixed_base<15, 15, true, (ap_q_mode)5, (ap_o_mode)3, 0>::operator-() const' (C:/Xilinx/Vitis_HLS/2020.2/common/technology/autopilot\ap_fixed_base.h:1252:47)
INFO: [HLS 214-131] Inlining function 'ap_fixed<46, 16, (ap_q_mode)5, (ap_o_mode)3, 0>::ap_fixed<46, 16, true, (ap_q_mode)5, (ap_o_mode)3, 0>(ap_fixed_base<46, 16, true, (ap_q_mode)5, (ap_o_mode)3, 0> const&)' into 'ap_fixed_base<16, 16, true, (ap_q_mode)5, (ap_o_mode)3, 0>::RType<30, 0, false>::mult ap_fixed_base<16, 16, true, (ap_q_mode)5, (ap_o_mode)3, 0>::operator*<30, 0, false, (ap_q_mode)5, (ap_o_mode)3, 0>(ap_fixed_base<30, 0, false, (ap_q_mode)5, (ap_o_mode)3, 0> const&) const' (C:/Xilinx/Vitis_HLS/2020.2/common/technology/autopilot\ap_fixed_base.h:1119:12)
INFO: [HLS 214-131] Inlining function 'ap_fixed_base<46, 16, true, (ap_q_mode)5, (ap_o_mode)3, 0>::operator!() const' into 'ap_fixed_base<18, 3, true, (ap_q_mode)5, (ap_o_mode)3, 0>& ap_fixed_base<18, 3, true, (ap_q_mode)5, (ap_o_mode)3, 0>::operator=<46, 16, true, (ap_q_mode)5, (ap_o_mode)3, 0>(ap_fixed_base<46, 16, true, (ap_q_mode)5, (ap_o_mode)3, 0> const&)' (C:/Xilinx/Vitis_HLS/2020.2/common/technology/autopilot\ap_fixed_base.h:698:9)
INFO: [HLS 214-131] Inlining function 'ap_fixed_base<18, 3, true, (ap_q_mode)5, (ap_o_mode)3, 0>& ap_fixed_base<18, 3, true, (ap_q_mode)5, (ap_o_mode)3, 0>::operator=<46, 16, true, (ap_q_mode)5, (ap_o_mode)3, 0>(ap_fixed_base<46, 16, true, (ap_q_mode)5, (ap_o_mode)3, 0> const&)' into 'ap_fixed_base<18, 3, true, (ap_q_mode)5, (ap_o_mode)3, 0>::ap_fixed_base<46, 16, true, (ap_q_mode)5, (ap_o_mode)3, 0>(ap_fixed_base<46, 16, true, (ap_q_mode)5, (ap_o_mode)3, 0> const&)' (C:/Xilinx/Vitis_HLS/2020.2/common/technology/autopilot\ap_fixed_base.h:431:5)
INFO: [HLS 214-131] Inlining function 'ap_fixed_base<18, 3, true, (ap_q_mode)5, (ap_o_mode)3, 0>::ap_fixed_base<46, 16, true, (ap_q_mode)5, (ap_o_mode)3, 0>(ap_fixed_base<46, 16, true, (ap_q_mode)5, (ap_o_mode)3, 0> const&)' into 'ap_fixed<18, 3, (ap_q_mode)5, (ap_o_mode)3, 0>::ap_fixed<46, 16, true, (ap_q_mode)5, (ap_o_mode)3, 0>(ap_fixed_base<46, 16, true, (ap_q_mode)5, (ap_o_mode)3, 0> const&)' (C:/Xilinx/Vitis_HLS/2020.2/common/technology/autopilot\ap_fixed.h:75:9)
INFO: [HLS 214-131] Inlining function 'ap_fixed<47, 17, (ap_q_mode)5, (ap_o_mode)3, 0>::ap_fixed<47, 17, true, (ap_q_mode)5, (ap_o_mode)3, 0>(ap_fixed_base<47, 17, true, (ap_q_mode)5, (ap_o_mode)3, 0> const&)' into 'ap_fixed_base<17, 17, true, (ap_q_mode)5, (ap_o_mode)3, 0>::RType<30, 0, false>::mult ap_fixed_base<17, 17, true, (ap_q_mode)5, (ap_o_mode)3, 0>::operator*<30, 0, false, (ap_q_mode)5, (ap_o_mode)3, 0>(ap_fixed_base<30, 0, false, (ap_q_mode)5, (ap_o_mode)3, 0> const&) const' (C:/Xilinx/Vitis_HLS/2020.2/common/technology/autopilot\ap_fixed_base.h:1119:12)
INFO: [HLS 214-131] Inlining function 'ap_fixed_base<47, 17, true, (ap_q_mode)5, (ap_o_mode)3, 0>::operator!() const' into 'ap_fixed_base<18, 3, true, (ap_q_mode)5, (ap_o_mode)3, 0>& ap_fixed_base<18, 3, true, (ap_q_mode)5, (ap_o_mode)3, 0>::operator=<47, 17, true, (ap_q_mode)5, (ap_o_mode)3, 0>(ap_fixed_base<47, 17, true, (ap_q_mode)5, (ap_o_mode)3, 0> const&)' (C:/Xilinx/Vitis_HLS/2020.2/common/technology/autopilot\ap_fixed_base.h:698:9)
INFO: [HLS 214-131] Inlining function 'ap_fixed_base<18, 3, true, (ap_q_mode)5, (ap_o_mode)3, 0>& ap_fixed_base<18, 3, true, (ap_q_mode)5, (ap_o_mode)3, 0>::operator=<47, 17, true, (ap_q_mode)5, (ap_o_mode)3, 0>(ap_fixed_base<47, 17, true, (ap_q_mode)5, (ap_o_mode)3, 0> const&)' into 'ap_fixed_base<18, 3, true, (ap_q_mode)5, (ap_o_mode)3, 0>::ap_fixed_base<47, 17, true, (ap_q_mode)5, (ap_o_mode)3, 0>(ap_fixed_base<47, 17, true, (ap_q_mode)5, (ap_o_mode)3, 0> const&)' (C:/Xilinx/Vitis_HLS/2020.2/common/technology/autopilot\ap_fixed_base.h:431:5)
INFO: [HLS 214-131] Inlining function 'ap_fixed_base<18, 3, true, (ap_q_mode)5, (ap_o_mode)3, 0>::ap_fixed_base<47, 17, true, (ap_q_mode)5, (ap_o_mode)3, 0>(ap_fixed_base<47, 17, true, (ap_q_mode)5, (ap_o_mode)3, 0> const&)' into 'ap_fixed<18, 3, (ap_q_mode)5, (ap_o_mode)3, 0>::ap_fixed<47, 17, true, (ap_q_mode)5, (ap_o_mode)3, 0>(ap_fixed_base<47, 17, true, (ap_q_mode)5, (ap_o_mode)3, 0> const&)' (C:/Xilinx/Vitis_HLS/2020.2/common/technology/autopilot\ap_fixed.h:75:9)
INFO: [HLS 214-131] Inlining function 'ap_fixed_base<36, 6, true, (ap_q_mode)5, (ap_o_mode)3, 0>::operator!() const' into 'ap_fixed_base<37, 7, true, (ap_q_mode)5, (ap_o_mode)3, 0>& ap_fixed_base<37, 7, true, (ap_q_mode)5, (ap_o_mode)3, 0>::operator=<36, 6, true, (ap_q_mode)5, (ap_o_mode)3, 0>(ap_fixed_base<36, 6, true, (ap_q_mode)5, (ap_o_mode)3, 0> const&)' (C:/Xilinx/Vitis_HLS/2020.2/common/technology/autopilot\ap_fixed_base.h:698:9)
INFO: [HLS 214-131] Inlining function 'ap_fixed_base<37, 7, true, (ap_q_mode)5, (ap_o_mode)3, 0>& ap_fixed_base<37, 7, true, (ap_q_mode)5, (ap_o_mode)3, 0>::operator=<36, 6, true, (ap_q_mode)5, (ap_o_mode)3, 0>(ap_fixed_base<36, 6, true, (ap_q_mode)5, (ap_o_mode)3, 0> const&)' into 'ap_fixed_base<37, 7, true, (ap_q_mode)5, (ap_o_mode)3, 0>::ap_fixed_base<36, 6, true, (ap_q_mode)5, (ap_o_mode)3, 0>(ap_fixed_base<36, 6, true, (ap_q_mode)5, (ap_o_mode)3, 0> const&)' (C:/Xilinx/Vitis_HLS/2020.2/common/technology/autopilot\ap_fixed_base.h:431:5)
INFO: [HLS 214-131] Inlining function 'ap_fixed_base<37, 7, true, (ap_q_mode)5, (ap_o_mode)3, 0>::ap_fixed_base<36, 6, true, (ap_q_mode)5, (ap_o_mode)3, 0>(ap_fixed_base<36, 6, true, (ap_q_mode)5, (ap_o_mode)3, 0> const&)' into 'ap_fixed_base<36, 6, true, (ap_q_mode)5, (ap_o_mode)3, 0>::RType<36, 6, true>::plus ap_fixed_base<36, 6, true, (ap_q_mode)5, (ap_o_mode)3, 0>::operator+<36, 6, true, (ap_q_mode)5, (ap_o_mode)3, 0>(ap_fixed_base<36, 6, true, (ap_q_mode)5, (ap_o_mode)3, 0> const&) const' (C:/Xilinx/Vitis_HLS/2020.2/common/technology/autopilot\ap_fixed_base.h:1192:330)
INFO: [HLS 214-131] Inlining function 'ap_fixed<37, 7, (ap_q_mode)5, (ap_o_mode)3, 0>::ap_fixed<37, 7, true, (ap_q_mode)5, (ap_o_mode)3, 0>(ap_fixed_base<37, 7, true, (ap_q_mode)5, (ap_o_mode)3, 0> const&)' into 'ap_fixed_base<36, 6, true, (ap_q_mode)5, (ap_o_mode)3, 0>::RType<36, 6, true>::plus ap_fixed_base<36, 6, true, (ap_q_mode)5, (ap_o_mode)3, 0>::operator+<36, 6, true, (ap_q_mode)5, (ap_o_mode)3, 0>(ap_fixed_base<36, 6, true, (ap_q_mode)5, (ap_o_mode)3, 0> const&) const' (C:/Xilinx/Vitis_HLS/2020.2/common/technology/autopilot\ap_fixed_base.h:1192:382)
INFO: [HLS 214-131] Inlining function 'ap_fixed_base<37, 7, true, (ap_q_mode)5, (ap_o_mode)3, 0>::ap_fixed_base<36, 6, true, (ap_q_mode)5, (ap_o_mode)3, 0>(ap_fixed_base<36, 6, true, (ap_q_mode)5, (ap_o_mode)3, 0> const&)' into 'ap_fixed_base<36, 6, true, (ap_q_mode)5, (ap_o_mode)3, 0>::RType<36, 6, true>::plus ap_fixed_base<36, 6, true, (ap_q_mode)5, (ap_o_mode)3, 0>::operator+<36, 6, true, (ap_q_mode)5, (ap_o_mode)3, 0>(ap_fixed_base<36, 6, true, (ap_q_mode)5, (ap_o_mode)3, 0> const&) const' (C:/Xilinx/Vitis_HLS/2020.2/common/technology/autopilot\ap_fixed_base.h:1192:342)
INFO: [HLS 214-131] Inlining function 'ap_fixed_base<37, 7, true, (ap_q_mode)5, (ap_o_mode)3, 0>::operator<<(unsigned int) const' into 'ap_fixed_base<37, 7, true, (ap_q_mode)5, (ap_o_mode)3, 0>::operator>>(int) const' (C:/Xilinx/Vitis_HLS/2020.2/common/technology/autopilot\ap_fixed_base.h:1369:14)
INFO: [HLS 214-131] Inlining function 'ap_fixed_base<37, 7, true, (ap_q_mode)5, (ap_o_mode)3, 0>::operator>>(unsigned int) const' into 'ap_fixed_base<37, 7, true, (ap_q_mode)5, (ap_o_mode)3, 0>::operator>>(int) const' (C:/Xilinx/Vitis_HLS/2020.2/common/technology/autopilot\ap_fixed_base.h:1371:14)
INFO: [HLS 214-131] Inlining function 'ap_fixed_base<37, 7, true, (ap_q_mode)5, (ap_o_mode)3, 0>::operator!() const' into 'ap_fixed_base<18, 3, true, (ap_q_mode)5, (ap_o_mode)3, 0>& ap_fixed_base<18, 3, true, (ap_q_mode)5, (ap_o_mode)3, 0>::operator=<37, 7, true, (ap_q_mode)5, (ap_o_mode)3, 0>(ap_fixed_base<37, 7, true, (ap_q_mode)5, (ap_o_mode)3, 0> const&)' (C:/Xilinx/Vitis_HLS/2020.2/common/technology/autopilot\ap_fixed_base.h:698:9)
INFO: [HLS 214-131] Inlining function 'ap_fixed_base<18, 3, true, (ap_q_mode)5, (ap_o_mode)3, 0>& ap_fixed_base<18, 3, true, (ap_q_mode)5, (ap_o_mode)3, 0>::operator=<37, 7, true, (ap_q_mode)5, (ap_o_mode)3, 0>(ap_fixed_base<37, 7, true, (ap_q_mode)5, (ap_o_mode)3, 0> const&)' into 'ap_fixed_base<18, 3, true, (ap_q_mode)5, (ap_o_mode)3, 0>::ap_fixed_base<37, 7, true, (ap_q_mode)5, (ap_o_mode)3, 0>(ap_fixed_base<37, 7, true, (ap_q_mode)5, (ap_o_mode)3, 0> const&)' (C:/Xilinx/Vitis_HLS/2020.2/common/technology/autopilot\ap_fixed_base.h:431:5)
INFO: [HLS 214-131] Inlining function 'ap_fixed_base<18, 3, true, (ap_q_mode)5, (ap_o_mode)3, 0>::ap_fixed_base<37, 7, true, (ap_q_mode)5, (ap_o_mode)3, 0>(ap_fixed_base<37, 7, true, (ap_q_mode)5, (ap_o_mode)3, 0> const&)' into 'ap_fixed<18, 3, (ap_q_mode)5, (ap_o_mode)3, 0>::ap_fixed<37, 7, true, (ap_q_mode)5, (ap_o_mode)3, 0>(ap_fixed_base<37, 7, true, (ap_q_mode)5, (ap_o_mode)3, 0> const&)' (C:/Xilinx/Vitis_HLS/2020.2/common/technology/autopilot\ap_fixed.h:75:9)
INFO: [HLS 214-131] Inlining function 'ap_fixed<36, 4, (ap_q_mode)5, (ap_o_mode)3, 0>::ap_fixed<36, 4, true, (ap_q_mode)5, (ap_o_mode)3, 0>(ap_fixed_base<36, 4, true, (ap_q_mode)5, (ap_o_mode)3, 0> const&)' into 'ap_fixed_base<18, 2, true, (ap_q_mode)5, (ap_o_mode)3, 0>::RType<18, 2, true>::mult ap_fixed_base<18, 2, true, (ap_q_mode)5, (ap_o_mode)3, 0>::operator*<18, 2, true, (ap_q_mode)5, (ap_o_mode)3, 0>(ap_fixed_base<18, 2, true, (ap_q_mode)5, (ap_o_mode)3, 0> const&) const' (C:/Xilinx/Vitis_HLS/2020.2/common/technology/autopilot\ap_fixed_base.h:1119:12)
INFO: [HLS 214-131] Inlining function 'ap_fixed_base<36, 4, true, (ap_q_mode)5, (ap_o_mode)3, 0>::operator!() const' into 'ap_fixed_base<18, 2, true, (ap_q_mode)5, (ap_o_mode)3, 0>& ap_fixed_base<18, 2, true, (ap_q_mode)5, (ap_o_mode)3, 0>::operator=<36, 4, true, (ap_q_mode)5, (ap_o_mode)3, 0>(ap_fixed_base<36, 4, true, (ap_q_mode)5, (ap_o_mode)3, 0> const&)' (C:/Xilinx/Vitis_HLS/2020.2/common/technology/autopilot\ap_fixed_base.h:698:9)
INFO: [HLS 214-131] Inlining function 'ap_fixed_base<18, 2, true, (ap_q_mode)5, (ap_o_mode)3, 0>& ap_fixed_base<18, 2, true, (ap_q_mode)5, (ap_o_mode)3, 0>::operator=<36, 4, true, (ap_q_mode)5, (ap_o_mode)3, 0>(ap_fixed_base<36, 4, true, (ap_q_mode)5, (ap_o_mode)3, 0> const&)' into 'ap_fixed_base<18, 2, true, (ap_q_mode)5, (ap_o_mode)3, 0>::ap_fixed_base<36, 4, true, (ap_q_mode)5, (ap_o_mode)3, 0>(ap_fixed_base<36, 4, true, (ap_q_mode)5, (ap_o_mode)3, 0> const&)' (C:/Xilinx/Vitis_HLS/2020.2/common/technology/autopilot\ap_fixed_base.h:431:5)
INFO: [HLS 214-131] Inlining function 'ap_fixed_base<18, 2, true, (ap_q_mode)5, (ap_o_mode)3, 0>::ap_fixed_base<36, 4, true, (ap_q_mode)5, (ap_o_mode)3, 0>(ap_fixed_base<36, 4, true, (ap_q_mode)5, (ap_o_mode)3, 0> const&)' into 'ap_fixed<18, 2, (ap_q_mode)5, (ap_o_mode)3, 0>::ap_fixed<36, 4, true, (ap_q_mode)5, (ap_o_mode)3, 0>(ap_fixed_base<36, 4, true, (ap_q_mode)5, (ap_o_mode)3, 0> const&)' (C:/Xilinx/Vitis_HLS/2020.2/common/technology/autopilot\ap_fixed.h:75:9)
INFO: [HLS 214-131] Inlining function 'ap_fixed_base<49, 33, true, (ap_q_mode)5, (ap_o_mode)3, 0>::ap_fixed_base<32, 32, true, (ap_q_mode)5, (ap_o_mode)3, 0>(ap_fixed_base<32, 32, true, (ap_q_mode)5, (ap_o_mode)3, 0> const&)' into 'ap_fixed_base<32, 32, true, (ap_q_mode)5, (ap_o_mode)3, 0>::RType<18, 2, true>::plus ap_fixed_base<32, 32, true, (ap_q_mode)5, (ap_o_mode)3, 0>::operator+<18, 2, true, (ap_q_mode)5, (ap_o_mode)3, 0>(ap_fixed_base<18, 2, true, (ap_q_mode)5, (ap_o_mode)3, 0> const&) const' (C:/Xilinx/Vitis_HLS/2020.2/common/technology/autopilot\ap_fixed_base.h:1192:330)
INFO: [HLS 214-131] Inlining function 'ap_fixed<49, 33, (ap_q_mode)5, (ap_o_mode)3, 0>::ap_fixed<49, 33, true, (ap_q_mode)5, (ap_o_mode)3, 0>(ap_fixed_base<49, 33, true, (ap_q_mode)5, (ap_o_mode)3, 0> const&)' into 'ap_fixed_base<32, 32, true, (ap_q_mode)5, (ap_o_mode)3, 0>::RType<18, 2, true>::plus ap_fixed_base<32, 32, true, (ap_q_mode)5, (ap_o_mode)3, 0>::operator+<18, 2, true, (ap_q_mode)5, (ap_o_mode)3, 0>(ap_fixed_base<18, 2, true, (ap_q_mode)5, (ap_o_mode)3, 0> const&) const' (C:/Xilinx/Vitis_HLS/2020.2/common/technology/autopilot\ap_fixed_base.h:1192:382)
INFO: [HLS 214-131] Inlining function 'ap_fixed_base<49, 33, true, (ap_q_mode)5, (ap_o_mode)3, 0>::ap_fixed_base<18, 2, true, (ap_q_mode)5, (ap_o_mode)3, 0>(ap_fixed_base<18, 2, true, (ap_q_mode)5, (ap_o_mode)3, 0> const&)' into 'ap_fixed_base<32, 32, true, (ap_q_mode)5, (ap_o_mode)3, 0>::RType<18, 2, true>::plus ap_fixed_base<32, 32, true, (ap_q_mode)5, (ap_o_mode)3, 0>::operator+<18, 2, true, (ap_q_mode)5, (ap_o_mode)3, 0>(ap_fixed_base<18, 2, true, (ap_q_mode)5, (ap_o_mode)3, 0> const&) const' (C:/Xilinx/Vitis_HLS/2020.2/common/technology/autopilot\ap_fixed_base.h:1192:342)
INFO: [HLS 214-131] Inlining function 'ap_fixed_base<32, 32, true, (ap_q_mode)5, (ap_o_mode)3, 0>::ap_fixed_base(int)' into 'ap_fixed_base<18, 2, true, (ap_q_mode)5, (ap_o_mode)3, 0>::RType<($_0)32, ($_0)32, true>::plus operator+<18, 2, true, (ap_q_mode)5, (ap_o_mode)3, 0>(int, ap_fixed_base<18, 2, true, (ap_q_mode)5, (ap_o_mode)3, 0> const&)' (C:/Xilinx/Vitis_HLS/2020.2/common/technology/autopilot\ap_fixed_base.h:2221:743)
INFO: [HLS 214-131] Inlining function 'ap_fixed_base<32, 32, true, (ap_q_mode)5, (ap_o_mode)3, 0>::RType<18, 2, true>::plus ap_fixed_base<32, 32, true, (ap_q_mode)5, (ap_o_mode)3, 0>::operator+<18, 2, true, (ap_q_mode)5, (ap_o_mode)3, 0>(ap_fixed_base<18, 2, true, (ap_q_mode)5, (ap_o_mode)3, 0> const&) const' into 'ap_fixed_base<18, 2, true, (ap_q_mode)5, (ap_o_mode)3, 0>::RType<($_0)32, ($_0)32, true>::plus operator+<18, 2, true, (ap_q_mode)5, (ap_o_mode)3, 0>(int, ap_fixed_base<18, 2, true, (ap_q_mode)5, (ap_o_mode)3, 0> const&)' (C:/Xilinx/Vitis_HLS/2020.2/common/technology/autopilot\ap_fixed_base.h:2221:803)
INFO: [HLS 214-131] Inlining function 'ap_fixed_base<18, 2, true, (ap_q_mode)5, (ap_o_mode)3, 0>::operator>>(unsigned int) const' into 'ap_fixed_base<18, 2, true, (ap_q_mode)5, (ap_o_mode)3, 0>::operator<<(int) const' (C:/Xilinx/Vitis_HLS/2020.2/common/technology/autopilot\ap_fixed_base.h:1359:14)
INFO: [HLS 214-131] Inlining function 'ap_fixed_base<18, 2, true, (ap_q_mode)5, (ap_o_mode)3, 0>::operator<<(unsigned int) const' into 'ap_fixed_base<18, 2, true, (ap_q_mode)5, (ap_o_mode)3, 0>::operator<<(int) const' (C:/Xilinx/Vitis_HLS/2020.2/common/technology/autopilot\ap_fixed_base.h:1361:14)
INFO: [HLS 214-131] Inlining function 'ap_fixed_base<49, 33, true, (ap_q_mode)5, (ap_o_mode)3, 0>::operator!() const' into 'ap_fixed_base<50, 34, true, (ap_q_mode)5, (ap_o_mode)3, 0>& ap_fixed_base<50, 34, true, (ap_q_mode)5, (ap_o_mode)3, 0>::operator=<49, 33, true, (ap_q_mode)5, (ap_o_mode)3, 0>(ap_fixed_base<49, 33, true, (ap_q_mode)5, (ap_o_mode)3, 0> const&)' (C:/Xilinx/Vitis_HLS/2020.2/common/technology/autopilot\ap_fixed_base.h:698:9)
INFO: [HLS 214-131] Inlining function 'ap_fixed_base<50, 34, true, (ap_q_mode)5, (ap_o_mode)3, 0>& ap_fixed_base<50, 34, true, (ap_q_mode)5, (ap_o_mode)3, 0>::operator=<49, 33, true, (ap_q_mode)5, (ap_o_mode)3, 0>(ap_fixed_base<49, 33, true, (ap_q_mode)5, (ap_o_mode)3, 0> const&)' into 'ap_fixed_base<50, 34, true, (ap_q_mode)5, (ap_o_mode)3, 0>::ap_fixed_base<49, 33, true, (ap_q_mode)5, (ap_o_mode)3, 0>(ap_fixed_base<49, 33, true, (ap_q_mode)5, (ap_o_mode)3, 0> const&)' (C:/Xilinx/Vitis_HLS/2020.2/common/technology/autopilot\ap_fixed_base.h:431:5)
INFO: [HLS 214-131] Inlining function 'ap_fixed_base<18, 2, true, (ap_q_mode)5, (ap_o_mode)3, 0>::operator!() const' into 'ap_fixed_base<50, 34, true, (ap_q_mode)5, (ap_o_mode)3, 0>& ap_fixed_base<50, 34, true, (ap_q_mode)5, (ap_o_mode)3, 0>::operator=<18, 2, true, (ap_q_mode)5, (ap_o_mode)3, 0>(ap_fixed_base<18, 2, true, (ap_q_mode)5, (ap_o_mode)3, 0> const&)' (C:/Xilinx/Vitis_HLS/2020.2/common/technology/autopilot\ap_fixed_base.h:698:9)
INFO: [HLS 214-131] Inlining function 'ap_fixed_base<50, 34, true, (ap_q_mode)5, (ap_o_mode)3, 0>& ap_fixed_base<50, 34, true, (ap_q_mode)5, (ap_o_mode)3, 0>::operator=<18, 2, true, (ap_q_mode)5, (ap_o_mode)3, 0>(ap_fixed_base<18, 2, true, (ap_q_mode)5, (ap_o_mode)3, 0> const&)' into 'ap_fixed_base<50, 34, true, (ap_q_mode)5, (ap_o_mode)3, 0>::ap_fixed_base<18, 2, true, (ap_q_mode)5, (ap_o_mode)3, 0>(ap_fixed_base<18, 2, true, (ap_q_mode)5, (ap_o_mode)3, 0> const&)' (C:/Xilinx/Vitis_HLS/2020.2/common/technology/autopilot\ap_fixed_base.h:431:5)
INFO: [HLS 214-131] Inlining function 'ap_fixed_base<50, 34, true, (ap_q_mode)5, (ap_o_mode)3, 0>::ap_fixed_base<49, 33, true, (ap_q_mode)5, (ap_o_mode)3, 0>(ap_fixed_base<49, 33, true, (ap_q_mode)5, (ap_o_mode)3, 0> const&)' into 'ap_fixed_base<49, 33, true, (ap_q_mode)5, (ap_o_mode)3, 0>::RType<18, 2, true>::minus ap_fixed_base<49, 33, true, (ap_q_mode)5, (ap_o_mode)3, 0>::operator-<18, 2, true, (ap_q_mode)5, (ap_o_mode)3, 0>(ap_fixed_base<18, 2, true, (ap_q_mode)5, (ap_o_mode)3, 0> const&) const' (C:/Xilinx/Vitis_HLS/2020.2/common/technology/autopilot\ap_fixed_base.h:1193:332)
INFO: [HLS 214-131] Inlining function 'ap_fixed<50, 34, (ap_q_mode)5, (ap_o_mode)3, 0>::ap_fixed<50, 34, true, (ap_q_mode)5, (ap_o_mode)3, 0>(ap_fixed_base<50, 34, true, (ap_q_mode)5, (ap_o_mode)3, 0> const&)' into 'ap_fixed_base<49, 33, true, (ap_q_mode)5, (ap_o_mode)3, 0>::RType<18, 2, true>::minus ap_fixed_base<49, 33, true, (ap_q_mode)5, (ap_o_mode)3, 0>::operator-<18, 2, true, (ap_q_mode)5, (ap_o_mode)3, 0>(ap_fixed_base<18, 2, true, (ap_q_mode)5, (ap_o_mode)3, 0> const&) const' (C:/Xilinx/Vitis_HLS/2020.2/common/technology/autopilot\ap_fixed_base.h:1193:384)
INFO: [HLS 214-131] Inlining function 'ap_fixed_base<50, 34, true, (ap_q_mode)5, (ap_o_mode)3, 0>::ap_fixed_base<18, 2, true, (ap_q_mode)5, (ap_o_mode)3, 0>(ap_fixed_base<18, 2, true, (ap_q_mode)5, (ap_o_mode)3, 0> const&)' into 'ap_fixed_base<49, 33, true, (ap_q_mode)5, (ap_o_mode)3, 0>::RType<18, 2, true>::minus ap_fixed_base<49, 33, true, (ap_q_mode)5, (ap_o_mode)3, 0>::operator-<18, 2, true, (ap_q_mode)5, (ap_o_mode)3, 0>(ap_fixed_base<18, 2, true, (ap_q_mode)5, (ap_o_mode)3, 0> const&) const' (C:/Xilinx/Vitis_HLS/2020.2/common/technology/autopilot\ap_fixed_base.h:1193:344)
INFO: [HLS 214-131] Inlining function 'ap_fixed_base<50, 34, true, (ap_q_mode)5, (ap_o_mode)3, 0>::operator!() const' into 'ap_fixed_base<18, 2, true, (ap_q_mode)5, (ap_o_mode)3, 0>& ap_fixed_base<18, 2, true, (ap_q_mode)5, (ap_o_mode)3, 0>::operator=<50, 34, true, (ap_q_mode)5, (ap_o_mode)3, 0>(ap_fixed_base<50, 34, true, (ap_q_mode)5, (ap_o_mode)3, 0> const&)' (C:/Xilinx/Vitis_HLS/2020.2/common/technology/autopilot\ap_fixed_base.h:698:9)
INFO: [HLS 214-131] Inlining function 'ap_fixed_base<18, 2, true, (ap_q_mode)5, (ap_o_mode)3, 0>& ap_fixed_base<18, 2, true, (ap_q_mode)5, (ap_o_mode)3, 0>::operator=<50, 34, true, (ap_q_mode)5, (ap_o_mode)3, 0>(ap_fixed_base<50, 34, true, (ap_q_mode)5, (ap_o_mode)3, 0> const&)' into 'ap_fixed_base<18, 2, true, (ap_q_mode)5, (ap_o_mode)3, 0>::ap_fixed_base<50, 34, true, (ap_q_mode)5, (ap_o_mode)3, 0>(ap_fixed_base<50, 34, true, (ap_q_mode)5, (ap_o_mode)3, 0> const&)' (C:/Xilinx/Vitis_HLS/2020.2/common/technology/autopilot\ap_fixed_base.h:431:5)
INFO: [HLS 214-131] Inlining function 'ap_fixed_base<18, 2, true, (ap_q_mode)5, (ap_o_mode)3, 0>::ap_fixed_base<50, 34, true, (ap_q_mode)5, (ap_o_mode)3, 0>(ap_fixed_base<50, 34, true, (ap_q_mode)5, (ap_o_mode)3, 0> const&)' into 'ap_fixed<18, 2, (ap_q_mode)5, (ap_o_mode)3, 0>::ap_fixed<50, 34, true, (ap_q_mode)5, (ap_o_mode)3, 0>(ap_fixed_base<50, 34, true, (ap_q_mode)5, (ap_o_mode)3, 0> const&)' (C:/Xilinx/Vitis_HLS/2020.2/common/technology/autopilot\ap_fixed.h:75:9)
INFO: [HLS 214-131] Inlining function 'ap_fixed<36, 5, (ap_q_mode)5, (ap_o_mode)3, 0>::ap_fixed<36, 5, true, (ap_q_mode)5, (ap_o_mode)3, 0>(ap_fixed_base<36, 5, true, (ap_q_mode)5, (ap_o_mode)3, 0> const&)' into 'ap_fixed_base<18, 3, true, (ap_q_mode)5, (ap_o_mode)3, 0>::RType<18, 2, true>::mult ap_fixed_base<18, 3, true, (ap_q_mode)5, (ap_o_mode)3, 0>::operator*<18, 2, true, (ap_q_mode)5, (ap_o_mode)3, 0>(ap_fixed_base<18, 2, true, (ap_q_mode)5, (ap_o_mode)3, 0> const&) const' (C:/Xilinx/Vitis_HLS/2020.2/common/technology/autopilot\ap_fixed_base.h:1119:12)
INFO: [HLS 214-131] Inlining function 'ap_fixed_base<32, 32, true, (ap_q_mode)5, (ap_o_mode)3, 0>::operator!() const' into 'ap_fixed_base<64, 33, true, (ap_q_mode)5, (ap_o_mode)3, 0>& ap_fixed_base<64, 33, true, (ap_q_mode)5, (ap_o_mode)3, 0>::operator=<32, 32, true, (ap_q_mode)5, (ap_o_mode)3, 0>(ap_fixed_base<32, 32, true, (ap_q_mode)5, (ap_o_mode)3, 0> const&)' (C:/Xilinx/Vitis_HLS/2020.2/common/technology/autopilot\ap_fixed_base.h:698:9)
INFO: [HLS 214-131] Inlining function 'ap_fixed_base<64, 33, true, (ap_q_mode)5, (ap_o_mode)3, 0>& ap_fixed_base<64, 33, true, (ap_q_mode)5, (ap_o_mode)3, 0>::operator=<32, 32, true, (ap_q_mode)5, (ap_o_mode)3, 0>(ap_fixed_base<32, 32, true, (ap_q_mode)5, (ap_o_mode)3, 0> const&)' into 'ap_fixed_base<64, 33, true, (ap_q_mode)5, (ap_o_mode)3, 0>::ap_fixed_base<32, 32, true, (ap_q_mode)5, (ap_o_mode)3, 0>(ap_fixed_base<32, 32, true, (ap_q_mode)5, (ap_o_mode)3, 0> const&)' (C:/Xilinx/Vitis_HLS/2020.2/common/technology/autopilot\ap_fixed_base.h:431:5)
INFO: [HLS 214-131] Inlining function 'ap_fixed_base<36, 5, true, (ap_q_mode)5, (ap_o_mode)3, 0>::operator!() const' into 'ap_fixed_base<64, 33, true, (ap_q_mode)5, (ap_o_mode)3, 0>& ap_fixed_base<64, 33, true, (ap_q_mode)5, (ap_o_mode)3, 0>::operator=<36, 5, true, (ap_q_mode)5, (ap_o_mode)3, 0>(ap_fixed_base<36, 5, true, (ap_q_mode)5, (ap_o_mode)3, 0> const&)' (C:/Xilinx/Vitis_HLS/2020.2/common/technology/autopilot\ap_fixed_base.h:698:9)
INFO: [HLS 214-131] Inlining function 'ap_fixed_base<64, 33, true, (ap_q_mode)5, (ap_o_mode)3, 0>& ap_fixed_base<64, 33, true, (ap_q_mode)5, (ap_o_mode)3, 0>::operator=<36, 5, true, (ap_q_mode)5, (ap_o_mode)3, 0>(ap_fixed_base<36, 5, true, (ap_q_mode)5, (ap_o_mode)3, 0> const&)' into 'ap_fixed_base<64, 33, true, (ap_q_mode)5, (ap_o_mode)3, 0>::ap_fixed_base<36, 5, true, (ap_q_mode)5, (ap_o_mode)3, 0>(ap_fixed_base<36, 5, true, (ap_q_mode)5, (ap_o_mode)3, 0> const&)' (C:/Xilinx/Vitis_HLS/2020.2/common/technology/autopilot\ap_fixed_base.h:431:5)
INFO: [HLS 214-131] Inlining function 'ap_fixed_base<64, 33, true, (ap_q_mode)5, (ap_o_mode)3, 0>::ap_fixed_base<32, 32, true, (ap_q_mode)5, (ap_o_mode)3, 0>(ap_fixed_base<32, 32, true, (ap_q_mode)5, (ap_o_mode)3, 0> const&)' into 'ap_fixed_base<32, 32, true, (ap_q_mode)5, (ap_o_mode)3, 0>::RType<36, 5, true>::plus ap_fixed_base<32, 32, true, (ap_q_mode)5, (ap_o_mode)3, 0>::operator+<36, 5, true, (ap_q_mode)5, (ap_o_mode)3, 0>(ap_fixed_base<36, 5, true, (ap_q_mode)5, (ap_o_mode)3, 0> const&) const' (C:/Xilinx/Vitis_HLS/2020.2/common/technology/autopilot\ap_fixed_base.h:1192:330)
INFO: [HLS 214-131] Inlining function 'ap_fixed<64, 33, (ap_q_mode)5, (ap_o_mode)3, 0>::ap_fixed<64, 33, true, (ap_q_mode)5, (ap_o_mode)3, 0>(ap_fixed_base<64, 33, true, (ap_q_mode)5, (ap_o_mode)3, 0> const&)' into 'ap_fixed_base<32, 32, true, (ap_q_mode)5, (ap_o_mode)3, 0>::RType<36, 5, true>::plus ap_fixed_base<32, 32, true, (ap_q_mode)5, (ap_o_mode)3, 0>::operator+<36, 5, true, (ap_q_mode)5, (ap_o_mode)3, 0>(ap_fixed_base<36, 5, true, (ap_q_mode)5, (ap_o_mode)3, 0> const&) const' (C:/Xilinx/Vitis_HLS/2020.2/common/technology/autopilot\ap_fixed_base.h:1192:382)
INFO: [HLS 214-131] Inlining function 'ap_fixed_base<64, 33, true, (ap_q_mode)5, (ap_o_mode)3, 0>::ap_fixed_base<36, 5, true, (ap_q_mode)5, (ap_o_mode)3, 0>(ap_fixed_base<36, 5, true, (ap_q_mode)5, (ap_o_mode)3, 0> const&)' into 'ap_fixed_base<32, 32, true, (ap_q_mode)5, (ap_o_mode)3, 0>::RType<36, 5, true>::plus ap_fixed_base<32, 32, true, (ap_q_mode)5, (ap_o_mode)3, 0>::operator+<36, 5, true, (ap_q_mode)5, (ap_o_mode)3, 0>(ap_fixed_base<36, 5, true, (ap_q_mode)5, (ap_o_mode)3, 0> const&) const' (C:/Xilinx/Vitis_HLS/2020.2/common/technology/autopilot\ap_fixed_base.h:1192:342)
INFO: [HLS 214-131] Inlining function 'ap_fixed_base<32, 32, true, (ap_q_mode)5, (ap_o_mode)3, 0>::ap_fixed_base(int)' into 'ap_fixed_base<36, 5, true, (ap_q_mode)5, (ap_o_mode)3, 0>::RType<($_0)32, ($_0)32, true>::plus operator+<36, 5, true, (ap_q_mode)5, (ap_o_mode)3, 0>(int, ap_fixed_base<36, 5, true, (ap_q_mode)5, (ap_o_mode)3, 0> const&)' (C:/Xilinx/Vitis_HLS/2020.2/common/technology/autopilot\ap_fixed_base.h:2221:743)
INFO: [HLS 214-131] Inlining function 'ap_fixed_base<32, 32, true, (ap_q_mode)5, (ap_o_mode)3, 0>::RType<36, 5, true>::plus ap_fixed_base<32, 32, true, (ap_q_mode)5, (ap_o_mode)3, 0>::operator+<36, 5, true, (ap_q_mode)5, (ap_o_mode)3, 0>(ap_fixed_base<36, 5, true, (ap_q_mode)5, (ap_o_mode)3, 0> const&) const' into 'ap_fixed_base<36, 5, true, (ap_q_mode)5, (ap_o_mode)3, 0>::RType<($_0)32, ($_0)32, true>::plus operator+<36, 5, true, (ap_q_mode)5, (ap_o_mode)3, 0>(int, ap_fixed_base<36, 5, true, (ap_q_mode)5, (ap_o_mode)3, 0> const&)' (C:/Xilinx/Vitis_HLS/2020.2/common/technology/autopilot\ap_fixed_base.h:2221:803)
INFO: [HLS 214-131] Inlining function 'ap_fixed_base<64, 33, true, (ap_q_mode)5, (ap_o_mode)3, 0>::operator!() const' into 'ap_fixed_base<65, 34, true, (ap_q_mode)5, (ap_o_mode)3, 0>& ap_fixed_base<65, 34, true, (ap_q_mode)5, (ap_o_mode)3, 0>::operator=<64, 33, true, (ap_q_mode)5, (ap_o_mode)3, 0>(ap_fixed_base<64, 33, true, (ap_q_mode)5, (ap_o_mode)3, 0> const&)' (C:/Xilinx/Vitis_HLS/2020.2/common/technology/autopilot\ap_fixed_base.h:698:9)
INFO: [HLS 214-131] Inlining function 'ap_fixed_base<65, 34, true, (ap_q_mode)5, (ap_o_mode)3, 0>& ap_fixed_base<65, 34, true, (ap_q_mode)5, (ap_o_mode)3, 0>::operator=<64, 33, true, (ap_q_mode)5, (ap_o_mode)3, 0>(ap_fixed_base<64, 33, true, (ap_q_mode)5, (ap_o_mode)3, 0> const&)' into 'ap_fixed_base<65, 34, true, (ap_q_mode)5, (ap_o_mode)3, 0>::ap_fixed_base<64, 33, true, (ap_q_mode)5, (ap_o_mode)3, 0>(ap_fixed_base<64, 33, true, (ap_q_mode)5, (ap_o_mode)3, 0> const&)' (C:/Xilinx/Vitis_HLS/2020.2/common/technology/autopilot\ap_fixed_base.h:431:5)
INFO: [HLS 214-131] Inlining function 'ap_fixed_base<36, 5, true, (ap_q_mode)5, (ap_o_mode)3, 0>::operator!() const' into 'ap_fixed_base<65, 34, true, (ap_q_mode)5, (ap_o_mode)3, 0>& ap_fixed_base<65, 34, true, (ap_q_mode)5, (ap_o_mode)3, 0>::operator=<36, 5, true, (ap_q_mode)5, (ap_o_mode)3, 0>(ap_fixed_base<36, 5, true, (ap_q_mode)5, (ap_o_mode)3, 0> const&)' (C:/Xilinx/Vitis_HLS/2020.2/common/technology/autopilot\ap_fixed_base.h:698:9)
INFO: [HLS 214-131] Inlining function 'ap_fixed_base<65, 34, true, (ap_q_mode)5, (ap_o_mode)3, 0>& ap_fixed_base<65, 34, true, (ap_q_mode)5, (ap_o_mode)3, 0>::operator=<36, 5, true, (ap_q_mode)5, (ap_o_mode)3, 0>(ap_fixed_base<36, 5, true, (ap_q_mode)5, (ap_o_mode)3, 0> const&)' into 'ap_fixed_base<65, 34, true, (ap_q_mode)5, (ap_o_mode)3, 0>::ap_fixed_base<36, 5, true, (ap_q_mode)5, (ap_o_mode)3, 0>(ap_fixed_base<36, 5, true, (ap_q_mode)5, (ap_o_mode)3, 0> const&)' (C:/Xilinx/Vitis_HLS/2020.2/common/technology/autopilot\ap_fixed_base.h:431:5)
INFO: [HLS 214-131] Inlining function 'ap_fixed_base<65, 34, true, (ap_q_mode)5, (ap_o_mode)3, 0>::ap_fixed_base<64, 33, true, (ap_q_mode)5, (ap_o_mode)3, 0>(ap_fixed_base<64, 33, true, (ap_q_mode)5, (ap_o_mode)3, 0> const&)' into 'ap_fixed_base<64, 33, true, (ap_q_mode)5, (ap_o_mode)3, 0>::RType<36, 5, true>::plus ap_fixed_base<64, 33, true, (ap_q_mode)5, (ap_o_mode)3, 0>::operator+<36, 5, true, (ap_q_mode)5, (ap_o_mode)3, 0>(ap_fixed_base<36, 5, true, (ap_q_mode)5, (ap_o_mode)3, 0> const&) const' (C:/Xilinx/Vitis_HLS/2020.2/common/technology/autopilot\ap_fixed_base.h:1192:330)
INFO: [HLS 214-131] Inlining function 'ap_fixed<65, 34, (ap_q_mode)5, (ap_o_mode)3, 0>::ap_fixed<65, 34, true, (ap_q_mode)5, (ap_o_mode)3, 0>(ap_fixed_base<65, 34, true, (ap_q_mode)5, (ap_o_mode)3, 0> const&)' into 'ap_fixed_base<64, 33, true, (ap_q_mode)5, (ap_o_mode)3, 0>::RType<36, 5, true>::plus ap_fixed_base<64, 33, true, (ap_q_mode)5, (ap_o_mode)3, 0>::operator+<36, 5, true, (ap_q_mode)5, (ap_o_mode)3, 0>(ap_fixed_base<36, 5, true, (ap_q_mode)5, (ap_o_mode)3, 0> const&) const' (C:/Xilinx/Vitis_HLS/2020.2/common/technology/autopilot\ap_fixed_base.h:1192:382)
INFO: [HLS 214-131] Inlining function 'ap_fixed_base<65, 34, true, (ap_q_mode)5, (ap_o_mode)3, 0>::ap_fixed_base<36, 5, true, (ap_q_mode)5, (ap_o_mode)3, 0>(ap_fixed_base<36, 5, true, (ap_q_mode)5, (ap_o_mode)3, 0> const&)' into 'ap_fixed_base<64, 33, true, (ap_q_mode)5, (ap_o_mode)3, 0>::RType<36, 5, true>::plus ap_fixed_base<64, 33, true, (ap_q_mode)5, (ap_o_mode)3, 0>::operator+<36, 5, true, (ap_q_mode)5, (ap_o_mode)3, 0>(ap_fixed_base<36, 5, true, (ap_q_mode)5, (ap_o_mode)3, 0> const&) const' (C:/Xilinx/Vitis_HLS/2020.2/common/technology/autopilot\ap_fixed_base.h:1192:342)
INFO: [HLS 214-131] Inlining function 'ap_fixed_base<65, 34, true, (ap_q_mode)5, (ap_o_mode)3, 0>::operator!() const' into 'ap_fixed_base<18, 3, true, (ap_q_mode)5, (ap_o_mode)3, 0>& ap_fixed_base<18, 3, true, (ap_q_mode)5, (ap_o_mode)3, 0>::operator=<65, 34, true, (ap_q_mode)5, (ap_o_mode)3, 0>(ap_fixed_base<65, 34, true, (ap_q_mode)5, (ap_o_mode)3, 0> const&)' (C:/Xilinx/Vitis_HLS/2020.2/common/technology/autopilot\ap_fixed_base.h:698:9)
INFO: [HLS 214-131] Inlining function 'ap_fixed_base<18, 3, true, (ap_q_mode)5, (ap_o_mode)3, 0>& ap_fixed_base<18, 3, true, (ap_q_mode)5, (ap_o_mode)3, 0>::operator=<65, 34, true, (ap_q_mode)5, (ap_o_mode)3, 0>(ap_fixed_base<65, 34, true, (ap_q_mode)5, (ap_o_mode)3, 0> const&)' into 'ap_fixed_base<18, 3, true, (ap_q_mode)5, (ap_o_mode)3, 0>::ap_fixed_base<65, 34, true, (ap_q_mode)5, (ap_o_mode)3, 0>(ap_fixed_base<65, 34, true, (ap_q_mode)5, (ap_o_mode)3, 0> const&)' (C:/Xilinx/Vitis_HLS/2020.2/common/technology/autopilot\ap_fixed_base.h:431:5)
INFO: [HLS 214-131] Inlining function 'ap_fixed_base<18, 3, true, (ap_q_mode)5, (ap_o_mode)3, 0>::ap_fixed_base<65, 34, true, (ap_q_mode)5, (ap_o_mode)3, 0>(ap_fixed_base<65, 34, true, (ap_q_mode)5, (ap_o_mode)3, 0> const&)' into 'ap_fixed<18, 3, (ap_q_mode)5, (ap_o_mode)3, 0>::ap_fixed<65, 34, true, (ap_q_mode)5, (ap_o_mode)3, 0>(ap_fixed_base<65, 34, true, (ap_q_mode)5, (ap_o_mode)3, 0> const&)' (C:/Xilinx/Vitis_HLS/2020.2/common/technology/autopilot\ap_fixed.h:75:9)
INFO: [HLS 214-131] Inlining function 'ap_fixed_base<36, 5, true, (ap_q_mode)5, (ap_o_mode)3, 0>::operator!() const' into 'ap_fixed_base<18, 3, true, (ap_q_mode)5, (ap_o_mode)3, 0>& ap_fixed_base<18, 3, true, (ap_q_mode)5, (ap_o_mode)3, 0>::operator=<36, 5, true, (ap_q_mode)5, (ap_o_mode)3, 0>(ap_fixed_base<36, 5, true, (ap_q_mode)5, (ap_o_mode)3, 0> const&)' (C:/Xilinx/Vitis_HLS/2020.2/common/technology/autopilot\ap_fixed_base.h:698:9)
INFO: [HLS 214-131] Inlining function 'ap_fixed_base<18, 3, true, (ap_q_mode)5, (ap_o_mode)3, 0>& ap_fixed_base<18, 3, true, (ap_q_mode)5, (ap_o_mode)3, 0>::operator=<36, 5, true, (ap_q_mode)5, (ap_o_mode)3, 0>(ap_fixed_base<36, 5, true, (ap_q_mode)5, (ap_o_mode)3, 0> const&)' into 'ap_fixed_base<18, 3, true, (ap_q_mode)5, (ap_o_mode)3, 0>::ap_fixed_base<36, 5, true, (ap_q_mode)5, (ap_o_mode)3, 0>(ap_fixed_base<36, 5, true, (ap_q_mode)5, (ap_o_mode)3, 0> const&)' (C:/Xilinx/Vitis_HLS/2020.2/common/technology/autopilot\ap_fixed_base.h:431:5)
INFO: [HLS 214-131] Inlining function 'ap_fixed_base<18, 3, true, (ap_q_mode)5, (ap_o_mode)3, 0>::ap_fixed_base<36, 5, true, (ap_q_mode)5, (ap_o_mode)3, 0>(ap_fixed_base<36, 5, true, (ap_q_mode)5, (ap_o_mode)3, 0> const&)' into 'ap_fixed<18, 3, (ap_q_mode)5, (ap_o_mode)3, 0>::ap_fixed<36, 5, true, (ap_q_mode)5, (ap_o_mode)3, 0>(ap_fixed_base<36, 5, true, (ap_q_mode)5, (ap_o_mode)3, 0> const&)' (C:/Xilinx/Vitis_HLS/2020.2/common/technology/autopilot\ap_fixed.h:75:9)
INFO: [HLS 214-131] Inlining function 'ap_fixed_base<64, 33, true, (ap_q_mode)5, (ap_o_mode)3, 0>::operator!() const' into 'ap_fixed_base<18, 3, true, (ap_q_mode)5, (ap_o_mode)3, 0>& ap_fixed_base<18, 3, true, (ap_q_mode)5, (ap_o_mode)3, 0>::operator=<64, 33, true, (ap_q_mode)5, (ap_o_mode)3, 0>(ap_fixed_base<64, 33, true, (ap_q_mode)5, (ap_o_mode)3, 0> const&)' (C:/Xilinx/Vitis_HLS/2020.2/common/technology/autopilot\ap_fixed_base.h:698:9)
INFO: [HLS 214-131] Inlining function 'ap_fixed_base<18, 3, true, (ap_q_mode)5, (ap_o_mode)3, 0>& ap_fixed_base<18, 3, true, (ap_q_mode)5, (ap_o_mode)3, 0>::operator=<64, 33, true, (ap_q_mode)5, (ap_o_mode)3, 0>(ap_fixed_base<64, 33, true, (ap_q_mode)5, (ap_o_mode)3, 0> const&)' into 'ap_fixed_base<18, 3, true, (ap_q_mode)5, (ap_o_mode)3, 0>::ap_fixed_base<64, 33, true, (ap_q_mode)5, (ap_o_mode)3, 0>(ap_fixed_base<64, 33, true, (ap_q_mode)5, (ap_o_mode)3, 0> const&)' (C:/Xilinx/Vitis_HLS/2020.2/common/technology/autopilot\ap_fixed_base.h:431:5)
INFO: [HLS 214-131] Inlining function 'ap_fixed_base<18, 3, true, (ap_q_mode)5, (ap_o_mode)3, 0>::ap_fixed_base<64, 33, true, (ap_q_mode)5, (ap_o_mode)3, 0>(ap_fixed_base<64, 33, true, (ap_q_mode)5, (ap_o_mode)3, 0> const&)' into 'ap_fixed<18, 3, (ap_q_mode)5, (ap_o_mode)3, 0>::ap_fixed<64, 33, true, (ap_q_mode)5, (ap_o_mode)3, 0>(ap_fixed_base<64, 33, true, (ap_q_mode)5, (ap_o_mode)3, 0> const&)' (C:/Xilinx/Vitis_HLS/2020.2/common/technology/autopilot\ap_fixed.h:75:9)
INFO: [HLS 214-131] Inlining function 'ap_fixed_base<36, 5, true, (ap_q_mode)5, (ap_o_mode)3, 0>::operator!() const' into 'ap_fixed_base<37, 6, true, (ap_q_mode)5, (ap_o_mode)3, 0>& ap_fixed_base<37, 6, true, (ap_q_mode)5, (ap_o_mode)3, 0>::operator=<36, 5, true, (ap_q_mode)5, (ap_o_mode)3, 0>(ap_fixed_base<36, 5, true, (ap_q_mode)5, (ap_o_mode)3, 0> const&)' (C:/Xilinx/Vitis_HLS/2020.2/common/technology/autopilot\ap_fixed_base.h:698:9)
INFO: [HLS 214-131] Inlining function 'ap_fixed_base<37, 6, true, (ap_q_mode)5, (ap_o_mode)3, 0>& ap_fixed_base<37, 6, true, (ap_q_mode)5, (ap_o_mode)3, 0>::operator=<36, 5, true, (ap_q_mode)5, (ap_o_mode)3, 0>(ap_fixed_base<36, 5, true, (ap_q_mode)5, (ap_o_mode)3, 0> const&)' into 'ap_fixed_base<37, 6, true, (ap_q_mode)5, (ap_o_mode)3, 0>::ap_fixed_base<36, 5, true, (ap_q_mode)5, (ap_o_mode)3, 0>(ap_fixed_base<36, 5, true, (ap_q_mode)5, (ap_o_mode)3, 0> const&)' (C:/Xilinx/Vitis_HLS/2020.2/common/technology/autopilot\ap_fixed_base.h:431:5)
INFO: [HLS 214-131] Inlining function 'ap_fixed_base<37, 6, true, (ap_q_mode)5, (ap_o_mode)3, 0>::ap_fixed_base<36, 5, true, (ap_q_mode)5, (ap_o_mode)3, 0>(ap_fixed_base<36, 5, true, (ap_q_mode)5, (ap_o_mode)3, 0> const&)' into 'ap_fixed_base<36, 5, true, (ap_q_mode)5, (ap_o_mode)3, 0>::RType<36, 5, true>::plus ap_fixed_base<36, 5, true, (ap_q_mode)5, (ap_o_mode)3, 0>::operator+<36, 5, true, (ap_q_mode)5, (ap_o_mode)3, 0>(ap_fixed_base<36, 5, true, (ap_q_mode)5, (ap_o_mode)3, 0> const&) const' (C:/Xilinx/Vitis_HLS/2020.2/common/technology/autopilot\ap_fixed_base.h:1192:330)
INFO: [HLS 214-131] Inlining function 'ap_fixed<37, 6, (ap_q_mode)5, (ap_o_mode)3, 0>::ap_fixed<37, 6, true, (ap_q_mode)5, (ap_o_mode)3, 0>(ap_fixed_base<37, 6, true, (ap_q_mode)5, (ap_o_mode)3, 0> const&)' into 'ap_fixed_base<36, 5, true, (ap_q_mode)5, (ap_o_mode)3, 0>::RType<36, 5, true>::plus ap_fixed_base<36, 5, true, (ap_q_mode)5, (ap_o_mode)3, 0>::operator+<36, 5, true, (ap_q_mode)5, (ap_o_mode)3, 0>(ap_fixed_base<36, 5, true, (ap_q_mode)5, (ap_o_mode)3, 0> const&) const' (C:/Xilinx/Vitis_HLS/2020.2/common/technology/autopilot\ap_fixed_base.h:1192:382)
INFO: [HLS 214-131] Inlining function 'ap_fixed_base<37, 6, true, (ap_q_mode)5, (ap_o_mode)3, 0>::ap_fixed_base<36, 5, true, (ap_q_mode)5, (ap_o_mode)3, 0>(ap_fixed_base<36, 5, true, (ap_q_mode)5, (ap_o_mode)3, 0> const&)' into 'ap_fixed_base<36, 5, true, (ap_q_mode)5, (ap_o_mode)3, 0>::RType<36, 5, true>::plus ap_fixed_base<36, 5, true, (ap_q_mode)5, (ap_o_mode)3, 0>::operator+<36, 5, true, (ap_q_mode)5, (ap_o_mode)3, 0>(ap_fixed_base<36, 5, true, (ap_q_mode)5, (ap_o_mode)3, 0> const&) const' (C:/Xilinx/Vitis_HLS/2020.2/common/technology/autopilot\ap_fixed_base.h:1192:342)
INFO: [HLS 214-131] Inlining function 'ap_fixed_base<37, 6, true, (ap_q_mode)5, (ap_o_mode)3, 0>::operator!() const' into 'ap_fixed_base<18, 3, true, (ap_q_mode)5, (ap_o_mode)3, 0>& ap_fixed_base<18, 3, true, (ap_q_mode)5, (ap_o_mode)3, 0>::operator=<37, 6, true, (ap_q_mode)5, (ap_o_mode)3, 0>(ap_fixed_base<37, 6, true, (ap_q_mode)5, (ap_o_mode)3, 0> const&)' (C:/Xilinx/Vitis_HLS/2020.2/common/technology/autopilot\ap_fixed_base.h:698:9)
INFO: [HLS 214-131] Inlining function 'ap_fixed_base<18, 3, true, (ap_q_mode)5, (ap_o_mode)3, 0>& ap_fixed_base<18, 3, true, (ap_q_mode)5, (ap_o_mode)3, 0>::operator=<37, 6, true, (ap_q_mode)5, (ap_o_mode)3, 0>(ap_fixed_base<37, 6, true, (ap_q_mode)5, (ap_o_mode)3, 0> const&)' into 'ap_fixed_base<18, 3, true, (ap_q_mode)5, (ap_o_mode)3, 0>::ap_fixed_base<37, 6, true, (ap_q_mode)5, (ap_o_mode)3, 0>(ap_fixed_base<37, 6, true, (ap_q_mode)5, (ap_o_mode)3, 0> const&)' (C:/Xilinx/Vitis_HLS/2020.2/common/technology/autopilot\ap_fixed_base.h:431:5)
INFO: [HLS 214-131] Inlining function 'ap_fixed_base<18, 3, true, (ap_q_mode)5, (ap_o_mode)3, 0>::ap_fixed_base<37, 6, true, (ap_q_mode)5, (ap_o_mode)3, 0>(ap_fixed_base<37, 6, true, (ap_q_mode)5, (ap_o_mode)3, 0> const&)' into 'ap_fixed<18, 3, (ap_q_mode)5, (ap_o_mode)3, 0>::ap_fixed<37, 6, true, (ap_q_mode)5, (ap_o_mode)3, 0>(ap_fixed_base<37, 6, true, (ap_q_mode)5, (ap_o_mode)3, 0> const&)' (C:/Xilinx/Vitis_HLS/2020.2/common/technology/autopilot\ap_fixed.h:75:9)
INFO: [HLS 214-131] Inlining function 'ap_fixed<36, 10, (ap_q_mode)5, (ap_o_mode)3, 0>::ap_fixed<36, 10, true, (ap_q_mode)5, (ap_o_mode)3, 0>(ap_fixed_base<36, 10, true, (ap_q_mode)5, (ap_o_mode)3, 0> const&)' into 'ap_fixed_base<18, 3, true, (ap_q_mode)5, (ap_o_mode)3, 0>::RType<18, 7, true>::mult ap_fixed_base<18, 3, true, (ap_q_mode)5, (ap_o_mode)3, 0>::operator*<18, 7, true, (ap_q_mode)5, (ap_o_mode)3, 0>(ap_fixed_base<18, 7, true, (ap_q_mode)5, (ap_o_mode)3, 0> const&) const' (C:/Xilinx/Vitis_HLS/2020.2/common/technology/autopilot\ap_fixed_base.h:1119:12)
INFO: [HLS 214-131] Inlining function 'ap_fixed_base<36, 10, true, (ap_q_mode)5, (ap_o_mode)3, 0>::operator!() const' into 'ap_fixed_base<37, 11, true, (ap_q_mode)5, (ap_o_mode)3, 0>& ap_fixed_base<37, 11, true, (ap_q_mode)5, (ap_o_mode)3, 0>::operator=<36, 10, true, (ap_q_mode)5, (ap_o_mode)3, 0>(ap_fixed_base<36, 10, true, (ap_q_mode)5, (ap_o_mode)3, 0> const&)' (C:/Xilinx/Vitis_HLS/2020.2/common/technology/autopilot\ap_fixed_base.h:698:9)
INFO: [HLS 214-131] Inlining function 'ap_fixed_base<37, 11, true, (ap_q_mode)5, (ap_o_mode)3, 0>& ap_fixed_base<37, 11, true, (ap_q_mode)5, (ap_o_mode)3, 0>::operator=<36, 10, true, (ap_q_mode)5, (ap_o_mode)3, 0>(ap_fixed_base<36, 10, true, (ap_q_mode)5, (ap_o_mode)3, 0> const&)' into 'ap_fixed_base<37, 11, true, (ap_q_mode)5, (ap_o_mode)3, 0>::ap_fixed_base<36, 10, true, (ap_q_mode)5, (ap_o_mode)3, 0>(ap_fixed_base<36, 10, true, (ap_q_mode)5, (ap_o_mode)3, 0> const&)' (C:/Xilinx/Vitis_HLS/2020.2/common/technology/autopilot\ap_fixed_base.h:431:5)
INFO: [HLS 214-131] Inlining function 'ap_fixed_base<18, 3, true, (ap_q_mode)5, (ap_o_mode)3, 0>::operator!() const' into 'ap_fixed_base<37, 11, true, (ap_q_mode)5, (ap_o_mode)3, 0>& ap_fixed_base<37, 11, true, (ap_q_mode)5, (ap_o_mode)3, 0>::operator=<18, 3, true, (ap_q_mode)5, (ap_o_mode)3, 0>(ap_fixed_base<18, 3, true, (ap_q_mode)5, (ap_o_mode)3, 0> const&)' (C:/Xilinx/Vitis_HLS/2020.2/common/technology/autopilot\ap_fixed_base.h:698:9)
INFO: [HLS 214-131] Inlining function 'ap_fixed_base<37, 11, true, (ap_q_mode)5, (ap_o_mode)3, 0>& ap_fixed_base<37, 11, true, (ap_q_mode)5, (ap_o_mode)3, 0>::operator=<18, 3, true, (ap_q_mode)5, (ap_o_mode)3, 0>(ap_fixed_base<18, 3, true, (ap_q_mode)5, (ap_o_mode)3, 0> const&)' into 'ap_fixed_base<37, 11, true, (ap_q_mode)5, (ap_o_mode)3, 0>::ap_fixed_base<18, 3, true, (ap_q_mode)5, (ap_o_mode)3, 0>(ap_fixed_base<18, 3, true, (ap_q_mode)5, (ap_o_mode)3, 0> const&)' (C:/Xilinx/Vitis_HLS/2020.2/common/technology/autopilot\ap_fixed_base.h:431:5)
INFO: [HLS 214-131] Inlining function 'ap_fixed_base<37, 11, true, (ap_q_mode)5, (ap_o_mode)3, 0>::ap_fixed_base<36, 10, true, (ap_q_mode)5, (ap_o_mode)3, 0>(ap_fixed_base<36, 10, true, (ap_q_mode)5, (ap_o_mode)3, 0> const&)' into 'ap_fixed_base<36, 10, true, (ap_q_mode)5, (ap_o_mode)3, 0>::RType<18, 3, true>::plus ap_fixed_base<36, 10, true, (ap_q_mode)5, (ap_o_mode)3, 0>::operator+<18, 3, true, (ap_q_mode)5, (ap_o_mode)3, 0>(ap_fixed_base<18, 3, true, (ap_q_mode)5, (ap_o_mode)3, 0> const&) const' (C:/Xilinx/Vitis_HLS/2020.2/common/technology/autopilot\ap_fixed_base.h:1192:330)
INFO: [HLS 214-131] Inlining function 'ap_fixed<37, 11, (ap_q_mode)5, (ap_o_mode)3, 0>::ap_fixed<37, 11, true, (ap_q_mode)5, (ap_o_mode)3, 0>(ap_fixed_base<37, 11, true, (ap_q_mode)5, (ap_o_mode)3, 0> const&)' into 'ap_fixed_base<36, 10, true, (ap_q_mode)5, (ap_o_mode)3, 0>::RType<18, 3, true>::plus ap_fixed_base<36, 10, true, (ap_q_mode)5, (ap_o_mode)3, 0>::operator+<18, 3, true, (ap_q_mode)5, (ap_o_mode)3, 0>(ap_fixed_base<18, 3, true, (ap_q_mode)5, (ap_o_mode)3, 0> const&) const' (C:/Xilinx/Vitis_HLS/2020.2/common/technology/autopilot\ap_fixed_base.h:1192:382)
INFO: [HLS 214-131] Inlining function 'ap_fixed_base<37, 11, true, (ap_q_mode)5, (ap_o_mode)3, 0>::ap_fixed_base<18, 3, true, (ap_q_mode)5, (ap_o_mode)3, 0>(ap_fixed_base<18, 3, true, (ap_q_mode)5, (ap_o_mode)3, 0> const&)' into 'ap_fixed_base<36, 10, true, (ap_q_mode)5, (ap_o_mode)3, 0>::RType<18, 3, true>::plus ap_fixed_base<36, 10, true, (ap_q_mode)5, (ap_o_mode)3, 0>::operator+<18, 3, true, (ap_q_mode)5, (ap_o_mode)3, 0>(ap_fixed_base<18, 3, true, (ap_q_mode)5, (ap_o_mode)3, 0> const&) const' (C:/Xilinx/Vitis_HLS/2020.2/common/technology/autopilot\ap_fixed_base.h:1192:342)
INFO: [HLS 214-131] Inlining function 'ap_fixed_base<37, 11, true, (ap_q_mode)5, (ap_o_mode)3, 0>::operator!() const' into 'ap_fixed_base<18, 7, true, (ap_q_mode)5, (ap_o_mode)3, 0>& ap_fixed_base<18, 7, true, (ap_q_mode)5, (ap_o_mode)3, 0>::operator=<37, 11, true, (ap_q_mode)5, (ap_o_mode)3, 0>(ap_fixed_base<37, 11, true, (ap_q_mode)5, (ap_o_mode)3, 0> const&)' (C:/Xilinx/Vitis_HLS/2020.2/common/technology/autopilot\ap_fixed_base.h:698:9)
INFO: [HLS 214-131] Inlining function 'ap_fixed_base<18, 7, true, (ap_q_mode)5, (ap_o_mode)3, 0>& ap_fixed_base<18, 7, true, (ap_q_mode)5, (ap_o_mode)3, 0>::operator=<37, 11, true, (ap_q_mode)5, (ap_o_mode)3, 0>(ap_fixed_base<37, 11, true, (ap_q_mode)5, (ap_o_mode)3, 0> const&)' into 'ap_fixed_base<18, 7, true, (ap_q_mode)5, (ap_o_mode)3, 0>::ap_fixed_base<37, 11, true, (ap_q_mode)5, (ap_o_mode)3, 0>(ap_fixed_base<37, 11, true, (ap_q_mode)5, (ap_o_mode)3, 0> const&)' (C:/Xilinx/Vitis_HLS/2020.2/common/technology/autopilot\ap_fixed_base.h:431:5)
INFO: [HLS 214-131] Inlining function 'ap_fixed_base<18, 7, true, (ap_q_mode)5, (ap_o_mode)3, 0>::ap_fixed_base<37, 11, true, (ap_q_mode)5, (ap_o_mode)3, 0>(ap_fixed_base<37, 11, true, (ap_q_mode)5, (ap_o_mode)3, 0> const&)' into 'ap_fixed<18, 7, (ap_q_mode)5, (ap_o_mode)3, 0>::ap_fixed<37, 11, true, (ap_q_mode)5, (ap_o_mode)3, 0>(ap_fixed_base<37, 11, true, (ap_q_mode)5, (ap_o_mode)3, 0> const&)' (C:/Xilinx/Vitis_HLS/2020.2/common/technology/autopilot\ap_fixed.h:75:9)
INFO: [HLS 214-131] Inlining function 'ap_fixed_base<36, 10, true, (ap_q_mode)5, (ap_o_mode)3, 0>::operator!() const' into 'ap_fixed_base<18, 7, true, (ap_q_mode)5, (ap_o_mode)3, 0>& ap_fixed_base<18, 7, true, (ap_q_mode)5, (ap_o_mode)3, 0>::operator=<36, 10, true, (ap_q_mode)5, (ap_o_mode)3, 0>(ap_fixed_base<36, 10, true, (ap_q_mode)5, (ap_o_mode)3, 0> const&)' (C:/Xilinx/Vitis_HLS/2020.2/common/technology/autopilot\ap_fixed_base.h:698:9)
INFO: [HLS 214-131] Inlining function 'ap_fixed_base<18, 7, true, (ap_q_mode)5, (ap_o_mode)3, 0>& ap_fixed_base<18, 7, true, (ap_q_mode)5, (ap_o_mode)3, 0>::operator=<36, 10, true, (ap_q_mode)5, (ap_o_mode)3, 0>(ap_fixed_base<36, 10, true, (ap_q_mode)5, (ap_o_mode)3, 0> const&)' into 'ap_fixed_base<18, 7, true, (ap_q_mode)5, (ap_o_mode)3, 0>::ap_fixed_base<36, 10, true, (ap_q_mode)5, (ap_o_mode)3, 0>(ap_fixed_base<36, 10, true, (ap_q_mode)5, (ap_o_mode)3, 0> const&)' (C:/Xilinx/Vitis_HLS/2020.2/common/technology/autopilot\ap_fixed_base.h:431:5)
INFO: [HLS 214-131] Inlining function 'ap_fixed_base<18, 7, true, (ap_q_mode)5, (ap_o_mode)3, 0>::ap_fixed_base<36, 10, true, (ap_q_mode)5, (ap_o_mode)3, 0>(ap_fixed_base<36, 10, true, (ap_q_mode)5, (ap_o_mode)3, 0> const&)' into 'ap_fixed<18, 7, (ap_q_mode)5, (ap_o_mode)3, 0>::ap_fixed<36, 10, true, (ap_q_mode)5, (ap_o_mode)3, 0>(ap_fixed_base<36, 10, true, (ap_q_mode)5, (ap_o_mode)3, 0> const&)' (C:/Xilinx/Vitis_HLS/2020.2/common/technology/autopilot\ap_fixed.h:75:9)
INFO: [HLS 214-131] Inlining function 'ap_fixed_base<37, 11, true, (ap_q_mode)5, (ap_o_mode)3, 0>::ap_fixed_base<36, 10, true, (ap_q_mode)5, (ap_o_mode)3, 0>(ap_fixed_base<36, 10, true, (ap_q_mode)5, (ap_o_mode)3, 0> const&)' into 'ap_fixed_base<36, 10, true, (ap_q_mode)5, (ap_o_mode)3, 0>::RType<36, 10, true>::plus ap_fixed_base<36, 10, true, (ap_q_mode)5, (ap_o_mode)3, 0>::operator+<36, 10, true, (ap_q_mode)5, (ap_o_mode)3, 0>(ap_fixed_base<36, 10, true, (ap_q_mode)5, (ap_o_mode)3, 0> const&) const' (C:/Xilinx/Vitis_HLS/2020.2/common/technology/autopilot\ap_fixed_base.h:1192:330)
INFO: [HLS 214-131] Inlining function 'ap_fixed<37, 11, (ap_q_mode)5, (ap_o_mode)3, 0>::ap_fixed<37, 11, true, (ap_q_mode)5, (ap_o_mode)3, 0>(ap_fixed_base<37, 11, true, (ap_q_mode)5, (ap_o_mode)3, 0> const&)' into 'ap_fixed_base<36, 10, true, (ap_q_mode)5, (ap_o_mode)3, 0>::RType<36, 10, true>::plus ap_fixed_base<36, 10, true, (ap_q_mode)5, (ap_o_mode)3, 0>::operator+<36, 10, true, (ap_q_mode)5, (ap_o_mode)3, 0>(ap_fixed_base<36, 10, true, (ap_q_mode)5, (ap_o_mode)3, 0> const&) const' (C:/Xilinx/Vitis_HLS/2020.2/common/technology/autopilot\ap_fixed_base.h:1192:382)
INFO: [HLS 214-131] Inlining function 'ap_fixed_base<37, 11, true, (ap_q_mode)5, (ap_o_mode)3, 0>::ap_fixed_base<36, 10, true, (ap_q_mode)5, (ap_o_mode)3, 0>(ap_fixed_base<36, 10, true, (ap_q_mode)5, (ap_o_mode)3, 0> const&)' into 'ap_fixed_base<36, 10, true, (ap_q_mode)5, (ap_o_mode)3, 0>::RType<36, 10, true>::plus ap_fixed_base<36, 10, true, (ap_q_mode)5, (ap_o_mode)3, 0>::operator+<36, 10, true, (ap_q_mode)5, (ap_o_mode)3, 0>(ap_fixed_base<36, 10, true, (ap_q_mode)5, (ap_o_mode)3, 0> const&) const' (C:/Xilinx/Vitis_HLS/2020.2/common/technology/autopilot\ap_fixed_base.h:1192:342)
INFO: [HLS 214-131] Inlining function 'ap_fixed_base<37, 11, true, (ap_q_mode)5, (ap_o_mode)3, 0>::operator!() const' into 'ap_fixed_base<38, 12, true, (ap_q_mode)5, (ap_o_mode)3, 0>& ap_fixed_base<38, 12, true, (ap_q_mode)5, (ap_o_mode)3, 0>::operator=<37, 11, true, (ap_q_mode)5, (ap_o_mode)3, 0>(ap_fixed_base<37, 11, true, (ap_q_mode)5, (ap_o_mode)3, 0> const&)' (C:/Xilinx/Vitis_HLS/2020.2/common/technology/autopilot\ap_fixed_base.h:698:9)
INFO: [HLS 214-131] Inlining function 'ap_fixed_base<38, 12, true, (ap_q_mode)5, (ap_o_mode)3, 0>& ap_fixed_base<38, 12, true, (ap_q_mode)5, (ap_o_mode)3, 0>::operator=<37, 11, true, (ap_q_mode)5, (ap_o_mode)3, 0>(ap_fixed_base<37, 11, true, (ap_q_mode)5, (ap_o_mode)3, 0> const&)' into 'ap_fixed_base<38, 12, true, (ap_q_mode)5, (ap_o_mode)3, 0>::ap_fixed_base<37, 11, true, (ap_q_mode)5, (ap_o_mode)3, 0>(ap_fixed_base<37, 11, true, (ap_q_mode)5, (ap_o_mode)3, 0> const&)' (C:/Xilinx/Vitis_HLS/2020.2/common/technology/autopilot\ap_fixed_base.h:431:5)
INFO: [HLS 214-131] Inlining function 'ap_fixed_base<18, 3, true, (ap_q_mode)5, (ap_o_mode)3, 0>::operator!() const' into 'ap_fixed_base<38, 12, true, (ap_q_mode)5, (ap_o_mode)3, 0>& ap_fixed_base<38, 12, true, (ap_q_mode)5, (ap_o_mode)3, 0>::operator=<18, 3, true, (ap_q_mode)5, (ap_o_mode)3, 0>(ap_fixed_base<18, 3, true, (ap_q_mode)5, (ap_o_mode)3, 0> const&)' (C:/Xilinx/Vitis_HLS/2020.2/common/technology/autopilot\ap_fixed_base.h:698:9)
INFO: [HLS 214-131] Inlining function 'ap_fixed_base<38, 12, true, (ap_q_mode)5, (ap_o_mode)3, 0>& ap_fixed_base<38, 12, true, (ap_q_mode)5, (ap_o_mode)3, 0>::operator=<18, 3, true, (ap_q_mode)5, (ap_o_mode)3, 0>(ap_fixed_base<18, 3, true, (ap_q_mode)5, (ap_o_mode)3, 0> const&)' into 'ap_fixed_base<38, 12, true, (ap_q_mode)5, (ap_o_mode)3, 0>::ap_fixed_base<18, 3, true, (ap_q_mode)5, (ap_o_mode)3, 0>(ap_fixed_base<18, 3, true, (ap_q_mode)5, (ap_o_mode)3, 0> const&)' (C:/Xilinx/Vitis_HLS/2020.2/common/technology/autopilot\ap_fixed_base.h:431:5)
INFO: [HLS 214-131] Inlining function 'ap_fixed_base<38, 12, true, (ap_q_mode)5, (ap_o_mode)3, 0>::ap_fixed_base<37, 11, true, (ap_q_mode)5, (ap_o_mode)3, 0>(ap_fixed_base<37, 11, true, (ap_q_mode)5, (ap_o_mode)3, 0> const&)' into 'ap_fixed_base<37, 11, true, (ap_q_mode)5, (ap_o_mode)3, 0>::RType<18, 3, true>::plus ap_fixed_base<37, 11, true, (ap_q_mode)5, (ap_o_mode)3, 0>::operator+<18, 3, true, (ap_q_mode)5, (ap_o_mode)3, 0>(ap_fixed_base<18, 3, true, (ap_q_mode)5, (ap_o_mode)3, 0> const&) const' (C:/Xilinx/Vitis_HLS/2020.2/common/technology/autopilot\ap_fixed_base.h:1192:330)
INFO: [HLS 214-131] Inlining function 'ap_fixed<38, 12, (ap_q_mode)5, (ap_o_mode)3, 0>::ap_fixed<38, 12, true, (ap_q_mode)5, (ap_o_mode)3, 0>(ap_fixed_base<38, 12, true, (ap_q_mode)5, (ap_o_mode)3, 0> const&)' into 'ap_fixed_base<37, 11, true, (ap_q_mode)5, (ap_o_mode)3, 0>::RType<18, 3, true>::plus ap_fixed_base<37, 11, true, (ap_q_mode)5, (ap_o_mode)3, 0>::operator+<18, 3, true, (ap_q_mode)5, (ap_o_mode)3, 0>(ap_fixed_base<18, 3, true, (ap_q_mode)5, (ap_o_mode)3, 0> const&) const' (C:/Xilinx/Vitis_HLS/2020.2/common/technology/autopilot\ap_fixed_base.h:1192:382)
INFO: [HLS 214-131] Inlining function 'ap_fixed_base<38, 12, true, (ap_q_mode)5, (ap_o_mode)3, 0>::ap_fixed_base<18, 3, true, (ap_q_mode)5, (ap_o_mode)3, 0>(ap_fixed_base<18, 3, true, (ap_q_mode)5, (ap_o_mode)3, 0> const&)' into 'ap_fixed_base<37, 11, true, (ap_q_mode)5, (ap_o_mode)3, 0>::RType<18, 3, true>::plus ap_fixed_base<37, 11, true, (ap_q_mode)5, (ap_o_mode)3, 0>::operator+<18, 3, true, (ap_q_mode)5, (ap_o_mode)3, 0>(ap_fixed_base<18, 3, true, (ap_q_mode)5, (ap_o_mode)3, 0> const&) const' (C:/Xilinx/Vitis_HLS/2020.2/common/technology/autopilot\ap_fixed_base.h:1192:342)
INFO: [HLS 214-131] Inlining function 'ap_fixed_base<38, 12, true, (ap_q_mode)5, (ap_o_mode)3, 0>::operator!() const' into 'ap_fixed_base<18, 7, true, (ap_q_mode)5, (ap_o_mode)3, 0>& ap_fixed_base<18, 7, true, (ap_q_mode)5, (ap_o_mode)3, 0>::operator=<38, 12, true, (ap_q_mode)5, (ap_o_mode)3, 0>(ap_fixed_base<38, 12, true, (ap_q_mode)5, (ap_o_mode)3, 0> const&)' (C:/Xilinx/Vitis_HLS/2020.2/common/technology/autopilot\ap_fixed_base.h:698:9)
INFO: [HLS 214-131] Inlining function 'ap_fixed_base<18, 7, true, (ap_q_mode)5, (ap_o_mode)3, 0>& ap_fixed_base<18, 7, true, (ap_q_mode)5, (ap_o_mode)3, 0>::operator=<38, 12, true, (ap_q_mode)5, (ap_o_mode)3, 0>(ap_fixed_base<38, 12, true, (ap_q_mode)5, (ap_o_mode)3, 0> const&)' into 'ap_fixed_base<18, 7, true, (ap_q_mode)5, (ap_o_mode)3, 0>::ap_fixed_base<38, 12, true, (ap_q_mode)5, (ap_o_mode)3, 0>(ap_fixed_base<38, 12, true, (ap_q_mode)5, (ap_o_mode)3, 0> const&)' (C:/Xilinx/Vitis_HLS/2020.2/common/technology/autopilot\ap_fixed_base.h:431:5)
INFO: [HLS 214-131] Inlining function 'ap_fixed_base<18, 7, true, (ap_q_mode)5, (ap_o_mode)3, 0>::ap_fixed_base<38, 12, true, (ap_q_mode)5, (ap_o_mode)3, 0>(ap_fixed_base<38, 12, true, (ap_q_mode)5, (ap_o_mode)3, 0> const&)' into 'ap_fixed<18, 7, (ap_q_mode)5, (ap_o_mode)3, 0>::ap_fixed<38, 12, true, (ap_q_mode)5, (ap_o_mode)3, 0>(ap_fixed_base<38, 12, true, (ap_q_mode)5, (ap_o_mode)3, 0> const&)' (C:/Xilinx/Vitis_HLS/2020.2/common/technology/autopilot\ap_fixed.h:75:9)
INFO: [HLS 214-131] Inlining function 'ap_fixed_base<18, 7, true, (ap_q_mode)5, (ap_o_mode)3, 0>::operator!() const' into 'ap_fixed_base<19, 8, true, (ap_q_mode)5, (ap_o_mode)3, 0>& ap_fixed_base<19, 8, true, (ap_q_mode)5, (ap_o_mode)3, 0>::operator=<18, 7, true, (ap_q_mode)5, (ap_o_mode)3, 0>(ap_fixed_base<18, 7, true, (ap_q_mode)5, (ap_o_mode)3, 0> const&)' (C:/Xilinx/Vitis_HLS/2020.2/common/technology/autopilot\ap_fixed_base.h:698:9)
INFO: [HLS 214-131] Inlining function 'ap_fixed_base<19, 8, true, (ap_q_mode)5, (ap_o_mode)3, 0>& ap_fixed_base<19, 8, true, (ap_q_mode)5, (ap_o_mode)3, 0>::operator=<18, 7, true, (ap_q_mode)5, (ap_o_mode)3, 0>(ap_fixed_base<18, 7, true, (ap_q_mode)5, (ap_o_mode)3, 0> const&)' into 'ap_fixed_base<19, 8, true, (ap_q_mode)5, (ap_o_mode)3, 0>::ap_fixed_base<18, 7, true, (ap_q_mode)5, (ap_o_mode)3, 0>(ap_fixed_base<18, 7, true, (ap_q_mode)5, (ap_o_mode)3, 0> const&)' (C:/Xilinx/Vitis_HLS/2020.2/common/technology/autopilot\ap_fixed_base.h:431:5)
INFO: [HLS 214-131] Inlining function 'ap_fixed_base<19, 8, true, (ap_q_mode)5, (ap_o_mode)3, 0>::ap_fixed_base<18, 7, true, (ap_q_mode)5, (ap_o_mode)3, 0>(ap_fixed_base<18, 7, true, (ap_q_mode)5, (ap_o_mode)3, 0> const&)' into 'ap_fixed_base<18, 7, true, (ap_q_mode)5, (ap_o_mode)3, 0>::RType<18, 7, true>::plus ap_fixed_base<18, 7, true, (ap_q_mode)5, (ap_o_mode)3, 0>::operator+<18, 7, true, (ap_q_mode)5, (ap_o_mode)3, 0>(ap_fixed_base<18, 7, true, (ap_q_mode)5, (ap_o_mode)3, 0> const&) const' (C:/Xilinx/Vitis_HLS/2020.2/common/technology/autopilot\ap_fixed_base.h:1192:330)
INFO: [HLS 214-131] Inlining function 'ap_fixed<19, 8, (ap_q_mode)5, (ap_o_mode)3, 0>::ap_fixed<19, 8, true, (ap_q_mode)5, (ap_o_mode)3, 0>(ap_fixed_base<19, 8, true, (ap_q_mode)5, (ap_o_mode)3, 0> const&)' into 'ap_fixed_base<18, 7, true, (ap_q_mode)5, (ap_o_mode)3, 0>::RType<18, 7, true>::plus ap_fixed_base<18, 7, true, (ap_q_mode)5, (ap_o_mode)3, 0>::operator+<18, 7, true, (ap_q_mode)5, (ap_o_mode)3, 0>(ap_fixed_base<18, 7, true, (ap_q_mode)5, (ap_o_mode)3, 0> const&) const' (C:/Xilinx/Vitis_HLS/2020.2/common/technology/autopilot\ap_fixed_base.h:1192:382)
INFO: [HLS 214-131] Inlining function 'ap_fixed_base<19, 8, true, (ap_q_mode)5, (ap_o_mode)3, 0>::ap_fixed_base<18, 7, true, (ap_q_mode)5, (ap_o_mode)3, 0>(ap_fixed_base<18, 7, true, (ap_q_mode)5, (ap_o_mode)3, 0> const&)' into 'ap_fixed_base<18, 7, true, (ap_q_mode)5, (ap_o_mode)3, 0>::RType<18, 7, true>::plus ap_fixed_base<18, 7, true, (ap_q_mode)5, (ap_o_mode)3, 0>::operator+<18, 7, true, (ap_q_mode)5, (ap_o_mode)3, 0>(ap_fixed_base<18, 7, true, (ap_q_mode)5, (ap_o_mode)3, 0> const&) const' (C:/Xilinx/Vitis_HLS/2020.2/common/technology/autopilot\ap_fixed_base.h:1192:342)
INFO: [HLS 214-131] Inlining function 'ap_fixed_base<19, 8, true, (ap_q_mode)5, (ap_o_mode)3, 0>::operator<<(unsigned int) const' into 'ap_fixed_base<19, 8, true, (ap_q_mode)5, (ap_o_mode)3, 0>::operator>>(int) const' (C:/Xilinx/Vitis_HLS/2020.2/common/technology/autopilot\ap_fixed_base.h:1369:14)
INFO: [HLS 214-131] Inlining function 'ap_fixed_base<19, 8, true, (ap_q_mode)5, (ap_o_mode)3, 0>::operator>>(unsigned int) const' into 'ap_fixed_base<19, 8, true, (ap_q_mode)5, (ap_o_mode)3, 0>::operator>>(int) const' (C:/Xilinx/Vitis_HLS/2020.2/common/technology/autopilot\ap_fixed_base.h:1371:14)
INFO: [HLS 214-131] Inlining function 'ap_fixed_base<19, 8, true, (ap_q_mode)5, (ap_o_mode)3, 0>::operator!() const' into 'ap_fixed_base<18, 7, true, (ap_q_mode)5, (ap_o_mode)3, 0>& ap_fixed_base<18, 7, true, (ap_q_mode)5, (ap_o_mode)3, 0>::operator=<19, 8, true, (ap_q_mode)5, (ap_o_mode)3, 0>(ap_fixed_base<19, 8, true, (ap_q_mode)5, (ap_o_mode)3, 0> const&)' (C:/Xilinx/Vitis_HLS/2020.2/common/technology/autopilot\ap_fixed_base.h:698:9)
INFO: [HLS 214-131] Inlining function 'ap_fixed_base<18, 7, true, (ap_q_mode)5, (ap_o_mode)3, 0>& ap_fixed_base<18, 7, true, (ap_q_mode)5, (ap_o_mode)3, 0>::operator=<19, 8, true, (ap_q_mode)5, (ap_o_mode)3, 0>(ap_fixed_base<19, 8, true, (ap_q_mode)5, (ap_o_mode)3, 0> const&)' into 'ap_fixed_base<18, 7, true, (ap_q_mode)5, (ap_o_mode)3, 0>::ap_fixed_base<19, 8, true, (ap_q_mode)5, (ap_o_mode)3, 0>(ap_fixed_base<19, 8, true, (ap_q_mode)5, (ap_o_mode)3, 0> const&)' (C:/Xilinx/Vitis_HLS/2020.2/common/technology/autopilot\ap_fixed_base.h:431:5)
INFO: [HLS 214-131] Inlining function 'ap_fixed_base<18, 7, true, (ap_q_mode)5, (ap_o_mode)3, 0>::ap_fixed_base<19, 8, true, (ap_q_mode)5, (ap_o_mode)3, 0>(ap_fixed_base<19, 8, true, (ap_q_mode)5, (ap_o_mode)3, 0> const&)' into 'ap_fixed<18, 7, (ap_q_mode)5, (ap_o_mode)3, 0>::ap_fixed<19, 8, true, (ap_q_mode)5, (ap_o_mode)3, 0>(ap_fixed_base<19, 8, true, (ap_q_mode)5, (ap_o_mode)3, 0> const&)' (C:/Xilinx/Vitis_HLS/2020.2/common/technology/autopilot\ap_fixed.h:75:9)
INFO: [HLS 214-131] Inlining function 'ap_fixed_base<19, 8, true, (ap_q_mode)5, (ap_o_mode)3, 0>::ap_fixed_base<18, 7, true, (ap_q_mode)5, (ap_o_mode)3, 0>(ap_fixed_base<18, 7, true, (ap_q_mode)5, (ap_o_mode)3, 0> const&)' into 'ap_fixed_base<18, 7, true, (ap_q_mode)5, (ap_o_mode)3, 0>::RType<18, 7, true>::minus ap_fixed_base<18, 7, true, (ap_q_mode)5, (ap_o_mode)3, 0>::operator-<18, 7, true, (ap_q_mode)5, (ap_o_mode)3, 0>(ap_fixed_base<18, 7, true, (ap_q_mode)5, (ap_o_mode)3, 0> const&) const' (C:/Xilinx/Vitis_HLS/2020.2/common/technology/autopilot\ap_fixed_base.h:1193:332)
INFO: [HLS 214-131] Inlining function 'ap_fixed<19, 8, (ap_q_mode)5, (ap_o_mode)3, 0>::ap_fixed<19, 8, true, (ap_q_mode)5, (ap_o_mode)3, 0>(ap_fixed_base<19, 8, true, (ap_q_mode)5, (ap_o_mode)3, 0> const&)' into 'ap_fixed_base<18, 7, true, (ap_q_mode)5, (ap_o_mode)3, 0>::RType<18, 7, true>::minus ap_fixed_base<18, 7, true, (ap_q_mode)5, (ap_o_mode)3, 0>::operator-<18, 7, true, (ap_q_mode)5, (ap_o_mode)3, 0>(ap_fixed_base<18, 7, true, (ap_q_mode)5, (ap_o_mode)3, 0> const&) const' (C:/Xilinx/Vitis_HLS/2020.2/common/technology/autopilot\ap_fixed_base.h:1193:384)
INFO: [HLS 214-131] Inlining function 'ap_fixed_base<19, 8, true, (ap_q_mode)5, (ap_o_mode)3, 0>::ap_fixed_base<18, 7, true, (ap_q_mode)5, (ap_o_mode)3, 0>(ap_fixed_base<18, 7, true, (ap_q_mode)5, (ap_o_mode)3, 0> const&)' into 'ap_fixed_base<18, 7, true, (ap_q_mode)5, (ap_o_mode)3, 0>::RType<18, 7, true>::minus ap_fixed_base<18, 7, true, (ap_q_mode)5, (ap_o_mode)3, 0>::operator-<18, 7, true, (ap_q_mode)5, (ap_o_mode)3, 0>(ap_fixed_base<18, 7, true, (ap_q_mode)5, (ap_o_mode)3, 0> const&) const' (C:/Xilinx/Vitis_HLS/2020.2/common/technology/autopilot\ap_fixed_base.h:1193:344)
INFO: [HLS 214-131] Inlining function 'ap_fixed_base<18, 2, true, (ap_q_mode)5, (ap_o_mode)3, 0>::operator!() const' into 'ap_fixed_base<19, 3, true, (ap_q_mode)5, (ap_o_mode)3, 0>& ap_fixed_base<19, 3, true, (ap_q_mode)5, (ap_o_mode)3, 0>::operator=<18, 2, true, (ap_q_mode)5, (ap_o_mode)3, 0>(ap_fixed_base<18, 2, true, (ap_q_mode)5, (ap_o_mode)3, 0> const&)' (C:/Xilinx/Vitis_HLS/2020.2/common/technology/autopilot\ap_fixed_base.h:698:9)
INFO: [HLS 214-131] Inlining function 'ap_fixed_base<19, 3, true, (ap_q_mode)5, (ap_o_mode)3, 0>& ap_fixed_base<19, 3, true, (ap_q_mode)5, (ap_o_mode)3, 0>::operator=<18, 2, true, (ap_q_mode)5, (ap_o_mode)3, 0>(ap_fixed_base<18, 2, true, (ap_q_mode)5, (ap_o_mode)3, 0> const&)' into 'ap_fixed_base<19, 3, true, (ap_q_mode)5, (ap_o_mode)3, 0>::ap_fixed_base<18, 2, true, (ap_q_mode)5, (ap_o_mode)3, 0>(ap_fixed_base<18, 2, true, (ap_q_mode)5, (ap_o_mode)3, 0> const&)' (C:/Xilinx/Vitis_HLS/2020.2/common/technology/autopilot\ap_fixed_base.h:431:5)
INFO: [HLS 214-131] Inlining function 'ap_fixed_base<19, 3, true, (ap_q_mode)5, (ap_o_mode)3, 0>::ap_fixed_base<18, 2, true, (ap_q_mode)5, (ap_o_mode)3, 0>(ap_fixed_base<18, 2, true, (ap_q_mode)5, (ap_o_mode)3, 0> const&)' into 'ap_fixed_base<18, 2, true, (ap_q_mode)5, (ap_o_mode)3, 0>::RType<18, 2, true>::minus ap_fixed_base<18, 2, true, (ap_q_mode)5, (ap_o_mode)3, 0>::operator-<18, 2, true, (ap_q_mode)5, (ap_o_mode)3, 0>(ap_fixed_base<18, 2, true, (ap_q_mode)5, (ap_o_mode)3, 0> const&) const' (C:/Xilinx/Vitis_HLS/2020.2/common/technology/autopilot\ap_fixed_base.h:1193:332)
INFO: [HLS 214-131] Inlining function 'ap_fixed<19, 3, (ap_q_mode)5, (ap_o_mode)3, 0>::ap_fixed<19, 3, true, (ap_q_mode)5, (ap_o_mode)3, 0>(ap_fixed_base<19, 3, true, (ap_q_mode)5, (ap_o_mode)3, 0> const&)' into 'ap_fixed_base<18, 2, true, (ap_q_mode)5, (ap_o_mode)3, 0>::RType<18, 2, true>::minus ap_fixed_base<18, 2, true, (ap_q_mode)5, (ap_o_mode)3, 0>::operator-<18, 2, true, (ap_q_mode)5, (ap_o_mode)3, 0>(ap_fixed_base<18, 2, true, (ap_q_mode)5, (ap_o_mode)3, 0> const&) const' (C:/Xilinx/Vitis_HLS/2020.2/common/technology/autopilot\ap_fixed_base.h:1193:384)
INFO: [HLS 214-131] Inlining function 'ap_fixed_base<19, 3, true, (ap_q_mode)5, (ap_o_mode)3, 0>::ap_fixed_base<18, 2, true, (ap_q_mode)5, (ap_o_mode)3, 0>(ap_fixed_base<18, 2, true, (ap_q_mode)5, (ap_o_mode)3, 0> const&)' into 'ap_fixed_base<18, 2, true, (ap_q_mode)5, (ap_o_mode)3, 0>::RType<18, 2, true>::minus ap_fixed_base<18, 2, true, (ap_q_mode)5, (ap_o_mode)3, 0>::operator-<18, 2, true, (ap_q_mode)5, (ap_o_mode)3, 0>(ap_fixed_base<18, 2, true, (ap_q_mode)5, (ap_o_mode)3, 0> const&) const' (C:/Xilinx/Vitis_HLS/2020.2/common/technology/autopilot\ap_fixed_base.h:1193:344)
INFO: [HLS 214-131] Inlining function 'ap_fixed_base<19, 3, true, (ap_q_mode)5, (ap_o_mode)3, 0>::operator!() const' into 'ap_fixed_base<18, 2, true, (ap_q_mode)5, (ap_o_mode)3, 0>& ap_fixed_base<18, 2, true, (ap_q_mode)5, (ap_o_mode)3, 0>::operator=<19, 3, true, (ap_q_mode)5, (ap_o_mode)3, 0>(ap_fixed_base<19, 3, true, (ap_q_mode)5, (ap_o_mode)3, 0> const&)' (C:/Xilinx/Vitis_HLS/2020.2/common/technology/autopilot\ap_fixed_base.h:698:9)
INFO: [HLS 214-131] Inlining function 'ap_fixed_base<18, 2, true, (ap_q_mode)5, (ap_o_mode)3, 0>& ap_fixed_base<18, 2, true, (ap_q_mode)5, (ap_o_mode)3, 0>::operator=<19, 3, true, (ap_q_mode)5, (ap_o_mode)3, 0>(ap_fixed_base<19, 3, true, (ap_q_mode)5, (ap_o_mode)3, 0> const&)' into 'ap_fixed_base<18, 2, true, (ap_q_mode)5, (ap_o_mode)3, 0>::ap_fixed_base<19, 3, true, (ap_q_mode)5, (ap_o_mode)3, 0>(ap_fixed_base<19, 3, true, (ap_q_mode)5, (ap_o_mode)3, 0> const&)' (C:/Xilinx/Vitis_HLS/2020.2/common/technology/autopilot\ap_fixed_base.h:431:5)
INFO: [HLS 214-131] Inlining function 'ap_fixed_base<18, 2, true, (ap_q_mode)5, (ap_o_mode)3, 0>::ap_fixed_base<19, 3, true, (ap_q_mode)5, (ap_o_mode)3, 0>(ap_fixed_base<19, 3, true, (ap_q_mode)5, (ap_o_mode)3, 0> const&)' into 'ap_fixed<18, 2, (ap_q_mode)5, (ap_o_mode)3, 0>::ap_fixed<19, 3, true, (ap_q_mode)5, (ap_o_mode)3, 0>(ap_fixed_base<19, 3, true, (ap_q_mode)5, (ap_o_mode)3, 0> const&)' (C:/Xilinx/Vitis_HLS/2020.2/common/technology/autopilot\ap_fixed.h:75:9)
INFO: [HLS 214-131] Inlining function 'ap_fixed<39, 17, (ap_q_mode)5, (ap_o_mode)3, 0>::ap_fixed<39, 17, true, (ap_q_mode)5, (ap_o_mode)3, 0>(ap_fixed_base<39, 17, true, (ap_q_mode)5, (ap_o_mode)3, 0> const&)' into 'ap_fixed_base<36, 14, true, (ap_q_mode)5, (ap_o_mode)3, 0>::RType<3, 3, false>::mult ap_fixed_base<36, 14, true, (ap_q_mode)5, (ap_o_mode)3, 0>::operator*<3, 3, false, (ap_q_mode)5, (ap_o_mode)3, 0>(ap_fixed_base<3, 3, false, (ap_q_mode)5, (ap_o_mode)3, 0> const&) const' (C:/Xilinx/Vitis_HLS/2020.2/common/technology/autopilot\ap_fixed_base.h:1119:12)
INFO: [HLS 214-131] Inlining function 'ap_fixed_base<32, 9, false, (ap_q_mode)5, (ap_o_mode)3, 0>::operator!() const' into 'ap_fixed_base<41, 18, true, (ap_q_mode)5, (ap_o_mode)3, 0>& ap_fixed_base<41, 18, true, (ap_q_mode)5, (ap_o_mode)3, 0>::operator=<32, 9, false, (ap_q_mode)5, (ap_o_mode)3, 0>(ap_fixed_base<32, 9, false, (ap_q_mode)5, (ap_o_mode)3, 0> const&)' (C:/Xilinx/Vitis_HLS/2020.2/common/technology/autopilot\ap_fixed_base.h:698:9)
INFO: [HLS 214-131] Inlining function 'ap_fixed_base<41, 18, true, (ap_q_mode)5, (ap_o_mode)3, 0>& ap_fixed_base<41, 18, true, (ap_q_mode)5, (ap_o_mode)3, 0>::operator=<32, 9, false, (ap_q_mode)5, (ap_o_mode)3, 0>(ap_fixed_base<32, 9, false, (ap_q_mode)5, (ap_o_mode)3, 0> const&)' into 'ap_fixed_base<41, 18, true, (ap_q_mode)5, (ap_o_mode)3, 0>::ap_fixed_base<32, 9, false, (ap_q_mode)5, (ap_o_mode)3, 0>(ap_fixed_base<32, 9, false, (ap_q_mode)5, (ap_o_mode)3, 0> const&)' (C:/Xilinx/Vitis_HLS/2020.2/common/technology/autopilot\ap_fixed_base.h:431:5)
INFO: [HLS 214-131] Inlining function 'ap_fixed_base<39, 17, true, (ap_q_mode)5, (ap_o_mode)3, 0>::operator!() const' into 'ap_fixed_base<41, 18, true, (ap_q_mode)5, (ap_o_mode)3, 0>& ap_fixed_base<41, 18, true, (ap_q_mode)5, (ap_o_mode)3, 0>::operator=<39, 17, true, (ap_q_mode)5, (ap_o_mode)3, 0>(ap_fixed_base<39, 17, true, (ap_q_mode)5, (ap_o_mode)3, 0> const&)' (C:/Xilinx/Vitis_HLS/2020.2/common/technology/autopilot\ap_fixed_base.h:698:9)
INFO: [HLS 214-131] Inlining function 'ap_fixed_base<41, 18, true, (ap_q_mode)5, (ap_o_mode)3, 0>& ap_fixed_base<41, 18, true, (ap_q_mode)5, (ap_o_mode)3, 0>::operator=<39, 17, true, (ap_q_mode)5, (ap_o_mode)3, 0>(ap_fixed_base<39, 17, true, (ap_q_mode)5, (ap_o_mode)3, 0> const&)' into 'ap_fixed_base<41, 18, true, (ap_q_mode)5, (ap_o_mode)3, 0>::ap_fixed_base<39, 17, true, (ap_q_mode)5, (ap_o_mode)3, 0>(ap_fixed_base<39, 17, true, (ap_q_mode)5, (ap_o_mode)3, 0> const&)' (C:/Xilinx/Vitis_HLS/2020.2/common/technology/autopilot\ap_fixed_base.h:431:5)
INFO: [HLS 214-131] Inlining function 'ap_fixed_base<41, 18, true, (ap_q_mode)5, (ap_o_mode)3, 0>::ap_fixed_base<32, 9, false, (ap_q_mode)5, (ap_o_mode)3, 0>(ap_fixed_base<32, 9, false, (ap_q_mode)5, (ap_o_mode)3, 0> const&)' into 'ap_fixed_base<32, 9, false, (ap_q_mode)5, (ap_o_mode)3, 0>::RType<39, 17, true>::plus ap_fixed_base<32, 9, false, (ap_q_mode)5, (ap_o_mode)3, 0>::operator+<39, 17, true, (ap_q_mode)5, (ap_o_mode)3, 0>(ap_fixed_base<39, 17, true, (ap_q_mode)5, (ap_o_mode)3, 0> const&) const' (C:/Xilinx/Vitis_HLS/2020.2/common/technology/autopilot\ap_fixed_base.h:1192:330)
INFO: [HLS 214-131] Inlining function 'ap_fixed<41, 18, (ap_q_mode)5, (ap_o_mode)3, 0>::ap_fixed<41, 18, true, (ap_q_mode)5, (ap_o_mode)3, 0>(ap_fixed_base<41, 18, true, (ap_q_mode)5, (ap_o_mode)3, 0> const&)' into 'ap_fixed_base<32, 9, false, (ap_q_mode)5, (ap_o_mode)3, 0>::RType<39, 17, true>::plus ap_fixed_base<32, 9, false, (ap_q_mode)5, (ap_o_mode)3, 0>::operator+<39, 17, true, (ap_q_mode)5, (ap_o_mode)3, 0>(ap_fixed_base<39, 17, true, (ap_q_mode)5, (ap_o_mode)3, 0> const&) const' (C:/Xilinx/Vitis_HLS/2020.2/common/technology/autopilot\ap_fixed_base.h:1192:382)
INFO: [HLS 214-131] Inlining function 'ap_fixed_base<41, 18, true, (ap_q_mode)5, (ap_o_mode)3, 0>::ap_fixed_base<39, 17, true, (ap_q_mode)5, (ap_o_mode)3, 0>(ap_fixed_base<39, 17, true, (ap_q_mode)5, (ap_o_mode)3, 0> const&)' into 'ap_fixed_base<32, 9, false, (ap_q_mode)5, (ap_o_mode)3, 0>::RType<39, 17, true>::plus ap_fixed_base<32, 9, false, (ap_q_mode)5, (ap_o_mode)3, 0>::operator+<39, 17, true, (ap_q_mode)5, (ap_o_mode)3, 0>(ap_fixed_base<39, 17, true, (ap_q_mode)5, (ap_o_mode)3, 0> const&) const' (C:/Xilinx/Vitis_HLS/2020.2/common/technology/autopilot\ap_fixed_base.h:1192:342)
INFO: [HLS 214-131] Inlining function 'ap_fixed_base<41, 18, true, (ap_q_mode)5, (ap_o_mode)3, 0>::operator!() const' into 'ap_fixed_base<32, 9, false, (ap_q_mode)5, (ap_o_mode)3, 0>& ap_fixed_base<32, 9, false, (ap_q_mode)5, (ap_o_mode)3, 0>::operator=<41, 18, true, (ap_q_mode)5, (ap_o_mode)3, 0>(ap_fixed_base<41, 18, true, (ap_q_mode)5, (ap_o_mode)3, 0> const&)' (C:/Xilinx/Vitis_HLS/2020.2/common/technology/autopilot\ap_fixed_base.h:698:9)
INFO: [HLS 214-131] Inlining function 'ap_fixed_base<32, 9, false, (ap_q_mode)5, (ap_o_mode)3, 0>::RType<39, 17, true>::plus ap_fixed_base<32, 9, false, (ap_q_mode)5, (ap_o_mode)3, 0>::operator+<39, 17, true, (ap_q_mode)5, (ap_o_mode)3, 0>(ap_fixed_base<39, 17, true, (ap_q_mode)5, (ap_o_mode)3, 0> const&) const' into 'ap_fixed_base<32, 9, false, (ap_q_mode)5, (ap_o_mode)3, 0>& ap_fixed_base<32, 9, false, (ap_q_mode)5, (ap_o_mode)3, 0>::operator+=<39, 17, true, (ap_q_mode)5, (ap_o_mode)3, 0>(ap_fixed_base<39, 17, true, (ap_q_mode)5, (ap_o_mode)3, 0> const&)' (C:/Xilinx/Vitis_HLS/2020.2/common/technology/autopilot\ap_fixed_base.h:1212:248)
INFO: [HLS 214-131] Inlining function 'ap_fixed_base<32, 9, false, (ap_q_mode)5, (ap_o_mode)3, 0>& ap_fixed_base<32, 9, false, (ap_q_mode)5, (ap_o_mode)3, 0>::operator=<41, 18, true, (ap_q_mode)5, (ap_o_mode)3, 0>(ap_fixed_base<41, 18, true, (ap_q_mode)5, (ap_o_mode)3, 0> const&)' into 'ap_fixed_base<32, 9, false, (ap_q_mode)5, (ap_o_mode)3, 0>& ap_fixed_base<32, 9, false, (ap_q_mode)5, (ap_o_mode)3, 0>::operator+=<39, 17, true, (ap_q_mode)5, (ap_o_mode)3, 0>(ap_fixed_base<39, 17, true, (ap_q_mode)5, (ap_o_mode)3, 0> const&)' (C:/Xilinx/Vitis_HLS/2020.2/common/technology/autopilot\ap_fixed_base.h:1212:246)
INFO: [HLS 214-131] Inlining function 'ap_fixed<49, 4, (ap_q_mode)5, (ap_o_mode)3, 0>::ap_fixed<49, 4, true, (ap_q_mode)5, (ap_o_mode)3, 0>(ap_fixed_base<49, 4, true, (ap_q_mode)5, (ap_o_mode)3, 0> const&)' into 'ap_fixed_base<36, 4, true, (ap_q_mode)5, (ap_o_mode)3, 0>::RType<13, 0, false>::mult ap_fixed_base<36, 4, true, (ap_q_mode)5, (ap_o_mode)3, 0>::operator*<13, 0, false, (ap_q_mode)5, (ap_o_mode)3, 0>(ap_fixed_base<13, 0, false, (ap_q_mode)5, (ap_o_mode)3, 0> const&) const' (C:/Xilinx/Vitis_HLS/2020.2/common/technology/autopilot\ap_fixed_base.h:1119:12)
INFO: [HLS 214-131] Inlining function 'ap_fixed_base<32, 9, false, (ap_q_mode)5, (ap_o_mode)3, 0>::operator!() const' into 'ap_fixed_base<56, 11, true, (ap_q_mode)5, (ap_o_mode)3, 0>& ap_fixed_base<56, 11, true, (ap_q_mode)5, (ap_o_mode)3, 0>::operator=<32, 9, false, (ap_q_mode)5, (ap_o_mode)3, 0>(ap_fixed_base<32, 9, false, (ap_q_mode)5, (ap_o_mode)3, 0> const&)' (C:/Xilinx/Vitis_HLS/2020.2/common/technology/autopilot\ap_fixed_base.h:698:9)
INFO: [HLS 214-131] Inlining function 'ap_fixed_base<56, 11, true, (ap_q_mode)5, (ap_o_mode)3, 0>& ap_fixed_base<56, 11, true, (ap_q_mode)5, (ap_o_mode)3, 0>::operator=<32, 9, false, (ap_q_mode)5, (ap_o_mode)3, 0>(ap_fixed_base<32, 9, false, (ap_q_mode)5, (ap_o_mode)3, 0> const&)' into 'ap_fixed_base<56, 11, true, (ap_q_mode)5, (ap_o_mode)3, 0>::ap_fixed_base<32, 9, false, (ap_q_mode)5, (ap_o_mode)3, 0>(ap_fixed_base<32, 9, false, (ap_q_mode)5, (ap_o_mode)3, 0> const&)' (C:/Xilinx/Vitis_HLS/2020.2/common/technology/autopilot\ap_fixed_base.h:431:5)
INFO: [HLS 214-131] Inlining function 'ap_fixed_base<49, 4, true, (ap_q_mode)5, (ap_o_mode)3, 0>::operator!() const' into 'ap_fixed_base<56, 11, true, (ap_q_mode)5, (ap_o_mode)3, 0>& ap_fixed_base<56, 11, true, (ap_q_mode)5, (ap_o_mode)3, 0>::operator=<49, 4, true, (ap_q_mode)5, (ap_o_mode)3, 0>(ap_fixed_base<49, 4, true, (ap_q_mode)5, (ap_o_mode)3, 0> const&)' (C:/Xilinx/Vitis_HLS/2020.2/common/technology/autopilot\ap_fixed_base.h:698:9)
INFO: [HLS 214-131] Inlining function 'ap_fixed_base<56, 11, true, (ap_q_mode)5, (ap_o_mode)3, 0>& ap_fixed_base<56, 11, true, (ap_q_mode)5, (ap_o_mode)3, 0>::operator=<49, 4, true, (ap_q_mode)5, (ap_o_mode)3, 0>(ap_fixed_base<49, 4, true, (ap_q_mode)5, (ap_o_mode)3, 0> const&)' into 'ap_fixed_base<56, 11, true, (ap_q_mode)5, (ap_o_mode)3, 0>::ap_fixed_base<49, 4, true, (ap_q_mode)5, (ap_o_mode)3, 0>(ap_fixed_base<49, 4, true, (ap_q_mode)5, (ap_o_mode)3, 0> const&)' (C:/Xilinx/Vitis_HLS/2020.2/common/technology/autopilot\ap_fixed_base.h:431:5)
INFO: [HLS 214-131] Inlining function 'ap_fixed_base<56, 11, true, (ap_q_mode)5, (ap_o_mode)3, 0>::ap_fixed_base<32, 9, false, (ap_q_mode)5, (ap_o_mode)3, 0>(ap_fixed_base<32, 9, false, (ap_q_mode)5, (ap_o_mode)3, 0> const&)' into 'ap_fixed_base<32, 9, false, (ap_q_mode)5, (ap_o_mode)3, 0>::RType<49, 4, true>::plus ap_fixed_base<32, 9, false, (ap_q_mode)5, (ap_o_mode)3, 0>::operator+<49, 4, true, (ap_q_mode)5, (ap_o_mode)3, 0>(ap_fixed_base<49, 4, true, (ap_q_mode)5, (ap_o_mode)3, 0> const&) const' (C:/Xilinx/Vitis_HLS/2020.2/common/technology/autopilot\ap_fixed_base.h:1192:330)
INFO: [HLS 214-131] Inlining function 'ap_fixed<56, 11, (ap_q_mode)5, (ap_o_mode)3, 0>::ap_fixed<56, 11, true, (ap_q_mode)5, (ap_o_mode)3, 0>(ap_fixed_base<56, 11, true, (ap_q_mode)5, (ap_o_mode)3, 0> const&)' into 'ap_fixed_base<32, 9, false, (ap_q_mode)5, (ap_o_mode)3, 0>::RType<49, 4, true>::plus ap_fixed_base<32, 9, false, (ap_q_mode)5, (ap_o_mode)3, 0>::operator+<49, 4, true, (ap_q_mode)5, (ap_o_mode)3, 0>(ap_fixed_base<49, 4, true, (ap_q_mode)5, (ap_o_mode)3, 0> const&) const' (C:/Xilinx/Vitis_HLS/2020.2/common/technology/autopilot\ap_fixed_base.h:1192:382)
INFO: [HLS 214-131] Inlining function 'ap_fixed_base<56, 11, true, (ap_q_mode)5, (ap_o_mode)3, 0>::ap_fixed_base<49, 4, true, (ap_q_mode)5, (ap_o_mode)3, 0>(ap_fixed_base<49, 4, true, (ap_q_mode)5, (ap_o_mode)3, 0> const&)' into 'ap_fixed_base<32, 9, false, (ap_q_mode)5, (ap_o_mode)3, 0>::RType<49, 4, true>::plus ap_fixed_base<32, 9, false, (ap_q_mode)5, (ap_o_mode)3, 0>::operator+<49, 4, true, (ap_q_mode)5, (ap_o_mode)3, 0>(ap_fixed_base<49, 4, true, (ap_q_mode)5, (ap_o_mode)3, 0> const&) const' (C:/Xilinx/Vitis_HLS/2020.2/common/technology/autopilot\ap_fixed_base.h:1192:342)
INFO: [HLS 214-131] Inlining function 'ap_fixed_base<56, 11, true, (ap_q_mode)5, (ap_o_mode)3, 0>::operator!() const' into 'ap_fixed_base<32, 9, false, (ap_q_mode)5, (ap_o_mode)3, 0>& ap_fixed_base<32, 9, false, (ap_q_mode)5, (ap_o_mode)3, 0>::operator=<56, 11, true, (ap_q_mode)5, (ap_o_mode)3, 0>(ap_fixed_base<56, 11, true, (ap_q_mode)5, (ap_o_mode)3, 0> const&)' (C:/Xilinx/Vitis_HLS/2020.2/common/technology/autopilot\ap_fixed_base.h:698:9)
INFO: [HLS 214-131] Inlining function 'ap_fixed_base<32, 9, false, (ap_q_mode)5, (ap_o_mode)3, 0>::RType<49, 4, true>::plus ap_fixed_base<32, 9, false, (ap_q_mode)5, (ap_o_mode)3, 0>::operator+<49, 4, true, (ap_q_mode)5, (ap_o_mode)3, 0>(ap_fixed_base<49, 4, true, (ap_q_mode)5, (ap_o_mode)3, 0> const&) const' into 'ap_fixed_base<32, 9, false, (ap_q_mode)5, (ap_o_mode)3, 0>& ap_fixed_base<32, 9, false, (ap_q_mode)5, (ap_o_mode)3, 0>::operator+=<49, 4, true, (ap_q_mode)5, (ap_o_mode)3, 0>(ap_fixed_base<49, 4, true, (ap_q_mode)5, (ap_o_mode)3, 0> const&)' (C:/Xilinx/Vitis_HLS/2020.2/common/technology/autopilot\ap_fixed_base.h:1212:248)
INFO: [HLS 214-131] Inlining function 'ap_fixed_base<32, 9, false, (ap_q_mode)5, (ap_o_mode)3, 0>& ap_fixed_base<32, 9, false, (ap_q_mode)5, (ap_o_mode)3, 0>::operator=<56, 11, true, (ap_q_mode)5, (ap_o_mode)3, 0>(ap_fixed_base<56, 11, true, (ap_q_mode)5, (ap_o_mode)3, 0> const&)' into 'ap_fixed_base<32, 9, false, (ap_q_mode)5, (ap_o_mode)3, 0>& ap_fixed_base<32, 9, false, (ap_q_mode)5, (ap_o_mode)3, 0>::operator+=<49, 4, true, (ap_q_mode)5, (ap_o_mode)3, 0>(ap_fixed_base<49, 4, true, (ap_q_mode)5, (ap_o_mode)3, 0> const&)' (C:/Xilinx/Vitis_HLS/2020.2/common/technology/autopilot\ap_fixed_base.h:1212:246)
INFO: [HLS 214-131] Inlining function 'ap_fixed<81, 36, (ap_q_mode)5, (ap_o_mode)3, 0>::ap_fixed<81, 36, true, (ap_q_mode)5, (ap_o_mode)3, 0>(ap_fixed_base<81, 36, true, (ap_q_mode)5, (ap_o_mode)3, 0> const&)' into 'ap_fixed_base<49, 4, true, (ap_q_mode)5, (ap_o_mode)3, 0>::RType<32, 32, true>::mult ap_fixed_base<49, 4, true, (ap_q_mode)5, (ap_o_mode)3, 0>::operator*<32, 32, true, (ap_q_mode)5, (ap_o_mode)3, 0>(ap_fixed_base<32, 32, true, (ap_q_mode)5, (ap_o_mode)3, 0> const&) const' (C:/Xilinx/Vitis_HLS/2020.2/common/technology/autopilot\ap_fixed_base.h:1119:12)
INFO: [HLS 214-131] Inlining function 'ap_fixed_base<32, 32, true, (ap_q_mode)5, (ap_o_mode)3, 0>::ap_fixed_base(int)' into 'ap_fixed_base<49, 4, true, (ap_q_mode)5, (ap_o_mode)3, 0>::RType<($_0)32, ($_0)32, true>::mult operator*<49, 4, true, (ap_q_mode)5, (ap_o_mode)3, 0>(ap_fixed_base<49, 4, true, (ap_q_mode)5, (ap_o_mode)3, 0> const&, int)' (C:/Xilinx/Vitis_HLS/2020.2/common/technology/autopilot\ap_fixed_base.h:2221:1989)
INFO: [HLS 214-131] Inlining function 'ap_fixed_base<49, 4, true, (ap_q_mode)5, (ap_o_mode)3, 0>::RType<32, 32, true>::mult ap_fixed_base<49, 4, true, (ap_q_mode)5, (ap_o_mode)3, 0>::operator*<32, 32, true, (ap_q_mode)5, (ap_o_mode)3, 0>(ap_fixed_base<32, 32, true, (ap_q_mode)5, (ap_o_mode)3, 0> const&) const' into 'ap_fixed_base<49, 4, true, (ap_q_mode)5, (ap_o_mode)3, 0>::RType<($_0)32, ($_0)32, true>::mult operator*<49, 4, true, (ap_q_mode)5, (ap_o_mode)3, 0>(ap_fixed_base<49, 4, true, (ap_q_mode)5, (ap_o_mode)3, 0> const&, int)' (C:/Xilinx/Vitis_HLS/2020.2/common/technology/autopilot\ap_fixed_base.h:2221:1978)
INFO: [HLS 214-131] Inlining function 'ap_fixed_base<32, 9, false, (ap_q_mode)5, (ap_o_mode)3, 0>::operator!() const' into 'ap_fixed_base<82, 37, true, (ap_q_mode)5, (ap_o_mode)3, 0>& ap_fixed_base<82, 37, true, (ap_q_mode)5, (ap_o_mode)3, 0>::operator=<32, 9, false, (ap_q_mode)5, (ap_o_mode)3, 0>(ap_fixed_base<32, 9, false, (ap_q_mode)5, (ap_o_mode)3, 0> const&)' (C:/Xilinx/Vitis_HLS/2020.2/common/technology/autopilot\ap_fixed_base.h:698:9)
INFO: [HLS 214-131] Inlining function 'ap_fixed_base<82, 37, true, (ap_q_mode)5, (ap_o_mode)3, 0>& ap_fixed_base<82, 37, true, (ap_q_mode)5, (ap_o_mode)3, 0>::operator=<32, 9, false, (ap_q_mode)5, (ap_o_mode)3, 0>(ap_fixed_base<32, 9, false, (ap_q_mode)5, (ap_o_mode)3, 0> const&)' into 'ap_fixed_base<82, 37, true, (ap_q_mode)5, (ap_o_mode)3, 0>::ap_fixed_base<32, 9, false, (ap_q_mode)5, (ap_o_mode)3, 0>(ap_fixed_base<32, 9, false, (ap_q_mode)5, (ap_o_mode)3, 0> const&)' (C:/Xilinx/Vitis_HLS/2020.2/common/technology/autopilot\ap_fixed_base.h:431:5)
INFO: [HLS 214-131] Inlining function 'ap_fixed_base<81, 36, true, (ap_q_mode)5, (ap_o_mode)3, 0>::operator!() const' into 'ap_fixed_base<82, 37, true, (ap_q_mode)5, (ap_o_mode)3, 0>& ap_fixed_base<82, 37, true, (ap_q_mode)5, (ap_o_mode)3, 0>::operator=<81, 36, true, (ap_q_mode)5, (ap_o_mode)3, 0>(ap_fixed_base<81, 36, true, (ap_q_mode)5, (ap_o_mode)3, 0> const&)' (C:/Xilinx/Vitis_HLS/2020.2/common/technology/autopilot\ap_fixed_base.h:698:9)
INFO: [HLS 214-131] Inlining function 'ap_fixed_base<82, 37, true, (ap_q_mode)5, (ap_o_mode)3, 0>& ap_fixed_base<82, 37, true, (ap_q_mode)5, (ap_o_mode)3, 0>::operator=<81, 36, true, (ap_q_mode)5, (ap_o_mode)3, 0>(ap_fixed_base<81, 36, true, (ap_q_mode)5, (ap_o_mode)3, 0> const&)' into 'ap_fixed_base<82, 37, true, (ap_q_mode)5, (ap_o_mode)3, 0>::ap_fixed_base<81, 36, true, (ap_q_mode)5, (ap_o_mode)3, 0>(ap_fixed_base<81, 36, true, (ap_q_mode)5, (ap_o_mode)3, 0> const&)' (C:/Xilinx/Vitis_HLS/2020.2/common/technology/autopilot\ap_fixed_base.h:431:5)
INFO: [HLS 214-131] Inlining function 'ap_fixed_base<82, 37, true, (ap_q_mode)5, (ap_o_mode)3, 0>::ap_fixed_base<32, 9, false, (ap_q_mode)5, (ap_o_mode)3, 0>(ap_fixed_base<32, 9, false, (ap_q_mode)5, (ap_o_mode)3, 0> const&)' into 'ap_fixed_base<32, 9, false, (ap_q_mode)5, (ap_o_mode)3, 0>::RType<81, 36, true>::plus ap_fixed_base<32, 9, false, (ap_q_mode)5, (ap_o_mode)3, 0>::operator+<81, 36, true, (ap_q_mode)5, (ap_o_mode)3, 0>(ap_fixed_base<81, 36, true, (ap_q_mode)5, (ap_o_mode)3, 0> const&) const' (C:/Xilinx/Vitis_HLS/2020.2/common/technology/autopilot\ap_fixed_base.h:1192:330)
INFO: [HLS 214-131] Inlining function 'ap_fixed<82, 37, (ap_q_mode)5, (ap_o_mode)3, 0>::ap_fixed<82, 37, true, (ap_q_mode)5, (ap_o_mode)3, 0>(ap_fixed_base<82, 37, true, (ap_q_mode)5, (ap_o_mode)3, 0> const&)' into 'ap_fixed_base<32, 9, false, (ap_q_mode)5, (ap_o_mode)3, 0>::RType<81, 36, true>::plus ap_fixed_base<32, 9, false, (ap_q_mode)5, (ap_o_mode)3, 0>::operator+<81, 36, true, (ap_q_mode)5, (ap_o_mode)3, 0>(ap_fixed_base<81, 36, true, (ap_q_mode)5, (ap_o_mode)3, 0> const&) const' (C:/Xilinx/Vitis_HLS/2020.2/common/technology/autopilot\ap_fixed_base.h:1192:382)
INFO: [HLS 214-131] Inlining function 'ap_fixed_base<82, 37, true, (ap_q_mode)5, (ap_o_mode)3, 0>::ap_fixed_base<81, 36, true, (ap_q_mode)5, (ap_o_mode)3, 0>(ap_fixed_base<81, 36, true, (ap_q_mode)5, (ap_o_mode)3, 0> const&)' into 'ap_fixed_base<32, 9, false, (ap_q_mode)5, (ap_o_mode)3, 0>::RType<81, 36, true>::plus ap_fixed_base<32, 9, false, (ap_q_mode)5, (ap_o_mode)3, 0>::operator+<81, 36, true, (ap_q_mode)5, (ap_o_mode)3, 0>(ap_fixed_base<81, 36, true, (ap_q_mode)5, (ap_o_mode)3, 0> const&) const' (C:/Xilinx/Vitis_HLS/2020.2/common/technology/autopilot\ap_fixed_base.h:1192:342)
INFO: [HLS 214-131] Inlining function 'ap_fixed_base<82, 37, true, (ap_q_mode)5, (ap_o_mode)3, 0>::operator!() const' into 'ap_fixed_base<32, 9, false, (ap_q_mode)5, (ap_o_mode)3, 0>& ap_fixed_base<32, 9, false, (ap_q_mode)5, (ap_o_mode)3, 0>::operator=<82, 37, true, (ap_q_mode)5, (ap_o_mode)3, 0>(ap_fixed_base<82, 37, true, (ap_q_mode)5, (ap_o_mode)3, 0> const&)' (C:/Xilinx/Vitis_HLS/2020.2/common/technology/autopilot\ap_fixed_base.h:698:9)
INFO: [HLS 214-131] Inlining function 'ap_fixed_base<32, 9, false, (ap_q_mode)5, (ap_o_mode)3, 0>::RType<81, 36, true>::plus ap_fixed_base<32, 9, false, (ap_q_mode)5, (ap_o_mode)3, 0>::operator+<81, 36, true, (ap_q_mode)5, (ap_o_mode)3, 0>(ap_fixed_base<81, 36, true, (ap_q_mode)5, (ap_o_mode)3, 0> const&) const' into 'ap_fixed_base<32, 9, false, (ap_q_mode)5, (ap_o_mode)3, 0>& ap_fixed_base<32, 9, false, (ap_q_mode)5, (ap_o_mode)3, 0>::operator+=<81, 36, true, (ap_q_mode)5, (ap_o_mode)3, 0>(ap_fixed_base<81, 36, true, (ap_q_mode)5, (ap_o_mode)3, 0> const&)' (C:/Xilinx/Vitis_HLS/2020.2/common/technology/autopilot\ap_fixed_base.h:1212:248)
INFO: [HLS 214-131] Inlining function 'ap_fixed_base<32, 9, false, (ap_q_mode)5, (ap_o_mode)3, 0>& ap_fixed_base<32, 9, false, (ap_q_mode)5, (ap_o_mode)3, 0>::operator=<82, 37, true, (ap_q_mode)5, (ap_o_mode)3, 0>(ap_fixed_base<82, 37, true, (ap_q_mode)5, (ap_o_mode)3, 0> const&)' into 'ap_fixed_base<32, 9, false, (ap_q_mode)5, (ap_o_mode)3, 0>& ap_fixed_base<32, 9, false, (ap_q_mode)5, (ap_o_mode)3, 0>::operator+=<81, 36, true, (ap_q_mode)5, (ap_o_mode)3, 0>(ap_fixed_base<81, 36, true, (ap_q_mode)5, (ap_o_mode)3, 0> const&)' (C:/Xilinx/Vitis_HLS/2020.2/common/technology/autopilot\ap_fixed_base.h:1212:246)
INFO: [HLS 214-131] Inlining function 'ap_fixed_base<12, 2, true, (ap_q_mode)5, (ap_o_mode)3, 0>::operator!() const' into 'ap_fixed_base<18, 2, true, (ap_q_mode)5, (ap_o_mode)3, 0>& ap_fixed_base<18, 2, true, (ap_q_mode)5, (ap_o_mode)3, 0>::operator=<12, 2, true, (ap_q_mode)5, (ap_o_mode)3, 0>(ap_fixed_base<12, 2, true, (ap_q_mode)5, (ap_o_mode)3, 0> const&)' (C:/Xilinx/Vitis_HLS/2020.2/common/technology/autopilot\ap_fixed_base.h:698:9)
INFO: [HLS 214-131] Inlining function 'ap_fixed_base<18, 2, true, (ap_q_mode)5, (ap_o_mode)3, 0>& ap_fixed_base<18, 2, true, (ap_q_mode)5, (ap_o_mode)3, 0>::operator=<12, 2, true, (ap_q_mode)5, (ap_o_mode)3, 0>(ap_fixed_base<12, 2, true, (ap_q_mode)5, (ap_o_mode)3, 0> const&)' into 'ap_fixed_base<18, 2, true, (ap_q_mode)5, (ap_o_mode)3, 0>::ap_fixed_base<12, 2, true, (ap_q_mode)5, (ap_o_mode)3, 0>(ap_fixed_base<12, 2, true, (ap_q_mode)5, (ap_o_mode)3, 0> const&)' (C:/Xilinx/Vitis_HLS/2020.2/common/technology/autopilot\ap_fixed_base.h:431:5)
INFO: [HLS 214-131] Inlining function 'ap_fixed_base<18, 2, true, (ap_q_mode)5, (ap_o_mode)3, 0>::ap_fixed_base<12, 2, true, (ap_q_mode)5, (ap_o_mode)3, 0>(ap_fixed_base<12, 2, true, (ap_q_mode)5, (ap_o_mode)3, 0> const&)' into 'bool ap_fixed_base<18, 2, true, (ap_q_mode)5, (ap_o_mode)3, 0>::operator<<12, 2, true, (ap_q_mode)5, (ap_o_mode)3, 0>(ap_fixed_base<12, 2, true, (ap_q_mode)5, (ap_o_mode)3, 0> const&) const' (C:/Xilinx/Vitis_HLS/2020.2/common/technology/autopilot\ap_fixed_base.h:1495:367)
INFO: [HLS 214-131] Inlining function 'ap_fixed_base<18, 2, true, (ap_q_mode)5, (ap_o_mode)3, 0>::ap_fixed_base<12, 2, true, (ap_q_mode)5, (ap_o_mode)3, 0>(ap_fixed_base<12, 2, true, (ap_q_mode)5, (ap_o_mode)3, 0> const&)' into 'bool ap_fixed_base<18, 2, true, (ap_q_mode)5, (ap_o_mode)3, 0>::operator><12, 2, true, (ap_q_mode)5, (ap_o_mode)3, 0>(ap_fixed_base<12, 2, true, (ap_q_mode)5, (ap_o_mode)3, 0> const&) const' (C:/Xilinx/Vitis_HLS/2020.2/common/technology/autopilot\ap_fixed_base.h:1494:367)
INFO: [HLS 214-131] Inlining function 'ap_ufixed<32, 9, (ap_q_mode)5, (ap_o_mode)3, 0>::ap_ufixed(int)' into 'costFunction(ap_ufixed<32, 9, (ap_q_mode)5, (ap_o_mode)3, 0>*, ap_fixed<18, 2, (ap_q_mode)5, (ap_o_mode)3, 0>*, ap_fixed<18, 7, (ap_q_mode)5, (ap_o_mode)3, 0>*, ap_fixed<18, 7, (ap_q_mode)5, (ap_o_mode)3, 0>*, ap_fixed<18, 7, (ap_q_mode)5, (ap_o_mode)3, 0>*)' (MPCwithMADS_fxd/costFunction.cpp:7:27)
INFO: [HLS 214-131] Inlining function 'ap_ufixed<32, 9, (ap_q_mode)5, (ap_o_mode)3, 0>::ap_ufixed(int)' into 'costFunction(ap_ufixed<32, 9, (ap_q_mode)5, (ap_o_mode)3, 0>*, ap_fixed<18, 2, (ap_q_mode)5, (ap_o_mode)3, 0>*, ap_fixed<18, 7, (ap_q_mode)5, (ap_o_mode)3, 0>*, ap_fixed<18, 7, (ap_q_mode)5, (ap_o_mode)3, 0>*, ap_fixed<18, 7, (ap_q_mode)5, (ap_o_mode)3, 0>*)' (MPCwithMADS_fxd/costFunction.cpp:212:19)
INFO: [HLS 214-131] Inlining function 'bool ap_fixed_base<18, 2, true, (ap_q_mode)5, (ap_o_mode)3, 0>::operator><12, 2, true, (ap_q_mode)5, (ap_o_mode)3, 0>(ap_fixed_base<12, 2, true, (ap_q_mode)5, (ap_o_mode)3, 0> const&) const' into 'costFunction(ap_ufixed<32, 9, (ap_q_mode)5, (ap_o_mode)3, 0>*, ap_fixed<18, 2, (ap_q_mode)5, (ap_o_mode)3, 0>*, ap_fixed<18, 7, (ap_q_mode)5, (ap_o_mode)3, 0>*, ap_fixed<18, 7, (ap_q_mode)5, (ap_o_mode)3, 0>*, ap_fixed<18, 7, (ap_q_mode)5, (ap_o_mode)3, 0>*)' (MPCwithMADS_fxd/costFunction.cpp:211:38)
INFO: [HLS 214-131] Inlining function 'bool ap_fixed_base<18, 2, true, (ap_q_mode)5, (ap_o_mode)3, 0>::operator<<12, 2, true, (ap_q_mode)5, (ap_o_mode)3, 0>(ap_fixed_base<12, 2, true, (ap_q_mode)5, (ap_o_mode)3, 0> const&) const' into 'costFunction(ap_ufixed<32, 9, (ap_q_mode)5, (ap_o_mode)3, 0>*, ap_fixed<18, 2, (ap_q_mode)5, (ap_o_mode)3, 0>*, ap_fixed<18, 7, (ap_q_mode)5, (ap_o_mode)3, 0>*, ap_fixed<18, 7, (ap_q_mode)5, (ap_o_mode)3, 0>*, ap_fixed<18, 7, (ap_q_mode)5, (ap_o_mode)3, 0>*)' (MPCwithMADS_fxd/costFunction.cpp:211:17)
INFO: [HLS 214-131] Inlining function 'ap_fixed_base<32, 9, false, (ap_q_mode)5, (ap_o_mode)3, 0>& ap_fixed_base<32, 9, false, (ap_q_mode)5, (ap_o_mode)3, 0>::operator+=<81, 36, true, (ap_q_mode)5, (ap_o_mode)3, 0>(ap_fixed_base<81, 36, true, (ap_q_mode)5, (ap_o_mode)3, 0> const&)' into 'costFunction(ap_ufixed<32, 9, (ap_q_mode)5, (ap_o_mode)3, 0>*, ap_fixed<18, 2, (ap_q_mode)5, (ap_o_mode)3, 0>*, ap_fixed<18, 7, (ap_q_mode)5, (ap_o_mode)3, 0>*, ap_fixed<18, 7, (ap_q_mode)5, (ap_o_mode)3, 0>*, ap_fixed<18, 7, (ap_q_mode)5, (ap_o_mode)3, 0>*)' (MPCwithMADS_fxd/costFunction.cpp:208:15)
INFO: [HLS 214-131] Inlining function 'ap_fixed_base<49, 4, true, (ap_q_mode)5, (ap_o_mode)3, 0>::RType<($_0)32, ($_0)32, true>::mult operator*<49, 4, true, (ap_q_mode)5, (ap_o_mode)3, 0>(ap_fixed_base<49, 4, true, (ap_q_mode)5, (ap_o_mode)3, 0> const&, int)' into 'costFunction(ap_ufixed<32, 9, (ap_q_mode)5, (ap_o_mode)3, 0>*, ap_fixed<18, 2, (ap_q_mode)5, (ap_o_mode)3, 0>*, ap_fixed<18, 7, (ap_q_mode)5, (ap_o_mode)3, 0>*, ap_fixed<18, 7, (ap_q_mode)5, (ap_o_mode)3, 0>*, ap_fixed<18, 7, (ap_q_mode)5, (ap_o_mode)3, 0>*)' (MPCwithMADS_fxd/costFunction.cpp:208:34)
INFO: [HLS 214-131] Inlining function 'ap_fixed_base<36, 4, true, (ap_q_mode)5, (ap_o_mode)3, 0>::RType<13, 0, false>::mult ap_fixed_base<36, 4, true, (ap_q_mode)5, (ap_o_mode)3, 0>::operator*<13, 0, false, (ap_q_mode)5, (ap_o_mode)3, 0>(ap_fixed_base<13, 0, false, (ap_q_mode)5, (ap_o_mode)3, 0> const&) const' into 'costFunction(ap_ufixed<32, 9, (ap_q_mode)5, (ap_o_mode)3, 0>*, ap_fixed<18, 2, (ap_q_mode)5, (ap_o_mode)3, 0>*, ap_fixed<18, 7, (ap_q_mode)5, (ap_o_mode)3, 0>*, ap_fixed<18, 7, (ap_q_mode)5, (ap_o_mode)3, 0>*, ap_fixed<18, 7, (ap_q_mode)5, (ap_o_mode)3, 0>*)' (MPCwithMADS_fxd/costFunction.cpp:208:30)
INFO: [HLS 214-131] Inlining function 'ap_fixed_base<18, 2, true, (ap_q_mode)5, (ap_o_mode)3, 0>::RType<18, 2, true>::mult ap_fixed_base<18, 2, true, (ap_q_mode)5, (ap_o_mode)3, 0>::operator*<18, 2, true, (ap_q_mode)5, (ap_o_mode)3, 0>(ap_fixed_base<18, 2, true, (ap_q_mode)5, (ap_o_mode)3, 0> const&) const' into 'costFunction(ap_ufixed<32, 9, (ap_q_mode)5, (ap_o_mode)3, 0>*, ap_fixed<18, 2, (ap_q_mode)5, (ap_o_mode)3, 0>*, ap_fixed<18, 7, (ap_q_mode)5, (ap_o_mode)3, 0>*, ap_fixed<18, 7, (ap_q_mode)5, (ap_o_mode)3, 0>*, ap_fixed<18, 7, (ap_q_mode)5, (ap_o_mode)3, 0>*)' (MPCwithMADS_fxd/costFunction.cpp:208:23)
INFO: [HLS 214-131] Inlining function 'ap_fixed_base<32, 9, false, (ap_q_mode)5, (ap_o_mode)3, 0>& ap_fixed_base<32, 9, false, (ap_q_mode)5, (ap_o_mode)3, 0>::operator+=<39, 17, true, (ap_q_mode)5, (ap_o_mode)3, 0>(ap_fixed_base<39, 17, true, (ap_q_mode)5, (ap_o_mode)3, 0> const&)' into 'costFunction(ap_ufixed<32, 9, (ap_q_mode)5, (ap_o_mode)3, 0>*, ap_fixed<18, 2, (ap_q_mode)5, (ap_o_mode)3, 0>*, ap_fixed<18, 7, (ap_q_mode)5, (ap_o_mode)3, 0>*, ap_fixed<18, 7, (ap_q_mode)5, (ap_o_mode)3, 0>*, ap_fixed<18, 7, (ap_q_mode)5, (ap_o_mode)3, 0>*)' (MPCwithMADS_fxd/costFunction.cpp:175:16)
INFO: [HLS 214-131] Inlining function 'ap_fixed_base<36, 14, true, (ap_q_mode)5, (ap_o_mode)3, 0>::RType<3, 3, false>::mult ap_fixed_base<36, 14, true, (ap_q_mode)5, (ap_o_mode)3, 0>::operator*<3, 3, false, (ap_q_mode)5, (ap_o_mode)3, 0>(ap_fixed_base<3, 3, false, (ap_q_mode)5, (ap_o_mode)3, 0> const&) const' into 'costFunction(ap_ufixed<32, 9, (ap_q_mode)5, (ap_o_mode)3, 0>*, ap_fixed<18, 2, (ap_q_mode)5, (ap_o_mode)3, 0>*, ap_fixed<18, 7, (ap_q_mode)5, (ap_o_mode)3, 0>*, ap_fixed<18, 7, (ap_q_mode)5, (ap_o_mode)3, 0>*, ap_fixed<18, 7, (ap_q_mode)5, (ap_o_mode)3, 0>*)' (MPCwithMADS_fxd/costFunction.cpp:175:31)
INFO: [HLS 214-131] Inlining function 'ap_fixed_base<18, 7, true, (ap_q_mode)5, (ap_o_mode)3, 0>::RType<18, 7, true>::mult ap_fixed_base<18, 7, true, (ap_q_mode)5, (ap_o_mode)3, 0>::operator*<18, 7, true, (ap_q_mode)5, (ap_o_mode)3, 0>(ap_fixed_base<18, 7, true, (ap_q_mode)5, (ap_o_mode)3, 0> const&) const' into 'costFunction(ap_ufixed<32, 9, (ap_q_mode)5, (ap_o_mode)3, 0>*, ap_fixed<18, 2, (ap_q_mode)5, (ap_o_mode)3, 0>*, ap_fixed<18, 7, (ap_q_mode)5, (ap_o_mode)3, 0>*, ap_fixed<18, 7, (ap_q_mode)5, (ap_o_mode)3, 0>*, ap_fixed<18, 7, (ap_q_mode)5, (ap_o_mode)3, 0>*)' (MPCwithMADS_fxd/costFunction.cpp:175:24)
INFO: [HLS 214-131] Inlining function 'ap_fixed_base<32, 9, false, (ap_q_mode)5, (ap_o_mode)3, 0>& ap_fixed_base<32, 9, false, (ap_q_mode)5, (ap_o_mode)3, 0>::operator+=<39, 17, true, (ap_q_mode)5, (ap_o_mode)3, 0>(ap_fixed_base<39, 17, true, (ap_q_mode)5, (ap_o_mode)3, 0> const&)' into 'costFunction(ap_ufixed<32, 9, (ap_q_mode)5, (ap_o_mode)3, 0>*, ap_fixed<18, 2, (ap_q_mode)5, (ap_o_mode)3, 0>*, ap_fixed<18, 7, (ap_q_mode)5, (ap_o_mode)3, 0>*, ap_fixed<18, 7, (ap_q_mode)5, (ap_o_mode)3, 0>*, ap_fixed<18, 7, (ap_q_mode)5, (ap_o_mode)3, 0>*)' (MPCwithMADS_fxd/costFunction.cpp:174:16)
INFO: [HLS 214-131] Inlining function 'ap_fixed_base<36, 14, true, (ap_q_mode)5, (ap_o_mode)3, 0>::RType<3, 3, false>::mult ap_fixed_base<36, 14, true, (ap_q_mode)5, (ap_o_mode)3, 0>::operator*<3, 3, false, (ap_q_mode)5, (ap_o_mode)3, 0>(ap_fixed_base<3, 3, false, (ap_q_mode)5, (ap_o_mode)3, 0> const&) const' into 'costFunction(ap_ufixed<32, 9, (ap_q_mode)5, (ap_o_mode)3, 0>*, ap_fixed<18, 2, (ap_q_mode)5, (ap_o_mode)3, 0>*, ap_fixed<18, 7, (ap_q_mode)5, (ap_o_mode)3, 0>*, ap_fixed<18, 7, (ap_q_mode)5, (ap_o_mode)3, 0>*, ap_fixed<18, 7, (ap_q_mode)5, (ap_o_mode)3, 0>*)' (MPCwithMADS_fxd/costFunction.cpp:174:31)
INFO: [HLS 214-131] Inlining function 'ap_fixed_base<18, 7, true, (ap_q_mode)5, (ap_o_mode)3, 0>::RType<18, 7, true>::mult ap_fixed_base<18, 7, true, (ap_q_mode)5, (ap_o_mode)3, 0>::operator*<18, 7, true, (ap_q_mode)5, (ap_o_mode)3, 0>(ap_fixed_base<18, 7, true, (ap_q_mode)5, (ap_o_mode)3, 0> const&) const' into 'costFunction(ap_ufixed<32, 9, (ap_q_mode)5, (ap_o_mode)3, 0>*, ap_fixed<18, 2, (ap_q_mode)5, (ap_o_mode)3, 0>*, ap_fixed<18, 7, (ap_q_mode)5, (ap_o_mode)3, 0>*, ap_fixed<18, 7, (ap_q_mode)5, (ap_o_mode)3, 0>*, ap_fixed<18, 7, (ap_q_mode)5, (ap_o_mode)3, 0>*)' (MPCwithMADS_fxd/costFunction.cpp:174:24)
INFO: [HLS 214-131] Inlining function 'ap_fixed<18, 7, (ap_q_mode)5, (ap_o_mode)3, 0>::ap_fixed<19, 8, true, (ap_q_mode)5, (ap_o_mode)3, 0>(ap_fixed_base<19, 8, true, (ap_q_mode)5, (ap_o_mode)3, 0> const&)' into 'costFunction(ap_ufixed<32, 9, (ap_q_mode)5, (ap_o_mode)3, 0>*, ap_fixed<18, 2, (ap_q_mode)5, (ap_o_mode)3, 0>*, ap_fixed<18, 7, (ap_q_mode)5, (ap_o_mode)3, 0>*, ap_fixed<18, 7, (ap_q_mode)5, (ap_o_mode)3, 0>*, ap_fixed<18, 7, (ap_q_mode)5, (ap_o_mode)3, 0>*)' (MPCwithMADS_fxd/costFunction.cpp:173:10)
INFO: [HLS 214-131] Inlining function 'ap_fixed_base<18, 7, true, (ap_q_mode)5, (ap_o_mode)3, 0>::RType<18, 7, true>::minus ap_fixed_base<18, 7, true, (ap_q_mode)5, (ap_o_mode)3, 0>::operator-<18, 7, true, (ap_q_mode)5, (ap_o_mode)3, 0>(ap_fixed_base<18, 7, true, (ap_q_mode)5, (ap_o_mode)3, 0> const&) const' into 'costFunction(ap_ufixed<32, 9, (ap_q_mode)5, (ap_o_mode)3, 0>*, ap_fixed<18, 2, (ap_q_mode)5, (ap_o_mode)3, 0>*, ap_fixed<18, 7, (ap_q_mode)5, (ap_o_mode)3, 0>*, ap_fixed<18, 7, (ap_q_mode)5, (ap_o_mode)3, 0>*, ap_fixed<18, 7, (ap_q_mode)5, (ap_o_mode)3, 0>*)' (MPCwithMADS_fxd/costFunction.cpp:173:21)
INFO: [HLS 214-131] Inlining function 'ap_fixed<18, 7, (ap_q_mode)5, (ap_o_mode)3, 0>::ap_fixed<19, 8, true, (ap_q_mode)5, (ap_o_mode)3, 0>(ap_fixed_base<19, 8, true, (ap_q_mode)5, (ap_o_mode)3, 0> const&)' into 'costFunction(ap_ufixed<32, 9, (ap_q_mode)5, (ap_o_mode)3, 0>*, ap_fixed<18, 2, (ap_q_mode)5, (ap_o_mode)3, 0>*, ap_fixed<18, 7, (ap_q_mode)5, (ap_o_mode)3, 0>*, ap_fixed<18, 7, (ap_q_mode)5, (ap_o_mode)3, 0>*, ap_fixed<18, 7, (ap_q_mode)5, (ap_o_mode)3, 0>*)' (MPCwithMADS_fxd/costFunction.cpp:172:10)
INFO: [HLS 214-131] Inlining function 'ap_fixed_base<18, 7, true, (ap_q_mode)5, (ap_o_mode)3, 0>::RType<18, 7, true>::minus ap_fixed_base<18, 7, true, (ap_q_mode)5, (ap_o_mode)3, 0>::operator-<18, 7, true, (ap_q_mode)5, (ap_o_mode)3, 0>(ap_fixed_base<18, 7, true, (ap_q_mode)5, (ap_o_mode)3, 0> const&) const' into 'costFunction(ap_ufixed<32, 9, (ap_q_mode)5, (ap_o_mode)3, 0>*, ap_fixed<18, 2, (ap_q_mode)5, (ap_o_mode)3, 0>*, ap_fixed<18, 7, (ap_q_mode)5, (ap_o_mode)3, 0>*, ap_fixed<18, 7, (ap_q_mode)5, (ap_o_mode)3, 0>*, ap_fixed<18, 7, (ap_q_mode)5, (ap_o_mode)3, 0>*)' (MPCwithMADS_fxd/costFunction.cpp:172:19)
INFO: [HLS 214-131] Inlining function 'ap_fixed<18, 7, (ap_q_mode)5, (ap_o_mode)3, 0>::ap_fixed<19, 8, true, (ap_q_mode)5, (ap_o_mode)3, 0>(ap_fixed_base<19, 8, true, (ap_q_mode)5, (ap_o_mode)3, 0> const&)' into 'costFunction(ap_ufixed<32, 9, (ap_q_mode)5, (ap_o_mode)3, 0>*, ap_fixed<18, 2, (ap_q_mode)5, (ap_o_mode)3, 0>*, ap_fixed<18, 7, (ap_q_mode)5, (ap_o_mode)3, 0>*, ap_fixed<18, 7, (ap_q_mode)5, (ap_o_mode)3, 0>*, ap_fixed<18, 7, (ap_q_mode)5, (ap_o_mode)3, 0>*)' (MPCwithMADS_fxd/costFunction.cpp:169:16)
INFO: [HLS 214-131] Inlining function 'ap_fixed_base<19, 8, true, (ap_q_mode)5, (ap_o_mode)3, 0>::operator>>(int) const' into 'costFunction(ap_ufixed<32, 9, (ap_q_mode)5, (ap_o_mode)3, 0>*, ap_fixed<18, 2, (ap_q_mode)5, (ap_o_mode)3, 0>*, ap_fixed<18, 7, (ap_q_mode)5, (ap_o_mode)3, 0>*, ap_fixed<18, 7, (ap_q_mode)5, (ap_o_mode)3, 0>*, ap_fixed<18, 7, (ap_q_mode)5, (ap_o_mode)3, 0>*)' (MPCwithMADS_fxd/costFunction.cpp:169:45)
INFO: [HLS 214-131] Inlining function 'ap_fixed_base<18, 7, true, (ap_q_mode)5, (ap_o_mode)3, 0>::RType<18, 7, true>::plus ap_fixed_base<18, 7, true, (ap_q_mode)5, (ap_o_mode)3, 0>::operator+<18, 7, true, (ap_q_mode)5, (ap_o_mode)3, 0>(ap_fixed_base<18, 7, true, (ap_q_mode)5, (ap_o_mode)3, 0> const&) const' into 'costFunction(ap_ufixed<32, 9, (ap_q_mode)5, (ap_o_mode)3, 0>*, ap_fixed<18, 2, (ap_q_mode)5, (ap_o_mode)3, 0>*, ap_fixed<18, 7, (ap_q_mode)5, (ap_o_mode)3, 0>*, ap_fixed<18, 7, (ap_q_mode)5, (ap_o_mode)3, 0>*, ap_fixed<18, 7, (ap_q_mode)5, (ap_o_mode)3, 0>*)' (MPCwithMADS_fxd/costFunction.cpp:169:29)
INFO: [HLS 214-131] Inlining function 'ap_fixed<18, 7, (ap_q_mode)5, (ap_o_mode)3, 0>::ap_fixed<19, 8, true, (ap_q_mode)5, (ap_o_mode)3, 0>(ap_fixed_base<19, 8, true, (ap_q_mode)5, (ap_o_mode)3, 0> const&)' into 'costFunction(ap_ufixed<32, 9, (ap_q_mode)5, (ap_o_mode)3, 0>*, ap_fixed<18, 2, (ap_q_mode)5, (ap_o_mode)3, 0>*, ap_fixed<18, 7, (ap_q_mode)5, (ap_o_mode)3, 0>*, ap_fixed<18, 7, (ap_q_mode)5, (ap_o_mode)3, 0>*, ap_fixed<18, 7, (ap_q_mode)5, (ap_o_mode)3, 0>*)' (MPCwithMADS_fxd/costFunction.cpp:168:14)
INFO: [HLS 214-131] Inlining function 'ap_fixed_base<19, 8, true, (ap_q_mode)5, (ap_o_mode)3, 0>::operator>>(int) const' into 'costFunction(ap_ufixed<32, 9, (ap_q_mode)5, (ap_o_mode)3, 0>*, ap_fixed<18, 2, (ap_q_mode)5, (ap_o_mode)3, 0>*, ap_fixed<18, 7, (ap_q_mode)5, (ap_o_mode)3, 0>*, ap_fixed<18, 7, (ap_q_mode)5, (ap_o_mode)3, 0>*, ap_fixed<18, 7, (ap_q_mode)5, (ap_o_mode)3, 0>*)' (MPCwithMADS_fxd/costFunction.cpp:168:39)
INFO: [HLS 214-131] Inlining function 'ap_fixed_base<18, 7, true, (ap_q_mode)5, (ap_o_mode)3, 0>::RType<18, 7, true>::plus ap_fixed_base<18, 7, true, (ap_q_mode)5, (ap_o_mode)3, 0>::operator+<18, 7, true, (ap_q_mode)5, (ap_o_mode)3, 0>(ap_fixed_base<18, 7, true, (ap_q_mode)5, (ap_o_mode)3, 0> const&) const' into 'costFunction(ap_ufixed<32, 9, (ap_q_mode)5, (ap_o_mode)3, 0>*, ap_fixed<18, 2, (ap_q_mode)5, (ap_o_mode)3, 0>*, ap_fixed<18, 7, (ap_q_mode)5, (ap_o_mode)3, 0>*, ap_fixed<18, 7, (ap_q_mode)5, (ap_o_mode)3, 0>*, ap_fixed<18, 7, (ap_q_mode)5, (ap_o_mode)3, 0>*)' (MPCwithMADS_fxd/costFunction.cpp:168:25)
INFO: [HLS 214-131] Inlining function 'ap_fixed<18, 7, (ap_q_mode)5, (ap_o_mode)3, 0>::ap_fixed<38, 12, true, (ap_q_mode)5, (ap_o_mode)3, 0>(ap_fixed_base<38, 12, true, (ap_q_mode)5, (ap_o_mode)3, 0> const&)' into 'costFunction(ap_ufixed<32, 9, (ap_q_mode)5, (ap_o_mode)3, 0>*, ap_fixed<18, 2, (ap_q_mode)5, (ap_o_mode)3, 0>*, ap_fixed<18, 7, (ap_q_mode)5, (ap_o_mode)3, 0>*, ap_fixed<18, 7, (ap_q_mode)5, (ap_o_mode)3, 0>*, ap_fixed<18, 7, (ap_q_mode)5, (ap_o_mode)3, 0>*)' (MPCwithMADS_fxd/costFunction.cpp:167:18)
INFO: [HLS 214-131] Inlining function 'ap_fixed_base<37, 11, true, (ap_q_mode)5, (ap_o_mode)3, 0>::RType<18, 3, true>::plus ap_fixed_base<37, 11, true, (ap_q_mode)5, (ap_o_mode)3, 0>::operator+<18, 3, true, (ap_q_mode)5, (ap_o_mode)3, 0>(ap_fixed_base<18, 3, true, (ap_q_mode)5, (ap_o_mode)3, 0> const&) const' into 'costFunction(ap_ufixed<32, 9, (ap_q_mode)5, (ap_o_mode)3, 0>*, ap_fixed<18, 2, (ap_q_mode)5, (ap_o_mode)3, 0>*, ap_fixed<18, 7, (ap_q_mode)5, (ap_o_mode)3, 0>*, ap_fixed<18, 7, (ap_q_mode)5, (ap_o_mode)3, 0>*, ap_fixed<18, 7, (ap_q_mode)5, (ap_o_mode)3, 0>*)' (MPCwithMADS_fxd/costFunction.cpp:167:68)
INFO: [HLS 214-131] Inlining function 'ap_fixed_base<36, 10, true, (ap_q_mode)5, (ap_o_mode)3, 0>::RType<36, 10, true>::plus ap_fixed_base<36, 10, true, (ap_q_mode)5, (ap_o_mode)3, 0>::operator+<36, 10, true, (ap_q_mode)5, (ap_o_mode)3, 0>(ap_fixed_base<36, 10, true, (ap_q_mode)5, (ap_o_mode)3, 0> const&) const' into 'costFunction(ap_ufixed<32, 9, (ap_q_mode)5, (ap_o_mode)3, 0>*, ap_fixed<18, 2, (ap_q_mode)5, (ap_o_mode)3, 0>*, ap_fixed<18, 7, (ap_q_mode)5, (ap_o_mode)3, 0>*, ap_fixed<18, 7, (ap_q_mode)5, (ap_o_mode)3, 0>*, ap_fixed<18, 7, (ap_q_mode)5, (ap_o_mode)3, 0>*)' (MPCwithMADS_fxd/costFunction.cpp:167:41)
INFO: [HLS 214-131] Inlining function 'ap_fixed_base<18, 3, true, (ap_q_mode)5, (ap_o_mode)3, 0>::RType<18, 7, true>::mult ap_fixed_base<18, 3, true, (ap_q_mode)5, (ap_o_mode)3, 0>::operator*<18, 7, true, (ap_q_mode)5, (ap_o_mode)3, 0>(ap_fixed_base<18, 7, true, (ap_q_mode)5, (ap_o_mode)3, 0> const&) const' into 'costFunction(ap_ufixed<32, 9, (ap_q_mode)5, (ap_o_mode)3, 0>*, ap_fixed<18, 2, (ap_q_mode)5, (ap_o_mode)3, 0>*, ap_fixed<18, 7, (ap_q_mode)5, (ap_o_mode)3, 0>*, ap_fixed<18, 7, (ap_q_mode)5, (ap_o_mode)3, 0>*, ap_fixed<18, 7, (ap_q_mode)5, (ap_o_mode)3, 0>*)' (MPCwithMADS_fxd/costFunction.cpp:167:56)
INFO: [HLS 214-131] Inlining function 'ap_fixed_base<18, 3, true, (ap_q_mode)5, (ap_o_mode)3, 0>::RType<18, 7, true>::mult ap_fixed_base<18, 3, true, (ap_q_mode)5, (ap_o_mode)3, 0>::operator*<18, 7, true, (ap_q_mode)5, (ap_o_mode)3, 0>(ap_fixed_base<18, 7, true, (ap_q_mode)5, (ap_o_mode)3, 0> const&) const' into 'costFunction(ap_ufixed<32, 9, (ap_q_mode)5, (ap_o_mode)3, 0>*, ap_fixed<18, 2, (ap_q_mode)5, (ap_o_mode)3, 0>*, ap_fixed<18, 7, (ap_q_mode)5, (ap_o_mode)3, 0>*, ap_fixed<18, 7, (ap_q_mode)5, (ap_o_mode)3, 0>*, ap_fixed<18, 7, (ap_q_mode)5, (ap_o_mode)3, 0>*)' (MPCwithMADS_fxd/costFunction.cpp:167:31)
INFO: [HLS 214-131] Inlining function 'ap_fixed<18, 7, (ap_q_mode)5, (ap_o_mode)3, 0>::ap_fixed<38, 12, true, (ap_q_mode)5, (ap_o_mode)3, 0>(ap_fixed_base<38, 12, true, (ap_q_mode)5, (ap_o_mode)3, 0> const&)' into 'costFunction(ap_ufixed<32, 9, (ap_q_mode)5, (ap_o_mode)3, 0>*, ap_fixed<18, 2, (ap_q_mode)5, (ap_o_mode)3, 0>*, ap_fixed<18, 7, (ap_q_mode)5, (ap_o_mode)3, 0>*, ap_fixed<18, 7, (ap_q_mode)5, (ap_o_mode)3, 0>*, ap_fixed<18, 7, (ap_q_mode)5, (ap_o_mode)3, 0>*)' (MPCwithMADS_fxd/costFunction.cpp:166:16)
INFO: [HLS 214-131] Inlining function 'ap_fixed_base<37, 11, true, (ap_q_mode)5, (ap_o_mode)3, 0>::RType<18, 3, true>::plus ap_fixed_base<37, 11, true, (ap_q_mode)5, (ap_o_mode)3, 0>::operator+<18, 3, true, (ap_q_mode)5, (ap_o_mode)3, 0>(ap_fixed_base<18, 3, true, (ap_q_mode)5, (ap_o_mode)3, 0> const&) const' into 'costFunction(ap_ufixed<32, 9, (ap_q_mode)5, (ap_o_mode)3, 0>*, ap_fixed<18, 2, (ap_q_mode)5, (ap_o_mode)3, 0>*, ap_fixed<18, 7, (ap_q_mode)5, (ap_o_mode)3, 0>*, ap_fixed<18, 7, (ap_q_mode)5, (ap_o_mode)3, 0>*, ap_fixed<18, 7, (ap_q_mode)5, (ap_o_mode)3, 0>*)' (MPCwithMADS_fxd/costFunction.cpp:166:66)
INFO: [HLS 214-131] Inlining function 'ap_fixed_base<36, 10, true, (ap_q_mode)5, (ap_o_mode)3, 0>::RType<36, 10, true>::plus ap_fixed_base<36, 10, true, (ap_q_mode)5, (ap_o_mode)3, 0>::operator+<36, 10, true, (ap_q_mode)5, (ap_o_mode)3, 0>(ap_fixed_base<36, 10, true, (ap_q_mode)5, (ap_o_mode)3, 0> const&) const' into 'costFunction(ap_ufixed<32, 9, (ap_q_mode)5, (ap_o_mode)3, 0>*, ap_fixed<18, 2, (ap_q_mode)5, (ap_o_mode)3, 0>*, ap_fixed<18, 7, (ap_q_mode)5, (ap_o_mode)3, 0>*, ap_fixed<18, 7, (ap_q_mode)5, (ap_o_mode)3, 0>*, ap_fixed<18, 7, (ap_q_mode)5, (ap_o_mode)3, 0>*)' (MPCwithMADS_fxd/costFunction.cpp:166:39)
INFO: [HLS 214-131] Inlining function 'ap_fixed_base<18, 3, true, (ap_q_mode)5, (ap_o_mode)3, 0>::RType<18, 7, true>::mult ap_fixed_base<18, 3, true, (ap_q_mode)5, (ap_o_mode)3, 0>::operator*<18, 7, true, (ap_q_mode)5, (ap_o_mode)3, 0>(ap_fixed_base<18, 7, true, (ap_q_mode)5, (ap_o_mode)3, 0> const&) const' into 'costFunction(ap_ufixed<32, 9, (ap_q_mode)5, (ap_o_mode)3, 0>*, ap_fixed<18, 2, (ap_q_mode)5, (ap_o_mode)3, 0>*, ap_fixed<18, 7, (ap_q_mode)5, (ap_o_mode)3, 0>*, ap_fixed<18, 7, (ap_q_mode)5, (ap_o_mode)3, 0>*, ap_fixed<18, 7, (ap_q_mode)5, (ap_o_mode)3, 0>*)' (MPCwithMADS_fxd/costFunction.cpp:166:54)
INFO: [HLS 214-131] Inlining function 'ap_fixed_base<18, 3, true, (ap_q_mode)5, (ap_o_mode)3, 0>::RType<18, 7, true>::mult ap_fixed_base<18, 3, true, (ap_q_mode)5, (ap_o_mode)3, 0>::operator*<18, 7, true, (ap_q_mode)5, (ap_o_mode)3, 0>(ap_fixed_base<18, 7, true, (ap_q_mode)5, (ap_o_mode)3, 0> const&) const' into 'costFunction(ap_ufixed<32, 9, (ap_q_mode)5, (ap_o_mode)3, 0>*, ap_fixed<18, 2, (ap_q_mode)5, (ap_o_mode)3, 0>*, ap_fixed<18, 7, (ap_q_mode)5, (ap_o_mode)3, 0>*, ap_fixed<18, 7, (ap_q_mode)5, (ap_o_mode)3, 0>*, ap_fixed<18, 7, (ap_q_mode)5, (ap_o_mode)3, 0>*)' (MPCwithMADS_fxd/costFunction.cpp:166:29)
INFO: [HLS 214-131] Inlining function 'ap_fixed<18, 7, (ap_q_mode)5, (ap_o_mode)3, 0>::ap_fixed<36, 10, true, (ap_q_mode)5, (ap_o_mode)3, 0>(ap_fixed_base<36, 10, true, (ap_q_mode)5, (ap_o_mode)3, 0> const&)' into 'costFunction(ap_ufixed<32, 9, (ap_q_mode)5, (ap_o_mode)3, 0>*, ap_fixed<18, 2, (ap_q_mode)5, (ap_o_mode)3, 0>*, ap_fixed<18, 7, (ap_q_mode)5, (ap_o_mode)3, 0>*, ap_fixed<18, 7, (ap_q_mode)5, (ap_o_mode)3, 0>*, ap_fixed<18, 7, (ap_q_mode)5, (ap_o_mode)3, 0>*)' (MPCwithMADS_fxd/costFunction.cpp:165:16)
INFO: [HLS 214-131] Inlining function 'ap_fixed_base<18, 3, true, (ap_q_mode)5, (ap_o_mode)3, 0>::RType<18, 7, true>::mult ap_fixed_base<18, 3, true, (ap_q_mode)5, (ap_o_mode)3, 0>::operator*<18, 7, true, (ap_q_mode)5, (ap_o_mode)3, 0>(ap_fixed_base<18, 7, true, (ap_q_mode)5, (ap_o_mode)3, 0> const&) const' into 'costFunction(ap_ufixed<32, 9, (ap_q_mode)5, (ap_o_mode)3, 0>*, ap_fixed<18, 2, (ap_q_mode)5, (ap_o_mode)3, 0>*, ap_fixed<18, 7, (ap_q_mode)5, (ap_o_mode)3, 0>*, ap_fixed<18, 7, (ap_q_mode)5, (ap_o_mode)3, 0>*, ap_fixed<18, 7, (ap_q_mode)5, (ap_o_mode)3, 0>*)' (MPCwithMADS_fxd/costFunction.cpp:165:29)
INFO: [HLS 214-131] Inlining function 'ap_fixed<18, 7, (ap_q_mode)5, (ap_o_mode)3, 0>::ap_fixed<37, 11, true, (ap_q_mode)5, (ap_o_mode)3, 0>(ap_fixed_base<37, 11, true, (ap_q_mode)5, (ap_o_mode)3, 0> const&)' into 'costFunction(ap_ufixed<32, 9, (ap_q_mode)5, (ap_o_mode)3, 0>*, ap_fixed<18, 2, (ap_q_mode)5, (ap_o_mode)3, 0>*, ap_fixed<18, 7, (ap_q_mode)5, (ap_o_mode)3, 0>*, ap_fixed<18, 7, (ap_q_mode)5, (ap_o_mode)3, 0>*, ap_fixed<18, 7, (ap_q_mode)5, (ap_o_mode)3, 0>*)' (MPCwithMADS_fxd/costFunction.cpp:164:13)
INFO: [HLS 214-131] Inlining function 'ap_fixed_base<36, 10, true, (ap_q_mode)5, (ap_o_mode)3, 0>::RType<18, 3, true>::plus ap_fixed_base<36, 10, true, (ap_q_mode)5, (ap_o_mode)3, 0>::operator+<18, 3, true, (ap_q_mode)5, (ap_o_mode)3, 0>(ap_fixed_base<18, 3, true, (ap_q_mode)5, (ap_o_mode)3, 0> const&) const' into 'costFunction(ap_ufixed<32, 9, (ap_q_mode)5, (ap_o_mode)3, 0>*, ap_fixed<18, 2, (ap_q_mode)5, (ap_o_mode)3, 0>*, ap_fixed<18, 7, (ap_q_mode)5, (ap_o_mode)3, 0>*, ap_fixed<18, 7, (ap_q_mode)5, (ap_o_mode)3, 0>*, ap_fixed<18, 7, (ap_q_mode)5, (ap_o_mode)3, 0>*)' (MPCwithMADS_fxd/costFunction.cpp:164:36)
INFO: [HLS 214-131] Inlining function 'ap_fixed_base<18, 3, true, (ap_q_mode)5, (ap_o_mode)3, 0>::RType<18, 7, true>::mult ap_fixed_base<18, 3, true, (ap_q_mode)5, (ap_o_mode)3, 0>::operator*<18, 7, true, (ap_q_mode)5, (ap_o_mode)3, 0>(ap_fixed_base<18, 7, true, (ap_q_mode)5, (ap_o_mode)3, 0> const&) const' into 'costFunction(ap_ufixed<32, 9, (ap_q_mode)5, (ap_o_mode)3, 0>*, ap_fixed<18, 2, (ap_q_mode)5, (ap_o_mode)3, 0>*, ap_fixed<18, 7, (ap_q_mode)5, (ap_o_mode)3, 0>*, ap_fixed<18, 7, (ap_q_mode)5, (ap_o_mode)3, 0>*, ap_fixed<18, 7, (ap_q_mode)5, (ap_o_mode)3, 0>*)' (MPCwithMADS_fxd/costFunction.cpp:164:26)
INFO: [HLS 214-131] Inlining function 'ap_fixed_base<32, 9, false, (ap_q_mode)5, (ap_o_mode)3, 0>& ap_fixed_base<32, 9, false, (ap_q_mode)5, (ap_o_mode)3, 0>::operator+=<49, 4, true, (ap_q_mode)5, (ap_o_mode)3, 0>(ap_fixed_base<49, 4, true, (ap_q_mode)5, (ap_o_mode)3, 0> const&)' into 'costFunction(ap_ufixed<32, 9, (ap_q_mode)5, (ap_o_mode)3, 0>*, ap_fixed<18, 2, (ap_q_mode)5, (ap_o_mode)3, 0>*, ap_fixed<18, 7, (ap_q_mode)5, (ap_o_mode)3, 0>*, ap_fixed<18, 7, (ap_q_mode)5, (ap_o_mode)3, 0>*, ap_fixed<18, 7, (ap_q_mode)5, (ap_o_mode)3, 0>*)' (MPCwithMADS_fxd/costFunction.cpp:145:16)
INFO: [HLS 214-131] Inlining function 'ap_fixed_base<36, 4, true, (ap_q_mode)5, (ap_o_mode)3, 0>::RType<13, 0, false>::mult ap_fixed_base<36, 4, true, (ap_q_mode)5, (ap_o_mode)3, 0>::operator*<13, 0, false, (ap_q_mode)5, (ap_o_mode)3, 0>(ap_fixed_base<13, 0, false, (ap_q_mode)5, (ap_o_mode)3, 0> const&) const' into 'costFunction(ap_ufixed<32, 9, (ap_q_mode)5, (ap_o_mode)3, 0>*, ap_fixed<18, 2, (ap_q_mode)5, (ap_o_mode)3, 0>*, ap_fixed<18, 7, (ap_q_mode)5, (ap_o_mode)3, 0>*, ap_fixed<18, 7, (ap_q_mode)5, (ap_o_mode)3, 0>*, ap_fixed<18, 7, (ap_q_mode)5, (ap_o_mode)3, 0>*)' (MPCwithMADS_fxd/costFunction.cpp:145:31)
INFO: [HLS 214-131] Inlining function 'ap_fixed_base<18, 2, true, (ap_q_mode)5, (ap_o_mode)3, 0>::RType<18, 2, true>::mult ap_fixed_base<18, 2, true, (ap_q_mode)5, (ap_o_mode)3, 0>::operator*<18, 2, true, (ap_q_mode)5, (ap_o_mode)3, 0>(ap_fixed_base<18, 2, true, (ap_q_mode)5, (ap_o_mode)3, 0> const&) const' into 'costFunction(ap_ufixed<32, 9, (ap_q_mode)5, (ap_o_mode)3, 0>*, ap_fixed<18, 2, (ap_q_mode)5, (ap_o_mode)3, 0>*, ap_fixed<18, 7, (ap_q_mode)5, (ap_o_mode)3, 0>*, ap_fixed<18, 7, (ap_q_mode)5, (ap_o_mode)3, 0>*, ap_fixed<18, 7, (ap_q_mode)5, (ap_o_mode)3, 0>*)' (MPCwithMADS_fxd/costFunction.cpp:145:24)
INFO: [HLS 214-131] Inlining function 'ap_fixed_base<32, 9, false, (ap_q_mode)5, (ap_o_mode)3, 0>& ap_fixed_base<32, 9, false, (ap_q_mode)5, (ap_o_mode)3, 0>::operator+=<39, 17, true, (ap_q_mode)5, (ap_o_mode)3, 0>(ap_fixed_base<39, 17, true, (ap_q_mode)5, (ap_o_mode)3, 0> const&)' into 'costFunction(ap_ufixed<32, 9, (ap_q_mode)5, (ap_o_mode)3, 0>*, ap_fixed<18, 2, (ap_q_mode)5, (ap_o_mode)3, 0>*, ap_fixed<18, 7, (ap_q_mode)5, (ap_o_mode)3, 0>*, ap_fixed<18, 7, (ap_q_mode)5, (ap_o_mode)3, 0>*, ap_fixed<18, 7, (ap_q_mode)5, (ap_o_mode)3, 0>*)' (MPCwithMADS_fxd/costFunction.cpp:144:16)
INFO: [HLS 214-131] Inlining function 'ap_fixed_base<36, 14, true, (ap_q_mode)5, (ap_o_mode)3, 0>::RType<3, 3, false>::mult ap_fixed_base<36, 14, true, (ap_q_mode)5, (ap_o_mode)3, 0>::operator*<3, 3, false, (ap_q_mode)5, (ap_o_mode)3, 0>(ap_fixed_base<3, 3, false, (ap_q_mode)5, (ap_o_mode)3, 0> const&) const' into 'costFunction(ap_ufixed<32, 9, (ap_q_mode)5, (ap_o_mode)3, 0>*, ap_fixed<18, 2, (ap_q_mode)5, (ap_o_mode)3, 0>*, ap_fixed<18, 7, (ap_q_mode)5, (ap_o_mode)3, 0>*, ap_fixed<18, 7, (ap_q_mode)5, (ap_o_mode)3, 0>*, ap_fixed<18, 7, (ap_q_mode)5, (ap_o_mode)3, 0>*)' (MPCwithMADS_fxd/costFunction.cpp:144:31)
INFO: [HLS 214-131] Inlining function 'ap_fixed_base<18, 7, true, (ap_q_mode)5, (ap_o_mode)3, 0>::RType<18, 7, true>::mult ap_fixed_base<18, 7, true, (ap_q_mode)5, (ap_o_mode)3, 0>::operator*<18, 7, true, (ap_q_mode)5, (ap_o_mode)3, 0>(ap_fixed_base<18, 7, true, (ap_q_mode)5, (ap_o_mode)3, 0> const&) const' into 'costFunction(ap_ufixed<32, 9, (ap_q_mode)5, (ap_o_mode)3, 0>*, ap_fixed<18, 2, (ap_q_mode)5, (ap_o_mode)3, 0>*, ap_fixed<18, 7, (ap_q_mode)5, (ap_o_mode)3, 0>*, ap_fixed<18, 7, (ap_q_mode)5, (ap_o_mode)3, 0>*, ap_fixed<18, 7, (ap_q_mode)5, (ap_o_mode)3, 0>*)' (MPCwithMADS_fxd/costFunction.cpp:144:24)
INFO: [HLS 214-131] Inlining function 'ap_fixed_base<32, 9, false, (ap_q_mode)5, (ap_o_mode)3, 0>& ap_fixed_base<32, 9, false, (ap_q_mode)5, (ap_o_mode)3, 0>::operator+=<39, 17, true, (ap_q_mode)5, (ap_o_mode)3, 0>(ap_fixed_base<39, 17, true, (ap_q_mode)5, (ap_o_mode)3, 0> const&)' into 'costFunction(ap_ufixed<32, 9, (ap_q_mode)5, (ap_o_mode)3, 0>*, ap_fixed<18, 2, (ap_q_mode)5, (ap_o_mode)3, 0>*, ap_fixed<18, 7, (ap_q_mode)5, (ap_o_mode)3, 0>*, ap_fixed<18, 7, (ap_q_mode)5, (ap_o_mode)3, 0>*, ap_fixed<18, 7, (ap_q_mode)5, (ap_o_mode)3, 0>*)' (MPCwithMADS_fxd/costFunction.cpp:143:16)
INFO: [HLS 214-131] Inlining function 'ap_fixed_base<36, 14, true, (ap_q_mode)5, (ap_o_mode)3, 0>::RType<3, 3, false>::mult ap_fixed_base<36, 14, true, (ap_q_mode)5, (ap_o_mode)3, 0>::operator*<3, 3, false, (ap_q_mode)5, (ap_o_mode)3, 0>(ap_fixed_base<3, 3, false, (ap_q_mode)5, (ap_o_mode)3, 0> const&) const' into 'costFunction(ap_ufixed<32, 9, (ap_q_mode)5, (ap_o_mode)3, 0>*, ap_fixed<18, 2, (ap_q_mode)5, (ap_o_mode)3, 0>*, ap_fixed<18, 7, (ap_q_mode)5, (ap_o_mode)3, 0>*, ap_fixed<18, 7, (ap_q_mode)5, (ap_o_mode)3, 0>*, ap_fixed<18, 7, (ap_q_mode)5, (ap_o_mode)3, 0>*)' (MPCwithMADS_fxd/costFunction.cpp:143:31)
INFO: [HLS 214-131] Inlining function 'ap_fixed_base<18, 7, true, (ap_q_mode)5, (ap_o_mode)3, 0>::RType<18, 7, true>::mult ap_fixed_base<18, 7, true, (ap_q_mode)5, (ap_o_mode)3, 0>::operator*<18, 7, true, (ap_q_mode)5, (ap_o_mode)3, 0>(ap_fixed_base<18, 7, true, (ap_q_mode)5, (ap_o_mode)3, 0> const&) const' into 'costFunction(ap_ufixed<32, 9, (ap_q_mode)5, (ap_o_mode)3, 0>*, ap_fixed<18, 2, (ap_q_mode)5, (ap_o_mode)3, 0>*, ap_fixed<18, 7, (ap_q_mode)5, (ap_o_mode)3, 0>*, ap_fixed<18, 7, (ap_q_mode)5, (ap_o_mode)3, 0>*, ap_fixed<18, 7, (ap_q_mode)5, (ap_o_mode)3, 0>*)' (MPCwithMADS_fxd/costFunction.cpp:143:24)
INFO: [HLS 214-131] Inlining function 'ap_fixed<18, 2, (ap_q_mode)5, (ap_o_mode)3, 0>::ap_fixed<19, 3, true, (ap_q_mode)5, (ap_o_mode)3, 0>(ap_fixed_base<19, 3, true, (ap_q_mode)5, (ap_o_mode)3, 0> const&)' into 'costFunction(ap_ufixed<32, 9, (ap_q_mode)5, (ap_o_mode)3, 0>*, ap_fixed<18, 2, (ap_q_mode)5, (ap_o_mode)3, 0>*, ap_fixed<18, 7, (ap_q_mode)5, (ap_o_mode)3, 0>*, ap_fixed<18, 7, (ap_q_mode)5, (ap_o_mode)3, 0>*, ap_fixed<18, 7, (ap_q_mode)5, (ap_o_mode)3, 0>*)' (MPCwithMADS_fxd/costFunction.cpp:142:10)
INFO: [HLS 214-131] Inlining function 'ap_fixed_base<18, 2, true, (ap_q_mode)5, (ap_o_mode)3, 0>::RType<18, 2, true>::minus ap_fixed_base<18, 2, true, (ap_q_mode)5, (ap_o_mode)3, 0>::operator-<18, 2, true, (ap_q_mode)5, (ap_o_mode)3, 0>(ap_fixed_base<18, 2, true, (ap_q_mode)5, (ap_o_mode)3, 0> const&) const' into 'costFunction(ap_ufixed<32, 9, (ap_q_mode)5, (ap_o_mode)3, 0>*, ap_fixed<18, 2, (ap_q_mode)5, (ap_o_mode)3, 0>*, ap_fixed<18, 7, (ap_q_mode)5, (ap_o_mode)3, 0>*, ap_fixed<18, 7, (ap_q_mode)5, (ap_o_mode)3, 0>*, ap_fixed<18, 7, (ap_q_mode)5, (ap_o_mode)3, 0>*)' (MPCwithMADS_fxd/costFunction.cpp:142:19)
INFO: [HLS 214-131] Inlining function 'ap_fixed<18, 7, (ap_q_mode)5, (ap_o_mode)3, 0>::ap_fixed<19, 8, true, (ap_q_mode)5, (ap_o_mode)3, 0>(ap_fixed_base<19, 8, true, (ap_q_mode)5, (ap_o_mode)3, 0> const&)' into 'costFunction(ap_ufixed<32, 9, (ap_q_mode)5, (ap_o_mode)3, 0>*, ap_fixed<18, 2, (ap_q_mode)5, (ap_o_mode)3, 0>*, ap_fixed<18, 7, (ap_q_mode)5, (ap_o_mode)3, 0>*, ap_fixed<18, 7, (ap_q_mode)5, (ap_o_mode)3, 0>*, ap_fixed<18, 7, (ap_q_mode)5, (ap_o_mode)3, 0>*)' (MPCwithMADS_fxd/costFunction.cpp:141:10)
INFO: [HLS 214-131] Inlining function 'ap_fixed_base<18, 7, true, (ap_q_mode)5, (ap_o_mode)3, 0>::RType<18, 7, true>::minus ap_fixed_base<18, 7, true, (ap_q_mode)5, (ap_o_mode)3, 0>::operator-<18, 7, true, (ap_q_mode)5, (ap_o_mode)3, 0>(ap_fixed_base<18, 7, true, (ap_q_mode)5, (ap_o_mode)3, 0> const&) const' into 'costFunction(ap_ufixed<32, 9, (ap_q_mode)5, (ap_o_mode)3, 0>*, ap_fixed<18, 2, (ap_q_mode)5, (ap_o_mode)3, 0>*, ap_fixed<18, 7, (ap_q_mode)5, (ap_o_mode)3, 0>*, ap_fixed<18, 7, (ap_q_mode)5, (ap_o_mode)3, 0>*, ap_fixed<18, 7, (ap_q_mode)5, (ap_o_mode)3, 0>*)' (MPCwithMADS_fxd/costFunction.cpp:141:21)
INFO: [HLS 214-131] Inlining function 'ap_fixed<18, 7, (ap_q_mode)5, (ap_o_mode)3, 0>::ap_fixed<19, 8, true, (ap_q_mode)5, (ap_o_mode)3, 0>(ap_fixed_base<19, 8, true, (ap_q_mode)5, (ap_o_mode)3, 0> const&)' into 'costFunction(ap_ufixed<32, 9, (ap_q_mode)5, (ap_o_mode)3, 0>*, ap_fixed<18, 2, (ap_q_mode)5, (ap_o_mode)3, 0>*, ap_fixed<18, 7, (ap_q_mode)5, (ap_o_mode)3, 0>*, ap_fixed<18, 7, (ap_q_mode)5, (ap_o_mode)3, 0>*, ap_fixed<18, 7, (ap_q_mode)5, (ap_o_mode)3, 0>*)' (MPCwithMADS_fxd/costFunction.cpp:140:10)
INFO: [HLS 214-131] Inlining function 'ap_fixed_base<18, 7, true, (ap_q_mode)5, (ap_o_mode)3, 0>::RType<18, 7, true>::minus ap_fixed_base<18, 7, true, (ap_q_mode)5, (ap_o_mode)3, 0>::operator-<18, 7, true, (ap_q_mode)5, (ap_o_mode)3, 0>(ap_fixed_base<18, 7, true, (ap_q_mode)5, (ap_o_mode)3, 0> const&) const' into 'costFunction(ap_ufixed<32, 9, (ap_q_mode)5, (ap_o_mode)3, 0>*, ap_fixed<18, 2, (ap_q_mode)5, (ap_o_mode)3, 0>*, ap_fixed<18, 7, (ap_q_mode)5, (ap_o_mode)3, 0>*, ap_fixed<18, 7, (ap_q_mode)5, (ap_o_mode)3, 0>*, ap_fixed<18, 7, (ap_q_mode)5, (ap_o_mode)3, 0>*)' (MPCwithMADS_fxd/costFunction.cpp:140:19)
INFO: [HLS 214-131] Inlining function 'ap_fixed<18, 7, (ap_q_mode)5, (ap_o_mode)3, 0>::ap_fixed<19, 8, true, (ap_q_mode)5, (ap_o_mode)3, 0>(ap_fixed_base<19, 8, true, (ap_q_mode)5, (ap_o_mode)3, 0> const&)' into 'costFunction(ap_ufixed<32, 9, (ap_q_mode)5, (ap_o_mode)3, 0>*, ap_fixed<18, 2, (ap_q_mode)5, (ap_o_mode)3, 0>*, ap_fixed<18, 7, (ap_q_mode)5, (ap_o_mode)3, 0>*, ap_fixed<18, 7, (ap_q_mode)5, (ap_o_mode)3, 0>*, ap_fixed<18, 7, (ap_q_mode)5, (ap_o_mode)3, 0>*)' (MPCwithMADS_fxd/costFunction.cpp:137:16)
INFO: [HLS 214-131] Inlining function 'ap_fixed_base<19, 8, true, (ap_q_mode)5, (ap_o_mode)3, 0>::operator>>(int) const' into 'costFunction(ap_ufixed<32, 9, (ap_q_mode)5, (ap_o_mode)3, 0>*, ap_fixed<18, 2, (ap_q_mode)5, (ap_o_mode)3, 0>*, ap_fixed<18, 7, (ap_q_mode)5, (ap_o_mode)3, 0>*, ap_fixed<18, 7, (ap_q_mode)5, (ap_o_mode)3, 0>*, ap_fixed<18, 7, (ap_q_mode)5, (ap_o_mode)3, 0>*)' (MPCwithMADS_fxd/costFunction.cpp:137:45)
INFO: [HLS 214-131] Inlining function 'ap_fixed_base<18, 7, true, (ap_q_mode)5, (ap_o_mode)3, 0>::RType<18, 7, true>::plus ap_fixed_base<18, 7, true, (ap_q_mode)5, (ap_o_mode)3, 0>::operator+<18, 7, true, (ap_q_mode)5, (ap_o_mode)3, 0>(ap_fixed_base<18, 7, true, (ap_q_mode)5, (ap_o_mode)3, 0> const&) const' into 'costFunction(ap_ufixed<32, 9, (ap_q_mode)5, (ap_o_mode)3, 0>*, ap_fixed<18, 2, (ap_q_mode)5, (ap_o_mode)3, 0>*, ap_fixed<18, 7, (ap_q_mode)5, (ap_o_mode)3, 0>*, ap_fixed<18, 7, (ap_q_mode)5, (ap_o_mode)3, 0>*, ap_fixed<18, 7, (ap_q_mode)5, (ap_o_mode)3, 0>*)' (MPCwithMADS_fxd/costFunction.cpp:137:29)
INFO: [HLS 214-131] Inlining function 'ap_fixed<18, 7, (ap_q_mode)5, (ap_o_mode)3, 0>::ap_fixed<19, 8, true, (ap_q_mode)5, (ap_o_mode)3, 0>(ap_fixed_base<19, 8, true, (ap_q_mode)5, (ap_o_mode)3, 0> const&)' into 'costFunction(ap_ufixed<32, 9, (ap_q_mode)5, (ap_o_mode)3, 0>*, ap_fixed<18, 2, (ap_q_mode)5, (ap_o_mode)3, 0>*, ap_fixed<18, 7, (ap_q_mode)5, (ap_o_mode)3, 0>*, ap_fixed<18, 7, (ap_q_mode)5, (ap_o_mode)3, 0>*, ap_fixed<18, 7, (ap_q_mode)5, (ap_o_mode)3, 0>*)' (MPCwithMADS_fxd/costFunction.cpp:136:14)
INFO: [HLS 214-131] Inlining function 'ap_fixed_base<19, 8, true, (ap_q_mode)5, (ap_o_mode)3, 0>::operator>>(int) const' into 'costFunction(ap_ufixed<32, 9, (ap_q_mode)5, (ap_o_mode)3, 0>*, ap_fixed<18, 2, (ap_q_mode)5, (ap_o_mode)3, 0>*, ap_fixed<18, 7, (ap_q_mode)5, (ap_o_mode)3, 0>*, ap_fixed<18, 7, (ap_q_mode)5, (ap_o_mode)3, 0>*, ap_fixed<18, 7, (ap_q_mode)5, (ap_o_mode)3, 0>*)' (MPCwithMADS_fxd/costFunction.cpp:136:39)
INFO: [HLS 214-131] Inlining function 'ap_fixed_base<18, 7, true, (ap_q_mode)5, (ap_o_mode)3, 0>::RType<18, 7, true>::plus ap_fixed_base<18, 7, true, (ap_q_mode)5, (ap_o_mode)3, 0>::operator+<18, 7, true, (ap_q_mode)5, (ap_o_mode)3, 0>(ap_fixed_base<18, 7, true, (ap_q_mode)5, (ap_o_mode)3, 0> const&) const' into 'costFunction(ap_ufixed<32, 9, (ap_q_mode)5, (ap_o_mode)3, 0>*, ap_fixed<18, 2, (ap_q_mode)5, (ap_o_mode)3, 0>*, ap_fixed<18, 7, (ap_q_mode)5, (ap_o_mode)3, 0>*, ap_fixed<18, 7, (ap_q_mode)5, (ap_o_mode)3, 0>*, ap_fixed<18, 7, (ap_q_mode)5, (ap_o_mode)3, 0>*)' (MPCwithMADS_fxd/costFunction.cpp:136:25)
INFO: [HLS 214-131] Inlining function 'ap_fixed<18, 7, (ap_q_mode)5, (ap_o_mode)3, 0>::ap_fixed<38, 12, true, (ap_q_mode)5, (ap_o_mode)3, 0>(ap_fixed_base<38, 12, true, (ap_q_mode)5, (ap_o_mode)3, 0> const&)' into 'costFunction(ap_ufixed<32, 9, (ap_q_mode)5, (ap_o_mode)3, 0>*, ap_fixed<18, 2, (ap_q_mode)5, (ap_o_mode)3, 0>*, ap_fixed<18, 7, (ap_q_mode)5, (ap_o_mode)3, 0>*, ap_fixed<18, 7, (ap_q_mode)5, (ap_o_mode)3, 0>*, ap_fixed<18, 7, (ap_q_mode)5, (ap_o_mode)3, 0>*)' (MPCwithMADS_fxd/costFunction.cpp:135:18)
INFO: [HLS 214-131] Inlining function 'ap_fixed_base<37, 11, true, (ap_q_mode)5, (ap_o_mode)3, 0>::RType<18, 3, true>::plus ap_fixed_base<37, 11, true, (ap_q_mode)5, (ap_o_mode)3, 0>::operator+<18, 3, true, (ap_q_mode)5, (ap_o_mode)3, 0>(ap_fixed_base<18, 3, true, (ap_q_mode)5, (ap_o_mode)3, 0> const&) const' into 'costFunction(ap_ufixed<32, 9, (ap_q_mode)5, (ap_o_mode)3, 0>*, ap_fixed<18, 2, (ap_q_mode)5, (ap_o_mode)3, 0>*, ap_fixed<18, 7, (ap_q_mode)5, (ap_o_mode)3, 0>*, ap_fixed<18, 7, (ap_q_mode)5, (ap_o_mode)3, 0>*, ap_fixed<18, 7, (ap_q_mode)5, (ap_o_mode)3, 0>*)' (MPCwithMADS_fxd/costFunction.cpp:135:68)
INFO: [HLS 214-131] Inlining function 'ap_fixed_base<36, 10, true, (ap_q_mode)5, (ap_o_mode)3, 0>::RType<36, 10, true>::plus ap_fixed_base<36, 10, true, (ap_q_mode)5, (ap_o_mode)3, 0>::operator+<36, 10, true, (ap_q_mode)5, (ap_o_mode)3, 0>(ap_fixed_base<36, 10, true, (ap_q_mode)5, (ap_o_mode)3, 0> const&) const' into 'costFunction(ap_ufixed<32, 9, (ap_q_mode)5, (ap_o_mode)3, 0>*, ap_fixed<18, 2, (ap_q_mode)5, (ap_o_mode)3, 0>*, ap_fixed<18, 7, (ap_q_mode)5, (ap_o_mode)3, 0>*, ap_fixed<18, 7, (ap_q_mode)5, (ap_o_mode)3, 0>*, ap_fixed<18, 7, (ap_q_mode)5, (ap_o_mode)3, 0>*)' (MPCwithMADS_fxd/costFunction.cpp:135:41)
INFO: [HLS 214-131] Inlining function 'ap_fixed_base<18, 3, true, (ap_q_mode)5, (ap_o_mode)3, 0>::RType<18, 7, true>::mult ap_fixed_base<18, 3, true, (ap_q_mode)5, (ap_o_mode)3, 0>::operator*<18, 7, true, (ap_q_mode)5, (ap_o_mode)3, 0>(ap_fixed_base<18, 7, true, (ap_q_mode)5, (ap_o_mode)3, 0> const&) const' into 'costFunction(ap_ufixed<32, 9, (ap_q_mode)5, (ap_o_mode)3, 0>*, ap_fixed<18, 2, (ap_q_mode)5, (ap_o_mode)3, 0>*, ap_fixed<18, 7, (ap_q_mode)5, (ap_o_mode)3, 0>*, ap_fixed<18, 7, (ap_q_mode)5, (ap_o_mode)3, 0>*, ap_fixed<18, 7, (ap_q_mode)5, (ap_o_mode)3, 0>*)' (MPCwithMADS_fxd/costFunction.cpp:135:56)
INFO: [HLS 214-131] Inlining function 'ap_fixed_base<18, 3, true, (ap_q_mode)5, (ap_o_mode)3, 0>::RType<18, 7, true>::mult ap_fixed_base<18, 3, true, (ap_q_mode)5, (ap_o_mode)3, 0>::operator*<18, 7, true, (ap_q_mode)5, (ap_o_mode)3, 0>(ap_fixed_base<18, 7, true, (ap_q_mode)5, (ap_o_mode)3, 0> const&) const' into 'costFunction(ap_ufixed<32, 9, (ap_q_mode)5, (ap_o_mode)3, 0>*, ap_fixed<18, 2, (ap_q_mode)5, (ap_o_mode)3, 0>*, ap_fixed<18, 7, (ap_q_mode)5, (ap_o_mode)3, 0>*, ap_fixed<18, 7, (ap_q_mode)5, (ap_o_mode)3, 0>*, ap_fixed<18, 7, (ap_q_mode)5, (ap_o_mode)3, 0>*)' (MPCwithMADS_fxd/costFunction.cpp:135:31)
INFO: [HLS 214-131] Inlining function 'ap_fixed<18, 7, (ap_q_mode)5, (ap_o_mode)3, 0>::ap_fixed<38, 12, true, (ap_q_mode)5, (ap_o_mode)3, 0>(ap_fixed_base<38, 12, true, (ap_q_mode)5, (ap_o_mode)3, 0> const&)' into 'costFunction(ap_ufixed<32, 9, (ap_q_mode)5, (ap_o_mode)3, 0>*, ap_fixed<18, 2, (ap_q_mode)5, (ap_o_mode)3, 0>*, ap_fixed<18, 7, (ap_q_mode)5, (ap_o_mode)3, 0>*, ap_fixed<18, 7, (ap_q_mode)5, (ap_o_mode)3, 0>*, ap_fixed<18, 7, (ap_q_mode)5, (ap_o_mode)3, 0>*)' (MPCwithMADS_fxd/costFunction.cpp:134:16)
INFO: [HLS 214-131] Inlining function 'ap_fixed_base<37, 11, true, (ap_q_mode)5, (ap_o_mode)3, 0>::RType<18, 3, true>::plus ap_fixed_base<37, 11, true, (ap_q_mode)5, (ap_o_mode)3, 0>::operator+<18, 3, true, (ap_q_mode)5, (ap_o_mode)3, 0>(ap_fixed_base<18, 3, true, (ap_q_mode)5, (ap_o_mode)3, 0> const&) const' into 'costFunction(ap_ufixed<32, 9, (ap_q_mode)5, (ap_o_mode)3, 0>*, ap_fixed<18, 2, (ap_q_mode)5, (ap_o_mode)3, 0>*, ap_fixed<18, 7, (ap_q_mode)5, (ap_o_mode)3, 0>*, ap_fixed<18, 7, (ap_q_mode)5, (ap_o_mode)3, 0>*, ap_fixed<18, 7, (ap_q_mode)5, (ap_o_mode)3, 0>*)' (MPCwithMADS_fxd/costFunction.cpp:134:66)
INFO: [HLS 214-131] Inlining function 'ap_fixed_base<36, 10, true, (ap_q_mode)5, (ap_o_mode)3, 0>::RType<36, 10, true>::plus ap_fixed_base<36, 10, true, (ap_q_mode)5, (ap_o_mode)3, 0>::operator+<36, 10, true, (ap_q_mode)5, (ap_o_mode)3, 0>(ap_fixed_base<36, 10, true, (ap_q_mode)5, (ap_o_mode)3, 0> const&) const' into 'costFunction(ap_ufixed<32, 9, (ap_q_mode)5, (ap_o_mode)3, 0>*, ap_fixed<18, 2, (ap_q_mode)5, (ap_o_mode)3, 0>*, ap_fixed<18, 7, (ap_q_mode)5, (ap_o_mode)3, 0>*, ap_fixed<18, 7, (ap_q_mode)5, (ap_o_mode)3, 0>*, ap_fixed<18, 7, (ap_q_mode)5, (ap_o_mode)3, 0>*)' (MPCwithMADS_fxd/costFunction.cpp:134:39)
INFO: [HLS 214-131] Inlining function 'ap_fixed_base<18, 3, true, (ap_q_mode)5, (ap_o_mode)3, 0>::RType<18, 7, true>::mult ap_fixed_base<18, 3, true, (ap_q_mode)5, (ap_o_mode)3, 0>::operator*<18, 7, true, (ap_q_mode)5, (ap_o_mode)3, 0>(ap_fixed_base<18, 7, true, (ap_q_mode)5, (ap_o_mode)3, 0> const&) const' into 'costFunction(ap_ufixed<32, 9, (ap_q_mode)5, (ap_o_mode)3, 0>*, ap_fixed<18, 2, (ap_q_mode)5, (ap_o_mode)3, 0>*, ap_fixed<18, 7, (ap_q_mode)5, (ap_o_mode)3, 0>*, ap_fixed<18, 7, (ap_q_mode)5, (ap_o_mode)3, 0>*, ap_fixed<18, 7, (ap_q_mode)5, (ap_o_mode)3, 0>*)' (MPCwithMADS_fxd/costFunction.cpp:134:54)
INFO: [HLS 214-131] Inlining function 'ap_fixed_base<18, 3, true, (ap_q_mode)5, (ap_o_mode)3, 0>::RType<18, 7, true>::mult ap_fixed_base<18, 3, true, (ap_q_mode)5, (ap_o_mode)3, 0>::operator*<18, 7, true, (ap_q_mode)5, (ap_o_mode)3, 0>(ap_fixed_base<18, 7, true, (ap_q_mode)5, (ap_o_mode)3, 0> const&) const' into 'costFunction(ap_ufixed<32, 9, (ap_q_mode)5, (ap_o_mode)3, 0>*, ap_fixed<18, 2, (ap_q_mode)5, (ap_o_mode)3, 0>*, ap_fixed<18, 7, (ap_q_mode)5, (ap_o_mode)3, 0>*, ap_fixed<18, 7, (ap_q_mode)5, (ap_o_mode)3, 0>*, ap_fixed<18, 7, (ap_q_mode)5, (ap_o_mode)3, 0>*)' (MPCwithMADS_fxd/costFunction.cpp:134:29)
INFO: [HLS 214-131] Inlining function 'ap_fixed<18, 7, (ap_q_mode)5, (ap_o_mode)3, 0>::ap_fixed<36, 10, true, (ap_q_mode)5, (ap_o_mode)3, 0>(ap_fixed_base<36, 10, true, (ap_q_mode)5, (ap_o_mode)3, 0> const&)' into 'costFunction(ap_ufixed<32, 9, (ap_q_mode)5, (ap_o_mode)3, 0>*, ap_fixed<18, 2, (ap_q_mode)5, (ap_o_mode)3, 0>*, ap_fixed<18, 7, (ap_q_mode)5, (ap_o_mode)3, 0>*, ap_fixed<18, 7, (ap_q_mode)5, (ap_o_mode)3, 0>*, ap_fixed<18, 7, (ap_q_mode)5, (ap_o_mode)3, 0>*)' (MPCwithMADS_fxd/costFunction.cpp:133:16)
INFO: [HLS 214-131] Inlining function 'ap_fixed_base<18, 3, true, (ap_q_mode)5, (ap_o_mode)3, 0>::RType<18, 7, true>::mult ap_fixed_base<18, 3, true, (ap_q_mode)5, (ap_o_mode)3, 0>::operator*<18, 7, true, (ap_q_mode)5, (ap_o_mode)3, 0>(ap_fixed_base<18, 7, true, (ap_q_mode)5, (ap_o_mode)3, 0> const&) const' into 'costFunction(ap_ufixed<32, 9, (ap_q_mode)5, (ap_o_mode)3, 0>*, ap_fixed<18, 2, (ap_q_mode)5, (ap_o_mode)3, 0>*, ap_fixed<18, 7, (ap_q_mode)5, (ap_o_mode)3, 0>*, ap_fixed<18, 7, (ap_q_mode)5, (ap_o_mode)3, 0>*, ap_fixed<18, 7, (ap_q_mode)5, (ap_o_mode)3, 0>*)' (MPCwithMADS_fxd/costFunction.cpp:133:29)
INFO: [HLS 214-131] Inlining function 'ap_fixed<18, 7, (ap_q_mode)5, (ap_o_mode)3, 0>::ap_fixed<37, 11, true, (ap_q_mode)5, (ap_o_mode)3, 0>(ap_fixed_base<37, 11, true, (ap_q_mode)5, (ap_o_mode)3, 0> const&)' into 'costFunction(ap_ufixed<32, 9, (ap_q_mode)5, (ap_o_mode)3, 0>*, ap_fixed<18, 2, (ap_q_mode)5, (ap_o_mode)3, 0>*, ap_fixed<18, 7, (ap_q_mode)5, (ap_o_mode)3, 0>*, ap_fixed<18, 7, (ap_q_mode)5, (ap_o_mode)3, 0>*, ap_fixed<18, 7, (ap_q_mode)5, (ap_o_mode)3, 0>*)' (MPCwithMADS_fxd/costFunction.cpp:132:14)
INFO: [HLS 214-131] Inlining function 'ap_fixed_base<36, 10, true, (ap_q_mode)5, (ap_o_mode)3, 0>::RType<18, 3, true>::plus ap_fixed_base<36, 10, true, (ap_q_mode)5, (ap_o_mode)3, 0>::operator+<18, 3, true, (ap_q_mode)5, (ap_o_mode)3, 0>(ap_fixed_base<18, 3, true, (ap_q_mode)5, (ap_o_mode)3, 0> const&) const' into 'costFunction(ap_ufixed<32, 9, (ap_q_mode)5, (ap_o_mode)3, 0>*, ap_fixed<18, 2, (ap_q_mode)5, (ap_o_mode)3, 0>*, ap_fixed<18, 7, (ap_q_mode)5, (ap_o_mode)3, 0>*, ap_fixed<18, 7, (ap_q_mode)5, (ap_o_mode)3, 0>*, ap_fixed<18, 7, (ap_q_mode)5, (ap_o_mode)3, 0>*)' (MPCwithMADS_fxd/costFunction.cpp:132:37)
INFO: [HLS 214-131] Inlining function 'ap_fixed_base<18, 3, true, (ap_q_mode)5, (ap_o_mode)3, 0>::RType<18, 7, true>::mult ap_fixed_base<18, 3, true, (ap_q_mode)5, (ap_o_mode)3, 0>::operator*<18, 7, true, (ap_q_mode)5, (ap_o_mode)3, 0>(ap_fixed_base<18, 7, true, (ap_q_mode)5, (ap_o_mode)3, 0> const&) const' into 'costFunction(ap_ufixed<32, 9, (ap_q_mode)5, (ap_o_mode)3, 0>*, ap_fixed<18, 2, (ap_q_mode)5, (ap_o_mode)3, 0>*, ap_fixed<18, 7, (ap_q_mode)5, (ap_o_mode)3, 0>*, ap_fixed<18, 7, (ap_q_mode)5, (ap_o_mode)3, 0>*, ap_fixed<18, 7, (ap_q_mode)5, (ap_o_mode)3, 0>*)' (MPCwithMADS_fxd/costFunction.cpp:132:27)
INFO: [HLS 214-131] Inlining function 'ap_fixed<18, 3, (ap_q_mode)5, (ap_o_mode)3, 0>::ap_fixed<36, 5, true, (ap_q_mode)5, (ap_o_mode)3, 0>(ap_fixed_base<36, 5, true, (ap_q_mode)5, (ap_o_mode)3, 0> const&)' into 'costFunction(ap_ufixed<32, 9, (ap_q_mode)5, (ap_o_mode)3, 0>*, ap_fixed<18, 2, (ap_q_mode)5, (ap_o_mode)3, 0>*, ap_fixed<18, 7, (ap_q_mode)5, (ap_o_mode)3, 0>*, ap_fixed<18, 7, (ap_q_mode)5, (ap_o_mode)3, 0>*, ap_fixed<18, 7, (ap_q_mode)5, (ap_o_mode)3, 0>*)' (MPCwithMADS_fxd/costFunction.cpp:129:16)
INFO: [HLS 214-131] Inlining function 'ap_fixed_base<18, 3, true, (ap_q_mode)5, (ap_o_mode)3, 0>::RType<18, 2, true>::mult ap_fixed_base<18, 3, true, (ap_q_mode)5, (ap_o_mode)3, 0>::operator*<18, 2, true, (ap_q_mode)5, (ap_o_mode)3, 0>(ap_fixed_base<18, 2, true, (ap_q_mode)5, (ap_o_mode)3, 0> const&) const' into 'costFunction(ap_ufixed<32, 9, (ap_q_mode)5, (ap_o_mode)3, 0>*, ap_fixed<18, 2, (ap_q_mode)5, (ap_o_mode)3, 0>*, ap_fixed<18, 7, (ap_q_mode)5, (ap_o_mode)3, 0>*, ap_fixed<18, 7, (ap_q_mode)5, (ap_o_mode)3, 0>*, ap_fixed<18, 7, (ap_q_mode)5, (ap_o_mode)3, 0>*)' (MPCwithMADS_fxd/costFunction.cpp:129:20)
INFO: [HLS 214-131] Inlining function 'ap_fixed<18, 3, (ap_q_mode)5, (ap_o_mode)3, 0>::ap_fixed<36, 5, true, (ap_q_mode)5, (ap_o_mode)3, 0>(ap_fixed_base<36, 5, true, (ap_q_mode)5, (ap_o_mode)3, 0> const&)' into 'costFunction(ap_ufixed<32, 9, (ap_q_mode)5, (ap_o_mode)3, 0>*, ap_fixed<18, 2, (ap_q_mode)5, (ap_o_mode)3, 0>*, ap_fixed<18, 7, (ap_q_mode)5, (ap_o_mode)3, 0>*, ap_fixed<18, 7, (ap_q_mode)5, (ap_o_mode)3, 0>*, ap_fixed<18, 7, (ap_q_mode)5, (ap_o_mode)3, 0>*)' (MPCwithMADS_fxd/costFunction.cpp:128:16)
INFO: [HLS 214-131] Inlining function 'ap_fixed_base<18, 3, true, (ap_q_mode)5, (ap_o_mode)3, 0>::RType<18, 2, true>::mult ap_fixed_base<18, 3, true, (ap_q_mode)5, (ap_o_mode)3, 0>::operator*<18, 2, true, (ap_q_mode)5, (ap_o_mode)3, 0>(ap_fixed_base<18, 2, true, (ap_q_mode)5, (ap_o_mode)3, 0> const&) const' into 'costFunction(ap_ufixed<32, 9, (ap_q_mode)5, (ap_o_mode)3, 0>*, ap_fixed<18, 2, (ap_q_mode)5, (ap_o_mode)3, 0>*, ap_fixed<18, 7, (ap_q_mode)5, (ap_o_mode)3, 0>*, ap_fixed<18, 7, (ap_q_mode)5, (ap_o_mode)3, 0>*, ap_fixed<18, 7, (ap_q_mode)5, (ap_o_mode)3, 0>*)' (MPCwithMADS_fxd/costFunction.cpp:128:18)
INFO: [HLS 214-131] Inlining function 'ap_fixed<18, 3, (ap_q_mode)5, (ap_o_mode)3, 0>::ap_fixed<65, 34, true, (ap_q_mode)5, (ap_o_mode)3, 0>(ap_fixed_base<65, 34, true, (ap_q_mode)5, (ap_o_mode)3, 0> const&)' into 'costFunction(ap_ufixed<32, 9, (ap_q_mode)5, (ap_o_mode)3, 0>*, ap_fixed<18, 2, (ap_q_mode)5, (ap_o_mode)3, 0>*, ap_fixed<18, 7, (ap_q_mode)5, (ap_o_mode)3, 0>*, ap_fixed<18, 7, (ap_q_mode)5, (ap_o_mode)3, 0>*, ap_fixed<18, 7, (ap_q_mode)5, (ap_o_mode)3, 0>*)' (MPCwithMADS_fxd/costFunction.cpp:127:19)
INFO: [HLS 214-131] Inlining function 'ap_fixed_base<64, 33, true, (ap_q_mode)5, (ap_o_mode)3, 0>::RType<36, 5, true>::plus ap_fixed_base<64, 33, true, (ap_q_mode)5, (ap_o_mode)3, 0>::operator+<36, 5, true, (ap_q_mode)5, (ap_o_mode)3, 0>(ap_fixed_base<36, 5, true, (ap_q_mode)5, (ap_o_mode)3, 0> const&) const' into 'costFunction(ap_ufixed<32, 9, (ap_q_mode)5, (ap_o_mode)3, 0>*, ap_fixed<18, 2, (ap_q_mode)5, (ap_o_mode)3, 0>*, ap_fixed<18, 7, (ap_q_mode)5, (ap_o_mode)3, 0>*, ap_fixed<18, 7, (ap_q_mode)5, (ap_o_mode)3, 0>*, ap_fixed<18, 7, (ap_q_mode)5, (ap_o_mode)3, 0>*)' (MPCwithMADS_fxd/costFunction.cpp:127:38)
INFO: [HLS 214-131] Inlining function 'ap_fixed_base<18, 3, true, (ap_q_mode)5, (ap_o_mode)3, 0>::RType<18, 2, true>::mult ap_fixed_base<18, 3, true, (ap_q_mode)5, (ap_o_mode)3, 0>::operator*<18, 2, true, (ap_q_mode)5, (ap_o_mode)3, 0>(ap_fixed_base<18, 2, true, (ap_q_mode)5, (ap_o_mode)3, 0> const&) const' into 'costFunction(ap_ufixed<32, 9, (ap_q_mode)5, (ap_o_mode)3, 0>*, ap_fixed<18, 2, (ap_q_mode)5, (ap_o_mode)3, 0>*, ap_fixed<18, 7, (ap_q_mode)5, (ap_o_mode)3, 0>*, ap_fixed<18, 7, (ap_q_mode)5, (ap_o_mode)3, 0>*, ap_fixed<18, 7, (ap_q_mode)5, (ap_o_mode)3, 0>*)' (MPCwithMADS_fxd/costFunction.cpp:127:50)
INFO: [HLS 214-131] Inlining function 'ap_fixed_base<36, 5, true, (ap_q_mode)5, (ap_o_mode)3, 0>::RType<($_0)32, ($_0)32, true>::plus operator+<36, 5, true, (ap_q_mode)5, (ap_o_mode)3, 0>(int, ap_fixed_base<36, 5, true, (ap_q_mode)5, (ap_o_mode)3, 0> const&)' into 'costFunction(ap_ufixed<32, 9, (ap_q_mode)5, (ap_o_mode)3, 0>*, ap_fixed<18, 2, (ap_q_mode)5, (ap_o_mode)3, 0>*, ap_fixed<18, 7, (ap_q_mode)5, (ap_o_mode)3, 0>*, ap_fixed<18, 7, (ap_q_mode)5, (ap_o_mode)3, 0>*, ap_fixed<18, 7, (ap_q_mode)5, (ap_o_mode)3, 0>*)' (MPCwithMADS_fxd/costFunction.cpp:127:21)
INFO: [HLS 214-131] Inlining function 'ap_fixed_base<18, 3, true, (ap_q_mode)5, (ap_o_mode)3, 0>::RType<18, 2, true>::mult ap_fixed_base<18, 3, true, (ap_q_mode)5, (ap_o_mode)3, 0>::operator*<18, 2, true, (ap_q_mode)5, (ap_o_mode)3, 0>(ap_fixed_base<18, 2, true, (ap_q_mode)5, (ap_o_mode)3, 0> const&) const' into 'costFunction(ap_ufixed<32, 9, (ap_q_mode)5, (ap_o_mode)3, 0>*, ap_fixed<18, 2, (ap_q_mode)5, (ap_o_mode)3, 0>*, ap_fixed<18, 7, (ap_q_mode)5, (ap_o_mode)3, 0>*, ap_fixed<18, 7, (ap_q_mode)5, (ap_o_mode)3, 0>*, ap_fixed<18, 7, (ap_q_mode)5, (ap_o_mode)3, 0>*)' (MPCwithMADS_fxd/costFunction.cpp:127:32)
INFO: [HLS 214-131] Inlining function 'ap_fixed<18, 3, (ap_q_mode)5, (ap_o_mode)3, 0>::ap_fixed<37, 6, true, (ap_q_mode)5, (ap_o_mode)3, 0>(ap_fixed_base<37, 6, true, (ap_q_mode)5, (ap_o_mode)3, 0> const&)' into 'costFunction(ap_ufixed<32, 9, (ap_q_mode)5, (ap_o_mode)3, 0>*, ap_fixed<18, 2, (ap_q_mode)5, (ap_o_mode)3, 0>*, ap_fixed<18, 7, (ap_q_mode)5, (ap_o_mode)3, 0>*, ap_fixed<18, 7, (ap_q_mode)5, (ap_o_mode)3, 0>*, ap_fixed<18, 7, (ap_q_mode)5, (ap_o_mode)3, 0>*)' (MPCwithMADS_fxd/costFunction.cpp:126:19)
INFO: [HLS 214-131] Inlining function 'ap_fixed_base<36, 5, true, (ap_q_mode)5, (ap_o_mode)3, 0>::RType<36, 5, true>::plus ap_fixed_base<36, 5, true, (ap_q_mode)5, (ap_o_mode)3, 0>::operator+<36, 5, true, (ap_q_mode)5, (ap_o_mode)3, 0>(ap_fixed_base<36, 5, true, (ap_q_mode)5, (ap_o_mode)3, 0> const&) const' into 'costFunction(ap_ufixed<32, 9, (ap_q_mode)5, (ap_o_mode)3, 0>*, ap_fixed<18, 2, (ap_q_mode)5, (ap_o_mode)3, 0>*, ap_fixed<18, 7, (ap_q_mode)5, (ap_o_mode)3, 0>*, ap_fixed<18, 7, (ap_q_mode)5, (ap_o_mode)3, 0>*, ap_fixed<18, 7, (ap_q_mode)5, (ap_o_mode)3, 0>*)' (MPCwithMADS_fxd/costFunction.cpp:126:34)
INFO: [HLS 214-131] Inlining function 'ap_fixed_base<18, 3, true, (ap_q_mode)5, (ap_o_mode)3, 0>::RType<18, 2, true>::mult ap_fixed_base<18, 3, true, (ap_q_mode)5, (ap_o_mode)3, 0>::operator*<18, 2, true, (ap_q_mode)5, (ap_o_mode)3, 0>(ap_fixed_base<18, 2, true, (ap_q_mode)5, (ap_o_mode)3, 0> const&) const' into 'costFunction(ap_ufixed<32, 9, (ap_q_mode)5, (ap_o_mode)3, 0>*, ap_fixed<18, 2, (ap_q_mode)5, (ap_o_mode)3, 0>*, ap_fixed<18, 7, (ap_q_mode)5, (ap_o_mode)3, 0>*, ap_fixed<18, 7, (ap_q_mode)5, (ap_o_mode)3, 0>*, ap_fixed<18, 7, (ap_q_mode)5, (ap_o_mode)3, 0>*)' (MPCwithMADS_fxd/costFunction.cpp:126:46)
INFO: [HLS 214-131] Inlining function 'ap_fixed_base<18, 3, true, (ap_q_mode)5, (ap_o_mode)3, 0>::RType<18, 2, true>::mult ap_fixed_base<18, 3, true, (ap_q_mode)5, (ap_o_mode)3, 0>::operator*<18, 2, true, (ap_q_mode)5, (ap_o_mode)3, 0>(ap_fixed_base<18, 2, true, (ap_q_mode)5, (ap_o_mode)3, 0> const&) const' into 'costFunction(ap_ufixed<32, 9, (ap_q_mode)5, (ap_o_mode)3, 0>*, ap_fixed<18, 2, (ap_q_mode)5, (ap_o_mode)3, 0>*, ap_fixed<18, 7, (ap_q_mode)5, (ap_o_mode)3, 0>*, ap_fixed<18, 7, (ap_q_mode)5, (ap_o_mode)3, 0>*, ap_fixed<18, 7, (ap_q_mode)5, (ap_o_mode)3, 0>*)' (MPCwithMADS_fxd/costFunction.cpp:126:28)
INFO: [HLS 214-131] Inlining function 'ap_fixed<18, 3, (ap_q_mode)5, (ap_o_mode)3, 0>::ap_fixed<37, 6, true, (ap_q_mode)5, (ap_o_mode)3, 0>(ap_fixed_base<37, 6, true, (ap_q_mode)5, (ap_o_mode)3, 0> const&)' into 'costFunction(ap_ufixed<32, 9, (ap_q_mode)5, (ap_o_mode)3, 0>*, ap_fixed<18, 2, (ap_q_mode)5, (ap_o_mode)3, 0>*, ap_fixed<18, 7, (ap_q_mode)5, (ap_o_mode)3, 0>*, ap_fixed<18, 7, (ap_q_mode)5, (ap_o_mode)3, 0>*, ap_fixed<18, 7, (ap_q_mode)5, (ap_o_mode)3, 0>*)' (MPCwithMADS_fxd/costFunction.cpp:125:19)
INFO: [HLS 214-131] Inlining function 'ap_fixed_base<36, 5, true, (ap_q_mode)5, (ap_o_mode)3, 0>::RType<36, 5, true>::plus ap_fixed_base<36, 5, true, (ap_q_mode)5, (ap_o_mode)3, 0>::operator+<36, 5, true, (ap_q_mode)5, (ap_o_mode)3, 0>(ap_fixed_base<36, 5, true, (ap_q_mode)5, (ap_o_mode)3, 0> const&) const' into 'costFunction(ap_ufixed<32, 9, (ap_q_mode)5, (ap_o_mode)3, 0>*, ap_fixed<18, 2, (ap_q_mode)5, (ap_o_mode)3, 0>*, ap_fixed<18, 7, (ap_q_mode)5, (ap_o_mode)3, 0>*, ap_fixed<18, 7, (ap_q_mode)5, (ap_o_mode)3, 0>*, ap_fixed<18, 7, (ap_q_mode)5, (ap_o_mode)3, 0>*)' (MPCwithMADS_fxd/costFunction.cpp:125:34)
INFO: [HLS 214-131] Inlining function 'ap_fixed_base<18, 3, true, (ap_q_mode)5, (ap_o_mode)3, 0>::RType<18, 2, true>::mult ap_fixed_base<18, 3, true, (ap_q_mode)5, (ap_o_mode)3, 0>::operator*<18, 2, true, (ap_q_mode)5, (ap_o_mode)3, 0>(ap_fixed_base<18, 2, true, (ap_q_mode)5, (ap_o_mode)3, 0> const&) const' into 'costFunction(ap_ufixed<32, 9, (ap_q_mode)5, (ap_o_mode)3, 0>*, ap_fixed<18, 2, (ap_q_mode)5, (ap_o_mode)3, 0>*, ap_fixed<18, 7, (ap_q_mode)5, (ap_o_mode)3, 0>*, ap_fixed<18, 7, (ap_q_mode)5, (ap_o_mode)3, 0>*, ap_fixed<18, 7, (ap_q_mode)5, (ap_o_mode)3, 0>*)' (MPCwithMADS_fxd/costFunction.cpp:125:46)
INFO: [HLS 214-131] Inlining function 'ap_fixed_base<18, 3, true, (ap_q_mode)5, (ap_o_mode)3, 0>::RType<18, 2, true>::mult ap_fixed_base<18, 3, true, (ap_q_mode)5, (ap_o_mode)3, 0>::operator*<18, 2, true, (ap_q_mode)5, (ap_o_mode)3, 0>(ap_fixed_base<18, 2, true, (ap_q_mode)5, (ap_o_mode)3, 0> const&) const' into 'costFunction(ap_ufixed<32, 9, (ap_q_mode)5, (ap_o_mode)3, 0>*, ap_fixed<18, 2, (ap_q_mode)5, (ap_o_mode)3, 0>*, ap_fixed<18, 7, (ap_q_mode)5, (ap_o_mode)3, 0>*, ap_fixed<18, 7, (ap_q_mode)5, (ap_o_mode)3, 0>*, ap_fixed<18, 7, (ap_q_mode)5, (ap_o_mode)3, 0>*)' (MPCwithMADS_fxd/costFunction.cpp:125:28)
INFO: [HLS 214-131] Inlining function 'ap_fixed<18, 3, (ap_q_mode)5, (ap_o_mode)3, 0>::ap_fixed<64, 33, true, (ap_q_mode)5, (ap_o_mode)3, 0>(ap_fixed_base<64, 33, true, (ap_q_mode)5, (ap_o_mode)3, 0> const&)' into 'costFunction(ap_ufixed<32, 9, (ap_q_mode)5, (ap_o_mode)3, 0>*, ap_fixed<18, 2, (ap_q_mode)5, (ap_o_mode)3, 0>*, ap_fixed<18, 7, (ap_q_mode)5, (ap_o_mode)3, 0>*, ap_fixed<18, 7, (ap_q_mode)5, (ap_o_mode)3, 0>*, ap_fixed<18, 7, (ap_q_mode)5, (ap_o_mode)3, 0>*)' (MPCwithMADS_fxd/costFunction.cpp:124:19)
INFO: [HLS 214-131] Inlining function 'ap_fixed_base<36, 5, true, (ap_q_mode)5, (ap_o_mode)3, 0>::RType<($_0)32, ($_0)32, true>::plus operator+<36, 5, true, (ap_q_mode)5, (ap_o_mode)3, 0>(int, ap_fixed_base<36, 5, true, (ap_q_mode)5, (ap_o_mode)3, 0> const&)' into 'costFunction(ap_ufixed<32, 9, (ap_q_mode)5, (ap_o_mode)3, 0>*, ap_fixed<18, 2, (ap_q_mode)5, (ap_o_mode)3, 0>*, ap_fixed<18, 7, (ap_q_mode)5, (ap_o_mode)3, 0>*, ap_fixed<18, 7, (ap_q_mode)5, (ap_o_mode)3, 0>*, ap_fixed<18, 7, (ap_q_mode)5, (ap_o_mode)3, 0>*)' (MPCwithMADS_fxd/costFunction.cpp:124:21)
INFO: [HLS 214-131] Inlining function 'ap_fixed_base<18, 3, true, (ap_q_mode)5, (ap_o_mode)3, 0>::RType<18, 2, true>::mult ap_fixed_base<18, 3, true, (ap_q_mode)5, (ap_o_mode)3, 0>::operator*<18, 2, true, (ap_q_mode)5, (ap_o_mode)3, 0>(ap_fixed_base<18, 2, true, (ap_q_mode)5, (ap_o_mode)3, 0> const&) const' into 'costFunction(ap_ufixed<32, 9, (ap_q_mode)5, (ap_o_mode)3, 0>*, ap_fixed<18, 2, (ap_q_mode)5, (ap_o_mode)3, 0>*, ap_fixed<18, 7, (ap_q_mode)5, (ap_o_mode)3, 0>*, ap_fixed<18, 7, (ap_q_mode)5, (ap_o_mode)3, 0>*, ap_fixed<18, 7, (ap_q_mode)5, (ap_o_mode)3, 0>*)' (MPCwithMADS_fxd/costFunction.cpp:124:33)
INFO: [HLS 214-131] Inlining function 'ap_fixed<18, 3, (ap_q_mode)5, (ap_o_mode)3, 0>::ap_fixed<36, 5, true, (ap_q_mode)5, (ap_o_mode)3, 0>(ap_fixed_base<36, 5, true, (ap_q_mode)5, (ap_o_mode)3, 0> const&)' into 'costFunction(ap_ufixed<32, 9, (ap_q_mode)5, (ap_o_mode)3, 0>*, ap_fixed<18, 2, (ap_q_mode)5, (ap_o_mode)3, 0>*, ap_fixed<18, 7, (ap_q_mode)5, (ap_o_mode)3, 0>*, ap_fixed<18, 7, (ap_q_mode)5, (ap_o_mode)3, 0>*, ap_fixed<18, 7, (ap_q_mode)5, (ap_o_mode)3, 0>*)' (MPCwithMADS_fxd/costFunction.cpp:123:16)
INFO: [HLS 214-131] Inlining function 'ap_fixed_base<18, 3, true, (ap_q_mode)5, (ap_o_mode)3, 0>::RType<18, 2, true>::mult ap_fixed_base<18, 3, true, (ap_q_mode)5, (ap_o_mode)3, 0>::operator*<18, 2, true, (ap_q_mode)5, (ap_o_mode)3, 0>(ap_fixed_base<18, 2, true, (ap_q_mode)5, (ap_o_mode)3, 0> const&) const' into 'costFunction(ap_ufixed<32, 9, (ap_q_mode)5, (ap_o_mode)3, 0>*, ap_fixed<18, 2, (ap_q_mode)5, (ap_o_mode)3, 0>*, ap_fixed<18, 7, (ap_q_mode)5, (ap_o_mode)3, 0>*, ap_fixed<18, 7, (ap_q_mode)5, (ap_o_mode)3, 0>*, ap_fixed<18, 7, (ap_q_mode)5, (ap_o_mode)3, 0>*)' (MPCwithMADS_fxd/costFunction.cpp:123:18)
INFO: [HLS 214-131] Inlining function 'ap_fixed<18, 3, (ap_q_mode)5, (ap_o_mode)3, 0>::ap_fixed<65, 34, true, (ap_q_mode)5, (ap_o_mode)3, 0>(ap_fixed_base<65, 34, true, (ap_q_mode)5, (ap_o_mode)3, 0> const&)' into 'costFunction(ap_ufixed<32, 9, (ap_q_mode)5, (ap_o_mode)3, 0>*, ap_fixed<18, 2, (ap_q_mode)5, (ap_o_mode)3, 0>*, ap_fixed<18, 7, (ap_q_mode)5, (ap_o_mode)3, 0>*, ap_fixed<18, 7, (ap_q_mode)5, (ap_o_mode)3, 0>*, ap_fixed<18, 7, (ap_q_mode)5, (ap_o_mode)3, 0>*)' (MPCwithMADS_fxd/costFunction.cpp:122:19)
INFO: [HLS 214-131] Inlining function 'ap_fixed_base<64, 33, true, (ap_q_mode)5, (ap_o_mode)3, 0>::RType<36, 5, true>::plus ap_fixed_base<64, 33, true, (ap_q_mode)5, (ap_o_mode)3, 0>::operator+<36, 5, true, (ap_q_mode)5, (ap_o_mode)3, 0>(ap_fixed_base<36, 5, true, (ap_q_mode)5, (ap_o_mode)3, 0> const&) const' into 'costFunction(ap_ufixed<32, 9, (ap_q_mode)5, (ap_o_mode)3, 0>*, ap_fixed<18, 2, (ap_q_mode)5, (ap_o_mode)3, 0>*, ap_fixed<18, 7, (ap_q_mode)5, (ap_o_mode)3, 0>*, ap_fixed<18, 7, (ap_q_mode)5, (ap_o_mode)3, 0>*, ap_fixed<18, 7, (ap_q_mode)5, (ap_o_mode)3, 0>*)' (MPCwithMADS_fxd/costFunction.cpp:122:31)
INFO: [HLS 214-131] Inlining function 'ap_fixed_base<18, 3, true, (ap_q_mode)5, (ap_o_mode)3, 0>::RType<18, 2, true>::mult ap_fixed_base<18, 3, true, (ap_q_mode)5, (ap_o_mode)3, 0>::operator*<18, 2, true, (ap_q_mode)5, (ap_o_mode)3, 0>(ap_fixed_base<18, 2, true, (ap_q_mode)5, (ap_o_mode)3, 0> const&) const' into 'costFunction(ap_ufixed<32, 9, (ap_q_mode)5, (ap_o_mode)3, 0>*, ap_fixed<18, 2, (ap_q_mode)5, (ap_o_mode)3, 0>*, ap_fixed<18, 7, (ap_q_mode)5, (ap_o_mode)3, 0>*, ap_fixed<18, 7, (ap_q_mode)5, (ap_o_mode)3, 0>*, ap_fixed<18, 7, (ap_q_mode)5, (ap_o_mode)3, 0>*)' (MPCwithMADS_fxd/costFunction.cpp:122:37)
INFO: [HLS 214-131] Inlining function 'ap_fixed_base<36, 5, true, (ap_q_mode)5, (ap_o_mode)3, 0>::RType<($_0)32, ($_0)32, true>::plus operator+<36, 5, true, (ap_q_mode)5, (ap_o_mode)3, 0>(int, ap_fixed_base<36, 5, true, (ap_q_mode)5, (ap_o_mode)3, 0> const&)' into 'costFunction(ap_ufixed<32, 9, (ap_q_mode)5, (ap_o_mode)3, 0>*, ap_fixed<18, 2, (ap_q_mode)5, (ap_o_mode)3, 0>*, ap_fixed<18, 7, (ap_q_mode)5, (ap_o_mode)3, 0>*, ap_fixed<18, 7, (ap_q_mode)5, (ap_o_mode)3, 0>*, ap_fixed<18, 7, (ap_q_mode)5, (ap_o_mode)3, 0>*)' (MPCwithMADS_fxd/costFunction.cpp:122:21)
INFO: [HLS 214-131] Inlining function 'ap_fixed_base<18, 3, true, (ap_q_mode)5, (ap_o_mode)3, 0>::RType<18, 2, true>::mult ap_fixed_base<18, 3, true, (ap_q_mode)5, (ap_o_mode)3, 0>::operator*<18, 2, true, (ap_q_mode)5, (ap_o_mode)3, 0>(ap_fixed_base<18, 2, true, (ap_q_mode)5, (ap_o_mode)3, 0> const&) const' into 'costFunction(ap_ufixed<32, 9, (ap_q_mode)5, (ap_o_mode)3, 0>*, ap_fixed<18, 2, (ap_q_mode)5, (ap_o_mode)3, 0>*, ap_fixed<18, 7, (ap_q_mode)5, (ap_o_mode)3, 0>*, ap_fixed<18, 7, (ap_q_mode)5, (ap_o_mode)3, 0>*, ap_fixed<18, 7, (ap_q_mode)5, (ap_o_mode)3, 0>*)' (MPCwithMADS_fxd/costFunction.cpp:122:26)
INFO: [HLS 214-131] Inlining function 'ap_fixed<18, 2, (ap_q_mode)5, (ap_o_mode)3, 0>::ap_fixed<50, 34, true, (ap_q_mode)5, (ap_o_mode)3, 0>(ap_fixed_base<50, 34, true, (ap_q_mode)5, (ap_o_mode)3, 0> const&)' into 'costFunction(ap_ufixed<32, 9, (ap_q_mode)5, (ap_o_mode)3, 0>*, ap_fixed<18, 2, (ap_q_mode)5, (ap_o_mode)3, 0>*, ap_fixed<18, 7, (ap_q_mode)5, (ap_o_mode)3, 0>*, ap_fixed<18, 7, (ap_q_mode)5, (ap_o_mode)3, 0>*, ap_fixed<18, 7, (ap_q_mode)5, (ap_o_mode)3, 0>*)' (MPCwithMADS_fxd/costFunction.cpp:119:11)
INFO: [HLS 214-131] Inlining function 'ap_fixed_base<49, 33, true, (ap_q_mode)5, (ap_o_mode)3, 0>::RType<18, 2, true>::minus ap_fixed_base<49, 33, true, (ap_q_mode)5, (ap_o_mode)3, 0>::operator-<18, 2, true, (ap_q_mode)5, (ap_o_mode)3, 0>(ap_fixed_base<18, 2, true, (ap_q_mode)5, (ap_o_mode)3, 0> const&) const' into 'costFunction(ap_ufixed<32, 9, (ap_q_mode)5, (ap_o_mode)3, 0>*, ap_fixed<18, 2, (ap_q_mode)5, (ap_o_mode)3, 0>*, ap_fixed<18, 7, (ap_q_mode)5, (ap_o_mode)3, 0>*, ap_fixed<18, 7, (ap_q_mode)5, (ap_o_mode)3, 0>*, ap_fixed<18, 7, (ap_q_mode)5, (ap_o_mode)3, 0>*)' (MPCwithMADS_fxd/costFunction.cpp:119:20)
INFO: [HLS 214-131] Inlining function 'ap_fixed_base<18, 2, true, (ap_q_mode)5, (ap_o_mode)3, 0>::operator<<(int) const' into 'costFunction(ap_ufixed<32, 9, (ap_q_mode)5, (ap_o_mode)3, 0>*, ap_fixed<18, 2, (ap_q_mode)5, (ap_o_mode)3, 0>*, ap_fixed<18, 7, (ap_q_mode)5, (ap_o_mode)3, 0>*, ap_fixed<18, 7, (ap_q_mode)5, (ap_o_mode)3, 0>*, ap_fixed<18, 7, (ap_q_mode)5, (ap_o_mode)3, 0>*)' (MPCwithMADS_fxd/costFunction.cpp:119:27)
INFO: [HLS 214-131] Inlining function 'ap_fixed_base<18, 2, true, (ap_q_mode)5, (ap_o_mode)3, 0>::RType<($_0)32, ($_0)32, true>::plus operator+<18, 2, true, (ap_q_mode)5, (ap_o_mode)3, 0>(int, ap_fixed_base<18, 2, true, (ap_q_mode)5, (ap_o_mode)3, 0> const&)' into 'costFunction(ap_ufixed<32, 9, (ap_q_mode)5, (ap_o_mode)3, 0>*, ap_fixed<18, 2, (ap_q_mode)5, (ap_o_mode)3, 0>*, ap_fixed<18, 7, (ap_q_mode)5, (ap_o_mode)3, 0>*, ap_fixed<18, 7, (ap_q_mode)5, (ap_o_mode)3, 0>*, ap_fixed<18, 7, (ap_q_mode)5, (ap_o_mode)3, 0>*)' (MPCwithMADS_fxd/costFunction.cpp:119:13)
INFO: [HLS 214-131] Inlining function 'ap_fixed<18, 2, (ap_q_mode)5, (ap_o_mode)3, 0>::ap_fixed<49, 33, true, (ap_q_mode)5, (ap_o_mode)3, 0>(ap_fixed_base<49, 33, true, (ap_q_mode)5, (ap_o_mode)3, 0> const&)' into 'costFunction(ap_ufixed<32, 9, (ap_q_mode)5, (ap_o_mode)3, 0>*, ap_fixed<18, 2, (ap_q_mode)5, (ap_o_mode)3, 0>*, ap_fixed<18, 7, (ap_q_mode)5, (ap_o_mode)3, 0>*, ap_fixed<18, 7, (ap_q_mode)5, (ap_o_mode)3, 0>*, ap_fixed<18, 7, (ap_q_mode)5, (ap_o_mode)3, 0>*)' (MPCwithMADS_fxd/costFunction.cpp:118:10)
INFO: [HLS 214-131] Inlining function 'ap_fixed_base<18, 2, true, (ap_q_mode)5, (ap_o_mode)3, 0>::RType<($_0)32, ($_0)32, true>::minus operator-<18, 2, true, (ap_q_mode)5, (ap_o_mode)3, 0>(int, ap_fixed_base<18, 2, true, (ap_q_mode)5, (ap_o_mode)3, 0> const&)' into 'costFunction(ap_ufixed<32, 9, (ap_q_mode)5, (ap_o_mode)3, 0>*, ap_fixed<18, 2, (ap_q_mode)5, (ap_o_mode)3, 0>*, ap_fixed<18, 7, (ap_q_mode)5, (ap_o_mode)3, 0>*, ap_fixed<18, 7, (ap_q_mode)5, (ap_o_mode)3, 0>*, ap_fixed<18, 7, (ap_q_mode)5, (ap_o_mode)3, 0>*)' (MPCwithMADS_fxd/costFunction.cpp:118:12)
INFO: [HLS 214-131] Inlining function 'ap_fixed<18, 2, (ap_q_mode)5, (ap_o_mode)3, 0>::ap_fixed<36, 4, true, (ap_q_mode)5, (ap_o_mode)3, 0>(ap_fixed_base<36, 4, true, (ap_q_mode)5, (ap_o_mode)3, 0> const&)' into 'costFunction(ap_ufixed<32, 9, (ap_q_mode)5, (ap_o_mode)3, 0>*, ap_fixed<18, 2, (ap_q_mode)5, (ap_o_mode)3, 0>*, ap_fixed<18, 7, (ap_q_mode)5, (ap_o_mode)3, 0>*, ap_fixed<18, 7, (ap_q_mode)5, (ap_o_mode)3, 0>*, ap_fixed<18, 7, (ap_q_mode)5, (ap_o_mode)3, 0>*)' (MPCwithMADS_fxd/costFunction.cpp:117:10)
INFO: [HLS 214-131] Inlining function 'ap_fixed_base<18, 2, true, (ap_q_mode)5, (ap_o_mode)3, 0>::RType<18, 2, true>::mult ap_fixed_base<18, 2, true, (ap_q_mode)5, (ap_o_mode)3, 0>::operator*<18, 2, true, (ap_q_mode)5, (ap_o_mode)3, 0>(ap_fixed_base<18, 2, true, (ap_q_mode)5, (ap_o_mode)3, 0> const&) const' into 'costFunction(ap_ufixed<32, 9, (ap_q_mode)5, (ap_o_mode)3, 0>*, ap_fixed<18, 2, (ap_q_mode)5, (ap_o_mode)3, 0>*, ap_fixed<18, 7, (ap_q_mode)5, (ap_o_mode)3, 0>*, ap_fixed<18, 7, (ap_q_mode)5, (ap_o_mode)3, 0>*, ap_fixed<18, 7, (ap_q_mode)5, (ap_o_mode)3, 0>*)' (MPCwithMADS_fxd/costFunction.cpp:117:13)
INFO: [HLS 214-131] Inlining function 'ap_fixed<18, 3, (ap_q_mode)5, (ap_o_mode)3, 0>::ap_fixed(int)' into 'costFunction(ap_ufixed<32, 9, (ap_q_mode)5, (ap_o_mode)3, 0>*, ap_fixed<18, 2, (ap_q_mode)5, (ap_o_mode)3, 0>*, ap_fixed<18, 7, (ap_q_mode)5, (ap_o_mode)3, 0>*, ap_fixed<18, 7, (ap_q_mode)5, (ap_o_mode)3, 0>*, ap_fixed<18, 7, (ap_q_mode)5, (ap_o_mode)3, 0>*)' (MPCwithMADS_fxd/costFunction.cpp:99:18)
INFO: [HLS 214-131] Inlining function 'ap_fixed<18, 3, (ap_q_mode)5, (ap_o_mode)3, 0>::ap_fixed<36, 6, true, (ap_q_mode)5, (ap_o_mode)3, 0>(ap_fixed_base<36, 6, true, (ap_q_mode)5, (ap_o_mode)3, 0> const&)' into 'costFunction(ap_ufixed<32, 9, (ap_q_mode)5, (ap_o_mode)3, 0>*, ap_fixed<18, 2, (ap_q_mode)5, (ap_o_mode)3, 0>*, ap_fixed<18, 7, (ap_q_mode)5, (ap_o_mode)3, 0>*, ap_fixed<18, 7, (ap_q_mode)5, (ap_o_mode)3, 0>*, ap_fixed<18, 7, (ap_q_mode)5, (ap_o_mode)3, 0>*)' (MPCwithMADS_fxd/costFunction.cpp:97:9)
INFO: [HLS 214-131] Inlining function 'ap_fixed_base<36, 6, true, (ap_q_mode)5, (ap_o_mode)3, 0>::operator>>(int) const' into 'costFunction(ap_ufixed<32, 9, (ap_q_mode)5, (ap_o_mode)3, 0>*, ap_fixed<18, 2, (ap_q_mode)5, (ap_o_mode)3, 0>*, ap_fixed<18, 7, (ap_q_mode)5, (ap_o_mode)3, 0>*, ap_fixed<18, 7, (ap_q_mode)5, (ap_o_mode)3, 0>*, ap_fixed<18, 7, (ap_q_mode)5, (ap_o_mode)3, 0>*)' (MPCwithMADS_fxd/costFunction.cpp:97:24)
INFO: [HLS 214-131] Inlining function 'ap_fixed_base<18, 3, true, (ap_q_mode)5, (ap_o_mode)3, 0>::RType<18, 3, true>::mult ap_fixed_base<18, 3, true, (ap_q_mode)5, (ap_o_mode)3, 0>::operator*<18, 3, true, (ap_q_mode)5, (ap_o_mode)3, 0>(ap_fixed_base<18, 3, true, (ap_q_mode)5, (ap_o_mode)3, 0> const&) const' into 'costFunction(ap_ufixed<32, 9, (ap_q_mode)5, (ap_o_mode)3, 0>*, ap_fixed<18, 2, (ap_q_mode)5, (ap_o_mode)3, 0>*, ap_fixed<18, 7, (ap_q_mode)5, (ap_o_mode)3, 0>*, ap_fixed<18, 7, (ap_q_mode)5, (ap_o_mode)3, 0>*, ap_fixed<18, 7, (ap_q_mode)5, (ap_o_mode)3, 0>*)' (MPCwithMADS_fxd/costFunction.cpp:97:19)
INFO: [HLS 214-131] Inlining function 'ap_fixed<18, 3, (ap_q_mode)5, (ap_o_mode)3, 0>::ap_fixed<37, 7, true, (ap_q_mode)5, (ap_o_mode)3, 0>(ap_fixed_base<37, 7, true, (ap_q_mode)5, (ap_o_mode)3, 0> const&)' into 'costFunction(ap_ufixed<32, 9, (ap_q_mode)5, (ap_o_mode)3, 0>*, ap_fixed<18, 2, (ap_q_mode)5, (ap_o_mode)3, 0>*, ap_fixed<18, 7, (ap_q_mode)5, (ap_o_mode)3, 0>*, ap_fixed<18, 7, (ap_q_mode)5, (ap_o_mode)3, 0>*, ap_fixed<18, 7, (ap_q_mode)5, (ap_o_mode)3, 0>*)' (MPCwithMADS_fxd/costFunction.cpp:96:15)
INFO: [HLS 214-131] Inlining function 'ap_fixed_base<37, 7, true, (ap_q_mode)5, (ap_o_mode)3, 0>::operator>>(int) const' into 'costFunction(ap_ufixed<32, 9, (ap_q_mode)5, (ap_o_mode)3, 0>*, ap_fixed<18, 2, (ap_q_mode)5, (ap_o_mode)3, 0>*, ap_fixed<18, 7, (ap_q_mode)5, (ap_o_mode)3, 0>*, ap_fixed<18, 7, (ap_q_mode)5, (ap_o_mode)3, 0>*, ap_fixed<18, 7, (ap_q_mode)5, (ap_o_mode)3, 0>*)' (MPCwithMADS_fxd/costFunction.cpp:96:59)
INFO: [HLS 214-131] Inlining function 'ap_fixed_base<36, 6, true, (ap_q_mode)5, (ap_o_mode)3, 0>::RType<36, 6, true>::plus ap_fixed_base<36, 6, true, (ap_q_mode)5, (ap_o_mode)3, 0>::operator+<36, 6, true, (ap_q_mode)5, (ap_o_mode)3, 0>(ap_fixed_base<36, 6, true, (ap_q_mode)5, (ap_o_mode)3, 0> const&) const' into 'costFunction(ap_ufixed<32, 9, (ap_q_mode)5, (ap_o_mode)3, 0>*, ap_fixed<18, 2, (ap_q_mode)5, (ap_o_mode)3, 0>*, ap_fixed<18, 7, (ap_q_mode)5, (ap_o_mode)3, 0>*, ap_fixed<18, 7, (ap_q_mode)5, (ap_o_mode)3, 0>*, ap_fixed<18, 7, (ap_q_mode)5, (ap_o_mode)3, 0>*)' (MPCwithMADS_fxd/costFunction.cpp:96:36)
INFO: [HLS 214-131] Inlining function 'ap_fixed_base<18, 3, true, (ap_q_mode)5, (ap_o_mode)3, 0>::RType<18, 3, true>::mult ap_fixed_base<18, 3, true, (ap_q_mode)5, (ap_o_mode)3, 0>::operator*<18, 3, true, (ap_q_mode)5, (ap_o_mode)3, 0>(ap_fixed_base<18, 3, true, (ap_q_mode)5, (ap_o_mode)3, 0> const&) const' into 'costFunction(ap_ufixed<32, 9, (ap_q_mode)5, (ap_o_mode)3, 0>*, ap_fixed<18, 2, (ap_q_mode)5, (ap_o_mode)3, 0>*, ap_fixed<18, 7, (ap_q_mode)5, (ap_o_mode)3, 0>*, ap_fixed<18, 7, (ap_q_mode)5, (ap_o_mode)3, 0>*, ap_fixed<18, 7, (ap_q_mode)5, (ap_o_mode)3, 0>*)' (MPCwithMADS_fxd/costFunction.cpp:96:47)
INFO: [HLS 214-131] Inlining function 'ap_fixed_base<18, 3, true, (ap_q_mode)5, (ap_o_mode)3, 0>::RType<18, 3, true>::mult ap_fixed_base<18, 3, true, (ap_q_mode)5, (ap_o_mode)3, 0>::operator*<18, 3, true, (ap_q_mode)5, (ap_o_mode)3, 0>(ap_fixed_base<18, 3, true, (ap_q_mode)5, (ap_o_mode)3, 0> const&) const' into 'costFunction(ap_ufixed<32, 9, (ap_q_mode)5, (ap_o_mode)3, 0>*, ap_fixed<18, 2, (ap_q_mode)5, (ap_o_mode)3, 0>*, ap_fixed<18, 7, (ap_q_mode)5, (ap_o_mode)3, 0>*, ap_fixed<18, 7, (ap_q_mode)5, (ap_o_mode)3, 0>*, ap_fixed<18, 7, (ap_q_mode)5, (ap_o_mode)3, 0>*)' (MPCwithMADS_fxd/costFunction.cpp:96:25)
INFO: [HLS 214-131] Inlining function 'ap_fixed<18, 3, (ap_q_mode)5, (ap_o_mode)3, 0>::ap_fixed<36, 6, true, (ap_q_mode)5, (ap_o_mode)3, 0>(ap_fixed_base<36, 6, true, (ap_q_mode)5, (ap_o_mode)3, 0> const&)' into 'costFunction(ap_ufixed<32, 9, (ap_q_mode)5, (ap_o_mode)3, 0>*, ap_fixed<18, 2, (ap_q_mode)5, (ap_o_mode)3, 0>*, ap_fixed<18, 7, (ap_q_mode)5, (ap_o_mode)3, 0>*, ap_fixed<18, 7, (ap_q_mode)5, (ap_o_mode)3, 0>*, ap_fixed<18, 7, (ap_q_mode)5, (ap_o_mode)3, 0>*)' (MPCwithMADS_fxd/costFunction.cpp:95:15)
INFO: [HLS 214-131] Inlining function 'ap_fixed_base<36, 6, true, (ap_q_mode)5, (ap_o_mode)3, 0>::operator>>(int) const' into 'costFunction(ap_ufixed<32, 9, (ap_q_mode)5, (ap_o_mode)3, 0>*, ap_fixed<18, 2, (ap_q_mode)5, (ap_o_mode)3, 0>*, ap_fixed<18, 7, (ap_q_mode)5, (ap_o_mode)3, 0>*, ap_fixed<18, 7, (ap_q_mode)5, (ap_o_mode)3, 0>*, ap_fixed<18, 7, (ap_q_mode)5, (ap_o_mode)3, 0>*)' (MPCwithMADS_fxd/costFunction.cpp:95:37)
INFO: [HLS 214-131] Inlining function 'ap_fixed_base<18, 3, true, (ap_q_mode)5, (ap_o_mode)3, 0>::RType<18, 3, true>::mult ap_fixed_base<18, 3, true, (ap_q_mode)5, (ap_o_mode)3, 0>::operator*<18, 3, true, (ap_q_mode)5, (ap_o_mode)3, 0>(ap_fixed_base<18, 3, true, (ap_q_mode)5, (ap_o_mode)3, 0> const&) const' into 'costFunction(ap_ufixed<32, 9, (ap_q_mode)5, (ap_o_mode)3, 0>*, ap_fixed<18, 2, (ap_q_mode)5, (ap_o_mode)3, 0>*, ap_fixed<18, 7, (ap_q_mode)5, (ap_o_mode)3, 0>*, ap_fixed<18, 7, (ap_q_mode)5, (ap_o_mode)3, 0>*, ap_fixed<18, 7, (ap_q_mode)5, (ap_o_mode)3, 0>*)' (MPCwithMADS_fxd/costFunction.cpp:95:25)
INFO: [HLS 214-131] Inlining function 'ap_fixed<18, 3, (ap_q_mode)5, (ap_o_mode)3, 0>::ap_fixed<36, 6, true, (ap_q_mode)5, (ap_o_mode)3, 0>(ap_fixed_base<36, 6, true, (ap_q_mode)5, (ap_o_mode)3, 0> const&)' into 'costFunction(ap_ufixed<32, 9, (ap_q_mode)5, (ap_o_mode)3, 0>*, ap_fixed<18, 2, (ap_q_mode)5, (ap_o_mode)3, 0>*, ap_fixed<18, 7, (ap_q_mode)5, (ap_o_mode)3, 0>*, ap_fixed<18, 7, (ap_q_mode)5, (ap_o_mode)3, 0>*, ap_fixed<18, 7, (ap_q_mode)5, (ap_o_mode)3, 0>*)' (MPCwithMADS_fxd/costFunction.cpp:94:15)
INFO: [HLS 214-131] Inlining function 'ap_fixed_base<36, 6, true, (ap_q_mode)5, (ap_o_mode)3, 0>::operator>>(int) const' into 'costFunction(ap_ufixed<32, 9, (ap_q_mode)5, (ap_o_mode)3, 0>*, ap_fixed<18, 2, (ap_q_mode)5, (ap_o_mode)3, 0>*, ap_fixed<18, 7, (ap_q_mode)5, (ap_o_mode)3, 0>*, ap_fixed<18, 7, (ap_q_mode)5, (ap_o_mode)3, 0>*, ap_fixed<18, 7, (ap_q_mode)5, (ap_o_mode)3, 0>*)' (MPCwithMADS_fxd/costFunction.cpp:94:37)
INFO: [HLS 214-131] Inlining function 'ap_fixed_base<18, 3, true, (ap_q_mode)5, (ap_o_mode)3, 0>::RType<18, 3, true>::mult ap_fixed_base<18, 3, true, (ap_q_mode)5, (ap_o_mode)3, 0>::operator*<18, 3, true, (ap_q_mode)5, (ap_o_mode)3, 0>(ap_fixed_base<18, 3, true, (ap_q_mode)5, (ap_o_mode)3, 0> const&) const' into 'costFunction(ap_ufixed<32, 9, (ap_q_mode)5, (ap_o_mode)3, 0>*, ap_fixed<18, 2, (ap_q_mode)5, (ap_o_mode)3, 0>*, ap_fixed<18, 7, (ap_q_mode)5, (ap_o_mode)3, 0>*, ap_fixed<18, 7, (ap_q_mode)5, (ap_o_mode)3, 0>*, ap_fixed<18, 7, (ap_q_mode)5, (ap_o_mode)3, 0>*)' (MPCwithMADS_fxd/costFunction.cpp:94:25)
INFO: [HLS 214-131] Inlining function 'ap_fixed<18, 3, (ap_q_mode)5, (ap_o_mode)3, 0>::ap_fixed<36, 6, true, (ap_q_mode)5, (ap_o_mode)3, 0>(ap_fixed_base<36, 6, true, (ap_q_mode)5, (ap_o_mode)3, 0> const&)' into 'costFunction(ap_ufixed<32, 9, (ap_q_mode)5, (ap_o_mode)3, 0>*, ap_fixed<18, 2, (ap_q_mode)5, (ap_o_mode)3, 0>*, ap_fixed<18, 7, (ap_q_mode)5, (ap_o_mode)3, 0>*, ap_fixed<18, 7, (ap_q_mode)5, (ap_o_mode)3, 0>*, ap_fixed<18, 7, (ap_q_mode)5, (ap_o_mode)3, 0>*)' (MPCwithMADS_fxd/costFunction.cpp:93:15)
INFO: [HLS 214-131] Inlining function 'ap_fixed_base<36, 6, true, (ap_q_mode)5, (ap_o_mode)3, 0>::operator>>(int) const' into 'costFunction(ap_ufixed<32, 9, (ap_q_mode)5, (ap_o_mode)3, 0>*, ap_fixed<18, 2, (ap_q_mode)5, (ap_o_mode)3, 0>*, ap_fixed<18, 7, (ap_q_mode)5, (ap_o_mode)3, 0>*, ap_fixed<18, 7, (ap_q_mode)5, (ap_o_mode)3, 0>*, ap_fixed<18, 7, (ap_q_mode)5, (ap_o_mode)3, 0>*)' (MPCwithMADS_fxd/costFunction.cpp:93:37)
INFO: [HLS 214-131] Inlining function 'ap_fixed_base<18, 3, true, (ap_q_mode)5, (ap_o_mode)3, 0>::RType<18, 3, true>::mult ap_fixed_base<18, 3, true, (ap_q_mode)5, (ap_o_mode)3, 0>::operator*<18, 3, true, (ap_q_mode)5, (ap_o_mode)3, 0>(ap_fixed_base<18, 3, true, (ap_q_mode)5, (ap_o_mode)3, 0> const&) const' into 'costFunction(ap_ufixed<32, 9, (ap_q_mode)5, (ap_o_mode)3, 0>*, ap_fixed<18, 2, (ap_q_mode)5, (ap_o_mode)3, 0>*, ap_fixed<18, 7, (ap_q_mode)5, (ap_o_mode)3, 0>*, ap_fixed<18, 7, (ap_q_mode)5, (ap_o_mode)3, 0>*, ap_fixed<18, 7, (ap_q_mode)5, (ap_o_mode)3, 0>*)' (MPCwithMADS_fxd/costFunction.cpp:93:25)
INFO: [HLS 214-131] Inlining function 'ap_fixed<18, 3, (ap_q_mode)5, (ap_o_mode)3, 0>::ap_fixed<47, 17, true, (ap_q_mode)5, (ap_o_mode)3, 0>(ap_fixed_base<47, 17, true, (ap_q_mode)5, (ap_o_mode)3, 0> const&)' into 'costFunction(ap_ufixed<32, 9, (ap_q_mode)5, (ap_o_mode)3, 0>*, ap_fixed<18, 2, (ap_q_mode)5, (ap_o_mode)3, 0>*, ap_fixed<18, 7, (ap_q_mode)5, (ap_o_mode)3, 0>*, ap_fixed<18, 7, (ap_q_mode)5, (ap_o_mode)3, 0>*, ap_fixed<18, 7, (ap_q_mode)5, (ap_o_mode)3, 0>*)' (MPCwithMADS_fxd/costFunction.cpp:91:14)
INFO: [HLS 214-131] Inlining function 'ap_fixed_base<17, 17, true, (ap_q_mode)5, (ap_o_mode)3, 0>::RType<30, 0, false>::mult ap_fixed_base<17, 17, true, (ap_q_mode)5, (ap_o_mode)3, 0>::operator*<30, 0, false, (ap_q_mode)5, (ap_o_mode)3, 0>(ap_fixed_base<30, 0, false, (ap_q_mode)5, (ap_o_mode)3, 0> const&) const' into 'costFunction(ap_ufixed<32, 9, (ap_q_mode)5, (ap_o_mode)3, 0>*, ap_fixed<18, 2, (ap_q_mode)5, (ap_o_mode)3, 0>*, ap_fixed<18, 7, (ap_q_mode)5, (ap_o_mode)3, 0>*, ap_fixed<18, 7, (ap_q_mode)5, (ap_o_mode)3, 0>*, ap_fixed<18, 7, (ap_q_mode)5, (ap_o_mode)3, 0>*)' (MPCwithMADS_fxd/costFunction.cpp:91:19)
INFO: [HLS 214-131] Inlining function 'ap_fixed<18, 3, (ap_q_mode)5, (ap_o_mode)3, 0>::ap_fixed<46, 16, true, (ap_q_mode)5, (ap_o_mode)3, 0>(ap_fixed_base<46, 16, true, (ap_q_mode)5, (ap_o_mode)3, 0> const&)' into 'costFunction(ap_ufixed<32, 9, (ap_q_mode)5, (ap_o_mode)3, 0>*, ap_fixed<18, 2, (ap_q_mode)5, (ap_o_mode)3, 0>*, ap_fixed<18, 7, (ap_q_mode)5, (ap_o_mode)3, 0>*, ap_fixed<18, 7, (ap_q_mode)5, (ap_o_mode)3, 0>*, ap_fixed<18, 7, (ap_q_mode)5, (ap_o_mode)3, 0>*)' (MPCwithMADS_fxd/costFunction.cpp:90:14)
INFO: [HLS 214-131] Inlining function 'ap_fixed_base<16, 16, true, (ap_q_mode)5, (ap_o_mode)3, 0>::RType<30, 0, false>::mult ap_fixed_base<16, 16, true, (ap_q_mode)5, (ap_o_mode)3, 0>::operator*<30, 0, false, (ap_q_mode)5, (ap_o_mode)3, 0>(ap_fixed_base<30, 0, false, (ap_q_mode)5, (ap_o_mode)3, 0> const&) const' into 'costFunction(ap_ufixed<32, 9, (ap_q_mode)5, (ap_o_mode)3, 0>*, ap_fixed<18, 2, (ap_q_mode)5, (ap_o_mode)3, 0>*, ap_fixed<18, 7, (ap_q_mode)5, (ap_o_mode)3, 0>*, ap_fixed<18, 7, (ap_q_mode)5, (ap_o_mode)3, 0>*, ap_fixed<18, 7, (ap_q_mode)5, (ap_o_mode)3, 0>*)' (MPCwithMADS_fxd/costFunction.cpp:90:20)
INFO: [HLS 214-131] Inlining function 'ap_fixed_base<15, 15, true, (ap_q_mode)5, (ap_o_mode)3, 0>::operator-() const' into 'costFunction(ap_ufixed<32, 9, (ap_q_mode)5, (ap_o_mode)3, 0>*, ap_fixed<18, 2, (ap_q_mode)5, (ap_o_mode)3, 0>*, ap_fixed<18, 7, (ap_q_mode)5, (ap_o_mode)3, 0>*, ap_fixed<18, 7, (ap_q_mode)5, (ap_o_mode)3, 0>*, ap_fixed<18, 7, (ap_q_mode)5, (ap_o_mode)3, 0>*)' (MPCwithMADS_fxd/costFunction.cpp:90:14)
INFO: [HLS 214-131] Inlining function 'ap_fixed<18, 3, (ap_q_mode)5, (ap_o_mode)3, 0>::ap_fixed(int)' into 'costFunction(ap_ufixed<32, 9, (ap_q_mode)5, (ap_o_mode)3, 0>*, ap_fixed<18, 2, (ap_q_mode)5, (ap_o_mode)3, 0>*, ap_fixed<18, 7, (ap_q_mode)5, (ap_o_mode)3, 0>*, ap_fixed<18, 7, (ap_q_mode)5, (ap_o_mode)3, 0>*, ap_fixed<18, 7, (ap_q_mode)5, (ap_o_mode)3, 0>*)' (MPCwithMADS_fxd/costFunction.cpp:89:14)
INFO: [HLS 214-131] Inlining function 'ap_fixed<18, 3, (ap_q_mode)5, (ap_o_mode)3, 0>::ap_fixed<63, 22, true, (ap_q_mode)5, (ap_o_mode)3, 0>(ap_fixed_base<63, 22, true, (ap_q_mode)5, (ap_o_mode)3, 0> const&)' into 'costFunction(ap_ufixed<32, 9, (ap_q_mode)5, (ap_o_mode)3, 0>*, ap_fixed<18, 2, (ap_q_mode)5, (ap_o_mode)3, 0>*, ap_fixed<18, 7, (ap_q_mode)5, (ap_o_mode)3, 0>*, ap_fixed<18, 7, (ap_q_mode)5, (ap_o_mode)3, 0>*, ap_fixed<18, 7, (ap_q_mode)5, (ap_o_mode)3, 0>*)' (MPCwithMADS_fxd/costFunction.cpp:86:16)
INFO: [HLS 214-131] Inlining function 'ap_fixed_base<48, 7, true, (ap_q_mode)5, (ap_o_mode)3, 0>::RType<15, 15, true>::mult ap_fixed_base<48, 7, true, (ap_q_mode)5, (ap_o_mode)3, 0>::operator*<15, 15, true, (ap_q_mode)5, (ap_o_mode)3, 0>(ap_fixed_base<15, 15, true, (ap_q_mode)5, (ap_o_mode)3, 0> const&) const' into 'costFunction(ap_ufixed<32, 9, (ap_q_mode)5, (ap_o_mode)3, 0>*, ap_fixed<18, 2, (ap_q_mode)5, (ap_o_mode)3, 0>*, ap_fixed<18, 7, (ap_q_mode)5, (ap_o_mode)3, 0>*, ap_fixed<18, 7, (ap_q_mode)5, (ap_o_mode)3, 0>*, ap_fixed<18, 7, (ap_q_mode)5, (ap_o_mode)3, 0>*)' (MPCwithMADS_fxd/costFunction.cpp:86:21)
INFO: [HLS 214-131] Inlining function 'ap_fixed_base<18, 7, true, (ap_q_mode)5, (ap_o_mode)3, 0>::RType<30, 0, false>::mult ap_fixed_base<18, 7, true, (ap_q_mode)5, (ap_o_mode)3, 0>::operator*<30, 0, false, (ap_q_mode)5, (ap_o_mode)3, 0>(ap_fixed_base<30, 0, false, (ap_q_mode)5, (ap_o_mode)3, 0> const&) const' into 'costFunction(ap_ufixed<32, 9, (ap_q_mode)5, (ap_o_mode)3, 0>*, ap_fixed<18, 2, (ap_q_mode)5, (ap_o_mode)3, 0>*, ap_fixed<18, 7, (ap_q_mode)5, (ap_o_mode)3, 0>*, ap_fixed<18, 7, (ap_q_mode)5, (ap_o_mode)3, 0>*, ap_fixed<18, 7, (ap_q_mode)5, (ap_o_mode)3, 0>*)' (MPCwithMADS_fxd/costFunction.cpp:86:19)
INFO: [HLS 214-131] Inlining function 'ap_fixed<18, 3, (ap_q_mode)5, (ap_o_mode)3, 0>::ap_fixed<36, 6, true, (ap_q_mode)5, (ap_o_mode)3, 0>(ap_fixed_base<36, 6, true, (ap_q_mode)5, (ap_o_mode)3, 0> const&)' into 'costFunction(ap_ufixed<32, 9, (ap_q_mode)5, (ap_o_mode)3, 0>*, ap_fixed<18, 2, (ap_q_mode)5, (ap_o_mode)3, 0>*, ap_fixed<18, 7, (ap_q_mode)5, (ap_o_mode)3, 0>*, ap_fixed<18, 7, (ap_q_mode)5, (ap_o_mode)3, 0>*, ap_fixed<18, 7, (ap_q_mode)5, (ap_o_mode)3, 0>*)' (MPCwithMADS_fxd/costFunction.cpp:83:18)
INFO: [HLS 214-131] Inlining function 'ap_fixed_base<36, 6, true, (ap_q_mode)5, (ap_o_mode)3, 0>::operator>>(int) const' into 'costFunction(ap_ufixed<32, 9, (ap_q_mode)5, (ap_o_mode)3, 0>*, ap_fixed<18, 2, (ap_q_mode)5, (ap_o_mode)3, 0>*, ap_fixed<18, 7, (ap_q_mode)5, (ap_o_mode)3, 0>*, ap_fixed<18, 7, (ap_q_mode)5, (ap_o_mode)3, 0>*, ap_fixed<18, 7, (ap_q_mode)5, (ap_o_mode)3, 0>*)' (MPCwithMADS_fxd/costFunction.cpp:83:30)
INFO: [HLS 214-131] Inlining function 'ap_fixed_base<18, 3, true, (ap_q_mode)5, (ap_o_mode)3, 0>::RType<18, 3, true>::mult ap_fixed_base<18, 3, true, (ap_q_mode)5, (ap_o_mode)3, 0>::operator*<18, 3, true, (ap_q_mode)5, (ap_o_mode)3, 0>(ap_fixed_base<18, 3, true, (ap_q_mode)5, (ap_o_mode)3, 0> const&) const' into 'costFunction(ap_ufixed<32, 9, (ap_q_mode)5, (ap_o_mode)3, 0>*, ap_fixed<18, 2, (ap_q_mode)5, (ap_o_mode)3, 0>*, ap_fixed<18, 7, (ap_q_mode)5, (ap_o_mode)3, 0>*, ap_fixed<18, 7, (ap_q_mode)5, (ap_o_mode)3, 0>*, ap_fixed<18, 7, (ap_q_mode)5, (ap_o_mode)3, 0>*)' (MPCwithMADS_fxd/costFunction.cpp:83:23)
INFO: [HLS 214-131] Inlining function 'ap_fixed<18, 3, (ap_q_mode)5, (ap_o_mode)3, 0>::ap_fixed<60, 30, true, (ap_q_mode)5, (ap_o_mode)3, 0>(ap_fixed_base<60, 30, true, (ap_q_mode)5, (ap_o_mode)3, 0> const&)' into 'costFunction(ap_ufixed<32, 9, (ap_q_mode)5, (ap_o_mode)3, 0>*, ap_fixed<18, 2, (ap_q_mode)5, (ap_o_mode)3, 0>*, ap_fixed<18, 7, (ap_q_mode)5, (ap_o_mode)3, 0>*, ap_fixed<18, 7, (ap_q_mode)5, (ap_o_mode)3, 0>*, ap_fixed<18, 7, (ap_q_mode)5, (ap_o_mode)3, 0>*)' (MPCwithMADS_fxd/costFunction.cpp:82:17)
INFO: [HLS 214-131] Inlining function 'ap_fixed_base<48, 18, true, (ap_q_mode)5, (ap_o_mode)3, 0>::RType<18, 7, true>::div ap_fixed_base<48, 18, true, (ap_q_mode)5, (ap_o_mode)3, 0>::operator/<18, 7, true, (ap_q_mode)5, (ap_o_mode)3, 0>(ap_fixed_base<18, 7, true, (ap_q_mode)5, (ap_o_mode)3, 0> const&) const' into 'costFunction(ap_ufixed<32, 9, (ap_q_mode)5, (ap_o_mode)3, 0>*, ap_fixed<18, 2, (ap_q_mode)5, (ap_o_mode)3, 0>*, ap_fixed<18, 7, (ap_q_mode)5, (ap_o_mode)3, 0>*, ap_fixed<18, 7, (ap_q_mode)5, (ap_o_mode)3, 0>*, ap_fixed<18, 7, (ap_q_mode)5, (ap_o_mode)3, 0>*)' (MPCwithMADS_fxd/costFunction.cpp:82:24)
INFO: [HLS 214-131] Inlining function 'ap_fixed_base<18, 18, true, (ap_q_mode)5, (ap_o_mode)3, 0>::RType<30, 0, false>::mult ap_fixed_base<18, 18, true, (ap_q_mode)5, (ap_o_mode)3, 0>::operator*<30, 0, false, (ap_q_mode)5, (ap_o_mode)3, 0>(ap_fixed_base<30, 0, false, (ap_q_mode)5, (ap_o_mode)3, 0> const&) const' into 'costFunction(ap_ufixed<32, 9, (ap_q_mode)5, (ap_o_mode)3, 0>*, ap_fixed<18, 2, (ap_q_mode)5, (ap_o_mode)3, 0>*, ap_fixed<18, 7, (ap_q_mode)5, (ap_o_mode)3, 0>*, ap_fixed<18, 7, (ap_q_mode)5, (ap_o_mode)3, 0>*, ap_fixed<18, 7, (ap_q_mode)5, (ap_o_mode)3, 0>*)' (MPCwithMADS_fxd/costFunction.cpp:82:22)
INFO: [HLS 214-131] Inlining function 'ap_fixed_base<17, 17, true, (ap_q_mode)5, (ap_o_mode)3, 0>::operator-() const' into 'costFunction(ap_ufixed<32, 9, (ap_q_mode)5, (ap_o_mode)3, 0>*, ap_fixed<18, 2, (ap_q_mode)5, (ap_o_mode)3, 0>*, ap_fixed<18, 7, (ap_q_mode)5, (ap_o_mode)3, 0>*, ap_fixed<18, 7, (ap_q_mode)5, (ap_o_mode)3, 0>*, ap_fixed<18, 7, (ap_q_mode)5, (ap_o_mode)3, 0>*)' (MPCwithMADS_fxd/costFunction.cpp:82:17)
INFO: [HLS 214-131] Inlining function 'ap_fixed<18, 7, (ap_q_mode)5, (ap_o_mode)3, 0>::ap_fixed<48, 26, true, (ap_q_mode)5, (ap_o_mode)3, 0>(ap_fixed_base<48, 26, true, (ap_q_mode)5, (ap_o_mode)3, 0> const&)' into 'costFunction(ap_ufixed<32, 9, (ap_q_mode)5, (ap_o_mode)3, 0>*, ap_fixed<18, 2, (ap_q_mode)5, (ap_o_mode)3, 0>*, ap_fixed<18, 7, (ap_q_mode)5, (ap_o_mode)3, 0>*, ap_fixed<18, 7, (ap_q_mode)5, (ap_o_mode)3, 0>*, ap_fixed<18, 7, (ap_q_mode)5, (ap_o_mode)3, 0>*)' (MPCwithMADS_fxd/costFunction.cpp:29:17)
INFO: [HLS 214-131] Inlining function 'ap_fixed_base<36, 14, true, (ap_q_mode)5, (ap_o_mode)3, 0>::RType<18, 7, true>::div ap_fixed_base<36, 14, true, (ap_q_mode)5, (ap_o_mode)3, 0>::operator/<18, 7, true, (ap_q_mode)5, (ap_o_mode)3, 0>(ap_fixed_base<18, 7, true, (ap_q_mode)5, (ap_o_mode)3, 0> const&) const' into 'costFunction(ap_ufixed<32, 9, (ap_q_mode)5, (ap_o_mode)3, 0>*, ap_fixed<18, 2, (ap_q_mode)5, (ap_o_mode)3, 0>*, ap_fixed<18, 7, (ap_q_mode)5, (ap_o_mode)3, 0>*, ap_fixed<18, 7, (ap_q_mode)5, (ap_o_mode)3, 0>*, ap_fixed<18, 7, (ap_q_mode)5, (ap_o_mode)3, 0>*)' (MPCwithMADS_fxd/costFunction.cpp:29:33)
INFO: [HLS 214-131] Inlining function 'ap_fixed_base<18, 7, true, (ap_q_mode)5, (ap_o_mode)3, 0>::RType<18, 7, true>::mult ap_fixed_base<18, 7, true, (ap_q_mode)5, (ap_o_mode)3, 0>::operator*<18, 7, true, (ap_q_mode)5, (ap_o_mode)3, 0>(ap_fixed_base<18, 7, true, (ap_q_mode)5, (ap_o_mode)3, 0> const&) const' into 'costFunction(ap_ufixed<32, 9, (ap_q_mode)5, (ap_o_mode)3, 0>*, ap_fixed<18, 2, (ap_q_mode)5, (ap_o_mode)3, 0>*, ap_fixed<18, 7, (ap_q_mode)5, (ap_o_mode)3, 0>*, ap_fixed<18, 7, (ap_q_mode)5, (ap_o_mode)3, 0>*, ap_fixed<18, 7, (ap_q_mode)5, (ap_o_mode)3, 0>*)' (MPCwithMADS_fxd/costFunction.cpp:29:24)
INFO: [HLS 214-131] Inlining function 'ap_fixed<18, 7, (ap_q_mode)5, (ap_o_mode)3, 0>::ap_fixed<36, 14, true, (ap_q_mode)5, (ap_o_mode)3, 0>(ap_fixed_base<36, 14, true, (ap_q_mode)5, (ap_o_mode)3, 0> const&)' into 'costFunction(ap_ufixed<32, 9, (ap_q_mode)5, (ap_o_mode)3, 0>*, ap_fixed<18, 2, (ap_q_mode)5, (ap_o_mode)3, 0>*, ap_fixed<18, 7, (ap_q_mode)5, (ap_o_mode)3, 0>*, ap_fixed<18, 7, (ap_q_mode)5, (ap_o_mode)3, 0>*, ap_fixed<18, 7, (ap_q_mode)5, (ap_o_mode)3, 0>*)' (MPCwithMADS_fxd/costFunction.cpp:26:16)
INFO: [HLS 214-131] Inlining function 'ap_fixed_base<18, 7, true, (ap_q_mode)5, (ap_o_mode)3, 0>::RType<18, 7, true>::mult ap_fixed_base<18, 7, true, (ap_q_mode)5, (ap_o_mode)3, 0>::operator*<18, 7, true, (ap_q_mode)5, (ap_o_mode)3, 0>(ap_fixed_base<18, 7, true, (ap_q_mode)5, (ap_o_mode)3, 0> const&) const' into 'costFunction(ap_ufixed<32, 9, (ap_q_mode)5, (ap_o_mode)3, 0>*, ap_fixed<18, 2, (ap_q_mode)5, (ap_o_mode)3, 0>*, ap_fixed<18, 7, (ap_q_mode)5, (ap_o_mode)3, 0>*, ap_fixed<18, 7, (ap_q_mode)5, (ap_o_mode)3, 0>*, ap_fixed<18, 7, (ap_q_mode)5, (ap_o_mode)3, 0>*)' (MPCwithMADS_fxd/costFunction.cpp:26:19)
INFO: [HLS 214-131] Inlining function 'ap_fixed<18, 2, (ap_q_mode)5, (ap_o_mode)3, 0>::ap_fixed<49, 33, true, (ap_q_mode)5, (ap_o_mode)3, 0>(ap_fixed_base<49, 33, true, (ap_q_mode)5, (ap_o_mode)3, 0> const&)' into 'costFunction(ap_ufixed<32, 9, (ap_q_mode)5, (ap_o_mode)3, 0>*, ap_fixed<18, 2, (ap_q_mode)5, (ap_o_mode)3, 0>*, ap_fixed<18, 7, (ap_q_mode)5, (ap_o_mode)3, 0>*, ap_fixed<18, 7, (ap_q_mode)5, (ap_o_mode)3, 0>*, ap_fixed<18, 7, (ap_q_mode)5, (ap_o_mode)3, 0>*)' (MPCwithMADS_fxd/costFunction.cpp:24:16)
INFO: [HLS 214-131] Inlining function 'ap_fixed_base<18, 2, true, (ap_q_mode)5, (ap_o_mode)3, 0>::RType<($_0)32, ($_0)32, true>::minus operator-<18, 2, true, (ap_q_mode)5, (ap_o_mode)3, 0>(int, ap_fixed_base<18, 2, true, (ap_q_mode)5, (ap_o_mode)3, 0> const&)' into 'costFunction(ap_ufixed<32, 9, (ap_q_mode)5, (ap_o_mode)3, 0>*, ap_fixed<18, 2, (ap_q_mode)5, (ap_o_mode)3, 0>*, ap_fixed<18, 7, (ap_q_mode)5, (ap_o_mode)3, 0>*, ap_fixed<18, 7, (ap_q_mode)5, (ap_o_mode)3, 0>*, ap_fixed<18, 7, (ap_q_mode)5, (ap_o_mode)3, 0>*)' (MPCwithMADS_fxd/costFunction.cpp:24:18)
INFO: [HLS 214-131] Inlining function 'ap_fixed<18, 2, (ap_q_mode)5, (ap_o_mode)3, 0>::ap_fixed<30, 19, true, (ap_q_mode)5, (ap_o_mode)3, 0>(ap_fixed_base<30, 19, true, (ap_q_mode)5, (ap_o_mode)3, 0> const&)' into 'costFunction(ap_ufixed<32, 9, (ap_q_mode)5, (ap_o_mode)3, 0>*, ap_fixed<18, 2, (ap_q_mode)5, (ap_o_mode)3, 0>*, ap_fixed<18, 7, (ap_q_mode)5, (ap_o_mode)3, 0>*, ap_fixed<18, 7, (ap_q_mode)5, (ap_o_mode)3, 0>*, ap_fixed<18, 7, (ap_q_mode)5, (ap_o_mode)3, 0>*)' (MPCwithMADS_fxd/costFunction.cpp:21:16)
INFO: [HLS 214-131] Inlining function 'ap_fixed_base<18, 7, true, (ap_q_mode)5, (ap_o_mode)3, 0>::RType<18, 7, true>::div ap_fixed_base<18, 7, true, (ap_q_mode)5, (ap_o_mode)3, 0>::operator/<18, 7, true, (ap_q_mode)5, (ap_o_mode)3, 0>(ap_fixed_base<18, 7, true, (ap_q_mode)5, (ap_o_mode)3, 0> const&) const' into 'costFunction(ap_ufixed<32, 9, (ap_q_mode)5, (ap_o_mode)3, 0>*, ap_fixed<18, 2, (ap_q_mode)5, (ap_o_mode)3, 0>*, ap_fixed<18, 7, (ap_q_mode)5, (ap_o_mode)3, 0>*, ap_fixed<18, 7, (ap_q_mode)5, (ap_o_mode)3, 0>*, ap_fixed<18, 7, (ap_q_mode)5, (ap_o_mode)3, 0>*)' (MPCwithMADS_fxd/costFunction.cpp:21:20)
INFO: [HLS 214-131] Inlining function 'ap_ufixed<32, 9, (ap_q_mode)5, (ap_o_mode)3, 0>::ap_ufixed(int)' into 'costFunction(ap_ufixed<32, 9, (ap_q_mode)5, (ap_o_mode)3, 0>*, ap_fixed<18, 2, (ap_q_mode)5, (ap_o_mode)3, 0>*, ap_fixed<18, 7, (ap_q_mode)5, (ap_o_mode)3, 0>*, ap_fixed<18, 7, (ap_q_mode)5, (ap_o_mode)3, 0>*, ap_fixed<18, 7, (ap_q_mode)5, (ap_o_mode)3, 0>*)' (MPCwithMADS_fxd/costFunction.cpp:10:27)
INFO: [HLS 214-131] Inlining function 'ap_int_base<32, true>::ap_int_base(int)' into 'bool operator<<6, true>(ap_int_base<6, true> const&, int)' (C:/Xilinx/Vitis_HLS/2020.2/common/technology/autopilot\ap_int_base.h:1616:713)
INFO: [HLS 214-131] Inlining function 'bool ap_int_base<6, true>::operator<<32, true>(ap_int_base<32, true> const&) const' into 'bool operator<<6, true>(ap_int_base<6, true> const&, int)' (C:/Xilinx/Vitis_HLS/2020.2/common/technology/autopilot\ap_int_base.h:1616:711)
INFO: [HLS 214-131] Inlining function 'ap_int_base<7, true>::ap_int_base<6, true>(ap_int_base<6, true> const&)' into 'ap_int_base<6, true>::RType<6, true>::plus operator+<6, true, 6, true>(ap_int_base<6, true> const&, ap_int_base<6, true> const&)' (C:/Xilinx/Vitis_HLS/2020.2/common/technology/autopilot\ap_int_base.h:1346:339)
INFO: [HLS 214-131] Inlining function 'ap_int<7>::ap_int<7, true>(ap_int_base<7, true> const&)' into 'ap_int_base<6, true>::RType<6, true>::plus operator+<6, true, 6, true>(ap_int_base<6, true> const&, ap_int_base<6, true> const&)' (C:/Xilinx/Vitis_HLS/2020.2/common/technology/autopilot\ap_int_base.h:1346:551)
INFO: [HLS 214-131] Inlining function 'ap_int_base<7, true>::ap_int_base<6, true>(ap_int_base<6, true> const&)' into 'ap_int_base<6, true>::RType<6, true>::plus operator+<6, true, 6, true>(ap_int_base<6, true> const&, ap_int_base<6, true> const&)' (C:/Xilinx/Vitis_HLS/2020.2/common/technology/autopilot\ap_int_base.h:1346:427)
INFO: [HLS 214-131] Inlining function 'ap_fixed_base<32, 32, true, (ap_q_mode)5, (ap_o_mode)3, 0>::operator!() const' into 'ap_fixed_base<36, 12, false, (ap_q_mode)5, (ap_o_mode)3, 0>& ap_fixed_base<36, 12, false, (ap_q_mode)5, (ap_o_mode)3, 0>::operator=<32, 32, true, (ap_q_mode)5, (ap_o_mode)3, 0>(ap_fixed_base<32, 32, true, (ap_q_mode)5, (ap_o_mode)3, 0> const&)' (C:/Xilinx/Vitis_HLS/2020.2/common/technology/autopilot\ap_fixed_base.h:698:9)
INFO: [HLS 214-131] Inlining function 'ap_fixed_base<36, 12, false, (ap_q_mode)5, (ap_o_mode)3, 0>& ap_fixed_base<36, 12, false, (ap_q_mode)5, (ap_o_mode)3, 0>::operator=<32, 32, true, (ap_q_mode)5, (ap_o_mode)3, 0>(ap_fixed_base<32, 32, true, (ap_q_mode)5, (ap_o_mode)3, 0> const&)' into 'ap_fixed_base<36, 12, false, (ap_q_mode)5, (ap_o_mode)3, 0>::ap_fixed_base(int)' (C:/Xilinx/Vitis_HLS/2020.2/common/technology/autopilot\ap_fixed_base.h:541:146)
INFO: [HLS 214-131] Inlining function 'ap_fixed_base<36, 12, false, (ap_q_mode)5, (ap_o_mode)3, 0>::ap_fixed_base(int)' into 'ap_ufixed<36, 12, (ap_q_mode)5, (ap_o_mode)3, 0>::ap_ufixed(int)' (C:/Xilinx/Vitis_HLS/2020.2/common/technology/autopilot\ap_fixed.h:338:60)
INFO: [HLS 214-131] Inlining function 'ap_int_base<7, true>::ap_int_base<1, false>(ap_int_base<1, false> const&)' into 'ap_int_base<1, false>::RType<6, true>::minus operator-<1, false, 6, true>(ap_int_base<1, false> const&, ap_int_base<6, true> const&)' (C:/Xilinx/Vitis_HLS/2020.2/common/technology/autopilot\ap_int_base.h:1347:341)
INFO: [HLS 214-131] Inlining function 'ap_int<7>::ap_int<7, true>(ap_int_base<7, true> const&)' into 'ap_int_base<1, false>::RType<6, true>::minus operator-<1, false, 6, true>(ap_int_base<1, false> const&, ap_int_base<6, true> const&)' (C:/Xilinx/Vitis_HLS/2020.2/common/technology/autopilot\ap_int_base.h:1347:555)
INFO: [HLS 214-131] Inlining function 'ap_int_base<7, true>::ap_int_base<6, true>(ap_int_base<6, true> const&)' into 'ap_int_base<1, false>::RType<6, true>::minus operator-<1, false, 6, true>(ap_int_base<1, false> const&, ap_int_base<6, true> const&)' (C:/Xilinx/Vitis_HLS/2020.2/common/technology/autopilot\ap_int_base.h:1347:430)
INFO: [HLS 214-131] Inlining function 'ap_int_base<1, false>::ap_int_base(int)' into 'ap_int_base<6, true>::operator-() const' (C:/Xilinx/Vitis_HLS/2020.2/common/technology/autopilot\ap_int_base.h:746:12)
INFO: [HLS 214-131] Inlining function 'ap_int_base<1, false>::RType<6, true>::minus operator-<1, false, 6, true>(ap_int_base<1, false> const&, ap_int_base<6, true> const&)' into 'ap_int_base<6, true>::operator-() const' (C:/Xilinx/Vitis_HLS/2020.2/common/technology/autopilot\ap_int_base.h:746:37)
INFO: [HLS 214-131] Inlining function 'ap_fixed_base<36, 12, false, (ap_q_mode)5, (ap_o_mode)3, 0>::operator<<(unsigned int) const' into 'ap_fixed_base<36, 12, false, (ap_q_mode)5, (ap_o_mode)3, 0>::operator>>(int) const' (C:/Xilinx/Vitis_HLS/2020.2/common/technology/autopilot\ap_fixed_base.h:1369:14)
INFO: [HLS 214-131] Inlining function 'ap_fixed_base<36, 12, false, (ap_q_mode)5, (ap_o_mode)3, 0>::operator>>(unsigned int) const' into 'ap_fixed_base<36, 12, false, (ap_q_mode)5, (ap_o_mode)3, 0>::operator>>(int) const' (C:/Xilinx/Vitis_HLS/2020.2/common/technology/autopilot\ap_fixed_base.h:1371:14)
INFO: [HLS 214-131] Inlining function 'ap_int_base<7, true>::to_int() const' into 'ap_fixed_base<36, 12, false, (ap_q_mode)5, (ap_o_mode)3, 0> ap_fixed_base<36, 12, false, (ap_q_mode)5, (ap_o_mode)3, 0>::operator>><7>(ap_int_base<7, true> const&) const' (C:/Xilinx/Vitis_HLS/2020.2/common/technology/autopilot\ap_fixed_base.h:1386:18)
INFO: [HLS 214-131] Inlining function 'ap_fixed_base<36, 12, false, (ap_q_mode)5, (ap_o_mode)3, 0>::operator>>(int) const' into 'ap_fixed_base<36, 12, false, (ap_q_mode)5, (ap_o_mode)3, 0> ap_fixed_base<36, 12, false, (ap_q_mode)5, (ap_o_mode)3, 0>::operator>><7>(ap_int_base<7, true> const&) const' (C:/Xilinx/Vitis_HLS/2020.2/common/technology/autopilot\ap_fixed_base.h:1387:12)
INFO: [HLS 214-131] Inlining function 'ap_fixed_base<36, 12, false, (ap_q_mode)5, (ap_o_mode)3, 0>::operator>>(unsigned int) const' into 'ap_fixed_base<36, 12, false, (ap_q_mode)5, (ap_o_mode)3, 0>::operator<<(int) const' (C:/Xilinx/Vitis_HLS/2020.2/common/technology/autopilot\ap_fixed_base.h:1359:14)
INFO: [HLS 214-131] Inlining function 'ap_fixed_base<36, 12, false, (ap_q_mode)5, (ap_o_mode)3, 0>::operator<<(unsigned int) const' into 'ap_fixed_base<36, 12, false, (ap_q_mode)5, (ap_o_mode)3, 0>::operator<<(int) const' (C:/Xilinx/Vitis_HLS/2020.2/common/technology/autopilot\ap_fixed_base.h:1361:14)
INFO: [HLS 214-131] Inlining function 'ap_int_base<6, true>::to_int() const' into 'ap_fixed_base<36, 12, false, (ap_q_mode)5, (ap_o_mode)3, 0> ap_fixed_base<36, 12, false, (ap_q_mode)5, (ap_o_mode)3, 0>::operator<<<6>(ap_int_base<6, true> const&) const' (C:/Xilinx/Vitis_HLS/2020.2/common/technology/autopilot\ap_fixed_base.h:1380:18)
INFO: [HLS 214-131] Inlining function 'ap_fixed_base<36, 12, false, (ap_q_mode)5, (ap_o_mode)3, 0>::operator<<(int) const' into 'ap_fixed_base<36, 12, false, (ap_q_mode)5, (ap_o_mode)3, 0> ap_fixed_base<36, 12, false, (ap_q_mode)5, (ap_o_mode)3, 0>::operator<<<6>(ap_int_base<6, true> const&) const' (C:/Xilinx/Vitis_HLS/2020.2/common/technology/autopilot\ap_fixed_base.h:1381:12)
INFO: [HLS 214-131] Inlining function 'ap_int_base<30, false>::ap_int_base<5, false>(ap_int_base<5, false> const&)' into 'ap_int_base<5, false>::RType<25, false>::mult operator*<5, false, 25, false>(ap_int_base<5, false> const&, ap_int_base<25, false> const&)' (C:/Xilinx/Vitis_HLS/2020.2/common/technology/autopilot\ap_int_base.h:1345:339)
INFO: [HLS 214-131] Inlining function 'ap_uint<30>::ap_uint<30, false>(ap_int_base<30, false> const&)' into 'ap_int_base<5, false>::RType<25, false>::mult operator*<5, false, 25, false>(ap_int_base<5, false> const&, ap_int_base<25, false> const&)' (C:/Xilinx/Vitis_HLS/2020.2/common/technology/autopilot\ap_int_base.h:1345:551)
INFO: [HLS 214-131] Inlining function 'ap_int_base<30, false>::ap_int_base<25, false>(ap_int_base<25, false> const&)' into 'ap_int_base<5, false>::RType<25, false>::mult operator*<5, false, 25, false>(ap_int_base<5, false> const&, ap_int_base<25, false> const&)' (C:/Xilinx/Vitis_HLS/2020.2/common/technology/autopilot\ap_int_base.h:1345:427)
INFO: [HLS 214-131] Inlining function 'ap_uint<21>::ap_uint<21, false>(ap_int_base<21, false> const&)' into 'ap_int_base<25, false>::RType<21, false>::mod operator%<25, false, 21, false>(ap_int_base<25, false> const&, ap_int_base<21, false> const&)' (C:/Xilinx/Vitis_HLS/2020.2/common/technology/autopilot\ap_int_base.h:1365:371)
INFO: [HLS 214-131] Inlining function 'ap_fixed_base<25, 25, false, (ap_q_mode)5, (ap_o_mode)3, 0>::operator!() const' into 'ap_fixed_base<45, 25, false, (ap_q_mode)5, (ap_o_mode)3, 0>& ap_fixed_base<45, 25, false, (ap_q_mode)5, (ap_o_mode)3, 0>::operator=<25, 25, false, (ap_q_mode)5, (ap_o_mode)3, 0>(ap_fixed_base<25, 25, false, (ap_q_mode)5, (ap_o_mode)3, 0> const&)' (C:/Xilinx/Vitis_HLS/2020.2/common/technology/autopilot\ap_fixed_base.h:698:9)
INFO: [HLS 214-131] Inlining function 'ap_fixed_base<45, 25, false, (ap_q_mode)5, (ap_o_mode)3, 0>& ap_fixed_base<45, 25, false, (ap_q_mode)5, (ap_o_mode)3, 0>::operator=<25, 25, false, (ap_q_mode)5, (ap_o_mode)3, 0>(ap_fixed_base<25, 25, false, (ap_q_mode)5, (ap_o_mode)3, 0> const&)' into 'ap_fixed_base<45, 25, false, (ap_q_mode)5, (ap_o_mode)3, 0>::ap_fixed_base<25, false>(ap_int_base<25, false> const&)' (C:/Xilinx/Vitis_HLS/2020.2/common/technology/autopilot\ap_fixed_base.h:447:5)
INFO: [HLS 214-131] Inlining function 'ap_fixed_base<45, 25, false, (ap_q_mode)5, (ap_o_mode)3, 0>::ap_fixed_base<25, false>(ap_int_base<25, false> const&)' into 'ap_ufixed<45, 25, (ap_q_mode)5, (ap_o_mode)3, 0>::ap_ufixed<25, false>(ap_int_base<25, false> const&)' (C:/Xilinx/Vitis_HLS/2020.2/common/technology/autopilot\ap_fixed.h:276:92)
INFO: [HLS 214-131] Inlining function 'ap_fixed_base<45, 25, false, (ap_q_mode)5, (ap_o_mode)3, 0>::operator<<(unsigned int) const' into 'ap_fixed_base<45, 25, false, (ap_q_mode)5, (ap_o_mode)3, 0>::operator>>(int) const' (C:/Xilinx/Vitis_HLS/2020.2/common/technology/autopilot\ap_fixed_base.h:1369:14)
INFO: [HLS 214-131] Inlining function 'ap_fixed_base<45, 25, false, (ap_q_mode)5, (ap_o_mode)3, 0>::operator>>(unsigned int) const' into 'ap_fixed_base<45, 25, false, (ap_q_mode)5, (ap_o_mode)3, 0>::operator>>(int) const' (C:/Xilinx/Vitis_HLS/2020.2/common/technology/autopilot\ap_fixed_base.h:1371:14)
INFO: [HLS 214-131] Inlining function 'ap_fixed_base<45, 25, false, (ap_q_mode)5, (ap_o_mode)3, 0>::operator!() const' into 'ap_fixed_base<53, 33, true, (ap_q_mode)5, (ap_o_mode)3, 0>& ap_fixed_base<53, 33, true, (ap_q_mode)5, (ap_o_mode)3, 0>::operator=<45, 25, false, (ap_q_mode)5, (ap_o_mode)3, 0>(ap_fixed_base<45, 25, false, (ap_q_mode)5, (ap_o_mode)3, 0> const&)' (C:/Xilinx/Vitis_HLS/2020.2/common/technology/autopilot\ap_fixed_base.h:698:9)
INFO: [HLS 214-131] Inlining function 'ap_fixed_base<53, 33, true, (ap_q_mode)5, (ap_o_mode)3, 0>& ap_fixed_base<53, 33, true, (ap_q_mode)5, (ap_o_mode)3, 0>::operator=<45, 25, false, (ap_q_mode)5, (ap_o_mode)3, 0>(ap_fixed_base<45, 25, false, (ap_q_mode)5, (ap_o_mode)3, 0> const&)' into 'ap_fixed_base<53, 33, true, (ap_q_mode)5, (ap_o_mode)3, 0>::ap_fixed_base<45, 25, false, (ap_q_mode)5, (ap_o_mode)3, 0>(ap_fixed_base<45, 25, false, (ap_q_mode)5, (ap_o_mode)3, 0> const&)' (C:/Xilinx/Vitis_HLS/2020.2/common/technology/autopilot\ap_fixed_base.h:431:5)
INFO: [HLS 214-131] Inlining function 'ap_fixed_base<32, 32, true, (ap_q_mode)5, (ap_o_mode)3, 0>::operator!() const' into 'ap_fixed_base<53, 33, true, (ap_q_mode)5, (ap_o_mode)3, 0>& ap_fixed_base<53, 33, true, (ap_q_mode)5, (ap_o_mode)3, 0>::operator=<32, 32, true, (ap_q_mode)5, (ap_o_mode)3, 0>(ap_fixed_base<32, 32, true, (ap_q_mode)5, (ap_o_mode)3, 0> const&)' (C:/Xilinx/Vitis_HLS/2020.2/common/technology/autopilot\ap_fixed_base.h:698:9)
INFO: [HLS 214-131] Inlining function 'ap_fixed_base<53, 33, true, (ap_q_mode)5, (ap_o_mode)3, 0>& ap_fixed_base<53, 33, true, (ap_q_mode)5, (ap_o_mode)3, 0>::operator=<32, 32, true, (ap_q_mode)5, (ap_o_mode)3, 0>(ap_fixed_base<32, 32, true, (ap_q_mode)5, (ap_o_mode)3, 0> const&)' into 'ap_fixed_base<53, 33, true, (ap_q_mode)5, (ap_o_mode)3, 0>::ap_fixed_base<32, 32, true, (ap_q_mode)5, (ap_o_mode)3, 0>(ap_fixed_base<32, 32, true, (ap_q_mode)5, (ap_o_mode)3, 0> const&)' (C:/Xilinx/Vitis_HLS/2020.2/common/technology/autopilot\ap_fixed_base.h:431:5)
INFO: [HLS 214-131] Inlining function 'ap_fixed_base<53, 33, true, (ap_q_mode)5, (ap_o_mode)3, 0>::ap_fixed_base<45, 25, false, (ap_q_mode)5, (ap_o_mode)3, 0>(ap_fixed_base<45, 25, false, (ap_q_mode)5, (ap_o_mode)3, 0> const&)' into 'ap_fixed_base<45, 25, false, (ap_q_mode)5, (ap_o_mode)3, 0>::RType<32, 32, true>::minus ap_fixed_base<45, 25, false, (ap_q_mode)5, (ap_o_mode)3, 0>::operator-<32, 32, true, (ap_q_mode)5, (ap_o_mode)3, 0>(ap_fixed_base<32, 32, true, (ap_q_mode)5, (ap_o_mode)3, 0> const&) const' (C:/Xilinx/Vitis_HLS/2020.2/common/technology/autopilot\ap_fixed_base.h:1193:332)
INFO: [HLS 214-131] Inlining function 'ap_fixed<53, 33, (ap_q_mode)5, (ap_o_mode)3, 0>::ap_fixed<53, 33, true, (ap_q_mode)5, (ap_o_mode)3, 0>(ap_fixed_base<53, 33, true, (ap_q_mode)5, (ap_o_mode)3, 0> const&)' into 'ap_fixed_base<45, 25, false, (ap_q_mode)5, (ap_o_mode)3, 0>::RType<32, 32, true>::minus ap_fixed_base<45, 25, false, (ap_q_mode)5, (ap_o_mode)3, 0>::operator-<32, 32, true, (ap_q_mode)5, (ap_o_mode)3, 0>(ap_fixed_base<32, 32, true, (ap_q_mode)5, (ap_o_mode)3, 0> const&) const' (C:/Xilinx/Vitis_HLS/2020.2/common/technology/autopilot\ap_fixed_base.h:1193:384)
INFO: [HLS 214-131] Inlining function 'ap_fixed_base<53, 33, true, (ap_q_mode)5, (ap_o_mode)3, 0>::ap_fixed_base<32, 32, true, (ap_q_mode)5, (ap_o_mode)3, 0>(ap_fixed_base<32, 32, true, (ap_q_mode)5, (ap_o_mode)3, 0> const&)' into 'ap_fixed_base<45, 25, false, (ap_q_mode)5, (ap_o_mode)3, 0>::RType<32, 32, true>::minus ap_fixed_base<45, 25, false, (ap_q_mode)5, (ap_o_mode)3, 0>::operator-<32, 32, true, (ap_q_mode)5, (ap_o_mode)3, 0>(ap_fixed_base<32, 32, true, (ap_q_mode)5, (ap_o_mode)3, 0> const&) const' (C:/Xilinx/Vitis_HLS/2020.2/common/technology/autopilot\ap_fixed_base.h:1193:344)
INFO: [HLS 214-131] Inlining function 'ap_fixed_base<32, 32, true, (ap_q_mode)5, (ap_o_mode)3, 0>::ap_fixed_base(int)' into 'ap_fixed_base<45, 25, false, (ap_q_mode)5, (ap_o_mode)3, 0>::RType<($_0)32, ($_0)32, true>::minus operator-<45, 25, false, (ap_q_mode)5, (ap_o_mode)3, 0>(ap_fixed_base<45, 25, false, (ap_q_mode)5, (ap_o_mode)3, 0> const&, int)' (C:/Xilinx/Vitis_HLS/2020.2/common/technology/autopilot\ap_fixed_base.h:2221:1168)
INFO: [HLS 214-131] Inlining function 'ap_fixed_base<45, 25, false, (ap_q_mode)5, (ap_o_mode)3, 0>::RType<32, 32, true>::minus ap_fixed_base<45, 25, false, (ap_q_mode)5, (ap_o_mode)3, 0>::operator-<32, 32, true, (ap_q_mode)5, (ap_o_mode)3, 0>(ap_fixed_base<32, 32, true, (ap_q_mode)5, (ap_o_mode)3, 0> const&) const' into 'ap_fixed_base<45, 25, false, (ap_q_mode)5, (ap_o_mode)3, 0>::RType<($_0)32, ($_0)32, true>::minus operator-<45, 25, false, (ap_q_mode)5, (ap_o_mode)3, 0>(ap_fixed_base<45, 25, false, (ap_q_mode)5, (ap_o_mode)3, 0> const&, int)' (C:/Xilinx/Vitis_HLS/2020.2/common/technology/autopilot\ap_fixed_base.h:2221:1157)
INFO: [HLS 214-131] Inlining function 'ap_fixed_base<53, 33, true, (ap_q_mode)5, (ap_o_mode)3, 0>::operator!() const' into 'ap_fixed_base<18, 3, true, (ap_q_mode)5, (ap_o_mode)3, 0>& ap_fixed_base<18, 3, true, (ap_q_mode)5, (ap_o_mode)3, 0>::operator=<53, 33, true, (ap_q_mode)5, (ap_o_mode)3, 0>(ap_fixed_base<53, 33, true, (ap_q_mode)5, (ap_o_mode)3, 0> const&)' (C:/Xilinx/Vitis_HLS/2020.2/common/technology/autopilot\ap_fixed_base.h:698:9)
INFO: [HLS 214-131] Inlining function 'ap_fixed_base<18, 3, true, (ap_q_mode)5, (ap_o_mode)3, 0>& ap_fixed_base<18, 3, true, (ap_q_mode)5, (ap_o_mode)3, 0>::operator=<53, 33, true, (ap_q_mode)5, (ap_o_mode)3, 0>(ap_fixed_base<53, 33, true, (ap_q_mode)5, (ap_o_mode)3, 0> const&)' into 'ap_fixed_base<18, 3, true, (ap_q_mode)5, (ap_o_mode)3, 0>::ap_fixed_base<53, 33, true, (ap_q_mode)5, (ap_o_mode)3, 0>(ap_fixed_base<53, 33, true, (ap_q_mode)5, (ap_o_mode)3, 0> const&)' (C:/Xilinx/Vitis_HLS/2020.2/common/technology/autopilot\ap_fixed_base.h:431:5)
INFO: [HLS 214-131] Inlining function 'ap_fixed_base<18, 3, true, (ap_q_mode)5, (ap_o_mode)3, 0>::ap_fixed_base<53, 33, true, (ap_q_mode)5, (ap_o_mode)3, 0>(ap_fixed_base<53, 33, true, (ap_q_mode)5, (ap_o_mode)3, 0> const&)' into 'ap_fixed<18, 3, (ap_q_mode)5, (ap_o_mode)3, 0>::ap_fixed<53, 33, true, (ap_q_mode)5, (ap_o_mode)3, 0>(ap_fixed_base<53, 33, true, (ap_q_mode)5, (ap_o_mode)3, 0> const&)' (C:/Xilinx/Vitis_HLS/2020.2/common/technology/autopilot\ap_fixed.h:75:9)
INFO: [HLS 214-131] Inlining function 'ap_uint<25>::ap_uint(int)' into 'pseudoRand(ap_fixed<18, 3, (ap_q_mode)5, (ap_o_mode)3, 0>*)' (MPCwithMADS_fxd/pseudoRand.cpp:8:26)
INFO: [HLS 214-131] Inlining function 'ap_fixed<18, 3, (ap_q_mode)5, (ap_o_mode)3, 0>::ap_fixed<53, 33, true, (ap_q_mode)5, (ap_o_mode)3, 0>(ap_fixed_base<53, 33, true, (ap_q_mode)5, (ap_o_mode)3, 0> const&)' into 'pseudoRand(ap_fixed<18, 3, (ap_q_mode)5, (ap_o_mode)3, 0>*)' (MPCwithMADS_fxd/pseudoRand.cpp:33:10)
INFO: [HLS 214-131] Inlining function 'ap_fixed_base<45, 25, false, (ap_q_mode)5, (ap_o_mode)3, 0>::RType<($_0)32, ($_0)32, true>::minus operator-<45, 25, false, (ap_q_mode)5, (ap_o_mode)3, 0>(ap_fixed_base<45, 25, false, (ap_q_mode)5, (ap_o_mode)3, 0> const&, int)' into 'pseudoRand(ap_fixed<18, 3, (ap_q_mode)5, (ap_o_mode)3, 0>*)' (MPCwithMADS_fxd/pseudoRand.cpp:33:26)
INFO: [HLS 214-131] Inlining function 'ap_fixed_base<45, 25, false, (ap_q_mode)5, (ap_o_mode)3, 0>::operator>>(int) const' into 'pseudoRand(ap_fixed<18, 3, (ap_q_mode)5, (ap_o_mode)3, 0>*)' (MPCwithMADS_fxd/pseudoRand.cpp:33:19)
INFO: [HLS 214-131] Inlining function 'ap_ufixed<45, 25, (ap_q_mode)5, (ap_o_mode)3, 0>::ap_ufixed<25, false>(ap_int_base<25, false> const&)' into 'pseudoRand(ap_fixed<18, 3, (ap_q_mode)5, (ap_o_mode)3, 0>*)' (MPCwithMADS_fxd/pseudoRand.cpp:32:13)
INFO: [HLS 214-131] Inlining function 'ap_uint<25>::ap_uint<21>(ap_uint<21> const&)' into 'pseudoRand(ap_fixed<18, 3, (ap_q_mode)5, (ap_o_mode)3, 0>*)' (MPCwithMADS_fxd/pseudoRand.cpp:31:8)
INFO: [HLS 214-131] Inlining function 'ap_int_base<25, false>::RType<21, false>::mod operator%<25, false, 21, false>(ap_int_base<25, false> const&, ap_int_base<21, false> const&)' into 'pseudoRand(ap_fixed<18, 3, (ap_q_mode)5, (ap_o_mode)3, 0>*)' (MPCwithMADS_fxd/pseudoRand.cpp:31:11)
INFO: [HLS 214-131] Inlining function 'ap_uint<25>::ap_uint<30>(ap_uint<30> const&)' into 'pseudoRand(ap_fixed<18, 3, (ap_q_mode)5, (ap_o_mode)3, 0>*)' (MPCwithMADS_fxd/pseudoRand.cpp:30:8)
INFO: [HLS 214-131] Inlining function 'ap_int_base<5, false>::RType<25, false>::mult operator*<5, false, 25, false>(ap_int_base<5, false> const&, ap_int_base<25, false> const&)' into 'pseudoRand(ap_fixed<18, 3, (ap_q_mode)5, (ap_o_mode)3, 0>*)' (MPCwithMADS_fxd/pseudoRand.cpp:30:10)
INFO: [HLS 214-131] Inlining function 'ap_fixed<18, 3, (ap_q_mode)5, (ap_o_mode)3, 0>::ap_fixed<53, 33, true, (ap_q_mode)5, (ap_o_mode)3, 0>(ap_fixed_base<53, 33, true, (ap_q_mode)5, (ap_o_mode)3, 0> const&)' into 'pseudoRand(ap_fixed<18, 3, (ap_q_mode)5, (ap_o_mode)3, 0>*)' (MPCwithMADS_fxd/pseudoRand.cpp:28:10)
INFO: [HLS 214-131] Inlining function 'ap_fixed_base<45, 25, false, (ap_q_mode)5, (ap_o_mode)3, 0>::RType<($_0)32, ($_0)32, true>::minus operator-<45, 25, false, (ap_q_mode)5, (ap_o_mode)3, 0>(ap_fixed_base<45, 25, false, (ap_q_mode)5, (ap_o_mode)3, 0> const&, int)' into 'pseudoRand(ap_fixed<18, 3, (ap_q_mode)5, (ap_o_mode)3, 0>*)' (MPCwithMADS_fxd/pseudoRand.cpp:28:26)
INFO: [HLS 214-131] Inlining function 'ap_fixed_base<45, 25, false, (ap_q_mode)5, (ap_o_mode)3, 0>::operator>>(int) const' into 'pseudoRand(ap_fixed<18, 3, (ap_q_mode)5, (ap_o_mode)3, 0>*)' (MPCwithMADS_fxd/pseudoRand.cpp:28:19)
INFO: [HLS 214-131] Inlining function 'ap_ufixed<45, 25, (ap_q_mode)5, (ap_o_mode)3, 0>::ap_ufixed<25, false>(ap_int_base<25, false> const&)' into 'pseudoRand(ap_fixed<18, 3, (ap_q_mode)5, (ap_o_mode)3, 0>*)' (MPCwithMADS_fxd/pseudoRand.cpp:27:13)
INFO: [HLS 214-131] Inlining function 'ap_uint<25>::ap_uint<21>(ap_uint<21> const&)' into 'pseudoRand(ap_fixed<18, 3, (ap_q_mode)5, (ap_o_mode)3, 0>*)' (MPCwithMADS_fxd/pseudoRand.cpp:26:8)
INFO: [HLS 214-131] Inlining function 'ap_int_base<25, false>::RType<21, false>::mod operator%<25, false, 21, false>(ap_int_base<25, false> const&, ap_int_base<21, false> const&)' into 'pseudoRand(ap_fixed<18, 3, (ap_q_mode)5, (ap_o_mode)3, 0>*)' (MPCwithMADS_fxd/pseudoRand.cpp:26:11)
INFO: [HLS 214-131] Inlining function 'ap_uint<25>::ap_uint<30>(ap_uint<30> const&)' into 'pseudoRand(ap_fixed<18, 3, (ap_q_mode)5, (ap_o_mode)3, 0>*)' (MPCwithMADS_fxd/pseudoRand.cpp:25:8)
INFO: [HLS 214-131] Inlining function 'ap_int_base<5, false>::RType<25, false>::mult operator*<5, false, 25, false>(ap_int_base<5, false> const&, ap_int_base<25, false> const&)' into 'pseudoRand(ap_fixed<18, 3, (ap_q_mode)5, (ap_o_mode)3, 0>*)' (MPCwithMADS_fxd/pseudoRand.cpp:25:10)
INFO: [HLS 214-131] Inlining function 'ap_uint<21>::ap_uint(int)' into 'pseudoRand(ap_fixed<18, 3, (ap_q_mode)5, (ap_o_mode)3, 0>*)' (MPCwithMADS_fxd/pseudoRand.cpp:21:18)
INFO: [HLS 214-131] Inlining function 'ap_uint<5>::ap_uint(int)' into 'pseudoRand(ap_fixed<18, 3, (ap_q_mode)5, (ap_o_mode)3, 0>*)' (MPCwithMADS_fxd/pseudoRand.cpp:20:17)
INFO: [HLS 214-131] Inlining function 'ap_uint<25>::ap_uint(int)' into 'pseudoRand(ap_fixed<18, 3, (ap_q_mode)5, (ap_o_mode)3, 0>*)' (MPCwithMADS_fxd/pseudoRand.cpp:9:26)
INFO: [HLS 214-131] Inlining function 'ap_int_base<7, true>::ap_int_base<6, true>(ap_int_base<6, true> const&)' into 'ap_int_base<6, true>::RType<6, true>::minus operator-<6, true, 6, true>(ap_int_base<6, true> const&, ap_int_base<6, true> const&)' (C:/Xilinx/Vitis_HLS/2020.2/common/technology/autopilot\ap_int_base.h:1347:341)
INFO: [HLS 214-131] Inlining function 'ap_int<7>::ap_int<7, true>(ap_int_base<7, true> const&)' into 'ap_int_base<6, true>::RType<6, true>::minus operator-<6, true, 6, true>(ap_int_base<6, true> const&, ap_int_base<6, true> const&)' (C:/Xilinx/Vitis_HLS/2020.2/common/technology/autopilot\ap_int_base.h:1347:555)
INFO: [HLS 214-131] Inlining function 'ap_int_base<7, true>::ap_int_base<6, true>(ap_int_base<6, true> const&)' into 'ap_int_base<6, true>::RType<6, true>::minus operator-<6, true, 6, true>(ap_int_base<6, true> const&, ap_int_base<6, true> const&)' (C:/Xilinx/Vitis_HLS/2020.2/common/technology/autopilot\ap_int_base.h:1347:430)
INFO: [HLS 214-131] Inlining function 'ap_int_base<33, true>::ap_int_base<7, true>(ap_int_base<7, true> const&)' into 'ap_int_base<7, true>::RType<32, true>::plus operator+<7, true, 32, true>(ap_int_base<7, true> const&, ap_int_base<32, true> const&)' (C:/Xilinx/Vitis_HLS/2020.2/common/technology/autopilot\ap_int_base.h:1346:339)
INFO: [HLS 214-131] Inlining function 'ap_int<33>::ap_int<33, true>(ap_int_base<33, true> const&)' into 'ap_int_base<7, true>::RType<32, true>::plus operator+<7, true, 32, true>(ap_int_base<7, true> const&, ap_int_base<32, true> const&)' (C:/Xilinx/Vitis_HLS/2020.2/common/technology/autopilot\ap_int_base.h:1346:551)
INFO: [HLS 214-131] Inlining function 'ap_int_base<33, true>::ap_int_base<32, true>(ap_int_base<32, true> const&)' into 'ap_int_base<7, true>::RType<32, true>::plus operator+<7, true, 32, true>(ap_int_base<7, true> const&, ap_int_base<32, true> const&)' (C:/Xilinx/Vitis_HLS/2020.2/common/technology/autopilot\ap_int_base.h:1346:427)
INFO: [HLS 214-131] Inlining function 'ap_int_base<32, true>::ap_int_base(int)' into 'ap_int_base<7, true>::RType<($_0)32, true>::plus operator+<7, true>(ap_int_base<7, true> const&, int)' (C:/Xilinx/Vitis_HLS/2020.2/common/technology/autopilot\ap_int_base.h:1461:1006)
INFO: [HLS 214-131] Inlining function 'ap_int_base<7, true>::RType<32, true>::plus operator+<7, true, 32, true>(ap_int_base<7, true> const&, ap_int_base<32, true> const&)' into 'ap_int_base<7, true>::RType<($_0)32, true>::plus operator+<7, true>(ap_int_base<7, true> const&, int)' (C:/Xilinx/Vitis_HLS/2020.2/common/technology/autopilot\ap_int_base.h:1461:1004)
INFO: [HLS 214-131] Inlining function 'ap_fixed<50, 35, (ap_q_mode)5, (ap_o_mode)3, 0>::ap_fixed<50, 35, true, (ap_q_mode)5, (ap_o_mode)3, 0>(ap_fixed_base<50, 35, true, (ap_q_mode)5, (ap_o_mode)3, 0> const&)' into 'ap_fixed_base<32, 32, true, (ap_q_mode)5, (ap_o_mode)3, 0>::RType<18, 3, true>::mult ap_fixed_base<32, 32, true, (ap_q_mode)5, (ap_o_mode)3, 0>::operator*<18, 3, true, (ap_q_mode)5, (ap_o_mode)3, 0>(ap_fixed_base<18, 3, true, (ap_q_mode)5, (ap_o_mode)3, 0> const&) const' (C:/Xilinx/Vitis_HLS/2020.2/common/technology/autopilot\ap_fixed_base.h:1119:12)
INFO: [HLS 214-131] Inlining function 'ap_fixed_base<32, 32, true, (ap_q_mode)5, (ap_o_mode)3, 0>::ap_fixed_base(int)' into 'ap_fixed_base<18, 3, true, (ap_q_mode)5, (ap_o_mode)3, 0>::RType<($_0)32, ($_0)32, true>::mult operator*<18, 3, true, (ap_q_mode)5, (ap_o_mode)3, 0>(int, ap_fixed_base<18, 3, true, (ap_q_mode)5, (ap_o_mode)3, 0> const&)' (C:/Xilinx/Vitis_HLS/2020.2/common/technology/autopilot\ap_fixed_base.h:2221:2385)
INFO: [HLS 214-131] Inlining function 'ap_fixed_base<32, 32, true, (ap_q_mode)5, (ap_o_mode)3, 0>::RType<18, 3, true>::mult ap_fixed_base<32, 32, true, (ap_q_mode)5, (ap_o_mode)3, 0>::operator*<18, 3, true, (ap_q_mode)5, (ap_o_mode)3, 0>(ap_fixed_base<18, 3, true, (ap_q_mode)5, (ap_o_mode)3, 0> const&) const' into 'ap_fixed_base<18, 3, true, (ap_q_mode)5, (ap_o_mode)3, 0>::RType<($_0)32, ($_0)32, true>::mult operator*<18, 3, true, (ap_q_mode)5, (ap_o_mode)3, 0>(int, ap_fixed_base<18, 3, true, (ap_q_mode)5, (ap_o_mode)3, 0> const&)' (C:/Xilinx/Vitis_HLS/2020.2/common/technology/autopilot\ap_fixed_base.h:2221:2445)
INFO: [HLS 214-131] Inlining function 'ap_fixed<68, 38, (ap_q_mode)5, (ap_o_mode)3, 0>::ap_fixed<68, 38, true, (ap_q_mode)5, (ap_o_mode)3, 0>(ap_fixed_base<68, 38, true, (ap_q_mode)5, (ap_o_mode)3, 0> const&)' into 'ap_fixed_base<50, 35, true, (ap_q_mode)5, (ap_o_mode)3, 0>::RType<18, 3, true>::mult ap_fixed_base<50, 35, true, (ap_q_mode)5, (ap_o_mode)3, 0>::operator*<18, 3, true, (ap_q_mode)5, (ap_o_mode)3, 0>(ap_fixed_base<18, 3, true, (ap_q_mode)5, (ap_o_mode)3, 0> const&) const' (C:/Xilinx/Vitis_HLS/2020.2/common/technology/autopilot\ap_fixed_base.h:1119:12)
INFO: [HLS 214-131] Inlining function 'ap_fixed_base<68, 38, true, (ap_q_mode)5, (ap_o_mode)3, 0>::operator!() const' into 'ap_fixed_base<18, 3, true, (ap_q_mode)5, (ap_o_mode)3, 0>& ap_fixed_base<18, 3, true, (ap_q_mode)5, (ap_o_mode)3, 0>::operator=<68, 38, true, (ap_q_mode)5, (ap_o_mode)3, 0>(ap_fixed_base<68, 38, true, (ap_q_mode)5, (ap_o_mode)3, 0> const&)' (C:/Xilinx/Vitis_HLS/2020.2/common/technology/autopilot\ap_fixed_base.h:698:9)
INFO: [HLS 214-131] Inlining function 'ap_fixed_base<18, 3, true, (ap_q_mode)5, (ap_o_mode)3, 0>& ap_fixed_base<18, 3, true, (ap_q_mode)5, (ap_o_mode)3, 0>::operator=<68, 38, true, (ap_q_mode)5, (ap_o_mode)3, 0>(ap_fixed_base<68, 38, true, (ap_q_mode)5, (ap_o_mode)3, 0> const&)' into 'ap_fixed_base<18, 3, true, (ap_q_mode)5, (ap_o_mode)3, 0>::ap_fixed_base<68, 38, true, (ap_q_mode)5, (ap_o_mode)3, 0>(ap_fixed_base<68, 38, true, (ap_q_mode)5, (ap_o_mode)3, 0> const&)' (C:/Xilinx/Vitis_HLS/2020.2/common/technology/autopilot\ap_fixed_base.h:431:5)
INFO: [HLS 214-131] Inlining function 'ap_fixed_base<18, 3, true, (ap_q_mode)5, (ap_o_mode)3, 0>::ap_fixed_base<68, 38, true, (ap_q_mode)5, (ap_o_mode)3, 0>(ap_fixed_base<68, 38, true, (ap_q_mode)5, (ap_o_mode)3, 0> const&)' into 'ap_fixed<18, 3, (ap_q_mode)5, (ap_o_mode)3, 0>::ap_fixed<68, 38, true, (ap_q_mode)5, (ap_o_mode)3, 0>(ap_fixed_base<68, 38, true, (ap_q_mode)5, (ap_o_mode)3, 0> const&)' (C:/Xilinx/Vitis_HLS/2020.2/common/technology/autopilot\ap_fixed.h:75:9)
INFO: [HLS 214-131] Inlining function 'ap_fixed_base<32, 32, true, (ap_q_mode)5, (ap_o_mode)3, 0>::operator!() const' into 'ap_fixed_base<16, 1, false, (ap_q_mode)5, (ap_o_mode)3, 0>& ap_fixed_base<16, 1, false, (ap_q_mode)5, (ap_o_mode)3, 0>::operator=<32, 32, true, (ap_q_mode)5, (ap_o_mode)3, 0>(ap_fixed_base<32, 32, true, (ap_q_mode)5, (ap_o_mode)3, 0> const&)' (C:/Xilinx/Vitis_HLS/2020.2/common/technology/autopilot\ap_fixed_base.h:698:9)
INFO: [HLS 214-131] Inlining function 'ap_fixed_base<16, 1, false, (ap_q_mode)5, (ap_o_mode)3, 0>& ap_fixed_base<16, 1, false, (ap_q_mode)5, (ap_o_mode)3, 0>::operator=<32, 32, true, (ap_q_mode)5, (ap_o_mode)3, 0>(ap_fixed_base<32, 32, true, (ap_q_mode)5, (ap_o_mode)3, 0> const&)' into 'ap_fixed_base<16, 1, false, (ap_q_mode)5, (ap_o_mode)3, 0>::ap_fixed_base(int)' (C:/Xilinx/Vitis_HLS/2020.2/common/technology/autopilot\ap_fixed_base.h:541:146)
INFO: [HLS 214-131] Inlining function 'ap_fixed_base<18, 3, true, (ap_q_mode)5, (ap_o_mode)3, 0>::operator!() const' into 'ap_fixed_base<19, 4, true, (ap_q_mode)5, (ap_o_mode)3, 0>& ap_fixed_base<19, 4, true, (ap_q_mode)5, (ap_o_mode)3, 0>::operator=<18, 3, true, (ap_q_mode)5, (ap_o_mode)3, 0>(ap_fixed_base<18, 3, true, (ap_q_mode)5, (ap_o_mode)3, 0> const&)' (C:/Xilinx/Vitis_HLS/2020.2/common/technology/autopilot\ap_fixed_base.h:698:9)
INFO: [HLS 214-131] Inlining function 'ap_fixed_base<19, 4, true, (ap_q_mode)5, (ap_o_mode)3, 0>& ap_fixed_base<19, 4, true, (ap_q_mode)5, (ap_o_mode)3, 0>::operator=<18, 3, true, (ap_q_mode)5, (ap_o_mode)3, 0>(ap_fixed_base<18, 3, true, (ap_q_mode)5, (ap_o_mode)3, 0> const&)' into 'ap_fixed_base<19, 4, true, (ap_q_mode)5, (ap_o_mode)3, 0>::ap_fixed_base<18, 3, true, (ap_q_mode)5, (ap_o_mode)3, 0>(ap_fixed_base<18, 3, true, (ap_q_mode)5, (ap_o_mode)3, 0> const&)' (C:/Xilinx/Vitis_HLS/2020.2/common/technology/autopilot\ap_fixed_base.h:431:5)
INFO: [HLS 214-131] Inlining function 'ap_fixed_base<16, 1, false, (ap_q_mode)5, (ap_o_mode)3, 0>::operator!() const' into 'ap_fixed_base<19, 4, true, (ap_q_mode)5, (ap_o_mode)3, 0>& ap_fixed_base<19, 4, true, (ap_q_mode)5, (ap_o_mode)3, 0>::operator=<16, 1, false, (ap_q_mode)5, (ap_o_mode)3, 0>(ap_fixed_base<16, 1, false, (ap_q_mode)5, (ap_o_mode)3, 0> const&)' (C:/Xilinx/Vitis_HLS/2020.2/common/technology/autopilot\ap_fixed_base.h:698:9)
INFO: [HLS 214-131] Inlining function 'ap_fixed_base<19, 4, true, (ap_q_mode)5, (ap_o_mode)3, 0>& ap_fixed_base<19, 4, true, (ap_q_mode)5, (ap_o_mode)3, 0>::operator=<16, 1, false, (ap_q_mode)5, (ap_o_mode)3, 0>(ap_fixed_base<16, 1, false, (ap_q_mode)5, (ap_o_mode)3, 0> const&)' into 'ap_fixed_base<19, 4, true, (ap_q_mode)5, (ap_o_mode)3, 0>::ap_fixed_base<16, 1, false, (ap_q_mode)5, (ap_o_mode)3, 0>(ap_fixed_base<16, 1, false, (ap_q_mode)5, (ap_o_mode)3, 0> const&)' (C:/Xilinx/Vitis_HLS/2020.2/common/technology/autopilot\ap_fixed_base.h:431:5)
INFO: [HLS 214-131] Inlining function 'ap_fixed_base<19, 4, true, (ap_q_mode)5, (ap_o_mode)3, 0>::ap_fixed_base<18, 3, true, (ap_q_mode)5, (ap_o_mode)3, 0>(ap_fixed_base<18, 3, true, (ap_q_mode)5, (ap_o_mode)3, 0> const&)' into 'ap_fixed_base<18, 3, true, (ap_q_mode)5, (ap_o_mode)3, 0>::RType<16, 1, false>::plus ap_fixed_base<18, 3, true, (ap_q_mode)5, (ap_o_mode)3, 0>::operator+<16, 1, false, (ap_q_mode)5, (ap_o_mode)3, 0>(ap_fixed_base<16, 1, false, (ap_q_mode)5, (ap_o_mode)3, 0> const&) const' (C:/Xilinx/Vitis_HLS/2020.2/common/technology/autopilot\ap_fixed_base.h:1192:330)
INFO: [HLS 214-131] Inlining function 'ap_fixed<19, 4, (ap_q_mode)5, (ap_o_mode)3, 0>::ap_fixed<19, 4, true, (ap_q_mode)5, (ap_o_mode)3, 0>(ap_fixed_base<19, 4, true, (ap_q_mode)5, (ap_o_mode)3, 0> const&)' into 'ap_fixed_base<18, 3, true, (ap_q_mode)5, (ap_o_mode)3, 0>::RType<16, 1, false>::plus ap_fixed_base<18, 3, true, (ap_q_mode)5, (ap_o_mode)3, 0>::operator+<16, 1, false, (ap_q_mode)5, (ap_o_mode)3, 0>(ap_fixed_base<16, 1, false, (ap_q_mode)5, (ap_o_mode)3, 0> const&) const' (C:/Xilinx/Vitis_HLS/2020.2/common/technology/autopilot\ap_fixed_base.h:1192:382)
INFO: [HLS 214-131] Inlining function 'ap_fixed_base<19, 4, true, (ap_q_mode)5, (ap_o_mode)3, 0>::ap_fixed_base<16, 1, false, (ap_q_mode)5, (ap_o_mode)3, 0>(ap_fixed_base<16, 1, false, (ap_q_mode)5, (ap_o_mode)3, 0> const&)' into 'ap_fixed_base<18, 3, true, (ap_q_mode)5, (ap_o_mode)3, 0>::RType<16, 1, false>::plus ap_fixed_base<18, 3, true, (ap_q_mode)5, (ap_o_mode)3, 0>::operator+<16, 1, false, (ap_q_mode)5, (ap_o_mode)3, 0>(ap_fixed_base<16, 1, false, (ap_q_mode)5, (ap_o_mode)3, 0> const&) const' (C:/Xilinx/Vitis_HLS/2020.2/common/technology/autopilot\ap_fixed_base.h:1192:342)
INFO: [HLS 214-131] Inlining function 'ap_fixed_base<19, 4, true, (ap_q_mode)5, (ap_o_mode)3, 0>::operator!() const' into 'ap_fixed_base<18, 3, true, (ap_q_mode)5, (ap_o_mode)3, 0>& ap_fixed_base<18, 3, true, (ap_q_mode)5, (ap_o_mode)3, 0>::operator=<19, 4, true, (ap_q_mode)5, (ap_o_mode)3, 0>(ap_fixed_base<19, 4, true, (ap_q_mode)5, (ap_o_mode)3, 0> const&)' (C:/Xilinx/Vitis_HLS/2020.2/common/technology/autopilot\ap_fixed_base.h:698:9)
INFO: [HLS 214-131] Inlining function 'ap_fixed_base<18, 3, true, (ap_q_mode)5, (ap_o_mode)3, 0>::RType<16, 1, false>::plus ap_fixed_base<18, 3, true, (ap_q_mode)5, (ap_o_mode)3, 0>::operator+<16, 1, false, (ap_q_mode)5, (ap_o_mode)3, 0>(ap_fixed_base<16, 1, false, (ap_q_mode)5, (ap_o_mode)3, 0> const&) const' into 'ap_fixed_base<18, 3, true, (ap_q_mode)5, (ap_o_mode)3, 0>& ap_fixed_base<18, 3, true, (ap_q_mode)5, (ap_o_mode)3, 0>::operator+=<16, 1, false, (ap_q_mode)5, (ap_o_mode)3, 0>(ap_fixed_base<16, 1, false, (ap_q_mode)5, (ap_o_mode)3, 0> const&)' (C:/Xilinx/Vitis_HLS/2020.2/common/technology/autopilot\ap_fixed_base.h:1212:248)
INFO: [HLS 214-131] Inlining function 'ap_fixed_base<18, 3, true, (ap_q_mode)5, (ap_o_mode)3, 0>& ap_fixed_base<18, 3, true, (ap_q_mode)5, (ap_o_mode)3, 0>::operator=<19, 4, true, (ap_q_mode)5, (ap_o_mode)3, 0>(ap_fixed_base<19, 4, true, (ap_q_mode)5, (ap_o_mode)3, 0> const&)' into 'ap_fixed_base<18, 3, true, (ap_q_mode)5, (ap_o_mode)3, 0>& ap_fixed_base<18, 3, true, (ap_q_mode)5, (ap_o_mode)3, 0>::operator+=<16, 1, false, (ap_q_mode)5, (ap_o_mode)3, 0>(ap_fixed_base<16, 1, false, (ap_q_mode)5, (ap_o_mode)3, 0> const&)' (C:/Xilinx/Vitis_HLS/2020.2/common/technology/autopilot\ap_fixed_base.h:1212:246)
INFO: [HLS 214-131] Inlining function 'ap_fixed_base<16, 1, false, (ap_q_mode)5, (ap_o_mode)3, 0>::ap_fixed_base(int)' into 'ap_fixed_base<18, 3, true, (ap_q_mode)5, (ap_o_mode)3, 0>::operator++()' (C:/Xilinx/Vitis_HLS/2020.2/common/technology/autopilot\ap_fixed_base.h:1223:16)
INFO: [HLS 214-131] Inlining function 'ap_fixed_base<18, 3, true, (ap_q_mode)5, (ap_o_mode)3, 0>& ap_fixed_base<18, 3, true, (ap_q_mode)5, (ap_o_mode)3, 0>::operator+=<16, 1, false, (ap_q_mode)5, (ap_o_mode)3, 0>(ap_fixed_base<16, 1, false, (ap_q_mode)5, (ap_o_mode)3, 0> const&)' into 'ap_fixed_base<18, 3, true, (ap_q_mode)5, (ap_o_mode)3, 0>::operator++()' (C:/Xilinx/Vitis_HLS/2020.2/common/technology/autopilot\ap_fixed_base.h:1223:5)
INFO: [HLS 214-131] Inlining function 'ap_fixed_base<18, 3, true, (ap_q_mode)5, (ap_o_mode)3, 0>::operator++()' into 'ap_fixed_base<18, 3, true, (ap_q_mode)5, (ap_o_mode)3, 0>::operator++(int)' (C:/Xilinx/Vitis_HLS/2020.2/common/technology/autopilot\ap_fixed_base.h:1236:5)
INFO: [HLS 214-131] Inlining function 'ap_fixed_base<18, 3, true, (ap_q_mode)5, (ap_o_mode)3, 0>::RType<($_0)32, ($_0)32, true>::mult operator*<18, 3, true, (ap_q_mode)5, (ap_o_mode)3, 0>(int, ap_fixed_base<18, 3, true, (ap_q_mode)5, (ap_o_mode)3, 0> const&)' into 'generateHouseholderMatrix(ap_fixed<18, 3, (ap_q_mode)5, (ap_o_mode)3, 0>*, ap_fixed<18, 3, (ap_q_mode)5, (ap_o_mode)3, 0> (*) [2])' (MPCwithMADS_fxd/generatePollDirections.cpp:64:17)
INFO: [HLS 214-131] Inlining function 'ap_fixed_base<18, 3, true, (ap_q_mode)5, (ap_o_mode)3, 0>::operator++(int)' into 'generateHouseholderMatrix(ap_fixed<18, 3, (ap_q_mode)5, (ap_o_mode)3, 0>*, ap_fixed<18, 3, (ap_q_mode)5, (ap_o_mode)3, 0> (*) [2])' (MPCwithMADS_fxd/generatePollDirections.cpp:66:5)
INFO: [HLS 214-131] Inlining function 'ap_fixed<18, 3, (ap_q_mode)5, (ap_o_mode)3, 0>::ap_fixed<68, 38, true, (ap_q_mode)5, (ap_o_mode)3, 0>(ap_fixed_base<68, 38, true, (ap_q_mode)5, (ap_o_mode)3, 0> const&)' into 'generateHouseholderMatrix(ap_fixed<18, 3, (ap_q_mode)5, (ap_o_mode)3, 0>*, ap_fixed<18, 3, (ap_q_mode)5, (ap_o_mode)3, 0> (*) [2])' (MPCwithMADS_fxd/generatePollDirections.cpp:64:14)
INFO: [HLS 214-131] Inlining function 'ap_fixed_base<50, 35, true, (ap_q_mode)5, (ap_o_mode)3, 0>::RType<18, 3, true>::mult ap_fixed_base<50, 35, true, (ap_q_mode)5, (ap_o_mode)3, 0>::operator*<18, 3, true, (ap_q_mode)5, (ap_o_mode)3, 0>(ap_fixed_base<18, 3, true, (ap_q_mode)5, (ap_o_mode)3, 0> const&) const' into 'generateHouseholderMatrix(ap_fixed<18, 3, (ap_q_mode)5, (ap_o_mode)3, 0>*, ap_fixed<18, 3, (ap_q_mode)5, (ap_o_mode)3, 0> (*) [2])' (MPCwithMADS_fxd/generatePollDirections.cpp:64:24)
INFO: [HLS 214-131] Inlining function 'ap_fixed_base<1, 0, false, (ap_q_mode)5, (ap_o_mode)3, 0>::operator!() const' into 'ap_fixed_base<15, 0, false, (ap_q_mode)5, (ap_o_mode)3, 0>& ap_fixed_base<15, 0, false, (ap_q_mode)5, (ap_o_mode)3, 0>::operator=<1, 0, false, (ap_q_mode)5, (ap_o_mode)3, 0>(ap_fixed_base<1, 0, false, (ap_q_mode)5, (ap_o_mode)3, 0> const&)' (C:/Xilinx/Vitis_HLS/2020.2/common/technology/autopilot\ap_fixed_base.h:698:9)
INFO: [HLS 214-131] Inlining function 'ap_fixed_base<15, 0, false, (ap_q_mode)5, (ap_o_mode)3, 0>& ap_fixed_base<15, 0, false, (ap_q_mode)5, (ap_o_mode)3, 0>::operator=<1, 0, false, (ap_q_mode)5, (ap_o_mode)3, 0>(ap_fixed_base<1, 0, false, (ap_q_mode)5, (ap_o_mode)3, 0> const&)' into 'ap_fixed_base<15, 0, false, (ap_q_mode)5, (ap_o_mode)3, 0>::ap_fixed_base<1, 0, false, (ap_q_mode)5, (ap_o_mode)3, 0>(ap_fixed_base<1, 0, false, (ap_q_mode)5, (ap_o_mode)3, 0> const&)' (C:/Xilinx/Vitis_HLS/2020.2/common/technology/autopilot\ap_fixed_base.h:431:5)
INFO: [HLS 214-131] Inlining function 'ap_fixed_base<15, 0, false, (ap_q_mode)5, (ap_o_mode)3, 0>::ap_fixed_base<1, 0, false, (ap_q_mode)5, (ap_o_mode)3, 0>(ap_fixed_base<1, 0, false, (ap_q_mode)5, (ap_o_mode)3, 0> const&)' into 'bool ap_fixed_base<18, 3, true, (ap_q_mode)5, (ap_o_mode)3, 0>::operator><1, 0, false, (ap_q_mode)5, (ap_o_mode)3, 0>(ap_fixed_base<1, 0, false, (ap_q_mode)5, (ap_o_mode)3, 0> const&) const' (C:/Xilinx/Vitis_HLS/2020.2/common/technology/autopilot\ap_fixed_base.h:1494:367)
INFO: [HLS 214-131] Inlining function 'ap_fixed_base<1, 0, false, (ap_q_mode)5, (ap_o_mode)3, 0>::operator!() const' into 'ap_fixed_base<18, 3, true, (ap_q_mode)5, (ap_o_mode)3, 0>& ap_fixed_base<18, 3, true, (ap_q_mode)5, (ap_o_mode)3, 0>::operator=<1, 0, false, (ap_q_mode)5, (ap_o_mode)3, 0>(ap_fixed_base<1, 0, false, (ap_q_mode)5, (ap_o_mode)3, 0> const&)' (C:/Xilinx/Vitis_HLS/2020.2/common/technology/autopilot\ap_fixed_base.h:698:9)
INFO: [HLS 214-131] Inlining function 'ap_fixed_base<18, 3, true, (ap_q_mode)5, (ap_o_mode)3, 0>& ap_fixed_base<18, 3, true, (ap_q_mode)5, (ap_o_mode)3, 0>::operator=<1, 0, false, (ap_q_mode)5, (ap_o_mode)3, 0>(ap_fixed_base<1, 0, false, (ap_q_mode)5, (ap_o_mode)3, 0> const&)' into 'ap_fixed_base<18, 3, true, (ap_q_mode)5, (ap_o_mode)3, 0>::ap_fixed_base<1, 0, false, (ap_q_mode)5, (ap_o_mode)3, 0>(ap_fixed_base<1, 0, false, (ap_q_mode)5, (ap_o_mode)3, 0> const&)' (C:/Xilinx/Vitis_HLS/2020.2/common/technology/autopilot\ap_fixed_base.h:431:5)
INFO: [HLS 214-131] Inlining function 'ap_fixed_base<18, 3, true, (ap_q_mode)5, (ap_o_mode)3, 0>::ap_fixed_base<1, 0, false, (ap_q_mode)5, (ap_o_mode)3, 0>(ap_fixed_base<1, 0, false, (ap_q_mode)5, (ap_o_mode)3, 0> const&)' into 'ap_fixed<18, 3, (ap_q_mode)5, (ap_o_mode)3, 0>::ap_fixed<1, 0, false, (ap_q_mode)5, (ap_o_mode)3, 0>(ap_fixed_base<1, 0, false, (ap_q_mode)5, (ap_o_mode)3, 0> const&)' (C:/Xilinx/Vitis_HLS/2020.2/common/technology/autopilot\ap_fixed.h:75:9)
INFO: [HLS 214-131] Inlining function 'ap_fixed_base<1, 0, false, (ap_q_mode)5, (ap_o_mode)3, 0>::operator!() const' into 'ap_fixed_base<2, 1, true, (ap_q_mode)5, (ap_o_mode)3, 0>& ap_fixed_base<2, 1, true, (ap_q_mode)5, (ap_o_mode)3, 0>::operator=<1, 0, false, (ap_q_mode)5, (ap_o_mode)3, 0>(ap_fixed_base<1, 0, false, (ap_q_mode)5, (ap_o_mode)3, 0> const&)' (C:/Xilinx/Vitis_HLS/2020.2/common/technology/autopilot\ap_fixed_base.h:698:9)
INFO: [HLS 214-131] Inlining function 'ap_fixed_base<2, 1, true, (ap_q_mode)5, (ap_o_mode)3, 0>& ap_fixed_base<2, 1, true, (ap_q_mode)5, (ap_o_mode)3, 0>::operator=<1, 0, false, (ap_q_mode)5, (ap_o_mode)3, 0>(ap_fixed_base<1, 0, false, (ap_q_mode)5, (ap_o_mode)3, 0> const&)' into 'ap_fixed_base<2, 1, true, (ap_q_mode)5, (ap_o_mode)3, 0>::ap_fixed_base<1, 0, false, (ap_q_mode)5, (ap_o_mode)3, 0>(ap_fixed_base<1, 0, false, (ap_q_mode)5, (ap_o_mode)3, 0> const&)' (C:/Xilinx/Vitis_HLS/2020.2/common/technology/autopilot\ap_fixed_base.h:431:5)
INFO: [HLS 214-131] Inlining function 'ap_fixed_base<2, 1, true, (ap_q_mode)5, (ap_o_mode)3, 0>::ap_fixed_base<1, 0, false, (ap_q_mode)5, (ap_o_mode)3, 0>(ap_fixed_base<1, 0, false, (ap_q_mode)5, (ap_o_mode)3, 0> const&)' into 'ap_fixed_base<1, 0, false, (ap_q_mode)5, (ap_o_mode)3, 0>::operator-() const' (C:/Xilinx/Vitis_HLS/2020.2/common/technology/autopilot\ap_fixed_base.h:1252:47)
INFO: [HLS 214-131] Inlining function 'ap_fixed_base<2, 1, true, (ap_q_mode)5, (ap_o_mode)3, 0>::operator!() const' into 'ap_fixed_base<16, 1, true, (ap_q_mode)5, (ap_o_mode)3, 0>& ap_fixed_base<16, 1, true, (ap_q_mode)5, (ap_o_mode)3, 0>::operator=<2, 1, true, (ap_q_mode)5, (ap_o_mode)3, 0>(ap_fixed_base<2, 1, true, (ap_q_mode)5, (ap_o_mode)3, 0> const&)' (C:/Xilinx/Vitis_HLS/2020.2/common/technology/autopilot\ap_fixed_base.h:698:9)
INFO: [HLS 214-131] Inlining function 'ap_fixed_base<16, 1, true, (ap_q_mode)5, (ap_o_mode)3, 0>& ap_fixed_base<16, 1, true, (ap_q_mode)5, (ap_o_mode)3, 0>::operator=<2, 1, true, (ap_q_mode)5, (ap_o_mode)3, 0>(ap_fixed_base<2, 1, true, (ap_q_mode)5, (ap_o_mode)3, 0> const&)' into 'ap_fixed_base<16, 1, true, (ap_q_mode)5, (ap_o_mode)3, 0>::ap_fixed_base<2, 1, true, (ap_q_mode)5, (ap_o_mode)3, 0>(ap_fixed_base<2, 1, true, (ap_q_mode)5, (ap_o_mode)3, 0> const&)' (C:/Xilinx/Vitis_HLS/2020.2/common/technology/autopilot\ap_fixed_base.h:431:5)
INFO: [HLS 214-131] Inlining function 'ap_fixed_base<16, 1, true, (ap_q_mode)5, (ap_o_mode)3, 0>::ap_fixed_base<2, 1, true, (ap_q_mode)5, (ap_o_mode)3, 0>(ap_fixed_base<2, 1, true, (ap_q_mode)5, (ap_o_mode)3, 0> const&)' into 'bool ap_fixed_base<18, 3, true, (ap_q_mode)5, (ap_o_mode)3, 0>::operator<<2, 1, true, (ap_q_mode)5, (ap_o_mode)3, 0>(ap_fixed_base<2, 1, true, (ap_q_mode)5, (ap_o_mode)3, 0> const&) const' (C:/Xilinx/Vitis_HLS/2020.2/common/technology/autopilot\ap_fixed_base.h:1495:367)
INFO: [HLS 214-131] Inlining function 'ap_fixed_base<2, 1, true, (ap_q_mode)5, (ap_o_mode)3, 0>::operator!() const' into 'ap_fixed_base<18, 3, true, (ap_q_mode)5, (ap_o_mode)3, 0>& ap_fixed_base<18, 3, true, (ap_q_mode)5, (ap_o_mode)3, 0>::operator=<2, 1, true, (ap_q_mode)5, (ap_o_mode)3, 0>(ap_fixed_base<2, 1, true, (ap_q_mode)5, (ap_o_mode)3, 0> const&)' (C:/Xilinx/Vitis_HLS/2020.2/common/technology/autopilot\ap_fixed_base.h:698:9)
INFO: [HLS 214-131] Inlining function 'ap_fixed_base<18, 3, true, (ap_q_mode)5, (ap_o_mode)3, 0>& ap_fixed_base<18, 3, true, (ap_q_mode)5, (ap_o_mode)3, 0>::operator=<2, 1, true, (ap_q_mode)5, (ap_o_mode)3, 0>(ap_fixed_base<2, 1, true, (ap_q_mode)5, (ap_o_mode)3, 0> const&)' into 'ap_fixed_base<18, 3, true, (ap_q_mode)5, (ap_o_mode)3, 0>::ap_fixed_base<2, 1, true, (ap_q_mode)5, (ap_o_mode)3, 0>(ap_fixed_base<2, 1, true, (ap_q_mode)5, (ap_o_mode)3, 0> const&)' (C:/Xilinx/Vitis_HLS/2020.2/common/technology/autopilot\ap_fixed_base.h:431:5)
INFO: [HLS 214-131] Inlining function 'ap_fixed_base<18, 3, true, (ap_q_mode)5, (ap_o_mode)3, 0>::ap_fixed_base<2, 1, true, (ap_q_mode)5, (ap_o_mode)3, 0>(ap_fixed_base<2, 1, true, (ap_q_mode)5, (ap_o_mode)3, 0> const&)' into 'ap_fixed<18, 3, (ap_q_mode)5, (ap_o_mode)3, 0>::ap_fixed<2, 1, true, (ap_q_mode)5, (ap_o_mode)3, 0>(ap_fixed_base<2, 1, true, (ap_q_mode)5, (ap_o_mode)3, 0> const&)' (C:/Xilinx/Vitis_HLS/2020.2/common/technology/autopilot\ap_fixed.h:75:9)
INFO: [HLS 214-131] Inlining function 'ap_fixed<54, 15, (ap_q_mode)5, (ap_o_mode)3, 0>::ap_fixed<54, 15, true, (ap_q_mode)5, (ap_o_mode)3, 0>(ap_fixed_base<54, 15, true, (ap_q_mode)5, (ap_o_mode)3, 0> const&)' into 'ap_fixed_base<36, 12, false, (ap_q_mode)5, (ap_o_mode)3, 0>::RType<18, 3, true>::mult ap_fixed_base<36, 12, false, (ap_q_mode)5, (ap_o_mode)3, 0>::operator*<18, 3, true, (ap_q_mode)5, (ap_o_mode)3, 0>(ap_fixed_base<18, 3, true, (ap_q_mode)5, (ap_o_mode)3, 0> const&) const' (C:/Xilinx/Vitis_HLS/2020.2/common/technology/autopilot\ap_fixed_base.h:1119:12)
INFO: [HLS 214-131] Inlining function 'ap_fixed_base<54, 15, true, (ap_q_mode)5, (ap_o_mode)3, 0>::operator!() const' into 'ap_fixed_base<55, 16, true, (ap_q_mode)5, (ap_o_mode)3, 0>& ap_fixed_base<55, 16, true, (ap_q_mode)5, (ap_o_mode)3, 0>::operator=<54, 15, true, (ap_q_mode)5, (ap_o_mode)3, 0>(ap_fixed_base<54, 15, true, (ap_q_mode)5, (ap_o_mode)3, 0> const&)' (C:/Xilinx/Vitis_HLS/2020.2/common/technology/autopilot\ap_fixed_base.h:698:9)
INFO: [HLS 214-131] Inlining function 'ap_fixed_base<55, 16, true, (ap_q_mode)5, (ap_o_mode)3, 0>& ap_fixed_base<55, 16, true, (ap_q_mode)5, (ap_o_mode)3, 0>::operator=<54, 15, true, (ap_q_mode)5, (ap_o_mode)3, 0>(ap_fixed_base<54, 15, true, (ap_q_mode)5, (ap_o_mode)3, 0> const&)' into 'ap_fixed_base<55, 16, true, (ap_q_mode)5, (ap_o_mode)3, 0>::ap_fixed_base<54, 15, true, (ap_q_mode)5, (ap_o_mode)3, 0>(ap_fixed_base<54, 15, true, (ap_q_mode)5, (ap_o_mode)3, 0> const&)' (C:/Xilinx/Vitis_HLS/2020.2/common/technology/autopilot\ap_fixed_base.h:431:5)
INFO: [HLS 214-131] Inlining function 'ap_fixed_base<55, 16, true, (ap_q_mode)5, (ap_o_mode)3, 0>::ap_fixed_base<54, 15, true, (ap_q_mode)5, (ap_o_mode)3, 0>(ap_fixed_base<54, 15, true, (ap_q_mode)5, (ap_o_mode)3, 0> const&)' into 'ap_fixed_base<54, 15, true, (ap_q_mode)5, (ap_o_mode)3, 0>::operator-() const' (C:/Xilinx/Vitis_HLS/2020.2/common/technology/autopilot\ap_fixed_base.h:1252:47)
INFO: [HLS 214-131] Inlining function 'ap_fixed_base<55, 16, true, (ap_q_mode)5, (ap_o_mode)3, 0>::operator!() const' into 'ap_fixed_base<54, 15, true, (ap_q_mode)5, (ap_o_mode)3, 0>& ap_fixed_base<54, 15, true, (ap_q_mode)5, (ap_o_mode)3, 0>::operator=<55, 16, true, (ap_q_mode)5, (ap_o_mode)3, 0>(ap_fixed_base<55, 16, true, (ap_q_mode)5, (ap_o_mode)3, 0> const&)' (C:/Xilinx/Vitis_HLS/2020.2/common/technology/autopilot\ap_fixed_base.h:698:9)
INFO: [HLS 214-131] Inlining function 'ap_fixed_base<54, 15, true, (ap_q_mode)5, (ap_o_mode)3, 0>& ap_fixed_base<54, 15, true, (ap_q_mode)5, (ap_o_mode)3, 0>::operator=<55, 16, true, (ap_q_mode)5, (ap_o_mode)3, 0>(ap_fixed_base<55, 16, true, (ap_q_mode)5, (ap_o_mode)3, 0> const&)' into 'ap_fixed_base<54, 15, true, (ap_q_mode)5, (ap_o_mode)3, 0>::ap_fixed_base<55, 16, true, (ap_q_mode)5, (ap_o_mode)3, 0>(ap_fixed_base<55, 16, true, (ap_q_mode)5, (ap_o_mode)3, 0> const&)' (C:/Xilinx/Vitis_HLS/2020.2/common/technology/autopilot\ap_fixed_base.h:431:5)
INFO: [HLS 214-131] Inlining function 'ap_fixed_base<54, 15, true, (ap_q_mode)5, (ap_o_mode)3, 0>::ap_fixed_base<55, 16, true, (ap_q_mode)5, (ap_o_mode)3, 0>(ap_fixed_base<55, 16, true, (ap_q_mode)5, (ap_o_mode)3, 0> const&)' into 'ap_fixed<54, 15, (ap_q_mode)5, (ap_o_mode)3, 0>::ap_fixed<55, 16, true, (ap_q_mode)5, (ap_o_mode)3, 0>(ap_fixed_base<55, 16, true, (ap_q_mode)5, (ap_o_mode)3, 0> const&)' (C:/Xilinx/Vitis_HLS/2020.2/common/technology/autopilot\ap_fixed.h:75:9)
INFO: [HLS 214-131] Inlining function 'af_bit_ref<54, 15, true, (ap_q_mode)5, (ap_o_mode)3, 0>::af_bit_ref(ap_fixed_base<54, 15, true, (ap_q_mode)5, (ap_o_mode)3, 0>*, int)' into 'ap_fixed_base<54, 15, true, (ap_q_mode)5, (ap_o_mode)3, 0>::operator[](unsigned int)' (C:/Xilinx/Vitis_HLS/2020.2/common/technology/autopilot\ap_fixed_base.h:1516:12)
INFO: [HLS 214-131] Inlining function 'ap_fixed_base<54, 15, true, (ap_q_mode)5, (ap_o_mode)3, 0>::operator-() const' into 'ap_fixed<54, 15, (ap_q_mode)5, (ap_o_mode)3, 0> fabs_fixed<54, 15>(ap_fixed<54, 15, (ap_q_mode)5, (ap_o_mode)3, 0>)' (C:/Xilinx/Vitis_HLS/2020.2/common/technology/autopilot/hls_round_copysign_apfixed.h:178:26)
INFO: [HLS 214-131] Inlining function 'af_bit_ref<54, 15, true, (ap_q_mode)5, (ap_o_mode)3, 0>::operator bool() const' into 'ap_fixed<54, 15, (ap_q_mode)5, (ap_o_mode)3, 0> fabs_fixed<54, 15>(ap_fixed<54, 15, (ap_q_mode)5, (ap_o_mode)3, 0>)' (C:/Xilinx/Vitis_HLS/2020.2/common/technology/autopilot/hls_round_copysign_apfixed.h:180:14)
INFO: [HLS 214-131] Inlining function 'ap_fixed_base<54, 15, true, (ap_q_mode)5, (ap_o_mode)3, 0>::operator[](unsigned int)' into 'ap_fixed<54, 15, (ap_q_mode)5, (ap_o_mode)3, 0> fabs_fixed<54, 15>(ap_fixed<54, 15, (ap_q_mode)5, (ap_o_mode)3, 0>)' (C:/Xilinx/Vitis_HLS/2020.2/common/technology/autopilot/hls_round_copysign_apfixed.h:180:16)
INFO: [HLS 214-131] Inlining function 'af_bit_ref<54, 15, true, (ap_q_mode)5, (ap_o_mode)3, 0>::operator=(bool)' into 'ap_fixed<54, 15, (ap_q_mode)5, (ap_o_mode)3, 0> fabs_fixed<54, 15>(ap_fixed<54, 15, (ap_q_mode)5, (ap_o_mode)3, 0>)' (C:/Xilinx/Vitis_HLS/2020.2/common/technology/autopilot/hls_round_copysign_apfixed.h:179:30)
INFO: [HLS 214-131] Inlining function 'ap_fixed_base<54, 15, true, (ap_q_mode)5, (ap_o_mode)3, 0>::operator[](unsigned int)' into 'ap_fixed<54, 15, (ap_q_mode)5, (ap_o_mode)3, 0> fabs_fixed<54, 15>(ap_fixed<54, 15, (ap_q_mode)5, (ap_o_mode)3, 0>)' (C:/Xilinx/Vitis_HLS/2020.2/common/technology/autopilot/hls_round_copysign_apfixed.h:179:21)
INFO: [HLS 214-131] Inlining function 'ap_fixed<54, 15, (ap_q_mode)5, (ap_o_mode)3, 0>::ap_fixed<55, 16, true, (ap_q_mode)5, (ap_o_mode)3, 0>(ap_fixed_base<55, 16, true, (ap_q_mode)5, (ap_o_mode)3, 0> const&)' into 'ap_fixed<54, 15, (ap_q_mode)5, (ap_o_mode)3, 0> fabs_fixed<54, 15>(ap_fixed<54, 15, (ap_q_mode)5, (ap_o_mode)3, 0>)' (C:/Xilinx/Vitis_HLS/2020.2/common/technology/autopilot/hls_round_copysign_apfixed.h:178:26)
INFO: [HLS 214-131] Inlining function 'ap_fixed_base<54, 15, true, (ap_q_mode)5, (ap_o_mode)3, 0>::operator!() const' into 'ap_fixed_base<54, 15, false, (ap_q_mode)5, (ap_o_mode)3, 0>& ap_fixed_base<54, 15, false, (ap_q_mode)5, (ap_o_mode)3, 0>::operator=<54, 15, true, (ap_q_mode)5, (ap_o_mode)3, 0>(ap_fixed_base<54, 15, true, (ap_q_mode)5, (ap_o_mode)3, 0> const&)' (C:/Xilinx/Vitis_HLS/2020.2/common/technology/autopilot\ap_fixed_base.h:698:9)
INFO: [HLS 214-131] Inlining function 'ap_fixed_base<54, 15, false, (ap_q_mode)5, (ap_o_mode)3, 0>& ap_fixed_base<54, 15, false, (ap_q_mode)5, (ap_o_mode)3, 0>::operator=<54, 15, true, (ap_q_mode)5, (ap_o_mode)3, 0>(ap_fixed_base<54, 15, true, (ap_q_mode)5, (ap_o_mode)3, 0> const&)' into 'ap_fixed_base<54, 15, false, (ap_q_mode)5, (ap_o_mode)3, 0>::ap_fixed_base<54, 15, true, (ap_q_mode)5, (ap_o_mode)3, 0>(ap_fixed_base<54, 15, true, (ap_q_mode)5, (ap_o_mode)3, 0> const&)' (C:/Xilinx/Vitis_HLS/2020.2/common/technology/autopilot\ap_fixed_base.h:431:5)
INFO: [HLS 214-131] Inlining function 'ap_fixed_base<54, 15, false, (ap_q_mode)5, (ap_o_mode)3, 0>::ap_fixed_base<54, 15, true, (ap_q_mode)5, (ap_o_mode)3, 0>(ap_fixed_base<54, 15, true, (ap_q_mode)5, (ap_o_mode)3, 0> const&)' into 'ap_ufixed<54, 15, (ap_q_mode)5, (ap_o_mode)3, 0>::ap_ufixed<54, 15, true, (ap_q_mode)5, (ap_o_mode)3, 0>(ap_fixed_base<54, 15, true, (ap_q_mode)5, (ap_o_mode)3, 0> const&)' (C:/Xilinx/Vitis_HLS/2020.2/common/technology/autopilot\ap_fixed.h:239:9)
INFO: [HLS 214-131] Inlining function 'ap_fixed_base<54, 15, false, (ap_q_mode)5, (ap_o_mode)3, 0>::operator!() const' into 'ap_fixed_base<55, 16, false, (ap_q_mode)5, (ap_o_mode)3, 0>& ap_fixed_base<55, 16, false, (ap_q_mode)5, (ap_o_mode)3, 0>::operator=<54, 15, false, (ap_q_mode)5, (ap_o_mode)3, 0>(ap_fixed_base<54, 15, false, (ap_q_mode)5, (ap_o_mode)3, 0> const&)' (C:/Xilinx/Vitis_HLS/2020.2/common/technology/autopilot\ap_fixed_base.h:698:9)
INFO: [HLS 214-131] Inlining function 'ap_fixed_base<55, 16, false, (ap_q_mode)5, (ap_o_mode)3, 0>& ap_fixed_base<55, 16, false, (ap_q_mode)5, (ap_o_mode)3, 0>::operator=<54, 15, false, (ap_q_mode)5, (ap_o_mode)3, 0>(ap_fixed_base<54, 15, false, (ap_q_mode)5, (ap_o_mode)3, 0> const&)' into 'ap_fixed_base<55, 16, false, (ap_q_mode)5, (ap_o_mode)3, 0>::ap_fixed_base<54, 15, false, (ap_q_mode)5, (ap_o_mode)3, 0>(ap_fixed_base<54, 15, false, (ap_q_mode)5, (ap_o_mode)3, 0> const&)' (C:/Xilinx/Vitis_HLS/2020.2/common/technology/autopilot\ap_fixed_base.h:431:5)
INFO: [HLS 214-131] Inlining function 'ap_fixed_base<1, 0, false, (ap_q_mode)5, (ap_o_mode)3, 0>::operator!() const' into 'ap_fixed_base<55, 16, false, (ap_q_mode)5, (ap_o_mode)3, 0>& ap_fixed_base<55, 16, false, (ap_q_mode)5, (ap_o_mode)3, 0>::operator=<1, 0, false, (ap_q_mode)5, (ap_o_mode)3, 0>(ap_fixed_base<1, 0, false, (ap_q_mode)5, (ap_o_mode)3, 0> const&)' (C:/Xilinx/Vitis_HLS/2020.2/common/technology/autopilot\ap_fixed_base.h:698:9)
INFO: [HLS 214-131] Inlining function 'ap_fixed_base<55, 16, false, (ap_q_mode)5, (ap_o_mode)3, 0>& ap_fixed_base<55, 16, false, (ap_q_mode)5, (ap_o_mode)3, 0>::operator=<1, 0, false, (ap_q_mode)5, (ap_o_mode)3, 0>(ap_fixed_base<1, 0, false, (ap_q_mode)5, (ap_o_mode)3, 0> const&)' into 'ap_fixed_base<55, 16, false, (ap_q_mode)5, (ap_o_mode)3, 0>::ap_fixed_base<1, 0, false, (ap_q_mode)5, (ap_o_mode)3, 0>(ap_fixed_base<1, 0, false, (ap_q_mode)5, (ap_o_mode)3, 0> const&)' (C:/Xilinx/Vitis_HLS/2020.2/common/technology/autopilot\ap_fixed_base.h:431:5)
INFO: [HLS 214-131] Inlining function 'ap_fixed_base<55, 16, false, (ap_q_mode)5, (ap_o_mode)3, 0>::ap_fixed_base<54, 15, false, (ap_q_mode)5, (ap_o_mode)3, 0>(ap_fixed_base<54, 15, false, (ap_q_mode)5, (ap_o_mode)3, 0> const&)' into 'ap_fixed_base<54, 15, false, (ap_q_mode)5, (ap_o_mode)3, 0>::RType<1, 0, false>::plus ap_fixed_base<54, 15, false, (ap_q_mode)5, (ap_o_mode)3, 0>::operator+<1, 0, false, (ap_q_mode)5, (ap_o_mode)3, 0>(ap_fixed_base<1, 0, false, (ap_q_mode)5, (ap_o_mode)3, 0> const&) const' (C:/Xilinx/Vitis_HLS/2020.2/common/technology/autopilot\ap_fixed_base.h:1192:330)
INFO: [HLS 214-131] Inlining function 'ap_ufixed<55, 16, (ap_q_mode)5, (ap_o_mode)3, 0>::ap_ufixed<55, 16, false, (ap_q_mode)5, (ap_o_mode)3, 0>(ap_fixed_base<55, 16, false, (ap_q_mode)5, (ap_o_mode)3, 0> const&)' into 'ap_fixed_base<54, 15, false, (ap_q_mode)5, (ap_o_mode)3, 0>::RType<1, 0, false>::plus ap_fixed_base<54, 15, false, (ap_q_mode)5, (ap_o_mode)3, 0>::operator+<1, 0, false, (ap_q_mode)5, (ap_o_mode)3, 0>(ap_fixed_base<1, 0, false, (ap_q_mode)5, (ap_o_mode)3, 0> const&) const' (C:/Xilinx/Vitis_HLS/2020.2/common/technology/autopilot\ap_fixed_base.h:1192:382)
INFO: [HLS 214-131] Inlining function 'ap_fixed_base<55, 16, false, (ap_q_mode)5, (ap_o_mode)3, 0>::ap_fixed_base<1, 0, false, (ap_q_mode)5, (ap_o_mode)3, 0>(ap_fixed_base<1, 0, false, (ap_q_mode)5, (ap_o_mode)3, 0> const&)' into 'ap_fixed_base<54, 15, false, (ap_q_mode)5, (ap_o_mode)3, 0>::RType<1, 0, false>::plus ap_fixed_base<54, 15, false, (ap_q_mode)5, (ap_o_mode)3, 0>::operator+<1, 0, false, (ap_q_mode)5, (ap_o_mode)3, 0>(ap_fixed_base<1, 0, false, (ap_q_mode)5, (ap_o_mode)3, 0> const&) const' (C:/Xilinx/Vitis_HLS/2020.2/common/technology/autopilot\ap_fixed_base.h:1192:342)
INFO: [HLS 214-131] Inlining function 'af_range_ref<55, 16, false, (ap_q_mode)5, (ap_o_mode)3, 0>::af_range_ref(ap_fixed_base<55, 16, false, (ap_q_mode)5, (ap_o_mode)3, 0>*, int, int)' into 'ap_fixed_base<55, 16, false, (ap_q_mode)5, (ap_o_mode)3, 0>::range(int, int)' (C:/Xilinx/Vitis_HLS/2020.2/common/technology/autopilot\ap_fixed_base.h:1591:12)
INFO: [HLS 214-131] Inlining function 'ap_fixed_base<55, 16, false, (ap_q_mode)5, (ap_o_mode)3, 0>::range(int, int)' into 'ap_fixed_base<55, 16, false, (ap_q_mode)5, (ap_o_mode)3, 0>::operator()(int, int)' (C:/Xilinx/Vitis_HLS/2020.2/common/technology/autopilot\ap_fixed_base.h:1630:18)
INFO: [HLS 214-131] Inlining function 'ap_int_base<55, false>::ap_int_base(int)' into 'af_range_ref<55, 16, false, (ap_q_mode)5, (ap_o_mode)3, 0>::operator=(int)' (C:/Xilinx/Vitis_HLS/2020.2/common/technology/autopilot\ap_fixed_ref.h:318:108)
INFO: [HLS 214-131] Inlining function 'ap_fixed_base<55, 16, false, (ap_q_mode)5, (ap_o_mode)3, 0>::operator!() const' into 'ap_fixed_base<56, 17, true, (ap_q_mode)5, (ap_o_mode)3, 0>& ap_fixed_base<56, 17, true, (ap_q_mode)5, (ap_o_mode)3, 0>::operator=<55, 16, false, (ap_q_mode)5, (ap_o_mode)3, 0>(ap_fixed_base<55, 16, false, (ap_q_mode)5, (ap_o_mode)3, 0> const&)' (C:/Xilinx/Vitis_HLS/2020.2/common/technology/autopilot\ap_fixed_base.h:698:9)
INFO: [HLS 214-131] Inlining function 'ap_fixed_base<56, 17, true, (ap_q_mode)5, (ap_o_mode)3, 0>& ap_fixed_base<56, 17, true, (ap_q_mode)5, (ap_o_mode)3, 0>::operator=<55, 16, false, (ap_q_mode)5, (ap_o_mode)3, 0>(ap_fixed_base<55, 16, false, (ap_q_mode)5, (ap_o_mode)3, 0> const&)' into 'ap_fixed_base<56, 17, true, (ap_q_mode)5, (ap_o_mode)3, 0>::ap_fixed_base<55, 16, false, (ap_q_mode)5, (ap_o_mode)3, 0>(ap_fixed_base<55, 16, false, (ap_q_mode)5, (ap_o_mode)3, 0> const&)' (C:/Xilinx/Vitis_HLS/2020.2/common/technology/autopilot\ap_fixed_base.h:431:5)
INFO: [HLS 214-131] Inlining function 'ap_fixed_base<56, 17, true, (ap_q_mode)5, (ap_o_mode)3, 0>::ap_fixed_base<55, 16, false, (ap_q_mode)5, (ap_o_mode)3, 0>(ap_fixed_base<55, 16, false, (ap_q_mode)5, (ap_o_mode)3, 0> const&)' into 'ap_fixed_base<55, 16, false, (ap_q_mode)5, (ap_o_mode)3, 0>::operator-() const' (C:/Xilinx/Vitis_HLS/2020.2/common/technology/autopilot\ap_fixed_base.h:1252:47)
INFO: [HLS 214-131] Inlining function 'ap_fixed_base<56, 17, true, (ap_q_mode)5, (ap_o_mode)3, 0>::operator!() const' into 'ap_fixed_base<54, 15, true, (ap_q_mode)5, (ap_o_mode)3, 0>& ap_fixed_base<54, 15, true, (ap_q_mode)5, (ap_o_mode)3, 0>::operator=<56, 17, true, (ap_q_mode)5, (ap_o_mode)3, 0>(ap_fixed_base<56, 17, true, (ap_q_mode)5, (ap_o_mode)3, 0> const&)' (C:/Xilinx/Vitis_HLS/2020.2/common/technology/autopilot\ap_fixed_base.h:698:9)
INFO: [HLS 214-131] Inlining function 'ap_fixed_base<54, 15, true, (ap_q_mode)5, (ap_o_mode)3, 0>& ap_fixed_base<54, 15, true, (ap_q_mode)5, (ap_o_mode)3, 0>::operator=<56, 17, true, (ap_q_mode)5, (ap_o_mode)3, 0>(ap_fixed_base<56, 17, true, (ap_q_mode)5, (ap_o_mode)3, 0> const&)' into 'ap_fixed_base<54, 15, true, (ap_q_mode)5, (ap_o_mode)3, 0>::ap_fixed_base<56, 17, true, (ap_q_mode)5, (ap_o_mode)3, 0>(ap_fixed_base<56, 17, true, (ap_q_mode)5, (ap_o_mode)3, 0> const&)' (C:/Xilinx/Vitis_HLS/2020.2/common/technology/autopilot\ap_fixed_base.h:431:5)
INFO: [HLS 214-131] Inlining function 'ap_fixed_base<54, 15, true, (ap_q_mode)5, (ap_o_mode)3, 0>::ap_fixed_base<56, 17, true, (ap_q_mode)5, (ap_o_mode)3, 0>(ap_fixed_base<56, 17, true, (ap_q_mode)5, (ap_o_mode)3, 0> const&)' into 'ap_fixed<54, 15, (ap_q_mode)5, (ap_o_mode)3, 0>::ap_fixed<56, 17, true, (ap_q_mode)5, (ap_o_mode)3, 0>(ap_fixed_base<56, 17, true, (ap_q_mode)5, (ap_o_mode)3, 0> const&)' (C:/Xilinx/Vitis_HLS/2020.2/common/technology/autopilot\ap_fixed.h:75:9)
INFO: [HLS 214-131] Inlining function 'ap_fixed_base<55, 16, false, (ap_q_mode)5, (ap_o_mode)3, 0>::operator!() const' into 'ap_fixed_base<54, 15, true, (ap_q_mode)5, (ap_o_mode)3, 0>& ap_fixed_base<54, 15, true, (ap_q_mode)5, (ap_o_mode)3, 0>::operator=<55, 16, false, (ap_q_mode)5, (ap_o_mode)3, 0>(ap_fixed_base<55, 16, false, (ap_q_mode)5, (ap_o_mode)3, 0> const&)' (C:/Xilinx/Vitis_HLS/2020.2/common/technology/autopilot\ap_fixed_base.h:698:9)
INFO: [HLS 214-131] Inlining function 'ap_fixed_base<54, 15, true, (ap_q_mode)5, (ap_o_mode)3, 0>& ap_fixed_base<54, 15, true, (ap_q_mode)5, (ap_o_mode)3, 0>::operator=<55, 16, false, (ap_q_mode)5, (ap_o_mode)3, 0>(ap_fixed_base<55, 16, false, (ap_q_mode)5, (ap_o_mode)3, 0> const&)' into 'ap_fixed_base<54, 15, true, (ap_q_mode)5, (ap_o_mode)3, 0>::ap_fixed_base<55, 16, false, (ap_q_mode)5, (ap_o_mode)3, 0>(ap_fixed_base<55, 16, false, (ap_q_mode)5, (ap_o_mode)3, 0> const&)' (C:/Xilinx/Vitis_HLS/2020.2/common/technology/autopilot\ap_fixed_base.h:431:5)
INFO: [HLS 214-131] Inlining function 'ap_fixed_base<54, 15, true, (ap_q_mode)5, (ap_o_mode)3, 0>::ap_fixed_base<55, 16, false, (ap_q_mode)5, (ap_o_mode)3, 0>(ap_fixed_base<55, 16, false, (ap_q_mode)5, (ap_o_mode)3, 0> const&)' into 'ap_fixed<54, 15, (ap_q_mode)5, (ap_o_mode)3, 0>::ap_fixed<55, 16, false, (ap_q_mode)5, (ap_o_mode)3, 0>(ap_fixed_base<55, 16, false, (ap_q_mode)5, (ap_o_mode)3, 0> const&)' (C:/Xilinx/Vitis_HLS/2020.2/common/technology/autopilot\ap_fixed.h:75:9)
INFO: [HLS 214-131] Inlining function 'ap_ufixed<1, 0, (ap_q_mode)5, (ap_o_mode)3, 0>::ap_ufixed(double)' into 'ap_fixed<54, 15, (ap_q_mode)5, (ap_o_mode)3, 0> round_fixed<54, 15>(ap_fixed<54, 15, (ap_q_mode)5, (ap_o_mode)3, 0>)' (C:/Xilinx/Vitis_HLS/2020.2/common/technology/autopilot/hls_round_copysign_apfixed.h:210:40)
INFO: [HLS 214-131] Inlining function 'ap_ufixed<54, 15, (ap_q_mode)5, (ap_o_mode)3, 0>::ap_ufixed<54, 15, true, (ap_q_mode)5, (ap_o_mode)3, 0>(ap_fixed_base<54, 15, true, (ap_q_mode)5, (ap_o_mode)3, 0> const&)' into 'ap_fixed<54, 15, (ap_q_mode)5, (ap_o_mode)3, 0> round_fixed<54, 15>(ap_fixed<54, 15, (ap_q_mode)5, (ap_o_mode)3, 0>)' (C:/Xilinx/Vitis_HLS/2020.2/common/technology/autopilot/hls_round_copysign_apfixed.h:211:38)
INFO: [HLS 214-131] Inlining function 'ap_fixed<54, 15, (ap_q_mode)5, (ap_o_mode)3, 0>::ap_fixed<55, 16, false, (ap_q_mode)5, (ap_o_mode)3, 0>(ap_fixed_base<55, 16, false, (ap_q_mode)5, (ap_o_mode)3, 0> const&)' into 'ap_fixed<54, 15, (ap_q_mode)5, (ap_o_mode)3, 0> round_fixed<54, 15>(ap_fixed<54, 15, (ap_q_mode)5, (ap_o_mode)3, 0>)' (C:/Xilinx/Vitis_HLS/2020.2/common/technology/autopilot/hls_round_copysign_apfixed.h:215:25)
INFO: [HLS 214-131] Inlining function 'ap_fixed<54, 15, (ap_q_mode)5, (ap_o_mode)3, 0>::ap_fixed<56, 17, true, (ap_q_mode)5, (ap_o_mode)3, 0>(ap_fixed_base<56, 17, true, (ap_q_mode)5, (ap_o_mode)3, 0> const&)' into 'ap_fixed<54, 15, (ap_q_mode)5, (ap_o_mode)3, 0> round_fixed<54, 15>(ap_fixed<54, 15, (ap_q_mode)5, (ap_o_mode)3, 0>)' (C:/Xilinx/Vitis_HLS/2020.2/common/technology/autopilot/hls_round_copysign_apfixed.h:214:32)
INFO: [HLS 214-131] Inlining function 'ap_fixed_base<55, 16, false, (ap_q_mode)5, (ap_o_mode)3, 0>::operator-() const' into 'ap_fixed<54, 15, (ap_q_mode)5, (ap_o_mode)3, 0> round_fixed<54, 15>(ap_fixed<54, 15, (ap_q_mode)5, (ap_o_mode)3, 0>)' (C:/Xilinx/Vitis_HLS/2020.2/common/technology/autopilot/hls_round_copysign_apfixed.h:214:32)
INFO: [HLS 214-131] Inlining function 'af_bit_ref<54, 15, true, (ap_q_mode)5, (ap_o_mode)3, 0>::operator bool() const' into 'ap_fixed<54, 15, (ap_q_mode)5, (ap_o_mode)3, 0> round_fixed<54, 15>(ap_fixed<54, 15, (ap_q_mode)5, (ap_o_mode)3, 0>)' (C:/Xilinx/Vitis_HLS/2020.2/common/technology/autopilot/hls_round_copysign_apfixed.h:214:16)
INFO: [HLS 214-131] Inlining function 'ap_fixed_base<54, 15, true, (ap_q_mode)5, (ap_o_mode)3, 0>::operator[](unsigned int)' into 'ap_fixed<54, 15, (ap_q_mode)5, (ap_o_mode)3, 0> round_fixed<54, 15>(ap_fixed<54, 15, (ap_q_mode)5, (ap_o_mode)3, 0>)' (C:/Xilinx/Vitis_HLS/2020.2/common/technology/autopilot/hls_round_copysign_apfixed.h:214:16)
INFO: [HLS 214-131] Inlining function 'af_range_ref<55, 16, false, (ap_q_mode)5, (ap_o_mode)3, 0>::operator=(int)' into 'ap_fixed<54, 15, (ap_q_mode)5, (ap_o_mode)3, 0> round_fixed<54, 15>(ap_fixed<54, 15, (ap_q_mode)5, (ap_o_mode)3, 0>)' (C:/Xilinx/Vitis_HLS/2020.2/common/technology/autopilot/hls_round_copysign_apfixed.h:213:26)
INFO: [HLS 214-131] Inlining function 'ap_fixed_base<55, 16, false, (ap_q_mode)5, (ap_o_mode)3, 0>::operator()(int, int)' into 'ap_fixed<54, 15, (ap_q_mode)5, (ap_o_mode)3, 0> round_fixed<54, 15>(ap_fixed<54, 15, (ap_q_mode)5, (ap_o_mode)3, 0>)' (C:/Xilinx/Vitis_HLS/2020.2/common/technology/autopilot/hls_round_copysign_apfixed.h:213:13)
INFO: [HLS 214-131] Inlining function 'ap_fixed_base<54, 15, false, (ap_q_mode)5, (ap_o_mode)3, 0>::RType<1, 0, false>::plus ap_fixed_base<54, 15, false, (ap_q_mode)5, (ap_o_mode)3, 0>::operator+<1, 0, false, (ap_q_mode)5, (ap_o_mode)3, 0>(ap_fixed_base<1, 0, false, (ap_q_mode)5, (ap_o_mode)3, 0> const&) const' into 'ap_fixed<54, 15, (ap_q_mode)5, (ap_o_mode)3, 0> round_fixed<54, 15>(ap_fixed<54, 15, (ap_q_mode)5, (ap_o_mode)3, 0>)' (C:/Xilinx/Vitis_HLS/2020.2/common/technology/autopilot/hls_round_copysign_apfixed.h:212:44)
INFO: [HLS 214-131] Inlining function 'ap_int_base<1, false>::ap_int_base(int)' into 'ap_int_base<15, true>::operator++()' (C:/Xilinx/Vitis_HLS/2020.2/common/technology/autopilot\ap_int_base.h:717:16)
INFO: [HLS 214-131] Inlining function 'ap_int_base<15, true>& ap_int_base<15, true>::operator+=<1, false>(ap_int_base<1, false> const&)' into 'ap_int_base<15, true>::operator++()' (C:/Xilinx/Vitis_HLS/2020.2/common/technology/autopilot\ap_int_base.h:717:5)
INFO: [HLS 214-131] Inlining function 'ap_int_base<15, true>::operator++()' into 'ap_fixed_base<54, 15, true, (ap_q_mode)5, (ap_o_mode)3, 0>::to_ap_int_base(bool) const' (C:/Xilinx/Vitis_HLS/2020.2/common/technology/autopilot\ap_fixed_base.h:853:9)
INFO: [HLS 214-131] Inlining function 'ap_fixed_base<54, 15, true, (ap_q_mode)5, (ap_o_mode)3, 0>::to_ap_int_base(bool) const' into 'ap_int_base<12, true>::ap_int_base<54, 15, true, (ap_q_mode)5, (ap_o_mode)3, 0>(ap_fixed_base<54, 15, true, (ap_q_mode)5, (ap_o_mode)3, 0> const&)' (C:/Xilinx/Vitis_HLS/2020.2/common/technology/autopilot\ap_int_base.h:353:18)
INFO: [HLS 214-131] Inlining function 'ap_int_base<12, true>::ap_int_base<54, 15, true, (ap_q_mode)5, (ap_o_mode)3, 0>(ap_fixed_base<54, 15, true, (ap_q_mode)5, (ap_o_mode)3, 0> const&)' into 'ap_int<12>::ap_int<54, 15, (ap_q_mode)5, (ap_o_mode)3, 0>(ap_fixed<54, 15, (ap_q_mode)5, (ap_o_mode)3, 0> const&)' (C:/Xilinx/Vitis_HLS/2020.2/common/technology/autopilot\ap_int.h:110:9)
INFO: [HLS 214-131] Inlining function 'ap_int_base<13, true>::ap_int_base<1, false>(ap_int_base<1, false> const&)' into 'ap_int_base<1, false>::RType<12, true>::minus operator-<1, false, 12, true>(ap_int_base<1, false> const&, ap_int_base<12, true> const&)' (C:/Xilinx/Vitis_HLS/2020.2/common/technology/autopilot\ap_int_base.h:1347:341)
INFO: [HLS 214-131] Inlining function 'ap_int<13>::ap_int<13, true>(ap_int_base<13, true> const&)' into 'ap_int_base<1, false>::RType<12, true>::minus operator-<1, false, 12, true>(ap_int_base<1, false> const&, ap_int_base<12, true> const&)' (C:/Xilinx/Vitis_HLS/2020.2/common/technology/autopilot\ap_int_base.h:1347:555)
INFO: [HLS 214-131] Inlining function 'ap_int_base<13, true>::ap_int_base<12, true>(ap_int_base<12, true> const&)' into 'ap_int_base<1, false>::RType<12, true>::minus operator-<1, false, 12, true>(ap_int_base<1, false> const&, ap_int_base<12, true> const&)' (C:/Xilinx/Vitis_HLS/2020.2/common/technology/autopilot\ap_int_base.h:1347:430)
INFO: [HLS 214-131] Inlining function 'ap_int_base<1, false>::ap_int_base(int)' into 'ap_int_base<12, true>::operator-() const' (C:/Xilinx/Vitis_HLS/2020.2/common/technology/autopilot\ap_int_base.h:746:12)
INFO: [HLS 214-131] Inlining function 'ap_int_base<1, false>::RType<12, true>::minus operator-<1, false, 12, true>(ap_int_base<1, false> const&, ap_int_base<12, true> const&)' into 'ap_int_base<12, true>::operator-() const' (C:/Xilinx/Vitis_HLS/2020.2/common/technology/autopilot\ap_int_base.h:746:37)
INFO: [HLS 214-131] Inlining function 'ap_fixed<18, 3, (ap_q_mode)5, (ap_o_mode)3, 0>::ap_fixed(int)' into 'generatePollDirections(ap_fixed<18, 3, (ap_q_mode)5, (ap_o_mode)3, 0>*, ap_int<6>*, ap_int<6>*, ap_int<12> (*) [4])' (MPCwithMADS_fxd/generatePollDirections.cpp:7:24)
INFO: [HLS 214-131] Inlining function 'ap_int<12>::ap_int<13>(ap_int<13> const&)' into 'generatePollDirections(ap_fixed<18, 3, (ap_q_mode)5, (ap_o_mode)3, 0>*, ap_int<6>*, ap_int<6>*, ap_int<12> (*) [4])' (MPCwithMADS_fxd/generatePollDirections.cpp:48:27)
INFO: [HLS 214-131] Inlining function 'ap_int_base<12, true>::operator-() const' into 'generatePollDirections(ap_fixed<18, 3, (ap_q_mode)5, (ap_o_mode)3, 0>*, ap_int<6>*, ap_int<6>*, ap_int<12> (*) [4])' (MPCwithMADS_fxd/generatePollDirections.cpp:48:27)
INFO: [HLS 214-131] Inlining function 'ap_int<12>::ap_int<54, 15, (ap_q_mode)5, (ap_o_mode)3, 0>(ap_fixed<54, 15, (ap_q_mode)5, (ap_o_mode)3, 0> const&)' into 'generatePollDirections(ap_fixed<18, 3, (ap_q_mode)5, (ap_o_mode)3, 0>*, ap_int<6>*, ap_int<6>*, ap_int<12> (*) [4])' (MPCwithMADS_fxd/generatePollDirections.cpp:42:14)
INFO: [HLS 214-131] Inlining function 'ap_fixed<18, 3, (ap_q_mode)5, (ap_o_mode)3, 0>::ap_fixed(int)' into 'generatePollDirections(ap_fixed<18, 3, (ap_q_mode)5, (ap_o_mode)3, 0>*, ap_int<6>*, ap_int<6>*, ap_int<12> (*) [4])' (MPCwithMADS_fxd/generatePollDirections.cpp:10:24)
INFO: [HLS 214-131] Inlining function 'ap_fixed_base<36, 12, false, (ap_q_mode)5, (ap_o_mode)3, 0>::RType<18, 3, true>::mult ap_fixed_base<36, 12, false, (ap_q_mode)5, (ap_o_mode)3, 0>::operator*<18, 3, true, (ap_q_mode)5, (ap_o_mode)3, 0>(ap_fixed_base<18, 3, true, (ap_q_mode)5, (ap_o_mode)3, 0> const&) const' into 'generatePollDirections(ap_fixed<18, 3, (ap_q_mode)5, (ap_o_mode)3, 0>*, ap_int<6>*, ap_int<6>*, ap_int<12> (*) [4])' (MPCwithMADS_fxd/generatePollDirections.cpp:42:33)
INFO: [HLS 214-131] Inlining function 'ap_fixed<18, 3, (ap_q_mode)5, (ap_o_mode)3, 0>::ap_fixed<2, 1, true, (ap_q_mode)5, (ap_o_mode)3, 0>(ap_fixed_base<2, 1, true, (ap_q_mode)5, (ap_o_mode)3, 0> const&)' into 'generatePollDirections(ap_fixed<18, 3, (ap_q_mode)5, (ap_o_mode)3, 0>*, ap_int<6>*, ap_int<6>*, ap_int<12> (*) [4])' (MPCwithMADS_fxd/generatePollDirections.cpp:39:15)
INFO: [HLS 214-131] Inlining function 'ap_fixed_base<1, 0, false, (ap_q_mode)5, (ap_o_mode)3, 0>::operator-() const' into 'generatePollDirections(ap_fixed<18, 3, (ap_q_mode)5, (ap_o_mode)3, 0>*, ap_int<6>*, ap_int<6>*, ap_int<12> (*) [4])' (MPCwithMADS_fxd/generatePollDirections.cpp:39:15)
INFO: [HLS 214-131] Inlining function 'bool ap_fixed_base<18, 3, true, (ap_q_mode)5, (ap_o_mode)3, 0>::operator<<2, 1, true, (ap_q_mode)5, (ap_o_mode)3, 0>(ap_fixed_base<2, 1, true, (ap_q_mode)5, (ap_o_mode)3, 0> const&) const' into 'generatePollDirections(ap_fixed<18, 3, (ap_q_mode)5, (ap_o_mode)3, 0>*, ap_int<6>*, ap_int<6>*, ap_int<12> (*) [4])' (MPCwithMADS_fxd/generatePollDirections.cpp:38:23)
INFO: [HLS 214-131] Inlining function 'ap_fixed_base<1, 0, false, (ap_q_mode)5, (ap_o_mode)3, 0>::operator-() const' into 'generatePollDirections(ap_fixed<18, 3, (ap_q_mode)5, (ap_o_mode)3, 0>*, ap_int<6>*, ap_int<6>*, ap_int<12> (*) [4])' (MPCwithMADS_fxd/generatePollDirections.cpp:38:25)
INFO: [HLS 214-131] Inlining function 'ap_fixed<18, 3, (ap_q_mode)5, (ap_o_mode)3, 0>::ap_fixed<1, 0, false, (ap_q_mode)5, (ap_o_mode)3, 0>(ap_fixed_base<1, 0, false, (ap_q_mode)5, (ap_o_mode)3, 0> const&)' into 'generatePollDirections(ap_fixed<18, 3, (ap_q_mode)5, (ap_o_mode)3, 0>*, ap_int<6>*, ap_int<6>*, ap_int<12> (*) [4])' (MPCwithMADS_fxd/generatePollDirections.cpp:37:15)
INFO: [HLS 214-131] Inlining function 'bool ap_fixed_base<18, 3, true, (ap_q_mode)5, (ap_o_mode)3, 0>::operator><1, 0, false, (ap_q_mode)5, (ap_o_mode)3, 0>(ap_fixed_base<1, 0, false, (ap_q_mode)5, (ap_o_mode)3, 0> const&) const' into 'generatePollDirections(ap_fixed<18, 3, (ap_q_mode)5, (ap_o_mode)3, 0>*, ap_int<6>*, ap_int<6>*, ap_int<12> (*) [4])' (MPCwithMADS_fxd/generatePollDirections.cpp:36:16)
INFO: [HLS 214-131] Inlining function 'ap_int_base<6, true>::RType<6, true>::minus operator-<6, true, 6, true>(ap_int_base<6, true> const&, ap_int_base<6, true> const&)' into 'generatePollDirections(ap_fixed<18, 3, (ap_q_mode)5, (ap_o_mode)3, 0>*, ap_int<6>*, ap_int<6>*, ap_int<12> (*) [4])' (MPCwithMADS_fxd/generatePollDirections.cpp:19:34)
INFO: [HLS 214-131] Inlining function 'ap_ufixed<36, 12, (ap_q_mode)5, (ap_o_mode)3, 0>::ap_ufixed<36, 12, false, (ap_q_mode)5, (ap_o_mode)3, 0>(ap_fixed_base<36, 12, false, (ap_q_mode)5, (ap_o_mode)3, 0> const&)' into 'generatePollDirections(ap_fixed<18, 3, (ap_q_mode)5, (ap_o_mode)3, 0>*, ap_int<6>*, ap_int<6>*, ap_int<12> (*) [4])' (MPCwithMADS_fxd/generatePollDirections.cpp:21:13)
INFO: [HLS 214-131] Inlining function 'ap_fixed_base<36, 12, false, (ap_q_mode)5, (ap_o_mode)3, 0> ap_fixed_base<36, 12, false, (ap_q_mode)5, (ap_o_mode)3, 0>::operator<<<6>(ap_int_base<6, true> const&) const' into 'generatePollDirections(ap_fixed<18, 3, (ap_q_mode)5, (ap_o_mode)3, 0>*, ap_int<6>*, ap_int<6>*, ap_int<12> (*) [4])' (MPCwithMADS_fxd/generatePollDirections.cpp:21:21)
INFO: [HLS 214-131] Inlining function 'ap_ufixed<36, 12, (ap_q_mode)5, (ap_o_mode)3, 0>::ap_ufixed(int)' into 'generatePollDirections(ap_fixed<18, 3, (ap_q_mode)5, (ap_o_mode)3, 0>*, ap_int<6>*, ap_int<6>*, ap_int<12> (*) [4])' (MPCwithMADS_fxd/generatePollDirections.cpp:20:13)
INFO: [HLS 214-131] Inlining function 'ap_int<6>::ap_int<33>(ap_int<33> const&)' into 'generatePollDirections(ap_fixed<18, 3, (ap_q_mode)5, (ap_o_mode)3, 0>*, ap_int<6>*, ap_int<6>*, ap_int<12> (*) [4])' (MPCwithMADS_fxd/generatePollDirections.cpp:19:22)
INFO: [HLS 214-131] Inlining function 'ap_int_base<7, true>::RType<($_0)32, true>::plus operator+<7, true>(ap_int_base<7, true> const&, int)' into 'generatePollDirections(ap_fixed<18, 3, (ap_q_mode)5, (ap_o_mode)3, 0>*, ap_int<6>*, ap_int<6>*, ap_int<12> (*) [4])' (MPCwithMADS_fxd/generatePollDirections.cpp:19:47)
INFO: [HLS 214-131] Inlining function 'ap_fixed_base<12, 12, true, (ap_q_mode)5, (ap_o_mode)3, 0>::operator!() const' into 'ap_fixed_base<12, 12, true, (ap_q_mode)5, (ap_o_mode)3, 0>& ap_fixed_base<12, 12, true, (ap_q_mode)5, (ap_o_mode)3, 0>::operator=<12, 12, true, (ap_q_mode)5, (ap_o_mode)3, 0>(ap_fixed_base<12, 12, true, (ap_q_mode)5, (ap_o_mode)3, 0> const&)' (C:/Xilinx/Vitis_HLS/2020.2/common/technology/autopilot\ap_fixed_base.h:698:9)
INFO: [HLS 214-131] Inlining function 'ap_fixed_base<12, 12, true, (ap_q_mode)5, (ap_o_mode)3, 0>& ap_fixed_base<12, 12, true, (ap_q_mode)5, (ap_o_mode)3, 0>::operator=<12, 12, true, (ap_q_mode)5, (ap_o_mode)3, 0>(ap_fixed_base<12, 12, true, (ap_q_mode)5, (ap_o_mode)3, 0> const&)' into 'ap_fixed_base<12, 12, true, (ap_q_mode)5, (ap_o_mode)3, 0>::ap_fixed_base<12, true>(ap_int_base<12, true> const&)' (C:/Xilinx/Vitis_HLS/2020.2/common/technology/autopilot\ap_fixed_base.h:447:5)
INFO: [HLS 214-131] Inlining function 'ap_fixed<48, 24, (ap_q_mode)5, (ap_o_mode)3, 0>::ap_fixed<48, 24, true, (ap_q_mode)5, (ap_o_mode)3, 0>(ap_fixed_base<48, 24, true, (ap_q_mode)5, (ap_o_mode)3, 0> const&)' into 'ap_fixed_base<36, 12, false, (ap_q_mode)5, (ap_o_mode)3, 0>::RType<12, 12, true>::mult ap_fixed_base<36, 12, false, (ap_q_mode)5, (ap_o_mode)3, 0>::operator*<12, 12, true, (ap_q_mode)5, (ap_o_mode)3, 0>(ap_fixed_base<12, 12, true, (ap_q_mode)5, (ap_o_mode)3, 0> const&) const' (C:/Xilinx/Vitis_HLS/2020.2/common/technology/autopilot\ap_fixed_base.h:1119:12)
INFO: [HLS 214-131] Inlining function 'ap_fixed_base<12, 12, true, (ap_q_mode)5, (ap_o_mode)3, 0>::ap_fixed_base<12, true>(ap_int_base<12, true> const&)' into 'ap_fixed_base<36, 12, false, (ap_q_mode)5, (ap_o_mode)3, 0>::RType<12, 12, true>::mult operator*<36, 12, false, (ap_q_mode)5, (ap_o_mode)3, 0, 12, true>(ap_fixed_base<36, 12, false, (ap_q_mode)5, (ap_o_mode)3, 0> const&, ap_int_base<12, true> const&)' (C:/Xilinx/Vitis_HLS/2020.2/common/technology/autopilot\ap_fixed_base.h:2305:821)
INFO: [HLS 214-131] Inlining function 'ap_fixed_base<36, 12, false, (ap_q_mode)5, (ap_o_mode)3, 0>::RType<12, 12, true>::mult ap_fixed_base<36, 12, false, (ap_q_mode)5, (ap_o_mode)3, 0>::operator*<12, 12, true, (ap_q_mode)5, (ap_o_mode)3, 0>(ap_fixed_base<12, 12, true, (ap_q_mode)5, (ap_o_mode)3, 0> const&) const' into 'ap_fixed_base<36, 12, false, (ap_q_mode)5, (ap_o_mode)3, 0>::RType<12, 12, true>::mult operator*<36, 12, false, (ap_q_mode)5, (ap_o_mode)3, 0, 12, true>(ap_fixed_base<36, 12, false, (ap_q_mode)5, (ap_o_mode)3, 0> const&, ap_int_base<12, true> const&)' (C:/Xilinx/Vitis_HLS/2020.2/common/technology/autopilot\ap_fixed_base.h:2305:810)
INFO: [HLS 214-131] Inlining function 'ap_fixed_base<18, 2, true, (ap_q_mode)5, (ap_o_mode)3, 0>::operator!() const' into 'ap_fixed_base<49, 25, true, (ap_q_mode)5, (ap_o_mode)3, 0>& ap_fixed_base<49, 25, true, (ap_q_mode)5, (ap_o_mode)3, 0>::operator=<18, 2, true, (ap_q_mode)5, (ap_o_mode)3, 0>(ap_fixed_base<18, 2, true, (ap_q_mode)5, (ap_o_mode)3, 0> const&)' (C:/Xilinx/Vitis_HLS/2020.2/common/technology/autopilot\ap_fixed_base.h:698:9)
INFO: [HLS 214-131] Inlining function 'ap_fixed_base<49, 25, true, (ap_q_mode)5, (ap_o_mode)3, 0>& ap_fixed_base<49, 25, true, (ap_q_mode)5, (ap_o_mode)3, 0>::operator=<18, 2, true, (ap_q_mode)5, (ap_o_mode)3, 0>(ap_fixed_base<18, 2, true, (ap_q_mode)5, (ap_o_mode)3, 0> const&)' into 'ap_fixed_base<49, 25, true, (ap_q_mode)5, (ap_o_mode)3, 0>::ap_fixed_base<18, 2, true, (ap_q_mode)5, (ap_o_mode)3, 0>(ap_fixed_base<18, 2, true, (ap_q_mode)5, (ap_o_mode)3, 0> const&)' (C:/Xilinx/Vitis_HLS/2020.2/common/technology/autopilot\ap_fixed_base.h:431:5)
INFO: [HLS 214-131] Inlining function 'ap_fixed_base<48, 24, true, (ap_q_mode)5, (ap_o_mode)3, 0>::operator!() const' into 'ap_fixed_base<49, 25, true, (ap_q_mode)5, (ap_o_mode)3, 0>& ap_fixed_base<49, 25, true, (ap_q_mode)5, (ap_o_mode)3, 0>::operator=<48, 24, true, (ap_q_mode)5, (ap_o_mode)3, 0>(ap_fixed_base<48, 24, true, (ap_q_mode)5, (ap_o_mode)3, 0> const&)' (C:/Xilinx/Vitis_HLS/2020.2/common/technology/autopilot\ap_fixed_base.h:698:9)
INFO: [HLS 214-131] Inlining function 'ap_fixed_base<49, 25, true, (ap_q_mode)5, (ap_o_mode)3, 0>& ap_fixed_base<49, 25, true, (ap_q_mode)5, (ap_o_mode)3, 0>::operator=<48, 24, true, (ap_q_mode)5, (ap_o_mode)3, 0>(ap_fixed_base<48, 24, true, (ap_q_mode)5, (ap_o_mode)3, 0> const&)' into 'ap_fixed_base<49, 25, true, (ap_q_mode)5, (ap_o_mode)3, 0>::ap_fixed_base<48, 24, true, (ap_q_mode)5, (ap_o_mode)3, 0>(ap_fixed_base<48, 24, true, (ap_q_mode)5, (ap_o_mode)3, 0> const&)' (C:/Xilinx/Vitis_HLS/2020.2/common/technology/autopilot\ap_fixed_base.h:431:5)
INFO: [HLS 214-131] Inlining function 'ap_fixed_base<49, 25, true, (ap_q_mode)5, (ap_o_mode)3, 0>::ap_fixed_base<18, 2, true, (ap_q_mode)5, (ap_o_mode)3, 0>(ap_fixed_base<18, 2, true, (ap_q_mode)5, (ap_o_mode)3, 0> const&)' into 'ap_fixed_base<18, 2, true, (ap_q_mode)5, (ap_o_mode)3, 0>::RType<48, 24, true>::plus ap_fixed_base<18, 2, true, (ap_q_mode)5, (ap_o_mode)3, 0>::operator+<48, 24, true, (ap_q_mode)5, (ap_o_mode)3, 0>(ap_fixed_base<48, 24, true, (ap_q_mode)5, (ap_o_mode)3, 0> const&) const' (C:/Xilinx/Vitis_HLS/2020.2/common/technology/autopilot\ap_fixed_base.h:1192:330)
INFO: [HLS 214-131] Inlining function 'ap_fixed<49, 25, (ap_q_mode)5, (ap_o_mode)3, 0>::ap_fixed<49, 25, true, (ap_q_mode)5, (ap_o_mode)3, 0>(ap_fixed_base<49, 25, true, (ap_q_mode)5, (ap_o_mode)3, 0> const&)' into 'ap_fixed_base<18, 2, true, (ap_q_mode)5, (ap_o_mode)3, 0>::RType<48, 24, true>::plus ap_fixed_base<18, 2, true, (ap_q_mode)5, (ap_o_mode)3, 0>::operator+<48, 24, true, (ap_q_mode)5, (ap_o_mode)3, 0>(ap_fixed_base<48, 24, true, (ap_q_mode)5, (ap_o_mode)3, 0> const&) const' (C:/Xilinx/Vitis_HLS/2020.2/common/technology/autopilot\ap_fixed_base.h:1192:382)
INFO: [HLS 214-131] Inlining function 'ap_fixed_base<49, 25, true, (ap_q_mode)5, (ap_o_mode)3, 0>::ap_fixed_base<48, 24, true, (ap_q_mode)5, (ap_o_mode)3, 0>(ap_fixed_base<48, 24, true, (ap_q_mode)5, (ap_o_mode)3, 0> const&)' into 'ap_fixed_base<18, 2, true, (ap_q_mode)5, (ap_o_mode)3, 0>::RType<48, 24, true>::plus ap_fixed_base<18, 2, true, (ap_q_mode)5, (ap_o_mode)3, 0>::operator+<48, 24, true, (ap_q_mode)5, (ap_o_mode)3, 0>(ap_fixed_base<48, 24, true, (ap_q_mode)5, (ap_o_mode)3, 0> const&) const' (C:/Xilinx/Vitis_HLS/2020.2/common/technology/autopilot\ap_fixed_base.h:1192:342)
INFO: [HLS 214-131] Inlining function 'ap_fixed_base<49, 25, true, (ap_q_mode)5, (ap_o_mode)3, 0>::operator!() const' into 'ap_fixed_base<18, 2, true, (ap_q_mode)5, (ap_o_mode)3, 0>& ap_fixed_base<18, 2, true, (ap_q_mode)5, (ap_o_mode)3, 0>::operator=<49, 25, true, (ap_q_mode)5, (ap_o_mode)3, 0>(ap_fixed_base<49, 25, true, (ap_q_mode)5, (ap_o_mode)3, 0> const&)' (C:/Xilinx/Vitis_HLS/2020.2/common/technology/autopilot\ap_fixed_base.h:698:9)
INFO: [HLS 214-131] Inlining function 'ap_fixed_base<18, 2, true, (ap_q_mode)5, (ap_o_mode)3, 0>& ap_fixed_base<18, 2, true, (ap_q_mode)5, (ap_o_mode)3, 0>::operator=<49, 25, true, (ap_q_mode)5, (ap_o_mode)3, 0>(ap_fixed_base<49, 25, true, (ap_q_mode)5, (ap_o_mode)3, 0> const&)' into 'ap_fixed_base<18, 2, true, (ap_q_mode)5, (ap_o_mode)3, 0>::ap_fixed_base<49, 25, true, (ap_q_mode)5, (ap_o_mode)3, 0>(ap_fixed_base<49, 25, true, (ap_q_mode)5, (ap_o_mode)3, 0> const&)' (C:/Xilinx/Vitis_HLS/2020.2/common/technology/autopilot\ap_fixed_base.h:431:5)
INFO: [HLS 214-131] Inlining function 'ap_fixed_base<18, 2, true, (ap_q_mode)5, (ap_o_mode)3, 0>::ap_fixed_base<49, 25, true, (ap_q_mode)5, (ap_o_mode)3, 0>(ap_fixed_base<49, 25, true, (ap_q_mode)5, (ap_o_mode)3, 0> const&)' into 'ap_fixed<18, 2, (ap_q_mode)5, (ap_o_mode)3, 0>::ap_fixed<49, 25, true, (ap_q_mode)5, (ap_o_mode)3, 0>(ap_fixed_base<49, 25, true, (ap_q_mode)5, (ap_o_mode)3, 0> const&)' (C:/Xilinx/Vitis_HLS/2020.2/common/technology/autopilot\ap_fixed.h:75:9)
INFO: [HLS 214-131] Inlining function 'ap_ufixed<36, 12, (ap_q_mode)5, (ap_o_mode)3, 0>::ap_ufixed(int)' into 'generatePollMatrix(ap_fixed<18, 2, (ap_q_mode)5, (ap_o_mode)3, 0>*, ap_int<6>*, ap_int<6>*, ap_fixed<18, 2, (ap_q_mode)5, (ap_o_mode)3, 0> (*) [4])' (MPCwithMADS_fxd/generatePollMatrix.cpp:22:13)
INFO: [HLS 214-131] Inlining function 'ap_fixed<18, 2, (ap_q_mode)5, (ap_o_mode)3, 0>::ap_fixed<49, 25, true, (ap_q_mode)5, (ap_o_mode)3, 0>(ap_fixed_base<49, 25, true, (ap_q_mode)5, (ap_o_mode)3, 0> const&)' into 'generatePollMatrix(ap_fixed<18, 2, (ap_q_mode)5, (ap_o_mode)3, 0>*, ap_int<6>*, ap_int<6>*, ap_fixed<18, 2, (ap_q_mode)5, (ap_o_mode)3, 0> (*) [4])' (MPCwithMADS_fxd/generatePollMatrix.cpp:46:23)
INFO: [HLS 214-131] Inlining function 'ap_fixed_base<18, 2, true, (ap_q_mode)5, (ap_o_mode)3, 0>::RType<48, 24, true>::plus ap_fixed_base<18, 2, true, (ap_q_mode)5, (ap_o_mode)3, 0>::operator+<48, 24, true, (ap_q_mode)5, (ap_o_mode)3, 0>(ap_fixed_base<48, 24, true, (ap_q_mode)5, (ap_o_mode)3, 0> const&) const' into 'generatePollMatrix(ap_fixed<18, 2, (ap_q_mode)5, (ap_o_mode)3, 0>*, ap_int<6>*, ap_int<6>*, ap_fixed<18, 2, (ap_q_mode)5, (ap_o_mode)3, 0> (*) [4])' (MPCwithMADS_fxd/generatePollMatrix.cpp:46:43)
INFO: [HLS 214-131] Inlining function 'ap_fixed_base<36, 12, false, (ap_q_mode)5, (ap_o_mode)3, 0>::RType<12, 12, true>::mult operator*<36, 12, false, (ap_q_mode)5, (ap_o_mode)3, 0, 12, true>(ap_fixed_base<36, 12, false, (ap_q_mode)5, (ap_o_mode)3, 0> const&, ap_int_base<12, true> const&)' into 'generatePollMatrix(ap_fixed<18, 2, (ap_q_mode)5, (ap_o_mode)3, 0>*, ap_int<6>*, ap_int<6>*, ap_fixed<18, 2, (ap_q_mode)5, (ap_o_mode)3, 0> (*) [4])' (MPCwithMADS_fxd/generatePollMatrix.cpp:46:54)
INFO: [HLS 214-131] Inlining function 'bool operator<<6, true>(ap_int_base<6, true> const&, int)' into 'generatePollMatrix(ap_fixed<18, 2, (ap_q_mode)5, (ap_o_mode)3, 0>*, ap_int<6>*, ap_int<6>*, ap_fixed<18, 2, (ap_q_mode)5, (ap_o_mode)3, 0> (*) [4])' (MPCwithMADS_fxd/generatePollMatrix.cpp:24:18)
INFO: [HLS 214-131] Inlining function 'ap_int_base<6, true>::operator-() const' into 'generatePollMatrix(ap_fixed<18, 2, (ap_q_mode)5, (ap_o_mode)3, 0>*, ap_int<6>*, ap_int<6>*, ap_fixed<18, 2, (ap_q_mode)5, (ap_o_mode)3, 0> (*) [4])' (MPCwithMADS_fxd/generatePollMatrix.cpp:25:26)
INFO: [HLS 214-131] Inlining function 'ap_ufixed<36, 12, (ap_q_mode)5, (ap_o_mode)3, 0>::ap_ufixed<36, 12, false, (ap_q_mode)5, (ap_o_mode)3, 0>(ap_fixed_base<36, 12, false, (ap_q_mode)5, (ap_o_mode)3, 0> const&)' into 'generatePollMatrix(ap_fixed<18, 2, (ap_q_mode)5, (ap_o_mode)3, 0>*, ap_int<6>*, ap_int<6>*, ap_fixed<18, 2, (ap_q_mode)5, (ap_o_mode)3, 0> (*) [4])' (MPCwithMADS_fxd/generatePollMatrix.cpp:30:14)
INFO: [HLS 214-131] Inlining function 'ap_fixed_base<36, 12, false, (ap_q_mode)5, (ap_o_mode)3, 0> ap_fixed_base<36, 12, false, (ap_q_mode)5, (ap_o_mode)3, 0>::operator<<<6>(ap_int_base<6, true> const&) const' into 'generatePollMatrix(ap_fixed<18, 2, (ap_q_mode)5, (ap_o_mode)3, 0>*, ap_int<6>*, ap_int<6>*, ap_fixed<18, 2, (ap_q_mode)5, (ap_o_mode)3, 0> (*) [4])' (MPCwithMADS_fxd/generatePollMatrix.cpp:30:22)
INFO: [HLS 214-131] Inlining function 'ap_ufixed<36, 12, (ap_q_mode)5, (ap_o_mode)3, 0>::ap_ufixed<36, 12, false, (ap_q_mode)5, (ap_o_mode)3, 0>(ap_fixed_base<36, 12, false, (ap_q_mode)5, (ap_o_mode)3, 0> const&)' into 'generatePollMatrix(ap_fixed<18, 2, (ap_q_mode)5, (ap_o_mode)3, 0>*, ap_int<6>*, ap_int<6>*, ap_fixed<18, 2, (ap_q_mode)5, (ap_o_mode)3, 0> (*) [4])' (MPCwithMADS_fxd/generatePollMatrix.cpp:25:14)
INFO: [HLS 214-131] Inlining function 'ap_fixed_base<36, 12, false, (ap_q_mode)5, (ap_o_mode)3, 0> ap_fixed_base<36, 12, false, (ap_q_mode)5, (ap_o_mode)3, 0>::operator>><7>(ap_int_base<7, true> const&) const' into 'generatePollMatrix(ap_fixed<18, 2, (ap_q_mode)5, (ap_o_mode)3, 0>*, ap_int<6>*, ap_int<6>*, ap_fixed<18, 2, (ap_q_mode)5, (ap_o_mode)3, 0> (*) [4])' (MPCwithMADS_fxd/generatePollMatrix.cpp:25:22)
INFO: [HLS 214-131] Inlining function 'ap_int_base<33, true>::ap_int_base<6, true>(ap_int_base<6, true> const&)' into 'ap_int_base<6, true>::RType<32, true>::plus operator+<6, true, 32, true>(ap_int_base<6, true> const&, ap_int_base<32, true> const&)' (C:/Xilinx/Vitis_HLS/2020.2/common/technology/autopilot\ap_int_base.h:1346:339)
INFO: [HLS 214-131] Inlining function 'ap_int<33>::ap_int<33, true>(ap_int_base<33, true> const&)' into 'ap_int_base<6, true>::RType<32, true>::plus operator+<6, true, 32, true>(ap_int_base<6, true> const&, ap_int_base<32, true> const&)' (C:/Xilinx/Vitis_HLS/2020.2/common/technology/autopilot\ap_int_base.h:1346:551)
INFO: [HLS 214-131] Inlining function 'ap_int_base<33, true>::ap_int_base<32, true>(ap_int_base<32, true> const&)' into 'ap_int_base<6, true>::RType<32, true>::plus operator+<6, true, 32, true>(ap_int_base<6, true> const&, ap_int_base<32, true> const&)' (C:/Xilinx/Vitis_HLS/2020.2/common/technology/autopilot\ap_int_base.h:1346:427)
INFO: [HLS 214-131] Inlining function 'ap_int_base<32, true>::ap_int_base(int)' into 'ap_int_base<6, true>::RType<($_0)32, true>::plus operator+<6, true>(ap_int_base<6, true> const&, int)' (C:/Xilinx/Vitis_HLS/2020.2/common/technology/autopilot\ap_int_base.h:1461:1006)
INFO: [HLS 214-131] Inlining function 'ap_int_base<6, true>::RType<32, true>::plus operator+<6, true, 32, true>(ap_int_base<6, true> const&, ap_int_base<32, true> const&)' into 'ap_int_base<6, true>::RType<($_0)32, true>::plus operator+<6, true>(ap_int_base<6, true> const&, int)' (C:/Xilinx/Vitis_HLS/2020.2/common/technology/autopilot\ap_int_base.h:1461:1004)
INFO: [HLS 214-131] Inlining function 'ap_int_base<33, true>::ap_int_base<6, true>(ap_int_base<6, true> const&)' into 'ap_int_base<6, true>::RType<32, true>::minus operator-<6, true, 32, true>(ap_int_base<6, true> const&, ap_int_base<32, true> const&)' (C:/Xilinx/Vitis_HLS/2020.2/common/technology/autopilot\ap_int_base.h:1347:341)
INFO: [HLS 214-131] Inlining function 'ap_int<33>::ap_int<33, true>(ap_int_base<33, true> const&)' into 'ap_int_base<6, true>::RType<32, true>::minus operator-<6, true, 32, true>(ap_int_base<6, true> const&, ap_int_base<32, true> const&)' (C:/Xilinx/Vitis_HLS/2020.2/common/technology/autopilot\ap_int_base.h:1347:555)
INFO: [HLS 214-131] Inlining function 'ap_int_base<33, true>::ap_int_base<32, true>(ap_int_base<32, true> const&)' into 'ap_int_base<6, true>::RType<32, true>::minus operator-<6, true, 32, true>(ap_int_base<6, true> const&, ap_int_base<32, true> const&)' (C:/Xilinx/Vitis_HLS/2020.2/common/technology/autopilot\ap_int_base.h:1347:430)
INFO: [HLS 214-131] Inlining function 'ap_int_base<32, true>::ap_int_base(int)' into 'ap_int_base<6, true>::RType<($_0)32, true>::minus operator-<6, true>(ap_int_base<6, true> const&, int)' (C:/Xilinx/Vitis_HLS/2020.2/common/technology/autopilot\ap_int_base.h:1461:1531)
INFO: [HLS 214-131] Inlining function 'ap_int_base<6, true>::RType<32, true>::minus operator-<6, true, 32, true>(ap_int_base<6, true> const&, ap_int_base<32, true> const&)' into 'ap_int_base<6, true>::RType<($_0)32, true>::minus operator-<6, true>(ap_int_base<6, true> const&, int)' (C:/Xilinx/Vitis_HLS/2020.2/common/technology/autopilot\ap_int_base.h:1461:1529)
INFO: [HLS 214-131] Inlining function 'bool ap_fixed_base<32, 9, false, (ap_q_mode)5, (ap_o_mode)3, 0>::operator><32, 9, false, (ap_q_mode)5, (ap_o_mode)3, 0>(ap_fixed_base<32, 9, false, (ap_q_mode)5, (ap_o_mode)3, 0> const&) const' into 'progressiveBarrierPolling(ap_ufixed<32, 9, (ap_q_mode)5, (ap_o_mode)3, 0>*, ap_fixed<18, 2, (ap_q_mode)5, (ap_o_mode)3, 0>*, ap_fixed<18, 2, (ap_q_mode)5, (ap_o_mode)3, 0> (*) [4], ap_int<6>*, ap_fixed<18, 7, (ap_q_mode)5, (ap_o_mode)3, 0>*, ap_fixed<18, 7, (ap_q_mode)5, (ap_o_mode)3, 0>*, ap_fixed<18, 7, (ap_q_mode)5, (ap_o_mode)3, 0>*)' (MPCwithMADS_fxd/progressiveBarrierPolling.cpp:32:19)
INFO: [HLS 214-131] Inlining function 'ap_int<6>::ap_int<33>(ap_int<33> const&)' into 'progressiveBarrierPolling(ap_ufixed<32, 9, (ap_q_mode)5, (ap_o_mode)3, 0>*, ap_fixed<18, 2, (ap_q_mode)5, (ap_o_mode)3, 0>*, ap_fixed<18, 2, (ap_q_mode)5, (ap_o_mode)3, 0> (*) [4], ap_int<6>*, ap_fixed<18, 7, (ap_q_mode)5, (ap_o_mode)3, 0>*, ap_fixed<18, 7, (ap_q_mode)5, (ap_o_mode)3, 0>*, ap_fixed<18, 7, (ap_q_mode)5, (ap_o_mode)3, 0>*)' (MPCwithMADS_fxd/progressiveBarrierPolling.cpp:63:17)
INFO: [HLS 214-131] Inlining function 'ap_int_base<6, true>::RType<($_0)32, true>::minus operator-<6, true>(ap_int_base<6, true> const&, int)' into 'progressiveBarrierPolling(ap_ufixed<32, 9, (ap_q_mode)5, (ap_o_mode)3, 0>*, ap_fixed<18, 2, (ap_q_mode)5, (ap_o_mode)3, 0>*, ap_fixed<18, 2, (ap_q_mode)5, (ap_o_mode)3, 0> (*) [4], ap_int<6>*, ap_fixed<18, 7, (ap_q_mode)5, (ap_o_mode)3, 0>*, ap_fixed<18, 7, (ap_q_mode)5, (ap_o_mode)3, 0>*, ap_fixed<18, 7, (ap_q_mode)5, (ap_o_mode)3, 0>*)' (MPCwithMADS_fxd/progressiveBarrierPolling.cpp:63:30)
INFO: [HLS 214-131] Inlining function 'ap_int<6>::ap_int<33>(ap_int<33> const&)' into 'progressiveBarrierPolling(ap_ufixed<32, 9, (ap_q_mode)5, (ap_o_mode)3, 0>*, ap_fixed<18, 2, (ap_q_mode)5, (ap_o_mode)3, 0>*, ap_fixed<18, 2, (ap_q_mode)5, (ap_o_mode)3, 0> (*) [4], ap_int<6>*, ap_fixed<18, 7, (ap_q_mode)5, (ap_o_mode)3, 0>*, ap_fixed<18, 7, (ap_q_mode)5, (ap_o_mode)3, 0>*, ap_fixed<18, 7, (ap_q_mode)5, (ap_o_mode)3, 0>*)' (MPCwithMADS_fxd/progressiveBarrierPolling.cpp:57:17)
INFO: [HLS 214-131] Inlining function 'ap_int_base<6, true>::RType<($_0)32, true>::plus operator+<6, true>(ap_int_base<6, true> const&, int)' into 'progressiveBarrierPolling(ap_ufixed<32, 9, (ap_q_mode)5, (ap_o_mode)3, 0>*, ap_fixed<18, 2, (ap_q_mode)5, (ap_o_mode)3, 0>*, ap_fixed<18, 2, (ap_q_mode)5, (ap_o_mode)3, 0> (*) [4], ap_int<6>*, ap_fixed<18, 7, (ap_q_mode)5, (ap_o_mode)3, 0>*, ap_fixed<18, 7, (ap_q_mode)5, (ap_o_mode)3, 0>*, ap_fixed<18, 7, (ap_q_mode)5, (ap_o_mode)3, 0>*)' (MPCwithMADS_fxd/progressiveBarrierPolling.cpp:57:30)
INFO: [HLS 214-131] Inlining function 'bool ap_fixed_base<32, 9, false, (ap_q_mode)5, (ap_o_mode)3, 0>::operator<<32, 9, false, (ap_q_mode)5, (ap_o_mode)3, 0>(ap_fixed_base<32, 9, false, (ap_q_mode)5, (ap_o_mode)3, 0> const&) const' into 'progressiveBarrierPolling(ap_ufixed<32, 9, (ap_q_mode)5, (ap_o_mode)3, 0>*, ap_fixed<18, 2, (ap_q_mode)5, (ap_o_mode)3, 0>*, ap_fixed<18, 2, (ap_q_mode)5, (ap_o_mode)3, 0> (*) [4], ap_int<6>*, ap_fixed<18, 7, (ap_q_mode)5, (ap_o_mode)3, 0>*, ap_fixed<18, 7, (ap_q_mode)5, (ap_o_mode)3, 0>*, ap_fixed<18, 7, (ap_q_mode)5, (ap_o_mode)3, 0>*)' (MPCwithMADS_fxd/progressiveBarrierPolling.cpp:39:24)
INFO: [HLS 214-131] Inlining function 'bool operator<<6, true>(ap_int_base<6, true> const&, int)' into 'MADS(ap_fixed<18, 2, (ap_q_mode)5, (ap_o_mode)3, 0>*, ap_fixed<18, 7, (ap_q_mode)5, (ap_o_mode)3, 0>*, ap_fixed<18, 7, (ap_q_mode)5, (ap_o_mode)3, 0>*, ap_fixed<18, 7, (ap_q_mode)5, (ap_o_mode)3, 0>*)' (MPCwithMADS_fxd/MADS.cpp:29:20)
INFO: [HLS 214-131] Inlining function 'bool operator<<6, true>(ap_int_base<6, true> const&, int)' into 'MADS(ap_fixed<18, 2, (ap_q_mode)5, (ap_o_mode)3, 0>*, ap_fixed<18, 7, (ap_q_mode)5, (ap_o_mode)3, 0>*, ap_fixed<18, 7, (ap_q_mode)5, (ap_o_mode)3, 0>*, ap_fixed<18, 7, (ap_q_mode)5, (ap_o_mode)3, 0>*)' (MPCwithMADS_fxd/MADS.cpp:31:27)
INFO: [HLS 214-131] Inlining function 'ap_int_base<6, true>::RType<6, true>::plus operator+<6, true, 6, true>(ap_int_base<6, true> const&, ap_int_base<6, true> const&)' into 'MADS(ap_fixed<18, 2, (ap_q_mode)5, (ap_o_mode)3, 0>*, ap_fixed<18, 7, (ap_q_mode)5, (ap_o_mode)3, 0>*, ap_fixed<18, 7, (ap_q_mode)5, (ap_o_mode)3, 0>*, ap_fixed<18, 7, (ap_q_mode)5, (ap_o_mode)3, 0>*)' (MPCwithMADS_fxd/MADS.cpp:32:30)
INFO: [HLS 214-131] Inlining function 'ap_int<6>::ap_int<7>(ap_int<7> const&)' into 'MADS(ap_fixed<18, 2, (ap_q_mode)5, (ap_o_mode)3, 0>*, ap_fixed<18, 7, (ap_q_mode)5, (ap_o_mode)3, 0>*, ap_fixed<18, 7, (ap_q_mode)5, (ap_o_mode)3, 0>*, ap_fixed<18, 7, (ap_q_mode)5, (ap_o_mode)3, 0>*)' (MPCwithMADS_fxd/MADS.cpp:32:18)
INFO: [HLS 214-131] Inlining function 'ap_fixed_base<18, 2, true, (ap_q_mode)5, (ap_o_mode)3, 0>::operator!() const' into 'ap_fixed_base<12, 2, true, (ap_q_mode)5, (ap_o_mode)3, 0>& ap_fixed_base<12, 2, true, (ap_q_mode)5, (ap_o_mode)3, 0>::operator=<18, 2, true, (ap_q_mode)5, (ap_o_mode)3, 0>(ap_fixed_base<18, 2, true, (ap_q_mode)5, (ap_o_mode)3, 0> const&)' (C:/Xilinx/Vitis_HLS/2020.2/common/technology/autopilot\ap_fixed_base.h:698:9)
INFO: [HLS 214-131] Inlining function 'ap_fixed_base<12, 2, true, (ap_q_mode)5, (ap_o_mode)3, 0>& ap_fixed_base<12, 2, true, (ap_q_mode)5, (ap_o_mode)3, 0>::operator=<18, 2, true, (ap_q_mode)5, (ap_o_mode)3, 0>(ap_fixed_base<18, 2, true, (ap_q_mode)5, (ap_o_mode)3, 0> const&)' into 'ap_fixed_base<12, 2, true, (ap_q_mode)5, (ap_o_mode)3, 0>::ap_fixed_base<18, 2, true, (ap_q_mode)5, (ap_o_mode)3, 0>(ap_fixed_base<18, 2, true, (ap_q_mode)5, (ap_o_mode)3, 0> const&)' (C:/Xilinx/Vitis_HLS/2020.2/common/technology/autopilot\ap_fixed_base.h:431:5)
INFO: [HLS 214-131] Inlining function 'ap_fixed_base<12, 2, true, (ap_q_mode)5, (ap_o_mode)3, 0>::ap_fixed_base<18, 2, true, (ap_q_mode)5, (ap_o_mode)3, 0>(ap_fixed_base<18, 2, true, (ap_q_mode)5, (ap_o_mode)3, 0> const&)' into 'ap_fixed<12, 2, (ap_q_mode)5, (ap_o_mode)3, 0>::ap_fixed<18, 2, true, (ap_q_mode)5, (ap_o_mode)3, 0>(ap_fixed_base<18, 2, true, (ap_q_mode)5, (ap_o_mode)3, 0> const&)' (C:/Xilinx/Vitis_HLS/2020.2/common/technology/autopilot\ap_fixed.h:75:9)
INFO: [HLS 214-131] Inlining function 'ap_fixed<18, 7, (ap_q_mode)5, (ap_o_mode)3, 0>::ap_fixed<12, 7, true, (ap_q_mode)5, (ap_o_mode)3, 0>(ap_fixed_base<12, 7, true, (ap_q_mode)5, (ap_o_mode)3, 0> const&)' into 'MPCwithMADS(ap_fixed<12, 7, (ap_q_mode)5, (ap_o_mode)3, 0>*, ap_fixed<12, 7, (ap_q_mode)5, (ap_o_mode)3, 0>*, ap_fixed<12, 7, (ap_q_mode)5, (ap_o_mode)3, 0>*, ap_fixed<12, 2, (ap_q_mode)5, (ap_o_mode)3, 0>*)' (MPCwithMADS_fxd/MPCwithMADS.cpp:22:14)
INFO: [HLS 214-131] Inlining function 'ap_fixed<18, 7, (ap_q_mode)5, (ap_o_mode)3, 0>::ap_fixed<12, 7, true, (ap_q_mode)5, (ap_o_mode)3, 0>(ap_fixed_base<12, 7, true, (ap_q_mode)5, (ap_o_mode)3, 0> const&)' into 'MPCwithMADS(ap_fixed<12, 7, (ap_q_mode)5, (ap_o_mode)3, 0>*, ap_fixed<12, 7, (ap_q_mode)5, (ap_o_mode)3, 0>*, ap_fixed<12, 7, (ap_q_mode)5, (ap_o_mode)3, 0>*, ap_fixed<12, 2, (ap_q_mode)5, (ap_o_mode)3, 0>*)' (MPCwithMADS_fxd/MPCwithMADS.cpp:27:16)
INFO: [HLS 214-131] Inlining function 'ap_fixed<12, 2, (ap_q_mode)5, (ap_o_mode)3, 0>::ap_fixed<18, 2, true, (ap_q_mode)5, (ap_o_mode)3, 0>(ap_fixed_base<18, 2, true, (ap_q_mode)5, (ap_o_mode)3, 0> const&)' into 'MPCwithMADS(ap_fixed<12, 7, (ap_q_mode)5, (ap_o_mode)3, 0>*, ap_fixed<12, 7, (ap_q_mode)5, (ap_o_mode)3, 0>*, ap_fixed<12, 7, (ap_q_mode)5, (ap_o_mode)3, 0>*, ap_fixed<12, 2, (ap_q_mode)5, (ap_o_mode)3, 0>*)' (MPCwithMADS_fxd/MPCwithMADS.cpp:48:13)
INFO: [HLS 214-131] Inlining function 'ap_fixed<18, 7, (ap_q_mode)5, (ap_o_mode)3, 0>::ap_fixed<12, 7, true, (ap_q_mode)5, (ap_o_mode)3, 0>(ap_fixed_base<12, 7, true, (ap_q_mode)5, (ap_o_mode)3, 0> const&)' into 'MPCwithMADS(ap_fixed<12, 7, (ap_q_mode)5, (ap_o_mode)3, 0>*, ap_fixed<12, 7, (ap_q_mode)5, (ap_o_mode)3, 0>*, ap_fixed<12, 7, (ap_q_mode)5, (ap_o_mode)3, 0>*, ap_fixed<12, 2, (ap_q_mode)5, (ap_o_mode)3, 0>*)' (MPCwithMADS_fxd/MPCwithMADS.cpp:32:16)
INFO: [HLS 214-186] Unrolling loop 'VITIS_LOOP_55_4' (MPCwithMADS_fxd/progressiveBarrierPolling.cpp:55:20) in function 'progressiveBarrierPolling' completely with a factor of 2 (MPCwithMADS_fxd/progressiveBarrierPolling.cpp:55:20)
INFO: [HLS 214-186] Unrolling loop 'VITIS_LOOP_61_5' (MPCwithMADS_fxd/progressiveBarrierPolling.cpp:61:20) in function 'progressiveBarrierPolling' completely with a factor of 2 (MPCwithMADS_fxd/progressiveBarrierPolling.cpp:61:20)
INFO: [HLS 214-186] Unrolling loop 'VITIS_LOOP_22_2' (MPCwithMADS_fxd/progressiveBarrierPolling.cpp:22:19) in function 'progressiveBarrierPolling' completely with a factor of 2 (MPCwithMADS_fxd/progressiveBarrierPolling.cpp:22:19)
INFO: [HLS 214-186] Unrolling loop 'VITIS_LOOP_42_3' (MPCwithMADS_fxd/progressiveBarrierPolling.cpp:42:21) in function 'progressiveBarrierPolling' completely with a factor of 2 (MPCwithMADS_fxd/progressiveBarrierPolling.cpp:42:21)
INFO: [HLS 214-186] Unrolling loop 'VITIS_LOOP_101_1' (MPCwithMADS_fxd/costFunction.cpp:101:20) in function 'costFunction' completely with a factor of 2 (MPCwithMADS_fxd/costFunction.cpp:101:20)
INFO: [HLS 214-178] Inlining function 'ap_fixed_base<1, 0, false, (ap_q_mode)5, (ap_o_mode)3, 0>::ap_fixed_base(double)' into 'ap_fixed<54, 15, (ap_q_mode)5, (ap_o_mode)3, 0> round_fixed<54, 15>(ap_fixed<54, 15, (ap_q_mode)5, (ap_o_mode)3, 0>)' (C:/Xilinx/Vitis_HLS/2020.2/common/technology/autopilot/hls_round_copysign_apfixed.h:202:0)
INFO: [HLS 214-178] Inlining function 'ap_fixed<54, 15, (ap_q_mode)5, (ap_o_mode)3, 0> fabs_fixed<54, 15>(ap_fixed<54, 15, (ap_q_mode)5, (ap_o_mode)3, 0>)' into 'ap_fixed<54, 15, (ap_q_mode)5, (ap_o_mode)3, 0> round_fixed<54, 15>(ap_fixed<54, 15, (ap_q_mode)5, (ap_o_mode)3, 0>)' (C:/Xilinx/Vitis_HLS/2020.2/common/technology/autopilot/hls_round_copysign_apfixed.h:202:0)
INFO: [HLS 214-178] Inlining function 'generateHouseholderMatrix(ap_fixed<18, 3, (ap_q_mode)5, (ap_o_mode)3, 0>*, ap_fixed<18, 3, (ap_q_mode)5, (ap_o_mode)3, 0> (*) [2])' into 'generatePollDirections(ap_fixed<18, 3, (ap_q_mode)5, (ap_o_mode)3, 0>*, ap_int<6>*, ap_int<6>*, ap_int<12> (*) [4])' (MPCwithMADS_fxd/generatePollDirections.cpp:4:0)
INFO: [HLS 214-178] Inlining function 'ap_fixed<54, 15, (ap_q_mode)5, (ap_o_mode)3, 0> hls::round<54, 15>(ap_fixed<54, 15, (ap_q_mode)5, (ap_o_mode)3, 0>)' into 'generatePollDirections(ap_fixed<18, 3, (ap_q_mode)5, (ap_o_mode)3, 0>*, ap_int<6>*, ap_int<6>*, ap_int<12> (*) [4])' (MPCwithMADS_fxd/generatePollDirections.cpp:4:0)
INFO: [HLS 214-178] Inlining function 'pseudoRand(ap_fixed<18, 3, (ap_q_mode)5, (ap_o_mode)3, 0>*)' into 'generatePollMatrix(ap_fixed<18, 2, (ap_q_mode)5, (ap_o_mode)3, 0>*, ap_int<6>*, ap_int<6>*, ap_fixed<18, 2, (ap_q_mode)5, (ap_o_mode)3, 0> (*) [4])' (MPCwithMADS_fxd/generatePollMatrix.cpp:5:0)
INFO: [HLS 214-178] Inlining function 'progressiveBarrierPolling(ap_ufixed<32, 9, (ap_q_mode)5, (ap_o_mode)3, 0>*, ap_fixed<18, 2, (ap_q_mode)5, (ap_o_mode)3, 0>*, ap_fixed<18, 2, (ap_q_mode)5, (ap_o_mode)3, 0> (*) [4], ap_int<6>*, ap_fixed<18, 7, (ap_q_mode)5, (ap_o_mode)3, 0>*, ap_fixed<18, 7, (ap_q_mode)5, (ap_o_mode)3, 0>*, ap_fixed<18, 7, (ap_q_mode)5, (ap_o_mode)3, 0>*)' into 'MADS(ap_fixed<18, 2, (ap_q_mode)5, (ap_o_mode)3, 0>*, ap_fixed<18, 7, (ap_q_mode)5, (ap_o_mode)3, 0>*, ap_fixed<18, 7, (ap_q_mode)5, (ap_o_mode)3, 0>*, ap_fixed<18, 7, (ap_q_mode)5, (ap_o_mode)3, 0>*)' (MPCwithMADS_fxd/MADS.cpp:3:0)
INFO: [HLS 214-178] Inlining function 'MADS(ap_fixed<18, 2, (ap_q_mode)5, (ap_o_mode)3, 0>*, ap_fixed<18, 7, (ap_q_mode)5, (ap_o_mode)3, 0>*, ap_fixed<18, 7, (ap_q_mode)5, (ap_o_mode)3, 0>*, ap_fixed<18, 7, (ap_q_mode)5, (ap_o_mode)3, 0>*)' into 'MPCwithMADS(ap_fixed<12, 7, (ap_q_mode)5, (ap_o_mode)3, 0>*, ap_fixed<12, 7, (ap_q_mode)5, (ap_o_mode)3, 0>*, ap_fixed<12, 7, (ap_q_mode)5, (ap_o_mode)3, 0>*, ap_fixed<12, 2, (ap_q_mode)5, (ap_o_mode)3, 0>*)' (MPCwithMADS_fxd/MPCwithMADS.cpp:3:0)
INFO: [HLS 214-178] Inlining function 'shiftOpt(ap_fixed<18, 2, (ap_q_mode)5, (ap_o_mode)3, 0>*)' into 'MPCwithMADS(ap_fixed<12, 7, (ap_q_mode)5, (ap_o_mode)3, 0>*, ap_fixed<12, 7, (ap_q_mode)5, (ap_o_mode)3, 0>*, ap_fixed<12, 7, (ap_q_mode)5, (ap_o_mode)3, 0>*, ap_fixed<12, 2, (ap_q_mode)5, (ap_o_mode)3, 0>*)' (MPCwithMADS_fxd/MPCwithMADS.cpp:3:0)
WARNING: [HLS 214-167] The program may have out of bound array access (MPCwithMADS_fxd/progressiveBarrierPolling.cpp:44:18)
WARNING: [HLS 214-167] The program may have out of bound array access (MPCwithMADS_fxd/progressiveBarrierPolling.cpp:44:18)
WARNING: [HLS 214-167] The program may have out of bound array access (C:/Xilinx/Vitis_HLS/2020.2/common/technology/autopilot\ap_fixed_base.h:708:22)
WARNING: [HLS 214-167] The program may have out of bound array access (MPCwithMADS_fxd/shiftOpt.cpp:7:14)
WARNING: [HLS 214-167] The program may have out of bound array access (MPCwithMADS_fxd/shiftOpt.cpp:7:14)
INFO: [HLS 214-248] complete partitioned array 'x' on dimension 1 (MPCwithMADS_fxd/MPCwithMADS.cpp:6:9)
INFO: [HLS 214-248] complete partitioned array 'par' on dimension 1 (MPCwithMADS_fxd/MPCwithMADS.cpp:4:9)
INFO: [HLS 214-131] Inlining function '_llvm.fpga.pack.none.i12.s_struct.ap_fixed.18s' into 'MPCwithMADS(ap_fixed<12, 7, (ap_q_mode)5, (ap_o_mode)3, 0>*, ap_fixed<12, 7, (ap_q_mode)5, (ap_o_mode)3, 0>*, ap_fixed<12, 7, (ap_q_mode)5, (ap_o_mode)3, 0>*, ap_fixed<12, 2, (ap_q_mode)5, (ap_o_mode)3, 0>*)' (MPCwithMADS_fxd/MPCwithMADS.cpp:48:11)
INFO-FLOW: DBG:CMD: copy_raw_kernel_xml ap_link_39: kernel.xml not generated: C:/Users/aless/Documents/NonlinearMPCwithMADS/boost/MPCwithMADS_fxd/solution1/.autopilot/db/kernel.internal.xml
INFO: [HLS 200-111] Finished Compiling Optimization and Transform: CPU user time: 15 seconds. CPU system time: 2 seconds. Elapsed time: 40.831 seconds; current allocated memory: 103.731 MB.
INFO: [HLS 200-111] Finished Checking Pragmas: CPU user time: 0 seconds. CPU system time: 0 seconds. Elapsed time: 0.046 seconds; current allocated memory: 103.730 MB.
Execute       opt_and_import_c a -opt_level=2 -skip_syncheck=0 -ng=0 -keep_printf=0 
Execute         cleanup_all_models 
INFO: [HLS 200-10] Starting code transformations ...
INFO-FLOW: Running Standard Transforms...
Execute         transform -hls -share-std-xform -demangle-name -inline-byval-memcpy -always-inline -promote-dbg-pointer -interface-preproc -mem2reg -scalarrepl -mem2reg -keep-read-access -instcombine -dce -promote-dbg-pointer -bitop-raise -loop-simplify -indvarspre -indvars -loop-simplify -xunroll -constprop -instcombine -simplifycfg -indvars -simplifycfg -dce -globaldce -basicaa -simplifycfg -mem2reg -globalopt -global-constprop -deadargelim -instcombine -simplifycfg -scalarrepl -instcombine -reassociate -licm -simplifycfg -loop-simplify -indvars -instcombine -simplifycfg -mem2reg -loop-simplify -indvars -instcombine -gvn -gvn -instcombine -adce -break-crit-edges -simplifycfg -loop-delete -global-array-opt -dce -dse -adce -find-syn-modules -top MPCwithMADS -deadargelim -mem2reg -instcombine -dce -presyn-prepare -auto-rom-infer -interface-preproc -syn-check -check-rec-only -find-region -simplifycfg -func-extr -function-inline -globaldce -mem2reg -instcombine -dce -gvn -globaldce -adce -adse -constprop -instcombine -bit-constprop -instcombine -dce -simplifycfg -bitop-raise -simplifycfg -dce -loop-delete -reassociate -globalopt -global-privatize -mem2reg -dce -global-constprop -pointer-simplify -constprop -dce -func-inst -deadargelim -auto-shift-reg-idiom -promote-dbg-pointer -norm-name C:/Users/aless/Documents/NonlinearMPCwithMADS/boost/MPCwithMADS_fxd/solution1/.autopilot/db/a.g.0.bc -o C:/Users/aless/Documents/NonlinearMPCwithMADS/boost/MPCwithMADS_fxd/solution1/.autopilot/db/a.g.1.bc -f -phase std-opt 
Command         transform done; 0.393 sec.
INFO: [HLS 200-111] Finished Standard Transforms: CPU user time: 1 seconds. CPU system time: 0 seconds. Elapsed time: 0.498 seconds; current allocated memory: 134.551 MB.
INFO: [HLS 200-10] Checking synthesizability ...
INFO-FLOW: Checking Synthesizability 1/2..
Execute         transform -hls -syn-check -check-rec-only -disaggr -scalarrepl -norm-name -dce -mem2reg -instcombine -function-uniquify -directive-preproc -mem2reg -dse -dce -auto-rom-infer -dce -pag -array-normalize -instcombine -dce -array-seg-normalize -instcombine -dce -data-pack -instcombine -dce -inst-simplify -array-flatten -instcombine -dce -array-burst -dce -deadargelim -promote-global-argument -simplifycfg -mem2reg -globaldce -dce -deadargelim -dce -instcombine -function-inline -globaldce -dce -doublePtrSimplify -doublePtrElim -dce -doublePtrSimplify -promote-dbg-pointer -dce -scalarrepl -dse -adse -instcombine -ptrLegalization -simplifycfg -dce -instcombine -pointer-simplify -ptrArgReplace -dce -instcombine -resolve-double-ptr -disaggr -scalarrepl -norm-name -dce -mem2reg -instcombine -ptrLegalization -simplifycfg -deadargelim -instcombine -dce -inst-simplify -function-uniquify -directive-preproc -mem2reg -dse -dce -globaldce -check-dspbuiltin C:/Users/aless/Documents/NonlinearMPCwithMADS/boost/MPCwithMADS_fxd/solution1/.autopilot/db/a.g.1.bc -o C:/Users/aless/Documents/NonlinearMPCwithMADS/boost/MPCwithMADS_fxd/solution1/.autopilot/db/a.g.2.prechk.bc -f 
Command         transform done; 0.466 sec.
INFO-FLOW: Checking Synthesizability 2/2..
Execute         transform -syn-check C:/Users/aless/Documents/NonlinearMPCwithMADS/boost/MPCwithMADS_fxd/solution1/.autopilot/db/a.g.2.prechk.bc -o C:/Users/aless/Documents/NonlinearMPCwithMADS/boost/MPCwithMADS_fxd/solution1/.autopilot/db/a.g.2.bc -f -phase syn-check 
WARNING: [SYNCHK 200-120] C:/Xilinx/Vitis_HLS/2020.2/common/technology/autopilot\ap_fixed_base.h:1118: multiplication is assumed not to overflow by default, otherwise, please add option '-fwrapv'.
INFO: [SYNCHK 200-10] 0 error(s), 1 warning(s).
Command         transform done; 0.352 sec.
INFO: [HLS 200-111] Finished Checking Synthesizability: CPU user time: 1 seconds. CPU system time: 0 seconds. Elapsed time: 0.913 seconds; current allocated memory: 175.583 MB.
INFO-FLOW: Compiler optimizing ...
INFO-FLOW: Share syncheck's 1.bc for syn flow: copy C:/Users/aless/Documents/NonlinearMPCwithMADS/boost/MPCwithMADS_fxd/solution1/.autopilot/db/a.g.1.bc to C:/Users/aless/Documents/NonlinearMPCwithMADS/boost/MPCwithMADS_fxd/solution1/.autopilot/db/a.o.1.bc
INFO-FLOW: Presyn 1...
Execute         transform -hls -tmp C:/Users/aless/Documents/NonlinearMPCwithMADS/boost/MPCwithMADS_fxd/solution1/.autopilot/db -interface-port-rename -function-uniquify -directive-preproc -mem2reg -dse -dce -disaggr -scalarrepl -norm-name -deadargelim -mem2reg -instcombine -dce -simplifycfg -auto-rom-infer -dce -function-uniquify -resource-proc -clib-intrinsic-prepare -dce -func-buffer -dce -pag -array-normalize -func-legal -instcombine -gvn -constprop -dce -simplifycfg -mem2reg -globaldce -resolve-double-ptr -dce -deadargelim -dce -instcombine -ptrArgReplace -mem2reg -dce -array-seg-normalize -deadargelim -instcombine -dce -function-uniquify -directive-preproc -mem2reg -dse -dce -pointer-simplify -dce -port-alignment -dce -interface-preproc -data-pack -instcombine -dce -basicaa -aggr-aa -aggrmodref-aa -aggr-aa -gvn -gvn -basicaa -aggr-aa -aggrmodref-aa -aggr-aa -dse -adse -adce -loop-simplify -indvars -instcombine -gvn -loop-simplify -mem2reg -dce -find-region -instcombine -auto-loop-pipeline -inst-simplify -interface-preproc -cfgopt -instcombine -indvars -auto-loop-unroll -loop-simplify -loop-bound -xunroll -constprop -instcombine -simplifycfg -indvars -simplifycfg -dce -globaldce -clean-region -attach-range -gvn -inst-simplify -constprop -simplifycfg -dce -pointer-simplify -dce -globalopt -constprop -dce -array-promote -constprop -dce -ptrArgReplace -mem2reg -simplifycfg -dce -instcombine -dce -array-transform-check -array-reshape -instcombine -simplifycfg -dce -ptrArgReplace -deadargelim -mem2reg -instcombine -simplifycfg -dce -indvars -loop-simplify -loop-bound -xunroll -constprop -instcombine -simplifycfg -indvars -simplifycfg -dce -globaldce -basicaa -aggr-aa -aggrmodref-aa -aggr-aa -dse -duplicate-dataflow-processes -globaldce -instcombine -array-partition -instcombine -simplifycfg -dce -ptrArgReplace -global-constprop -deadargelim -mem2reg -func-legal -dce -global-constprop -deadargelim -mem2reg -simplifycfg -dce -merge-param -deadargelim -globalopt -constprop -dce -array-promote -constprop -dce -ptrArgReplace -mem2reg -simplifycfg -dce -mem-intrinsic-preproc -dce -global-internalize -global-privatize -mem2reg -globaldce -promote-global-argument -ptrArgReplace -mem2reg -dce -globalopt -mergereturn -simplify-global-access -mem2reg -dce -pointer-simplify -dce -functionattrs -basicaa -aggr-aa -aggrmodref-aa -aggr-aa -gvn -gvn -basicaa -aggr-aa -aggrmodref-aa -aggr-aa -dse -adse -adce -dce -norm-name -basicaa -aggr-aa -aggrmodref-aa -aggr-aa -accesses-merge -function-inline -complex-op-raise -inst-simplify -globaldce -func-inst -constprop -instcombine -simplifycfg -dce -func-legal -dce -loop-bound -arraycheck -bitwidthmin2 -bitwidthmin2 -on-by-dataflow -loop-delete -instcombine -simplifycfg -globaldce -dce -gvn -deadargelim -dce -loop-simplify -clean-region -simplifycfg -propagate-stable-arguments -loop-stream -instcombine -simplifycfg -dce -globaldce -duplicate-dataflow-processes -stream-intrinsic-preproc -dce -check-ap-stream -loop-simplify -eliminate-keepreads -extract-dataflow-in-loop -loop-simplify -dce -gvn -deadargelim -dse -check-dataflow-syntax -legalize-stream-variable -legalize-global -extract-subproc -dce -dead-channel-elimination -canonicalize-gep -globaldce -dce -gvn -hls-dead-arg-elim -deadargelim -directive-preproc -annotate-dataflow-channels -scalar-propagation -deadargelim -globaldce -mem2reg -check-dataflow-channels -function-stream -dce -globaldce -prop-fifo-spec -internal-stream-gen -canonicalize-gep -globaldce -dce -gvn -deadargelim -mergereturn -indvars -loop-simplify -instcombine -array-stream -array-seg-normalize -array-partition -func-legal -instcombine -simplifycfg -dce -bundle-memfifo-ops -deadargelim -function-uniquify -directive-preproc -mem2reg -dse -dce -group-axi-access -licm -simplifycfg -dce -loop-delete -norm-name C:/Users/aless/Documents/NonlinearMPCwithMADS/boost/MPCwithMADS_fxd/solution1/.autopilot/db/a.o.1.bc -o C:/Users/aless/Documents/NonlinearMPCwithMADS/boost/MPCwithMADS_fxd/solution1/.autopilot/db/a.o.1.tmp.bc -f 
INFO: [XFORM 203-510] Pipelining loop 'VITIS_LOOP_21_1' (MPCwithMADS_fxd/MPCwithMADS.cpp:21) in function 'MPCwithMADS' automatically.
INFO: [XFORM 203-510] Pipelining loop 'VITIS_LOOP_26_2' (MPCwithMADS_fxd/MPCwithMADS.cpp:26) in function 'MPCwithMADS' automatically.
INFO: [XFORM 203-510] Pipelining loop 'VITIS_LOOP_37_4' (MPCwithMADS_fxd/MPCwithMADS.cpp:37) in function 'MPCwithMADS' automatically.
INFO: [XFORM 203-510] Pipelining loop 'VITIS_LOOP_17_1' (MPCwithMADS_fxd/MADS.cpp:17) in function 'MPCwithMADS' automatically.
INFO: [XFORM 203-510] Pipelining loop 'VITIS_LOOP_28_3' (MPCwithMADS_fxd/MADS.cpp:28) in function 'MPCwithMADS' automatically.
INFO: [XFORM 203-502] Unrolling all loops for pipelining in function 'costFunction' (MPCwithMADS_fxd/costFunction.cpp:4:44).
WARNING: [XFORM 203-505] Ignored pipeline directive for loop 'VITIS_LOOP_113_2' (MPCwithMADS_fxd/costFunction.cpp:7) because its parent loop or function is pipelined.
WARNING: [XFORM 203-503] Ignored partial unroll directive for loop 'VITIS_LOOP_113_2' (MPCwithMADS_fxd/costFunction.cpp:7) because its parent loop or function is pipelined.
INFO: [HLS 200-489] Unrolling loop 'VITIS_LOOP_113_2' (MPCwithMADS_fxd/costFunction.cpp:7) in function 'costFunction' completely with a factor of 2.
INFO: [HLS 200-489] Unrolling loop 'VITIS_LOOP_210_4' (MPCwithMADS_fxd/costFunction.cpp:210) in function 'costFunction' completely with a factor of 2.
INFO: [XFORM 203-102] Partitioning array 'dList.V' (MPCwithMADS_fxd/costFunction.cpp:71) automatically.
INFO: [XFORM 203-102] Partitioning array 'ref_int.V' (MPCwithMADS_fxd/MPCwithMADS.cpp:12) automatically.
INFO: [XFORM 203-102] Automatically partitioning small array 'startingPoint.V' completely based on array size.
INFO: [XFORM 203-102] Automatically partitioning small array 'optimum.V' completely based on array size.
INFO: [XFORM 203-102] Automatically partitioning small array 'D.V' completely based on array size.
INFO: [XFORM 203-102] Automatically partitioning small array 'frameIdx.V' (MPCwithMADS_fxd/MADS.cpp:6) completely based on array size.
INFO: [XFORM 203-102] Automatically partitioning small array 'meshIdx.V' (MPCwithMADS_fxd/MADS.cpp:9) completely based on array size.
INFO: [XFORM 203-102] Automatically partitioning small array 'initialCost.V' (MPCwithMADS_fxd/MADS.cpp:15) completely based on array size.
INFO: [XFORM 203-102] Automatically partitioning small array 'x_int.V' (MPCwithMADS_fxd/MPCwithMADS.cpp:10) completely based on array size.
INFO: [XFORM 203-102] Automatically partitioning small array 'par_int.V' (MPCwithMADS_fxd/MPCwithMADS.cpp:11) completely based on array size.
INFO: [XFORM 203-102] Automatically partitioning small array 'v.V' (MPCwithMADS_fxd/pseudoRand.cpp:6) completely based on array size.
INFO: [XFORM 203-102] Automatically partitioning small array 'currentPoint_int.V' (MPCwithMADS_fxd/generatePollMatrix.cpp:7) completely based on array size.
INFO: [XFORM 203-102] Automatically partitioning small array 'mesh.V' (MPCwithMADS_fxd/generatePollMatrix.cpp:10) completely based on array size.
INFO: [XFORM 203-102] Automatically partitioning small array 'randomVector.V' (MPCwithMADS_fxd/generatePollMatrix.cpp:16) completely based on array size.
INFO: [XFORM 203-102] Automatically partitioning small array 'H.V' (MPCwithMADS_fxd/generatePollDirections.cpp:7) completely based on array size.
INFO: [XFORM 203-102] Automatically partitioning small array 'B.V' (MPCwithMADS_fxd/generatePollDirections.cpp:13) completely based on array size.
INFO: [XFORM 203-102] Automatically partitioning small array 'mesh.V' (MPCwithMADS_fxd/generatePollDirections.cpp:16) completely based on array size.
INFO: [XFORM 203-101] Partitioning array 'testPoint.V' (MPCwithMADS_fxd/progressiveBarrierPolling.cpp:10) in dimension 1 completely.
INFO: [XFORM 203-101] Partitioning array 'costTest.V' (MPCwithMADS_fxd/progressiveBarrierPolling.cpp:14) in dimension 1 completely.
INFO: [XFORM 203-101] Partitioning array 'startingPoint.V' in dimension 1 completely.
INFO: [XFORM 203-101] Partitioning array 'optimum.V' in dimension 1 completely.
INFO: [XFORM 203-101] Partitioning array 'D.V' in dimension 1 completely.
INFO: [XFORM 203-101] Partitioning array 'frameIdx.V' (MPCwithMADS_fxd/MADS.cpp:6) in dimension 1 completely.
INFO: [XFORM 203-101] Partitioning array 'meshIdx.V' (MPCwithMADS_fxd/MADS.cpp:9) in dimension 1 completely.
INFO: [XFORM 203-101] Partitioning array 'initialCost.V' (MPCwithMADS_fxd/MADS.cpp:15) in dimension 1 completely.
INFO: [XFORM 203-101] Partitioning array 'x_int.V' (MPCwithMADS_fxd/MPCwithMADS.cpp:10) in dimension 1 completely.
INFO: [XFORM 203-101] Partitioning array 'par_int.V' (MPCwithMADS_fxd/MPCwithMADS.cpp:11) in dimension 1 completely.
INFO: [XFORM 203-101] Partitioning array 'v.V' (MPCwithMADS_fxd/pseudoRand.cpp:6) in dimension 1 completely.
INFO: [XFORM 203-101] Partitioning array 'currentPoint_int.V' (MPCwithMADS_fxd/generatePollMatrix.cpp:7) in dimension 1 completely.
INFO: [XFORM 203-101] Partitioning array 'mesh.V' (MPCwithMADS_fxd/generatePollMatrix.cpp:10) in dimension 1 completely.
INFO: [XFORM 203-101] Partitioning array 'randomVector.V' (MPCwithMADS_fxd/generatePollMatrix.cpp:16) in dimension 1 completely.
INFO: [XFORM 203-101] Partitioning array 'H.V' (MPCwithMADS_fxd/generatePollDirections.cpp:7) in dimension 1 completely.
INFO: [XFORM 203-101] Partitioning array 'B.V' (MPCwithMADS_fxd/generatePollDirections.cpp:13) in dimension 1 completely.
INFO: [XFORM 203-101] Partitioning array 'mesh.V' (MPCwithMADS_fxd/generatePollDirections.cpp:16) in dimension 1 completely.
INFO: [XFORM 203-101] Partitioning array 'H.V' (MPCwithMADS_fxd/generatePollDirections.cpp:7) in dimension 2 completely.
INFO: [XFORM 203-101] Partitioning array 'B.V' (MPCwithMADS_fxd/generatePollDirections.cpp:13) in dimension 2 completely.
Command         transform done; 2.876 sec.
INFO-FLOW: Presyn 2...
Execute         transform -hls -keep-callgraph -scalarrepl -mem2reg -port-alignment -attach-range -dce -pipe-mux-gen -indvars -loop-bound -inst-simplify -instcombine -dce -merge-array-access -mem2reg -dce -clean-region -mergereturn -if-conv -instcombine -dce -constprop -basicaa -aggr-aa -aggrmodref-aa -aggr-aa -gvn -gvn -basicaa -aggr-aa -aggrmodref-aa -aggr-aa -dse -adse -adce -scalarrepl -mem2reg -global-constprop -deadargelim -deadargelim -instcombine -dce -simplifycfg -ptrArgReplace -mem2reg -function-inline -globaldce -mem2reg -instcombine -dce -expr-balance -instcombine -dce -bitwidthmin2 -bitwidthmin2 -interface-preproc -directive-preproc -inst-rectify -instcombine -dce -functionattrs -constprop -instcombine -bit-constprop -simplify-global-access -globalopt -globaldce -inst-simplify -instcombine -elimdeaddata -dce -loop-delete -simplifycfg -loop-simplify -auto-burst -barrier -norm-name C:/Users/aless/Documents/NonlinearMPCwithMADS/boost/MPCwithMADS_fxd/solution1/.autopilot/db/a.o.1.tmp.bc -o C:/Users/aless/Documents/NonlinearMPCwithMADS/boost/MPCwithMADS_fxd/solution1/.autopilot/db/a.o.2.bc -f -phase presyn 
INFO: [XFORM 203-401] Performing if-conversion on hyperblock from (MPCwithMADS_fxd/generatePollMatrix.cpp:19:28) in function 'generatePollMatrix'... converting 4 basic blocks.
INFO: [XFORM 203-401] Performing if-conversion on hyperblock from (MPCwithMADS_fxd/generatePollDirections.cpp:63:29) in function 'generatePollDirections'... converting 6 basic blocks.
INFO: [XFORM 203-401] Performing if-conversion on hyperblock from (MPCwithMADS_fxd/generatePollDirections.cpp:35:29) in function 'generatePollDirections'... converting 17 basic blocks.
INFO: [XFORM 203-401] Performing if-conversion on hyperblock from (MPCwithMADS_fxd/generatePollDirections.cpp:46:29) in function 'generatePollDirections'... converting 4 basic blocks.
INFO: [XFORM 203-401] Performing if-conversion on hyperblock from (MPCwithMADS_fxd/costFunction.cpp:4:45) to (MPCwithMADS_fxd/costFunction.cpp:220:1) in function 'costFunction'... converting 3 basic blocks.
Command         transform done; 0.786 sec.
INFO: [HLS 200-111] Finished Loop, function and other optimizations: CPU user time: 3 seconds. CPU system time: 0 seconds. Elapsed time: 3.731 seconds; current allocated memory: 240.065 MB.
Execute         get_config_compile -enable_loop_extract 
Execute         get_config_compile -disable_auto_rewind 
Execute         get_config_compile -enable_auto_rewind 
INFO-FLOW: Building ssdm...
Execute         transform -hls -function-uniquify -auto-function-inline -globaldce -ptrArgReplace -mem2reg -dce -reset-lda -loop-simplify -indvars -aggr-aa -licm -loop-dep -loop-bound -licm -loop-simplify -flattenloopnest -array-flatten -gvn -instcombine -dce -array-map -dce -func-legal -gvn -adce -instcombine -cfgopt -simplifycfg -loop-simplify -array-burst -promote-global-argument -dce -array-seg-normalize -basicaa -aggrmodref-aa -globalsmodref-aa -aggr-aa -gvn -gvn -basicaa -aggrmodref-aa -globalsmodref-aa -aggr-aa -dse -adse -adce -licm -inst-simplify -dce -globaldce -instcombine -array-stream -eliminate-keepreads -instcombine -dce -deadargelim -doublePtrSimplify -doublePtrElim -dce -doublePtrSimplify -promote-dbg-pointer -dce -scalarrepl -mem2reg -disaggr -norm-name -mem2reg -instcombine -dse -adse -adce -ptrLegalization -dce -auto-rom-infer -array-flatten -dce -instcombine -check-doubleptr -loop-rot -constprop -cfgopt -simplifycfg -loop-simplify -indvars -pointer-simplify -dce -loop-bound -loop-simplify -loop-preproc -constprop -global-constprop -gvn -mem2reg -instcombine -dce -loop-bound -loop-merge -dce -bitwidthmin2 -bitwidthmin2 -deadargelim -dce -canonicalize-dataflow -dce -scalar-propagation -deadargelim -globaldce -mem2reg -read-loop-dep -interface-preproc -directive-preproc -interface-gen -bram-byte-enable -deadargelim -inst-simplify -dce -gvn -mem2reg -instcombine -dce -adse -loop-bound -instcombine -cfgopt -simplifycfg -loop-simplify -clean-region -io-protocol -find-region -mem2reg -bitop-raise -complex-op-raise -inst-simplify -inst-rectify -instcombine -adce -deadargelim -loop-simplify -phi-opt -bitop-raise -cfgopt -simplifycfg -strip-dead-prototypes -interface-lower -bitop-lower -intrinsic-lower -auto-function-inline -basicaa -aggrmodref-aa -globalsmodref-aa -aggr-aa -inst-simplify -simplifycfg -loop-simplify -mergereturn -inst-simplify -inst-rectify -dce -load-elim -bitop-lower -float-op-raise -loop-rewind -pointer-simplify -dce -cfgopt -dce -loop-bound -loop-dep -read-loop-dep -dce -dyn-mem-reuse -dce -check-stream -norm-name -legalize -validate-dataflow -inst-clarity -bitwidth -dump-loop-dep-to-ir -check-all-ssdm -cdfg-build C:/Users/aless/Documents/NonlinearMPCwithMADS/boost/MPCwithMADS_fxd/solution1/.autopilot/db/a.o.2.bc -o C:/Users/aless/Documents/NonlinearMPCwithMADS/boost/MPCwithMADS_fxd/solution1/.autopilot/db/a.o.3.bc -f -phase build-ssdm 
WARNING: [HLS 200-960] Cannot flatten loop 'VITIS_LOOP_25_2' (MPCwithMADS_fxd/MADS.cpp:25:28) in function 'MPCwithMADS' more than one sub loop.
INFO: [HLS 200-472] Inferring partial write operation for 'pollMatrix' (MPCwithMADS_fxd/generatePollMatrix.cpp:46:21)
INFO: [HLS 200-472] Inferring partial write operation for 'directions' (MPCwithMADS_fxd/generatePollDirections.cpp:47:21)
INFO: [HLS 200-472] Inferring partial write operation for 'directions' (MPCwithMADS_fxd/generatePollDirections.cpp:48:25)
Command         transform done; 1.43 sec.
INFO: [HLS 200-111] Finished Architecture Synthesis: CPU user time: 1 seconds. CPU system time: 0 seconds. Elapsed time: 1.499 seconds; current allocated memory: 293.644 MB.
INFO-FLOW: Finish building internal data model.
Command       opt_and_import_c done; 6.764 sec.
Command     elaborate done; 186.025 sec.
Execute     autosyn -from_csynth_design=1 
INFO: [HLS 200-10] Starting hardware synthesis ...
INFO-FLOW: Synthesizing C/C++ design ...
INFO: [HLS 200-10] Synthesizing 'MPCwithMADS' ...
Execute       ap_set_top_model MPCwithMADS 
WARNING: [SYN 201-103] Legalizing function name 'round_fixed<54, 15>' to 'round_fixed_54_15_s'.
Execute       get_model_list MPCwithMADS -filter all-wo-channel -topdown 
Execute       preproc_iomode -model MPCwithMADS 
Execute       preproc_iomode -model generatePollMatrix 
Execute       preproc_iomode -model generatePollDirections 
Execute       preproc_iomode -model round_fixed<54, 15> 
Execute       preproc_iomode -model costFunction 
Execute       get_model_list MPCwithMADS -filter all-wo-channel 
INFO-FLOW: Model list for configure: costFunction {round_fixed<54, 15>} generatePollDirections generatePollMatrix MPCwithMADS
INFO-FLOW: Configuring Module : costFunction ...
Execute       set_default_model costFunction 
Execute       apply_spec_resource_limit costFunction 
INFO-FLOW: Configuring Module : round_fixed<54, 15> ...
Execute       set_default_model round_fixed<54, 15> 
Execute       apply_spec_resource_limit round_fixed<54, 15> 
INFO-FLOW: Configuring Module : generatePollDirections ...
Execute       set_default_model generatePollDirections 
Execute       apply_spec_resource_limit generatePollDirections 
INFO-FLOW: Configuring Module : generatePollMatrix ...
Execute       set_default_model generatePollMatrix 
Execute       apply_spec_resource_limit generatePollMatrix 
INFO-FLOW: Configuring Module : MPCwithMADS ...
Execute       set_default_model MPCwithMADS 
Execute       apply_spec_resource_limit MPCwithMADS 
INFO-FLOW: Model list for preprocess: costFunction {round_fixed<54, 15>} generatePollDirections generatePollMatrix MPCwithMADS
INFO-FLOW: Preprocessing Module: costFunction ...
Execute       set_default_model costFunction 
Execute       cdfg_preprocess -model costFunction 
Execute       rtl_gen_preprocess costFunction 
INFO-FLOW: Preprocessing Module: round_fixed<54, 15> ...
Execute       set_default_model round_fixed<54, 15> 
Execute       cdfg_preprocess -model round_fixed<54, 15> 
Execute       rtl_gen_preprocess round_fixed<54, 15> 
INFO-FLOW: Preprocessing Module: generatePollDirections ...
Execute       set_default_model generatePollDirections 
Execute       cdfg_preprocess -model generatePollDirections 
Execute       rtl_gen_preprocess generatePollDirections 
INFO-FLOW: Preprocessing Module: generatePollMatrix ...
Execute       set_default_model generatePollMatrix 
Execute       cdfg_preprocess -model generatePollMatrix 
Execute       rtl_gen_preprocess generatePollMatrix 
INFO-FLOW: Preprocessing Module: MPCwithMADS ...
Execute       set_default_model MPCwithMADS 
Execute       cdfg_preprocess -model MPCwithMADS 
Execute       rtl_gen_preprocess MPCwithMADS 
INFO-FLOW: Model list for synthesis: costFunction {round_fixed<54, 15>} generatePollDirections generatePollMatrix MPCwithMADS
INFO: [HLS 200-10] ----------------------------------------------------------------
INFO: [HLS 200-42] -- Implementing module 'costFunction' 
INFO: [HLS 200-10] ----------------------------------------------------------------
Execute       set_default_model costFunction 
Execute       schedule -model costFunction 
INFO: [SCHED 204-11] Starting scheduling ...
INFO: [HLS 200-486] Changing DSP48 latency (root=mul_ln1118_6) to 3 in order to utilize available DSP registers.
INFO: [HLS 200-486] Changing DSP48 latency (root=add_ln703_7) to 3 in order to utilize available DSP registers.
INFO: [HLS 200-486] Changing DSP48 latency (root=mul_ln703_3) to 3 in order to utilize available DSP registers.
INFO: [HLS 200-486] Changing DSP48 latency (root=mul_ln703_7) to 3 in order to utilize available DSP registers.
INFO: [HLS 200-486] Changing DSP48 latency (root=mul_ln1192_15) to 3 in order to utilize available DSP registers.
INFO: [HLS 200-486] Changing DSP48 latency (root=mul_ln703_6) to 3 in order to utilize available DSP registers.
INFO: [HLS 200-486] Changing DSP48 latency (root=mul_ln1192_14) to 3 in order to utilize available DSP registers.
INFO: [HLS 200-486] Changing DSP48 latency (root=mul_ln708_9) to 3 in order to utilize available DSP registers.
INFO: [HLS 200-486] Changing DSP48 latency (root=mul_ln708_8) to 3 in order to utilize available DSP registers.
INFO: [HLS 200-486] Changing DSP48 latency (root=mul_ln708_7) to 3 in order to utilize available DSP registers.
INFO: [HLS 200-486] Changing DSP48 latency (root=mul_ln1192_13) to 3 in order to utilize available DSP registers.
INFO: [HLS 200-486] Changing DSP48 latency (root=mul_ln1192_12) to 3 in order to utilize available DSP registers.
INFO: [HLS 200-486] Changing DSP48 latency (root=mul_ln1192_11) to 3 in order to utilize available DSP registers.
INFO: [HLS 200-486] Changing DSP48 latency (root=mul_ln1118_5) to 3 in order to utilize available DSP registers.
INFO: [HLS 200-486] Changing DSP48 latency (root=mul_ln1192_10) to 3 in order to utilize available DSP registers.
INFO: [HLS 200-486] Changing DSP48 latency (root=mul_ln1118_4) to 3 in order to utilize available DSP registers.
INFO: [HLS 200-486] Changing DSP48 latency (root=mul_ln708_6) to 3 in order to utilize available DSP registers.
INFO: [HLS 200-486] Changing DSP48 latency (root=mul_ln1192_9) to 3 in order to utilize available DSP registers.
INFO: [HLS 200-486] Changing DSP48 latency (root=mul_ln1192_8) to 3 in order to utilize available DSP registers.
INFO: [HLS 200-486] Changing DSP48 latency (root=mul_ln708_5) to 3 in order to utilize available DSP registers.
INFO: [HLS 200-486] Changing DSP48 latency (root=mul_ln1118_2) to 3 in order to utilize available DSP registers.
INFO: [HLS 200-486] Changing DSP48 latency (root=add_ln703_3) to 3 in order to utilize available DSP registers.
INFO: [HLS 200-486] Changing DSP48 latency (root=mul_ln703_1) to 3 in order to utilize available DSP registers.
INFO: [HLS 200-486] Changing DSP48 latency (root=mul_ln703_5) to 3 in order to utilize available DSP registers.
INFO: [HLS 200-486] Changing DSP48 latency (root=mul_ln1192_7) to 3 in order to utilize available DSP registers.
INFO: [HLS 200-486] Changing DSP48 latency (root=mul_ln703_4) to 3 in order to utilize available DSP registers.
INFO: [HLS 200-486] Changing DSP48 latency (root=mul_ln1192_6) to 3 in order to utilize available DSP registers.
INFO: [HLS 200-486] Changing DSP48 latency (root=mul_ln708_4) to 3 in order to utilize available DSP registers.
INFO: [HLS 200-486] Changing DSP48 latency (root=mul_ln708_3) to 3 in order to utilize available DSP registers.
INFO: [HLS 200-486] Changing DSP48 latency (root=mul_ln708_2) to 3 in order to utilize available DSP registers.
INFO: [HLS 200-486] Changing DSP48 latency (root=mul_ln1192_5) to 3 in order to utilize available DSP registers.
INFO: [HLS 200-486] Changing DSP48 latency (root=mul_ln1192_4) to 3 in order to utilize available DSP registers.
INFO: [HLS 200-486] Changing DSP48 latency (root=mul_ln1192_3) to 3 in order to utilize available DSP registers.
INFO: [HLS 200-486] Changing DSP48 latency (root=mul_ln1118_1) to 3 in order to utilize available DSP registers.
INFO: [HLS 200-486] Changing DSP48 latency (root=mul_ln1192_2) to 3 in order to utilize available DSP registers.
INFO: [HLS 200-486] Changing DSP48 latency (root=mul_ln1118) to 3 in order to utilize available DSP registers.
INFO: [HLS 200-486] Changing DSP48 latency (root=mul_ln708_1) to 3 in order to utilize available DSP registers.
INFO: [HLS 200-486] Changing DSP48 latency (root=mul_ln1192_1) to 3 in order to utilize available DSP registers.
INFO: [HLS 200-486] Changing DSP48 latency (root=mul_ln1192) to 3 in order to utilize available DSP registers.
INFO: [HLS 200-486] Changing DSP48 latency (root=mul_ln708) to 3 in order to utilize available DSP registers.
INFO: [HLS 200-486] Changing DSP48 latency (root=r_V_15) to 3 in order to utilize available DSP registers.
INFO: [HLS 200-486] Changing DSP48 latency (root=r_V_14) to 3 in order to utilize available DSP registers.
INFO: [HLS 200-486] Changing DSP48 latency (root=mul_ln1115_2) to 3 in order to utilize available DSP registers.
INFO: [HLS 200-486] Changing DSP48 latency (root=r_V) to 3 in order to utilize available DSP registers.
INFO: [HLS 200-486] Changing DSP48 latency (root=mul_ln1115) to 3 in order to utilize available DSP registers.
INFO: [SCHED 204-61] Pipelining function 'costFunction'.
INFO: [HLS 200-1470] Pipelining result : Target II = 1, Final II = 1, Depth = 71, function 'costFunction'
INFO: [SCHED 204-11] Finished scheduling.
Command       schedule done; 2.387 sec.
INFO: [HLS 200-111] Finished Scheduling: CPU user time: 2 seconds. CPU system time: 0 seconds. Elapsed time: 2.707 seconds; current allocated memory: 294.812 MB.
Execute       syn_report -verbosereport -o C:/Users/aless/Documents/NonlinearMPCwithMADS/boost/MPCwithMADS_fxd/solution1/.autopilot/db/costFunction.verbose.sched.rpt 
Execute         AP::get_flow_target_display_name
Execute           get_solution -flow_target 
Command       syn_report done; 0.611 sec.
Execute       db_write -o C:/Users/aless/Documents/NonlinearMPCwithMADS/boost/MPCwithMADS_fxd/solution1/.autopilot/db/costFunction.sched.adb -f 
INFO-FLOW: Finish scheduling costFunction.
Execute       set_default_model costFunction 
Execute       bind -model costFunction 
INFO: [BIND 205-100] Starting micro-architecture generation ...
INFO: [BIND 205-101] Performing variable lifetime analysis.
INFO: [BIND 205-101] Exploring resource sharing.
INFO: [BIND 205-101] Binding ...
INFO: [BIND 205-100] Finished micro-architecture generation.
Command       bind done; 0.411 sec.
INFO: [HLS 200-111] Finished Binding: CPU user time: 1 seconds. CPU system time: 0 seconds. Elapsed time: 1.159 seconds; current allocated memory: 296.152 MB.
Execute       syn_report -verbosereport -o C:/Users/aless/Documents/NonlinearMPCwithMADS/boost/MPCwithMADS_fxd/solution1/.autopilot/db/costFunction.verbose.bind.rpt 
Execute         AP::get_flow_target_display_name
Execute           get_solution -flow_target 
Command       syn_report done; 0.605 sec.
Execute       db_write -o C:/Users/aless/Documents/NonlinearMPCwithMADS/boost/MPCwithMADS_fxd/solution1/.autopilot/db/costFunction.bind.adb -f 
INFO-FLOW: Finish binding costFunction.
INFO: [HLS 200-10] ----------------------------------------------------------------
INFO: [HLS 200-42] -- Implementing module 'round_fixed_54_15_s' 
INFO: [HLS 200-10] ----------------------------------------------------------------
Execute       set_default_model round_fixed<54, 15> 
Execute       schedule -model round_fixed<54, 15> 
INFO: [SCHED 204-11] Starting scheduling ...
INFO: [SCHED 204-61] Pipelining function 'round_fixed<54, 15>'.
INFO: [HLS 200-1470] Pipelining result : Target II = 1, Final II = 1, Depth = 2, function 'round_fixed<54, 15>'
INFO: [SCHED 204-11] Finished scheduling.
Command       schedule done; 0.171 sec.
INFO: [HLS 200-111] Finished Scheduling: CPU user time: 1 seconds. CPU system time: 0 seconds. Elapsed time: 1.045 seconds; current allocated memory: 296.272 MB.
Execute       syn_report -verbosereport -o C:/Users/aless/Documents/NonlinearMPCwithMADS/boost/MPCwithMADS_fxd/solution1/.autopilot/db/round_fixed_54_15_s.verbose.sched.rpt 
Execute         AP::get_flow_target_display_name
Execute           get_solution -flow_target 
Execute       db_write -o C:/Users/aless/Documents/NonlinearMPCwithMADS/boost/MPCwithMADS_fxd/solution1/.autopilot/db/round_fixed_54_15_s.sched.adb -f 
INFO-FLOW: Finish scheduling round_fixed<54, 15>.
Execute       set_default_model round_fixed<54, 15> 
Execute       bind -model round_fixed<54, 15> 
INFO: [BIND 205-100] Starting micro-architecture generation ...
INFO: [BIND 205-101] Performing variable lifetime analysis.
INFO: [BIND 205-101] Exploring resource sharing.
INFO: [BIND 205-101] Binding ...
INFO: [BIND 205-100] Finished micro-architecture generation.
Command       bind done; 0.215 sec.
INFO: [HLS 200-111] Finished Binding: CPU user time: 0 seconds. CPU system time: 0 seconds. Elapsed time: 0.311 seconds; current allocated memory: 296.343 MB.
Execute       syn_report -verbosereport -o C:/Users/aless/Documents/NonlinearMPCwithMADS/boost/MPCwithMADS_fxd/solution1/.autopilot/db/round_fixed_54_15_s.verbose.bind.rpt 
Execute         AP::get_flow_target_display_name
Execute           get_solution -flow_target 
Execute       db_write -o C:/Users/aless/Documents/NonlinearMPCwithMADS/boost/MPCwithMADS_fxd/solution1/.autopilot/db/round_fixed_54_15_s.bind.adb -f 
INFO-FLOW: Finish binding round_fixed<54, 15>.
INFO: [HLS 200-10] ----------------------------------------------------------------
INFO: [HLS 200-42] -- Implementing module 'generatePollDirections' 
INFO: [HLS 200-10] ----------------------------------------------------------------
Execute       set_default_model generatePollDirections 
Execute       schedule -model generatePollDirections 
INFO: [SCHED 204-11] Starting scheduling ...
INFO: [HLS 200-486] Changing DSP48 latency (root=mul_ln1115) to 3 in order to utilize available DSP registers.
INFO: [SCHED 204-11] Finished scheduling.
Command       schedule done; 0.335 sec.
INFO: [HLS 200-111] Finished Scheduling: CPU user time: 1 seconds. CPU system time: 0 seconds. Elapsed time: 0.582 seconds; current allocated memory: 296.984 MB.
Execute       syn_report -verbosereport -o C:/Users/aless/Documents/NonlinearMPCwithMADS/boost/MPCwithMADS_fxd/solution1/.autopilot/db/generatePollDirections.verbose.sched.rpt 
Execute         AP::get_flow_target_display_name
Execute           get_solution -flow_target 
Command       syn_report done; 0.164 sec.
Execute       db_write -o C:/Users/aless/Documents/NonlinearMPCwithMADS/boost/MPCwithMADS_fxd/solution1/.autopilot/db/generatePollDirections.sched.adb -f 
INFO-FLOW: Finish scheduling generatePollDirections.
Execute       set_default_model generatePollDirections 
Execute       bind -model generatePollDirections 
INFO: [BIND 205-100] Starting micro-architecture generation ...
INFO: [BIND 205-101] Performing variable lifetime analysis.
INFO: [BIND 205-101] Exploring resource sharing.
INFO: [BIND 205-101] Binding ...
INFO: [BIND 205-100] Finished micro-architecture generation.
Command       bind done; 0.365 sec.
INFO: [HLS 200-111] Finished Binding: CPU user time: 0 seconds. CPU system time: 0 seconds. Elapsed time: 0.652 seconds; current allocated memory: 297.745 MB.
Execute       syn_report -verbosereport -o C:/Users/aless/Documents/NonlinearMPCwithMADS/boost/MPCwithMADS_fxd/solution1/.autopilot/db/generatePollDirections.verbose.bind.rpt 
Execute         AP::get_flow_target_display_name
Execute           get_solution -flow_target 
Command       syn_report done; 0.53 sec.
Execute       db_write -o C:/Users/aless/Documents/NonlinearMPCwithMADS/boost/MPCwithMADS_fxd/solution1/.autopilot/db/generatePollDirections.bind.adb -f 
INFO-FLOW: Finish binding generatePollDirections.
INFO: [HLS 200-10] ----------------------------------------------------------------
INFO: [HLS 200-42] -- Implementing module 'generatePollMatrix' 
INFO: [HLS 200-10] ----------------------------------------------------------------
Execute       set_default_model generatePollMatrix 
Execute       schedule -model generatePollMatrix 
INFO: [SCHED 204-11] Starting scheduling ...
INFO: [HLS 200-486] Changing DSP48 latency (root=ret_4) to 3 in order to utilize available DSP registers.
INFO: [HLS 200-486] Changing DSP48 latency (root=ret_3) to 3 in order to utilize available DSP registers.
INFO: [SCHED 204-11] Finished scheduling.
Command       schedule done; 0.269 sec.
INFO: [HLS 200-111] Finished Scheduling: CPU user time: 1 seconds. CPU system time: 0 seconds. Elapsed time: 1.05 seconds; current allocated memory: 298.024 MB.
Execute       syn_report -verbosereport -o C:/Users/aless/Documents/NonlinearMPCwithMADS/boost/MPCwithMADS_fxd/solution1/.autopilot/db/generatePollMatrix.verbose.sched.rpt 
Execute         AP::get_flow_target_display_name
Execute           get_solution -flow_target 
Execute       db_write -o C:/Users/aless/Documents/NonlinearMPCwithMADS/boost/MPCwithMADS_fxd/solution1/.autopilot/db/generatePollMatrix.sched.adb -f 
INFO-FLOW: Finish scheduling generatePollMatrix.
Execute       set_default_model generatePollMatrix 
Execute       bind -model generatePollMatrix 
INFO: [BIND 205-100] Starting micro-architecture generation ...
INFO: [BIND 205-101] Performing variable lifetime analysis.
INFO: [BIND 205-101] Exploring resource sharing.
INFO: [BIND 205-101] Binding ...
INFO: [BIND 205-100] Finished micro-architecture generation.
Command       bind done; 0.383 sec.
INFO: [HLS 200-111] Finished Binding: CPU user time: 1 seconds. CPU system time: 0 seconds. Elapsed time: 0.574 seconds; current allocated memory: 298.365 MB.
Execute       syn_report -verbosereport -o C:/Users/aless/Documents/NonlinearMPCwithMADS/boost/MPCwithMADS_fxd/solution1/.autopilot/db/generatePollMatrix.verbose.bind.rpt 
Execute         AP::get_flow_target_display_name
Execute           get_solution -flow_target 
Command       syn_report done; 0.587 sec.
Execute       db_write -o C:/Users/aless/Documents/NonlinearMPCwithMADS/boost/MPCwithMADS_fxd/solution1/.autopilot/db/generatePollMatrix.bind.adb -f 
INFO-FLOW: Finish binding generatePollMatrix.
INFO: [HLS 200-10] ----------------------------------------------------------------
INFO: [HLS 200-42] -- Implementing module 'MPCwithMADS' 
INFO: [HLS 200-10] ----------------------------------------------------------------
Execute       set_default_model MPCwithMADS 
Execute       schedule -model MPCwithMADS 
INFO: [SCHED 204-11] Starting scheduling ...
INFO: [SCHED 204-61] Pipelining loop 'VITIS_LOOP_21_1'.
INFO: [HLS 200-1470] Pipelining result : Target II = 1, Final II = 1, Depth = 1, loop 'VITIS_LOOP_21_1'
INFO: [SCHED 204-61] Pipelining loop 'VITIS_LOOP_26_2'.
INFO: [HLS 200-1470] Pipelining result : Target II = 1, Final II = 1, Depth = 1, loop 'VITIS_LOOP_26_2'
INFO: [SCHED 204-61] Pipelining loop 'VITIS_LOOP_37_4'.
INFO: [HLS 200-1470] Pipelining result : Target II = 1, Final II = 1, Depth = 1, loop 'VITIS_LOOP_37_4'
INFO: [SCHED 204-61] Pipelining loop 'VITIS_LOOP_28_3'.
INFO: [HLS 200-1470] Pipelining result : Target II = 1, Final II = 1, Depth = 1, loop 'VITIS_LOOP_28_3'
INFO: [SCHED 204-61] Pipelining loop 'VITIS_LOOP_17_1'.
INFO: [HLS 200-1470] Pipelining result : Target II = 1, Final II = 1, Depth = 75, loop 'VITIS_LOOP_17_1'
INFO: [SCHED 204-11] Finished scheduling.
Command       schedule done; 0.947 sec.
INFO: [HLS 200-111] Finished Scheduling: CPU user time: 1 seconds. CPU system time: 0 seconds. Elapsed time: 1.748 seconds; current allocated memory: 299.086 MB.
Execute       syn_report -verbosereport -o C:/Users/aless/Documents/NonlinearMPCwithMADS/boost/MPCwithMADS_fxd/solution1/.autopilot/db/MPCwithMADS.verbose.sched.rpt 
Execute         AP::get_flow_target_display_name
Execute           get_solution -flow_target 
Command       syn_report done; 0.654 sec.
Execute       db_write -o C:/Users/aless/Documents/NonlinearMPCwithMADS/boost/MPCwithMADS_fxd/solution1/.autopilot/db/MPCwithMADS.sched.adb -f 
INFO-FLOW: Finish scheduling MPCwithMADS.
Execute       set_default_model MPCwithMADS 
Execute       bind -model MPCwithMADS 
INFO: [BIND 205-100] Starting micro-architecture generation ...
INFO: [BIND 205-101] Performing variable lifetime analysis.
INFO: [BIND 205-101] Exploring resource sharing.
INFO: [BIND 205-101] Binding ...
INFO: [BIND 205-100] Finished micro-architecture generation.
Command       bind done; 1.293 sec.
INFO: [HLS 200-111] Finished Binding: CPU user time: 2 seconds. CPU system time: 1 seconds. Elapsed time: 2.068 seconds; current allocated memory: 300.275 MB.
Execute       syn_report -verbosereport -o C:/Users/aless/Documents/NonlinearMPCwithMADS/boost/MPCwithMADS_fxd/solution1/.autopilot/db/MPCwithMADS.verbose.bind.rpt 
Execute         AP::get_flow_target_display_name
Execute           get_solution -flow_target 
Command       syn_report done; 1.096 sec.
Execute       db_write -o C:/Users/aless/Documents/NonlinearMPCwithMADS/boost/MPCwithMADS_fxd/solution1/.autopilot/db/MPCwithMADS.bind.adb -f 
INFO-FLOW: Finish binding MPCwithMADS.
Execute       get_model_list MPCwithMADS -filter all-wo-channel 
INFO-FLOW: Preprocessing for RTLGen ...
Execute       rtl_gen_preprocess costFunction 
Execute       rtl_gen_preprocess round_fixed<54, 15> 
Execute       rtl_gen_preprocess generatePollDirections 
Execute       rtl_gen_preprocess generatePollMatrix 
Execute       rtl_gen_preprocess MPCwithMADS 
INFO-FLOW: Model list for RTL generation: costFunction {round_fixed<54, 15>} generatePollDirections generatePollMatrix MPCwithMADS
INFO: [HLS 200-10] ----------------------------------------------------------------
INFO: [HLS 200-10] -- Generating RTL for module 'costFunction' 
INFO: [HLS 200-10] ----------------------------------------------------------------
Execute       get_config_rtl -module_prefix 
Execute       get_config_rtl -module_auto_prefix 
Execute       get_config_rtl -module_prefix 
Execute       get_config_rtl -module_auto_prefix 
Execute       create_rtl_model costFunction -top_prefix MPCwithMADS_ -sub_prefix MPCwithMADS_ -mg_file C:/Users/aless/Documents/NonlinearMPCwithMADS/boost/MPCwithMADS_fxd/solution1/.autopilot/db/costFunction.compgen.tcl 
INFO: [RTGEN 206-104] Estimated max fanout for 'costFunction' is 9483 from HDL expression: ((1'b0 == ap_block_pp0_stage0_11001) & (1'b1 == ap_ce_reg))
INFO: [RTGEN 206-100] Generating core module 'ama_addmuladd_21s_19s_18s_32ns_32_4_0': 2 instance(s).
INFO: [RTGEN 206-100] Generating core module 'mac_muladd_16ns_18s_33s_33_4_0': 2 instance(s).
INFO: [RTGEN 206-100] Generating core module 'mac_muladd_18s_14s_34s_34_4_0': 2 instance(s).
INFO: [RTGEN 206-100] Generating core module 'mac_muladd_18s_18s_33ns_34_4_0': 4 instance(s).
INFO: [RTGEN 206-100] Generating core module 'mac_muladd_18s_18s_33s_33_4_0': 2 instance(s).
INFO: [RTGEN 206-100] Generating core module 'mac_muladd_18s_18s_34ns_34_4_0': 2 instance(s).
INFO: [RTGEN 206-100] Generating core module 'mac_muladd_18s_18s_34s_34_4_0': 4 instance(s).
INFO: [RTGEN 206-100] Generating core module 'mul_34s_15ns_44_2_0': 1 instance(s).
INFO: [RTGEN 206-100] Generating core module 'mul_36s_11ns_47_2_0': 2 instance(s).
INFO: [RTGEN 206-100] Generating core module 'mul_mul_18s_13s_31_4_0': 2 instance(s).
INFO: [RTGEN 206-100] Generating core module 'mul_mul_18s_14s_32_4_0': 1 instance(s).
INFO: [RTGEN 206-100] Generating core module 'mul_mul_18s_16ns_34_4_0': 1 instance(s).
INFO: [RTGEN 206-100] Generating core module 'mul_mul_18s_16s_34_4_0': 2 instance(s).
INFO: [RTGEN 206-100] Generating core module 'mul_mul_18s_18s_29_4_0': 1 instance(s).
INFO: [RTGEN 206-100] Generating core module 'mul_mul_18s_18s_31_4_0': 2 instance(s).
INFO: [RTGEN 206-100] Generating core module 'mul_mul_18s_18s_33_4_0': 6 instance(s).
INFO: [RTGEN 206-100] Generating core module 'mul_mul_18s_18s_34_4_0': 9 instance(s).
INFO: [RTGEN 206-100] Generating core module 'mul_mul_18s_18s_36_4_0': 3 instance(s).
INFO: [RTGEN 206-100] Generating core module 'sdiv_29ns_18s_13_33_0': 1 instance(s).
INFO: [RTGEN 206-100] Generating core module 'sdiv_42s_18s_42_46_0': 1 instance(s).
INFO: [RTGEN 206-100] Generating core module 'sdiv_47ns_18s_47_51_0': 1 instance(s).
INFO: [RTGEN 206-100] Finished creating RTL model for 'costFunction'.
Command       create_rtl_model done; 1.23 sec.
INFO: [HLS 200-111] Finished Creating RTL model: CPU user time: 2 seconds. CPU system time: 0 seconds. Elapsed time: 2.598 seconds; current allocated memory: 303.833 MB.
Execute       source C:/Users/aless/Documents/NonlinearMPCwithMADS/boost/MPCwithMADS_fxd/solution1/.autopilot/db/MPCwithMADS.rtl_wrap.cfg.tcl 
Execute       gen_rtl costFunction -style xilinx -f -lang vhdl -o C:/Users/aless/Documents/NonlinearMPCwithMADS/boost/MPCwithMADS_fxd/solution1/syn/vhdl/MPCwithMADS_costFunction 
Execute       gen_rtl costFunction -style xilinx -f -lang vlog -o C:/Users/aless/Documents/NonlinearMPCwithMADS/boost/MPCwithMADS_fxd/solution1/syn/verilog/MPCwithMADS_costFunction 
Execute       syn_report -csynth -model costFunction -o C:/Users/aless/Documents/NonlinearMPCwithMADS/boost/MPCwithMADS_fxd/solution1/syn/report/costFunction_csynth.rpt 
Execute         AP::get_flow_target_display_name
Execute           get_solution -flow_target 
Command       syn_report done; 0.241 sec.
Execute       syn_report -rtlxml -model costFunction -o C:/Users/aless/Documents/NonlinearMPCwithMADS/boost/MPCwithMADS_fxd/solution1/syn/report/costFunction_csynth.xml 
Execute         get_solution -flow_target
Execute           get_solution -flow_target 
Command       syn_report done; 0.12 sec.
Execute       syn_report -verbosereport -model costFunction -o C:/Users/aless/Documents/NonlinearMPCwithMADS/boost/MPCwithMADS_fxd/solution1/.autopilot/db/costFunction.verbose.rpt 
Execute         AP::get_flow_target_display_name
Execute           get_solution -flow_target 
Command       syn_report done; 0.741 sec.
Execute       db_write -model costFunction -f -o C:/Users/aless/Documents/NonlinearMPCwithMADS/boost/MPCwithMADS_fxd/solution1/.autopilot/db/costFunction.adb 
Command       db_write done; 0.211 sec.
Execute       gen_tb_info costFunction -p C:/Users/aless/Documents/NonlinearMPCwithMADS/boost/MPCwithMADS_fxd/solution1/.autopilot/db -o C:/Users/aless/Documents/NonlinearMPCwithMADS/boost/MPCwithMADS_fxd/solution1/.autopilot/db/costFunction 
INFO: [HLS 200-10] ----------------------------------------------------------------
INFO: [HLS 200-10] -- Generating RTL for module 'round_fixed_54_15_s' 
INFO: [HLS 200-10] ----------------------------------------------------------------
Execute       get_config_rtl -module_prefix 
Execute       get_config_rtl -module_auto_prefix 
Execute       get_config_rtl -module_prefix 
Execute       get_config_rtl -module_auto_prefix 
Execute       create_rtl_model round_fixed<54, 15> -top_prefix MPCwithMADS_ -sub_prefix MPCwithMADS_ -mg_file C:/Users/aless/Documents/NonlinearMPCwithMADS/boost/MPCwithMADS_fxd/solution1/.autopilot/db/round_fixed_54_15_s.compgen.tcl 
INFO: [RTGEN 206-100] Finished creating RTL model for 'round_fixed_54_15_s'.
INFO: [HLS 200-111] Finished Creating RTL model: CPU user time: 2 seconds. CPU system time: 0 seconds. Elapsed time: 2.197 seconds; current allocated memory: 307.464 MB.
Execute       source C:/Users/aless/Documents/NonlinearMPCwithMADS/boost/MPCwithMADS_fxd/solution1/.autopilot/db/MPCwithMADS.rtl_wrap.cfg.tcl 
Execute       gen_rtl round_fixed<54, 15> -style xilinx -f -lang vhdl -o C:/Users/aless/Documents/NonlinearMPCwithMADS/boost/MPCwithMADS_fxd/solution1/syn/vhdl/MPCwithMADS_round_fixed_54_15_s 
Execute       gen_rtl round_fixed<54, 15> -style xilinx -f -lang vlog -o C:/Users/aless/Documents/NonlinearMPCwithMADS/boost/MPCwithMADS_fxd/solution1/syn/verilog/MPCwithMADS_round_fixed_54_15_s 
Execute       syn_report -csynth -model round_fixed<54, 15> -o C:/Users/aless/Documents/NonlinearMPCwithMADS/boost/MPCwithMADS_fxd/solution1/syn/report/round_fixed_54_15_s_csynth.rpt 
Execute         AP::get_flow_target_display_name
Execute           get_solution -flow_target 
Execute       syn_report -rtlxml -model round_fixed<54, 15> -o C:/Users/aless/Documents/NonlinearMPCwithMADS/boost/MPCwithMADS_fxd/solution1/syn/report/round_fixed_54_15_s_csynth.xml 
Execute         get_solution -flow_target
Execute           get_solution -flow_target 
Execute       syn_report -verbosereport -model round_fixed<54, 15> -o C:/Users/aless/Documents/NonlinearMPCwithMADS/boost/MPCwithMADS_fxd/solution1/.autopilot/db/round_fixed_54_15_s.verbose.rpt 
Execute         AP::get_flow_target_display_name
Execute           get_solution -flow_target 
Execute       db_write -model round_fixed<54, 15> -f -o C:/Users/aless/Documents/NonlinearMPCwithMADS/boost/MPCwithMADS_fxd/solution1/.autopilot/db/round_fixed_54_15_s.adb 
Execute       gen_tb_info round_fixed<54, 15> -p C:/Users/aless/Documents/NonlinearMPCwithMADS/boost/MPCwithMADS_fxd/solution1/.autopilot/db -o C:/Users/aless/Documents/NonlinearMPCwithMADS/boost/MPCwithMADS_fxd/solution1/.autopilot/db/round_fixed_54_15_s 
INFO: [HLS 200-10] ----------------------------------------------------------------
INFO: [HLS 200-10] -- Generating RTL for module 'generatePollDirections' 
INFO: [HLS 200-10] ----------------------------------------------------------------
Execute       get_config_rtl -module_prefix 
Execute       get_config_rtl -module_auto_prefix 
Execute       get_config_rtl -module_prefix 
Execute       get_config_rtl -module_auto_prefix 
Execute       create_rtl_model generatePollDirections -top_prefix MPCwithMADS_ -sub_prefix MPCwithMADS_ -mg_file C:/Users/aless/Documents/NonlinearMPCwithMADS/boost/MPCwithMADS_fxd/solution1/.autopilot/db/generatePollDirections.compgen.tcl 
INFO: [RTGEN 206-100] Generating core module 'mul_36ns_16s_51_2_1': 1 instance(s).
INFO: [RTGEN 206-100] Generating core module 'mul_mul_20s_18s_33_4_1': 1 instance(s).
INFO: [RTGEN 206-100] Finished creating RTL model for 'generatePollDirections'.
Command       create_rtl_model done; 0.193 sec.
INFO: [HLS 200-111] Finished Creating RTL model: CPU user time: 0 seconds. CPU system time: 0 seconds. Elapsed time: 0.529 seconds; current allocated memory: 309.022 MB.
Execute       source C:/Users/aless/Documents/NonlinearMPCwithMADS/boost/MPCwithMADS_fxd/solution1/.autopilot/db/MPCwithMADS.rtl_wrap.cfg.tcl 
Execute       gen_rtl generatePollDirections -style xilinx -f -lang vhdl -o C:/Users/aless/Documents/NonlinearMPCwithMADS/boost/MPCwithMADS_fxd/solution1/syn/vhdl/MPCwithMADS_generatePollDirections 
Execute       gen_rtl generatePollDirections -style xilinx -f -lang vlog -o C:/Users/aless/Documents/NonlinearMPCwithMADS/boost/MPCwithMADS_fxd/solution1/syn/verilog/MPCwithMADS_generatePollDirections 
Execute       syn_report -csynth -model generatePollDirections -o C:/Users/aless/Documents/NonlinearMPCwithMADS/boost/MPCwithMADS_fxd/solution1/syn/report/generatePollDirections_csynth.rpt 
Execute         AP::get_flow_target_display_name
Execute           get_solution -flow_target 
Command       syn_report done; 0.287 sec.
Execute       syn_report -rtlxml -model generatePollDirections -o C:/Users/aless/Documents/NonlinearMPCwithMADS/boost/MPCwithMADS_fxd/solution1/syn/report/generatePollDirections_csynth.xml 
Execute         get_solution -flow_target
Execute           get_solution -flow_target 
Command       syn_report done; 0.15 sec.
Execute       syn_report -verbosereport -model generatePollDirections -o C:/Users/aless/Documents/NonlinearMPCwithMADS/boost/MPCwithMADS_fxd/solution1/.autopilot/db/generatePollDirections.verbose.rpt 
Execute         AP::get_flow_target_display_name
Execute           get_solution -flow_target 
Command       syn_report done; 0.689 sec.
Execute       db_write -model generatePollDirections -f -o C:/Users/aless/Documents/NonlinearMPCwithMADS/boost/MPCwithMADS_fxd/solution1/.autopilot/db/generatePollDirections.adb 
Command       db_write done; 0.22 sec.
Execute       gen_tb_info generatePollDirections -p C:/Users/aless/Documents/NonlinearMPCwithMADS/boost/MPCwithMADS_fxd/solution1/.autopilot/db -o C:/Users/aless/Documents/NonlinearMPCwithMADS/boost/MPCwithMADS_fxd/solution1/.autopilot/db/generatePollDirections 
INFO: [HLS 200-10] ----------------------------------------------------------------
INFO: [HLS 200-10] -- Generating RTL for module 'generatePollMatrix' 
INFO: [HLS 200-10] ----------------------------------------------------------------
Execute       get_config_rtl -module_prefix 
Execute       get_config_rtl -module_auto_prefix 
Execute       get_config_rtl -module_prefix 
Execute       get_config_rtl -module_auto_prefix 
Execute       create_rtl_model generatePollMatrix -top_prefix MPCwithMADS_ -sub_prefix MPCwithMADS_ -mg_file C:/Users/aless/Documents/NonlinearMPCwithMADS/boost/MPCwithMADS_fxd/solution1/.autopilot/db/generatePollMatrix.compgen.tcl 
WARNING: [RTGEN 206-101] Register 'R1_V' is power-on initialization.
WARNING: [RTGEN 206-101] Register 'R2_V' is power-on initialization.
INFO: [RTGEN 206-100] Generating core module 'mul_26s_12s_26_1_1': 1 instance(s).
INFO: [RTGEN 206-100] Generating core module 'mul_mul_20s_6ns_20_4_1': 2 instance(s).
INFO: [RTGEN 206-100] Finished creating RTL model for 'generatePollMatrix'.
Command       create_rtl_model done; 0.235 sec.
INFO: [HLS 200-111] Finished Creating RTL model: CPU user time: 2 seconds. CPU system time: 1 seconds. Elapsed time: 2.215 seconds; current allocated memory: 312.655 MB.
Execute       source C:/Users/aless/Documents/NonlinearMPCwithMADS/boost/MPCwithMADS_fxd/solution1/.autopilot/db/MPCwithMADS.rtl_wrap.cfg.tcl 
Execute       gen_rtl generatePollMatrix -style xilinx -f -lang vhdl -o C:/Users/aless/Documents/NonlinearMPCwithMADS/boost/MPCwithMADS_fxd/solution1/syn/vhdl/MPCwithMADS_generatePollMatrix 
Execute       gen_rtl generatePollMatrix -style xilinx -f -lang vlog -o C:/Users/aless/Documents/NonlinearMPCwithMADS/boost/MPCwithMADS_fxd/solution1/syn/verilog/MPCwithMADS_generatePollMatrix 
Execute       syn_report -csynth -model generatePollMatrix -o C:/Users/aless/Documents/NonlinearMPCwithMADS/boost/MPCwithMADS_fxd/solution1/syn/report/generatePollMatrix_csynth.rpt 
Execute         AP::get_flow_target_display_name
Execute           get_solution -flow_target 
Execute       syn_report -rtlxml -model generatePollMatrix -o C:/Users/aless/Documents/NonlinearMPCwithMADS/boost/MPCwithMADS_fxd/solution1/syn/report/generatePollMatrix_csynth.xml 
Execute         get_solution -flow_target
Execute           get_solution -flow_target 
Execute       syn_report -verbosereport -model generatePollMatrix -o C:/Users/aless/Documents/NonlinearMPCwithMADS/boost/MPCwithMADS_fxd/solution1/.autopilot/db/generatePollMatrix.verbose.rpt 
Execute         AP::get_flow_target_display_name
Execute           get_solution -flow_target 
Command       syn_report done; 0.636 sec.
Execute       db_write -model generatePollMatrix -f -o C:/Users/aless/Documents/NonlinearMPCwithMADS/boost/MPCwithMADS_fxd/solution1/.autopilot/db/generatePollMatrix.adb 
Execute       gen_tb_info generatePollMatrix -p C:/Users/aless/Documents/NonlinearMPCwithMADS/boost/MPCwithMADS_fxd/solution1/.autopilot/db -o C:/Users/aless/Documents/NonlinearMPCwithMADS/boost/MPCwithMADS_fxd/solution1/.autopilot/db/generatePollMatrix 
INFO: [HLS 200-10] ----------------------------------------------------------------
INFO: [HLS 200-10] -- Generating RTL for module 'MPCwithMADS' 
INFO: [HLS 200-10] ----------------------------------------------------------------
Execute       get_config_rtl -module_prefix 
Execute       get_config_rtl -module_prefix 
Execute       get_config_rtl -module_auto_prefix 
Execute       create_rtl_model MPCwithMADS -top_prefix  -sub_prefix MPCwithMADS_ -mg_file C:/Users/aless/Documents/NonlinearMPCwithMADS/boost/MPCwithMADS_fxd/solution1/.autopilot/db/MPCwithMADS.compgen.tcl 
INFO: [RTGEN 206-500] Setting interface mode on port 'MPCwithMADS/x_0' to 'ap_none'.
INFO: [RTGEN 206-500] Setting interface mode on port 'MPCwithMADS/x_1' to 'ap_none'.
INFO: [RTGEN 206-500] Setting interface mode on port 'MPCwithMADS/par_0' to 'ap_none'.
INFO: [RTGEN 206-500] Setting interface mode on port 'MPCwithMADS/par_1' to 'ap_none'.
INFO: [RTGEN 206-500] Setting interface mode on port 'MPCwithMADS/ref' to 'ap_none'.
INFO: [RTGEN 206-500] Setting interface mode on port 'MPCwithMADS/uOpt' to 'ap_vld'.
INFO: [RTGEN 206-500] Setting interface mode on function 'MPCwithMADS' to 'ap_ctrl_hs'.
WARNING: [RTGEN 206-101] Register 'firstCall' is power-on initialization.
WARNING: [RTGEN 206-101] Register 'optimum_V_0' is power-on initialization.
WARNING: [RTGEN 206-101] Register 'optimum_V_1' is power-on initialization.
WARNING: [RTGEN 206-101] Register 'success' is power-on initialization.
INFO: [RTGEN 206-104] Estimated max fanout for 'MPCwithMADS' is 9801 from HDL expression: ((1'b1 == ap_CS_fsm_state1) | (1'b1 == ap_CS_fsm_state82) | (1'b1 == ap_CS_fsm_state81) | (1'b1 == ap_CS_fsm_state80) | (1'b1 == ap_CS_fsm_state79) | (1'b1 == ap_CS_fsm_state6) | (1'b1 == ap_CS_fsm_state5) | (1'b1 == ap_CS_fsm_state4) | (1'b1 == ap_CS_fsm_state3) | (1'b1 == ap_CS_fsm_state2) | (1'b1 == ap_CS_fsm_state158) | ((1'b1 == ap_block_pp4_stage0_11001_ignoreCallOp377) & (1'b1 == ap_CS_fsm_pp4_stage0)))
INFO: [RTGEN 206-100] Finished creating RTL model for 'MPCwithMADS'.
Command       create_rtl_model done; 0.676 sec.
INFO: [HLS 200-111] Finished Creating RTL model: CPU user time: 2 seconds. CPU system time: 0 seconds. Elapsed time: 1.909 seconds; current allocated memory: 316.302 MB.
Execute       source C:/Users/aless/Documents/NonlinearMPCwithMADS/boost/MPCwithMADS_fxd/solution1/.autopilot/db/MPCwithMADS.rtl_wrap.cfg.tcl 
Execute       gen_rtl MPCwithMADS -istop -style xilinx -f -lang vhdl -o C:/Users/aless/Documents/NonlinearMPCwithMADS/boost/MPCwithMADS_fxd/solution1/syn/vhdl/MPCwithMADS 
Command       gen_rtl done; 0.147 sec.
Execute       gen_rtl MPCwithMADS -istop -style xilinx -f -lang vlog -o C:/Users/aless/Documents/NonlinearMPCwithMADS/boost/MPCwithMADS_fxd/solution1/syn/verilog/MPCwithMADS 
Execute       syn_report -csynth -model MPCwithMADS -o C:/Users/aless/Documents/NonlinearMPCwithMADS/boost/MPCwithMADS_fxd/solution1/syn/report/MPCwithMADS_csynth.rpt 
Execute         AP::get_flow_target_display_name
Execute           get_solution -flow_target 
Execute       syn_report -rtlxml -model MPCwithMADS -o C:/Users/aless/Documents/NonlinearMPCwithMADS/boost/MPCwithMADS_fxd/solution1/syn/report/MPCwithMADS_csynth.xml 
Execute         get_solution -flow_target
Execute           get_solution -flow_target 
Execute       syn_report -verbosereport -model MPCwithMADS -o C:/Users/aless/Documents/NonlinearMPCwithMADS/boost/MPCwithMADS_fxd/solution1/.autopilot/db/MPCwithMADS.verbose.rpt 
Execute         AP::get_flow_target_display_name
Execute           get_solution -flow_target 
Command       syn_report done; 1.132 sec.
Execute       db_write -model MPCwithMADS -f -o C:/Users/aless/Documents/NonlinearMPCwithMADS/boost/MPCwithMADS_fxd/solution1/.autopilot/db/MPCwithMADS.adb 
Command       db_write done; 0.137 sec.
Execute       gen_tb_info MPCwithMADS -p C:/Users/aless/Documents/NonlinearMPCwithMADS/boost/MPCwithMADS_fxd/solution1/.autopilot/db -o C:/Users/aless/Documents/NonlinearMPCwithMADS/boost/MPCwithMADS_fxd/solution1/.autopilot/db/MPCwithMADS 
Execute       export_constraint_db -f -tool general -o C:/Users/aless/Documents/NonlinearMPCwithMADS/boost/MPCwithMADS_fxd/solution1/.autopilot/db/MPCwithMADS.constraint.tcl 
Execute       syn_report -designview -model MPCwithMADS -o C:/Users/aless/Documents/NonlinearMPCwithMADS/boost/MPCwithMADS_fxd/solution1/.autopilot/db/MPCwithMADS.design.xml 
Command       syn_report done; 0.745 sec.
Execute       syn_report -csynthDesign -model MPCwithMADS -o C:/Users/aless/Documents/NonlinearMPCwithMADS/boost/MPCwithMADS_fxd/solution1/syn/report/csynth.rpt 
Execute         AP::get_flow_target_display_name
Execute           get_solution -flow_target 
Execute       get_config_rtl -disable_wave_debug 
Execute       syn_report -wcfg -model MPCwithMADS -o C:/Users/aless/Documents/NonlinearMPCwithMADS/boost/MPCwithMADS_fxd/solution1/.autopilot/db/MPCwithMADS_dataflow_ana.wcfg 
Execute       syn_report -protoinst -model MPCwithMADS -o C:/Users/aless/Documents/NonlinearMPCwithMADS/boost/MPCwithMADS_fxd/solution1/.autopilot/db/MPCwithMADS.protoinst 
Execute       get_config_debug -directory 
Execute       sc_get_clocks MPCwithMADS 
Execute       get_config_export -vivado_clock 
Execute       get_config_rtl -module_prefix 
Execute       get_config_rtl -module_prefix 
Execute       get_config_rtl -module_auto_prefix 
Execute       sc_get_portdomain MPCwithMADS 
INFO-FLOW: Model list for RTL component generation: costFunction {round_fixed<54, 15>} generatePollDirections generatePollMatrix MPCwithMADS
INFO-FLOW: Handling components in module [costFunction] ... 
Execute       source C:/Users/aless/Documents/NonlinearMPCwithMADS/boost/MPCwithMADS_fxd/solution1/.autopilot/db/costFunction.compgen.tcl 
INFO-FLOW: Found component MPCwithMADS_sdiv_42s_18s_42_46_0.
INFO-FLOW: Append model MPCwithMADS_sdiv_42s_18s_42_46_0
INFO-FLOW: Found component MPCwithMADS_sdiv_47ns_18s_47_51_0.
INFO-FLOW: Append model MPCwithMADS_sdiv_47ns_18s_47_51_0
INFO-FLOW: Found component MPCwithMADS_sdiv_29ns_18s_13_33_0.
INFO-FLOW: Append model MPCwithMADS_sdiv_29ns_18s_13_33_0
INFO-FLOW: Found component MPCwithMADS_mul_34s_15ns_44_2_0.
INFO-FLOW: Append model MPCwithMADS_mul_34s_15ns_44_2_0
INFO-FLOW: Found component MPCwithMADS_mul_36s_11ns_47_2_0.
INFO-FLOW: Append model MPCwithMADS_mul_36s_11ns_47_2_0
INFO-FLOW: Found component MPCwithMADS_mul_mul_18s_18s_29_4_0.
INFO-FLOW: Append model MPCwithMADS_mul_mul_18s_18s_29_4_0
INFO-FLOW: Found component MPCwithMADS_mul_mul_18s_18s_36_4_0.
INFO-FLOW: Append model MPCwithMADS_mul_mul_18s_18s_36_4_0
INFO-FLOW: Found component MPCwithMADS_mul_mul_18s_16ns_34_4_0.
INFO-FLOW: Append model MPCwithMADS_mul_mul_18s_16ns_34_4_0
INFO-FLOW: Found component MPCwithMADS_mul_mul_18s_18s_34_4_0.
INFO-FLOW: Append model MPCwithMADS_mul_mul_18s_18s_34_4_0
INFO-FLOW: Found component MPCwithMADS_mul_mul_18s_14s_32_4_0.
INFO-FLOW: Append model MPCwithMADS_mul_mul_18s_14s_32_4_0
INFO-FLOW: Found component MPCwithMADS_mac_muladd_18s_18s_33ns_34_4_0.
INFO-FLOW: Append model MPCwithMADS_mac_muladd_18s_18s_33ns_34_4_0
INFO-FLOW: Found component MPCwithMADS_mac_muladd_18s_18s_34s_34_4_0.
INFO-FLOW: Append model MPCwithMADS_mac_muladd_18s_18s_34s_34_4_0
INFO-FLOW: Found component MPCwithMADS_mul_mul_18s_13s_31_4_0.
INFO-FLOW: Append model MPCwithMADS_mul_mul_18s_13s_31_4_0
INFO-FLOW: Found component MPCwithMADS_mul_mul_18s_16s_34_4_0.
INFO-FLOW: Append model MPCwithMADS_mul_mul_18s_16s_34_4_0
INFO-FLOW: Found component MPCwithMADS_mac_muladd_18s_18s_34ns_34_4_0.
INFO-FLOW: Append model MPCwithMADS_mac_muladd_18s_18s_34ns_34_4_0
INFO-FLOW: Found component MPCwithMADS_mac_muladd_18s_14s_34s_34_4_0.
INFO-FLOW: Append model MPCwithMADS_mac_muladd_18s_14s_34s_34_4_0
INFO-FLOW: Found component MPCwithMADS_mul_mul_18s_18s_33_4_0.
INFO-FLOW: Append model MPCwithMADS_mul_mul_18s_18s_33_4_0
INFO-FLOW: Found component MPCwithMADS_mac_muladd_16ns_18s_33s_33_4_0.
INFO-FLOW: Append model MPCwithMADS_mac_muladd_16ns_18s_33s_33_4_0
INFO-FLOW: Found component MPCwithMADS_mac_muladd_18s_18s_33s_33_4_0.
INFO-FLOW: Append model MPCwithMADS_mac_muladd_18s_18s_33s_33_4_0
INFO-FLOW: Found component MPCwithMADS_mul_mul_18s_18s_31_4_0.
INFO-FLOW: Append model MPCwithMADS_mul_mul_18s_18s_31_4_0
INFO-FLOW: Found component MPCwithMADS_ama_addmuladd_21s_19s_18s_32ns_32_4_0.
INFO-FLOW: Append model MPCwithMADS_ama_addmuladd_21s_19s_18s_32ns_32_4_0
INFO-FLOW: Handling components in module [round_fixed_54_15_s] ... 
Execute       source C:/Users/aless/Documents/NonlinearMPCwithMADS/boost/MPCwithMADS_fxd/solution1/.autopilot/db/round_fixed_54_15_s.compgen.tcl 
INFO-FLOW: Handling components in module [generatePollDirections] ... 
Execute       source C:/Users/aless/Documents/NonlinearMPCwithMADS/boost/MPCwithMADS_fxd/solution1/.autopilot/db/generatePollDirections.compgen.tcl 
INFO-FLOW: Found component MPCwithMADS_mul_36ns_16s_51_2_1.
INFO-FLOW: Append model MPCwithMADS_mul_36ns_16s_51_2_1
INFO-FLOW: Found component MPCwithMADS_mul_mul_20s_18s_33_4_1.
INFO-FLOW: Append model MPCwithMADS_mul_mul_20s_18s_33_4_1
INFO-FLOW: Handling components in module [generatePollMatrix] ... 
Execute       source C:/Users/aless/Documents/NonlinearMPCwithMADS/boost/MPCwithMADS_fxd/solution1/.autopilot/db/generatePollMatrix.compgen.tcl 
INFO-FLOW: Found component MPCwithMADS_mul_26s_12s_26_1_1.
INFO-FLOW: Append model MPCwithMADS_mul_26s_12s_26_1_1
INFO-FLOW: Found component MPCwithMADS_mul_mul_20s_6ns_20_4_1.
INFO-FLOW: Append model MPCwithMADS_mul_mul_20s_6ns_20_4_1
INFO-FLOW: Found component MPCwithMADS_generatePollMatrix_directions.
INFO-FLOW: Append model MPCwithMADS_generatePollMatrix_directions
INFO-FLOW: Handling components in module [MPCwithMADS] ... 
Execute       source C:/Users/aless/Documents/NonlinearMPCwithMADS/boost/MPCwithMADS_fxd/solution1/.autopilot/db/MPCwithMADS.compgen.tcl 
INFO-FLOW: Found component MPCwithMADS_pollMatrix_i.
INFO-FLOW: Append model MPCwithMADS_pollMatrix_i
INFO-FLOW: Append model costFunction
INFO-FLOW: Append model round_fixed_54_15_s
INFO-FLOW: Append model generatePollDirections
INFO-FLOW: Append model generatePollMatrix
INFO-FLOW: Append model MPCwithMADS
INFO-FLOW: Generating RTL model list ...
INFO-FLOW: All models in this session: MPCwithMADS_sdiv_42s_18s_42_46_0 MPCwithMADS_sdiv_47ns_18s_47_51_0 MPCwithMADS_sdiv_29ns_18s_13_33_0 MPCwithMADS_mul_34s_15ns_44_2_0 MPCwithMADS_mul_36s_11ns_47_2_0 MPCwithMADS_mul_mul_18s_18s_29_4_0 MPCwithMADS_mul_mul_18s_18s_36_4_0 MPCwithMADS_mul_mul_18s_16ns_34_4_0 MPCwithMADS_mul_mul_18s_18s_34_4_0 MPCwithMADS_mul_mul_18s_14s_32_4_0 MPCwithMADS_mac_muladd_18s_18s_33ns_34_4_0 MPCwithMADS_mac_muladd_18s_18s_34s_34_4_0 MPCwithMADS_mul_mul_18s_13s_31_4_0 MPCwithMADS_mul_mul_18s_16s_34_4_0 MPCwithMADS_mac_muladd_18s_18s_34ns_34_4_0 MPCwithMADS_mac_muladd_18s_14s_34s_34_4_0 MPCwithMADS_mul_mul_18s_18s_33_4_0 MPCwithMADS_mac_muladd_16ns_18s_33s_33_4_0 MPCwithMADS_mac_muladd_18s_18s_33s_33_4_0 MPCwithMADS_mul_mul_18s_18s_31_4_0 MPCwithMADS_ama_addmuladd_21s_19s_18s_32ns_32_4_0 MPCwithMADS_mul_36ns_16s_51_2_1 MPCwithMADS_mul_mul_20s_18s_33_4_1 MPCwithMADS_mul_26s_12s_26_1_1 MPCwithMADS_mul_mul_20s_6ns_20_4_1 MPCwithMADS_generatePollMatrix_directions MPCwithMADS_pollMatrix_i costFunction round_fixed_54_15_s generatePollDirections generatePollMatrix MPCwithMADS
INFO-FLOW: To file: write model MPCwithMADS_sdiv_42s_18s_42_46_0
INFO-FLOW: To file: write model MPCwithMADS_sdiv_47ns_18s_47_51_0
INFO-FLOW: To file: write model MPCwithMADS_sdiv_29ns_18s_13_33_0
INFO-FLOW: To file: write model MPCwithMADS_mul_34s_15ns_44_2_0
INFO-FLOW: To file: write model MPCwithMADS_mul_36s_11ns_47_2_0
INFO-FLOW: To file: write model MPCwithMADS_mul_mul_18s_18s_29_4_0
INFO-FLOW: To file: write model MPCwithMADS_mul_mul_18s_18s_36_4_0
INFO-FLOW: To file: write model MPCwithMADS_mul_mul_18s_16ns_34_4_0
INFO-FLOW: To file: write model MPCwithMADS_mul_mul_18s_18s_34_4_0
INFO-FLOW: To file: write model MPCwithMADS_mul_mul_18s_14s_32_4_0
INFO-FLOW: To file: write model MPCwithMADS_mac_muladd_18s_18s_33ns_34_4_0
INFO-FLOW: To file: write model MPCwithMADS_mac_muladd_18s_18s_34s_34_4_0
INFO-FLOW: To file: write model MPCwithMADS_mul_mul_18s_13s_31_4_0
INFO-FLOW: To file: write model MPCwithMADS_mul_mul_18s_16s_34_4_0
INFO-FLOW: To file: write model MPCwithMADS_mac_muladd_18s_18s_34ns_34_4_0
INFO-FLOW: To file: write model MPCwithMADS_mac_muladd_18s_14s_34s_34_4_0
INFO-FLOW: To file: write model MPCwithMADS_mul_mul_18s_18s_33_4_0
INFO-FLOW: To file: write model MPCwithMADS_mac_muladd_16ns_18s_33s_33_4_0
INFO-FLOW: To file: write model MPCwithMADS_mac_muladd_18s_18s_33s_33_4_0
INFO-FLOW: To file: write model MPCwithMADS_mul_mul_18s_18s_31_4_0
INFO-FLOW: To file: write model MPCwithMADS_ama_addmuladd_21s_19s_18s_32ns_32_4_0
INFO-FLOW: To file: write model MPCwithMADS_mul_36ns_16s_51_2_1
INFO-FLOW: To file: write model MPCwithMADS_mul_mul_20s_18s_33_4_1
INFO-FLOW: To file: write model MPCwithMADS_mul_26s_12s_26_1_1
INFO-FLOW: To file: write model MPCwithMADS_mul_mul_20s_6ns_20_4_1
INFO-FLOW: To file: write model MPCwithMADS_generatePollMatrix_directions
INFO-FLOW: To file: write model MPCwithMADS_pollMatrix_i
INFO-FLOW: To file: write model costFunction
INFO-FLOW: To file: write model round_fixed_54_15_s
INFO-FLOW: To file: write model generatePollDirections
INFO-FLOW: To file: write model generatePollMatrix
INFO-FLOW: To file: write model MPCwithMADS
INFO-FLOW: Finished generating RTL model list.


INFO-FLOW: RTL Generation done.
INFO-FLOW: CAS Generation done.
INFO-FLOW: CBC Generation done.
Execute       get_top 
Execute       get_config_export -ipname 
Execute       get_config_export -xo 
Execute       get_config_export -format 
Execute       get_config_rtl -module_auto_prefix 
INFO-FLOW: DBG:CMD:   auto_impl: set ipname to top (module_auto_prefix): MPCwithMADS
INFO-FLOW: DBG:CMD: auto_generate_csynth_design
INFO-FLOW: DBG:CMD:     auto_generate --sim-model -phase csynth_design -d C:/Users/aless/Documents/NonlinearMPCwithMADS/boost/MPCwithMADS_fxd/solution1
Execute       get_solution -flow_target 
Execute       get_config_export -xo 
Execute       get_config_export -format 
Execute       source C:/Users/aless/Documents/NonlinearMPCwithMADS/boost/MPCwithMADS_fxd/solution1/.autopilot/db/global.setting.tcl 
INFO-FLOW: DBG:CMD: read_platform_lib C:/Users/aless/Documents/NonlinearMPCwithMADS/boost/MPCwithMADS_fxd/solution1/.autopilot/db/global.setting.tcl
Execute       source C:/Xilinx/Vitis_HLS/2020.2/common/technology/generic/autopilot/common.gen 
Execute         source C:/Xilinx/Vitis_HLS/2020.2/common/technology/generic/autopilot/APCoreGen.gen 
Execute       source C:/Xilinx/Vitis_HLS/2020.2/common/technology/generic/autopilot/op.gen 
Execute       source C:/Xilinx/Vitis_HLS/2020.2/common/technology/generic/autopilot/op_simcore.gen 
Execute       source C:/Xilinx/Vitis_HLS/2020.2/common/technology/generic/autopilot/interface.gen 
Execute       source C:/Users/aless/Documents/NonlinearMPCwithMADS/boost/MPCwithMADS_fxd/solution1/.autopilot/db/global.setting.tcl 
Execute       source C:/Xilinx/Vitis_HLS/2020.2/common/technology/xilinx/common/xilinx.gen 
Execute         source C:/Xilinx/Vitis_HLS/2020.2/common/technology/xilinx/interface/plb46.gen 
Execute         source C:/Xilinx/Vitis_HLS/2020.2/common/technology/xilinx/interface/axi4.gen 
Execute         source C:/Xilinx/Vitis_HLS/2020.2/common/technology/xilinx/interface/nativeAXI4.gen 
Execute           source C:/Xilinx/Vitis_HLS/2020.2/common/technology/xilinx/interface/saxilite.gen 
Execute           source C:/Xilinx/Vitis_HLS/2020.2/common/technology/xilinx/interface/maxi.gen 
Execute         source C:/Xilinx/Vitis_HLS/2020.2/common/technology/xilinx/scripts/xilinxcoregen.gen 
Execute         source C:/Xilinx/Vitis_HLS/2020.2/common/technology/xilinx/interface/XilEDKCoreGen.gen 
Execute         source C:/Xilinx/Vitis_HLS/2020.2/common/technology/xilinx/ip/dds_compiler.gen 
Execute         source C:/Xilinx/Vitis_HLS/2020.2/common/technology/xilinx/ip/util.gen 
Execute         source C:/Xilinx/Vitis_HLS/2020.2/common/technology/xilinx/ip/xfft.gen 
Command         ap_source done; 0.129 sec.
Execute         source C:/Xilinx/Vitis_HLS/2020.2/common/technology/xilinx/ip/xfir.gen 
Execute         source C:/Xilinx/Vitis_HLS/2020.2/common/technology/xilinx/DSP48/dsp48.gen 
Command       ap_source done; 0.192 sec.
Execute       source C:/Xilinx/Vitis_HLS/2020.2/common/technology/xilinx/common/xilinx.gen 
Execute         source C:/Xilinx/Vitis_HLS/2020.2/common/technology/xilinx/interface/plb46.gen 
Execute         source C:/Xilinx/Vitis_HLS/2020.2/common/technology/xilinx/interface/axi4.gen 
Execute         source C:/Xilinx/Vitis_HLS/2020.2/common/technology/xilinx/interface/nativeAXI4.gen 
Execute           source C:/Xilinx/Vitis_HLS/2020.2/common/technology/xilinx/interface/saxilite.gen 
Execute           source C:/Xilinx/Vitis_HLS/2020.2/common/technology/xilinx/interface/maxi.gen 
Execute         source C:/Xilinx/Vitis_HLS/2020.2/common/technology/xilinx/scripts/xilinxcoregen.gen 
Execute         source C:/Xilinx/Vitis_HLS/2020.2/common/technology/xilinx/interface/XilEDKCoreGen.gen 
Execute         source C:/Xilinx/Vitis_HLS/2020.2/common/technology/xilinx/ip/dds_compiler.gen 
Execute         source C:/Xilinx/Vitis_HLS/2020.2/common/technology/xilinx/ip/util.gen 
Execute         source C:/Xilinx/Vitis_HLS/2020.2/common/technology/xilinx/ip/xfft.gen 
Command         ap_source done; 0.124 sec.
Execute         source C:/Xilinx/Vitis_HLS/2020.2/common/technology/xilinx/ip/xfir.gen 
Execute         source C:/Xilinx/Vitis_HLS/2020.2/common/technology/xilinx/DSP48/dsp48.gen 
Command       ap_source done; 0.184 sec.
INFO-FLOW: DBG:CMD:   using AESL_AUTOCG::g_clock_period=10.000 (was NA)
INFO-FLOW: DBG:CMD:       generate_ip_cores sim=1 export=0 expOnly=0 dstVlogDir=syn/verilog
Execute       source C:/Users/aless/Documents/NonlinearMPCwithMADS/boost/MPCwithMADS_fxd/solution1/.autopilot/db/global.setting.tcl 
Execute       ap_part_info -name xc7z020-clg484-1 -data names -quiet 
Execute       ap_part_info -name xc7z020-clg484-1 -data info -quiet 
Execute       source C:/Users/aless/Documents/NonlinearMPCwithMADS/boost/MPCwithMADS_fxd/solution1/.autopilot/db/global.setting.tcl 
Execute       source C:/Users/aless/Documents/NonlinearMPCwithMADS/boost/MPCwithMADS_fxd/solution1/.autopilot/db/global.setting.tcl 
Execute       source C:/Users/aless/Documents/NonlinearMPCwithMADS/boost/MPCwithMADS_fxd/solution1/.autopilot/db/costFunction.compgen.tcl 
Execute         ap_part_info -name xc7z020-clg484-1 -data names -quiet 
Execute         ap_part_info -name xc7z020-clg484-1 -data info -quiet 
INFO: [RTMG 210-282] Generating pipelined core: 'MPCwithMADS_sdiv_42s_18s_42_46_0_div'
Execute         ap_part_info -name xc7z020-clg484-1 -data names -quiet 
Execute         ap_part_info -name xc7z020-clg484-1 -data info -quiet 
INFO: [RTMG 210-282] Generating pipelined core: 'MPCwithMADS_sdiv_47ns_18s_47_51_0_div'
Execute         ap_part_info -name xc7z020-clg484-1 -data names -quiet 
Execute         ap_part_info -name xc7z020-clg484-1 -data info -quiet 
INFO: [RTMG 210-282] Generating pipelined core: 'MPCwithMADS_sdiv_29ns_18s_13_33_0_div'
Execute         ap_part_info -name xc7z020-clg484-1 -data names -quiet 
Execute         ap_part_info -name xc7z020-clg484-1 -data info -quiet 
Execute         ap_part_info -name xc7z020-clg484-1 -data names -quiet 
Execute         ap_part_info -name xc7z020-clg484-1 -data info -quiet 
INFO: [RTMG 210-282] Generating pipelined core: 'MPCwithMADS_mul_34s_15ns_44_2_0_Multiplier_0'
Execute         ap_part_info -name xc7z020-clg484-1 -data names -quiet 
Execute         ap_part_info -name xc7z020-clg484-1 -data info -quiet 
Execute         ap_part_info -name xc7z020-clg484-1 -data names -quiet 
Execute         ap_part_info -name xc7z020-clg484-1 -data info -quiet 
INFO: [RTMG 210-282] Generating pipelined core: 'MPCwithMADS_mul_36s_11ns_47_2_0_Multiplier_1'
Execute         ap_part_info -name xc7z020-clg484-1 -data names -quiet 
Execute         ap_part_info -name xc7z020-clg484-1 -data info -quiet 
Execute         ap_part_info -name xc7z020-clg484-1 -data names -quiet 
Execute         ap_part_info -name xc7z020-clg484-1 -data info -quiet 
Execute         ap_part_info -name xc7z020-clg484-1 -data names -quiet 
Execute         ap_part_info -name xc7z020-clg484-1 -data info -quiet 
Execute         ap_part_info -name xc7z020-clg484-1 -data names -quiet 
Execute         ap_part_info -name xc7z020-clg484-1 -data info -quiet 
Execute         ap_part_info -name xc7z020-clg484-1 -data names -quiet 
Execute         ap_part_info -name xc7z020-clg484-1 -data info -quiet 
Execute         ap_part_info -name xc7z020-clg484-1 -data names -quiet 
Execute         ap_part_info -name xc7z020-clg484-1 -data info -quiet 
Execute         ap_part_info -name xc7z020-clg484-1 -data info 
Execute         ap_part_info -name xc7z020-clg484-1 -data names -quiet 
Execute         ap_part_info -name xc7z020-clg484-1 -data info -quiet 
Execute         ap_part_info -name xc7z020-clg484-1 -data info 
Execute         ap_part_info -name xc7z020-clg484-1 -data names -quiet 
Execute         ap_part_info -name xc7z020-clg484-1 -data info -quiet 
Execute         ap_part_info -name xc7z020-clg484-1 -data names -quiet 
Execute         ap_part_info -name xc7z020-clg484-1 -data info -quiet 
Execute         ap_part_info -name xc7z020-clg484-1 -data names -quiet 
Execute         ap_part_info -name xc7z020-clg484-1 -data info -quiet 
Execute         ap_part_info -name xc7z020-clg484-1 -data info 
Execute         ap_part_info -name xc7z020-clg484-1 -data names -quiet 
Execute         ap_part_info -name xc7z020-clg484-1 -data info -quiet 
Execute         ap_part_info -name xc7z020-clg484-1 -data info 
Execute         ap_part_info -name xc7z020-clg484-1 -data names -quiet 
Execute         ap_part_info -name xc7z020-clg484-1 -data info -quiet 
Execute         ap_part_info -name xc7z020-clg484-1 -data names -quiet 
Execute         ap_part_info -name xc7z020-clg484-1 -data info -quiet 
Execute         ap_part_info -name xc7z020-clg484-1 -data info 
Execute         ap_part_info -name xc7z020-clg484-1 -data names -quiet 
Execute         ap_part_info -name xc7z020-clg484-1 -data info -quiet 
Execute         ap_part_info -name xc7z020-clg484-1 -data info 
Execute         ap_part_info -name xc7z020-clg484-1 -data names -quiet 
Execute         ap_part_info -name xc7z020-clg484-1 -data info -quiet 
Execute         ap_part_info -name xc7z020-clg484-1 -data names -quiet 
Execute         ap_part_info -name xc7z020-clg484-1 -data info -quiet 
Execute         ap_part_info -name xc7z020-clg484-1 -data info 
Command       ap_source done; 1.148 sec.
Execute       source C:/Users/aless/Documents/NonlinearMPCwithMADS/boost/MPCwithMADS_fxd/solution1/.autopilot/db/round_fixed_54_15_s.compgen.tcl 
Execute       source C:/Users/aless/Documents/NonlinearMPCwithMADS/boost/MPCwithMADS_fxd/solution1/.autopilot/db/generatePollDirections.compgen.tcl 
Execute         ap_part_info -name xc7z020-clg484-1 -data names -quiet 
Execute         ap_part_info -name xc7z020-clg484-1 -data info -quiet 
Execute         ap_part_info -name xc7z020-clg484-1 -data names -quiet 
Execute         ap_part_info -name xc7z020-clg484-1 -data info -quiet 
INFO: [RTMG 210-282] Generating pipelined core: 'MPCwithMADS_mul_36ns_16s_51_2_1_Multiplier_2'
Execute         ap_part_info -name xc7z020-clg484-1 -data names -quiet 
Execute         ap_part_info -name xc7z020-clg484-1 -data info -quiet 
Command       ap_source done; 0.142 sec.
Execute       source C:/Users/aless/Documents/NonlinearMPCwithMADS/boost/MPCwithMADS_fxd/solution1/.autopilot/db/generatePollMatrix.compgen.tcl 
Execute         ap_part_info -name xc7z020-clg484-1 -data names -quiet 
Execute         ap_part_info -name xc7z020-clg484-1 -data info -quiet 
Execute         ap_part_info -name xc7z020-clg484-1 -data names -quiet 
Execute         ap_part_info -name xc7z020-clg484-1 -data info -quiet 
INFO: [RTMG 210-282] Generating pipelined core: 'MPCwithMADS_mul_26s_12s_26_1_1_Multiplier_3'
Execute         ap_part_info -name xc7z020-clg484-1 -data names -quiet 
Execute         ap_part_info -name xc7z020-clg484-1 -data info -quiet 
INFO: [RTMG 210-278] Implementing memory 'MPCwithMADS_generatePollMatrix_directions_ram (RAM)' using auto RAMs.
Execute         ap_part_info -name xc7z020-clg484-1 -data names -quiet 
Execute         ap_part_info -name xc7z020-clg484-1 -data info -quiet 
Command       ap_source done; 0.217 sec.
Execute       source C:/Users/aless/Documents/NonlinearMPCwithMADS/boost/MPCwithMADS_fxd/solution1/.autopilot/db/MPCwithMADS.compgen.tcl 
INFO: [RTMG 210-278] Implementing memory 'MPCwithMADS_pollMatrix_i_ram (RAM)' using auto RAMs.
Execute         ap_part_info -name xc7z020-clg484-1 -data names -quiet 
Execute         ap_part_info -name xc7z020-clg484-1 -data info -quiet 
INFO-FLOW: DBG:CMD:     auto_generate -export -impltomg_flag -rtl both -tool Vivado -pcore_version 1.00.a -phase csynth_design -d C:/Users/aless/Documents/NonlinearMPCwithMADS/boost/MPCwithMADS_fxd/solution1
Execute       get_solution -flow_target 
Execute       get_config_export -xo 
Execute       get_config_export -format 
Execute       source C:/Users/aless/Documents/NonlinearMPCwithMADS/boost/MPCwithMADS_fxd/solution1/.autopilot/db/global.setting.tcl 
INFO-FLOW: DBG:CMD: read_platform_lib C:/Users/aless/Documents/NonlinearMPCwithMADS/boost/MPCwithMADS_fxd/solution1/.autopilot/db/global.setting.tcl
Execute       source C:/Xilinx/Vitis_HLS/2020.2/common/technology/generic/autopilot/common.gen 
Execute         source C:/Xilinx/Vitis_HLS/2020.2/common/technology/generic/autopilot/APCoreGen.gen 
Execute       source C:/Xilinx/Vitis_HLS/2020.2/common/technology/generic/autopilot/op.gen 
Execute       source C:/Xilinx/Vitis_HLS/2020.2/common/technology/generic/autopilot/op_simcore.gen 
Execute       source C:/Xilinx/Vitis_HLS/2020.2/common/technology/generic/autopilot/interface.gen 
Execute       source C:/Users/aless/Documents/NonlinearMPCwithMADS/boost/MPCwithMADS_fxd/solution1/.autopilot/db/global.setting.tcl 
Execute       source C:/Xilinx/Vitis_HLS/2020.2/common/technology/xilinx/common/xilinx.gen 
Execute         source C:/Xilinx/Vitis_HLS/2020.2/common/technology/xilinx/interface/plb46.gen 
Execute         source C:/Xilinx/Vitis_HLS/2020.2/common/technology/xilinx/interface/axi4.gen 
Execute         source C:/Xilinx/Vitis_HLS/2020.2/common/technology/xilinx/interface/nativeAXI4.gen 
Execute           source C:/Xilinx/Vitis_HLS/2020.2/common/technology/xilinx/interface/saxilite.gen 
Execute           source C:/Xilinx/Vitis_HLS/2020.2/common/technology/xilinx/interface/maxi.gen 
Execute         source C:/Xilinx/Vitis_HLS/2020.2/common/technology/xilinx/scripts/xilinxcoregen.gen 
Execute         source C:/Xilinx/Vitis_HLS/2020.2/common/technology/xilinx/interface/XilEDKCoreGen.gen 
Execute         source C:/Xilinx/Vitis_HLS/2020.2/common/technology/xilinx/ip/dds_compiler.gen 
Execute         source C:/Xilinx/Vitis_HLS/2020.2/common/technology/xilinx/ip/util.gen 
Execute         source C:/Xilinx/Vitis_HLS/2020.2/common/technology/xilinx/ip/xfft.gen 
Command         ap_source done; 0.123 sec.
Execute         source C:/Xilinx/Vitis_HLS/2020.2/common/technology/xilinx/ip/xfir.gen 
Execute         source C:/Xilinx/Vitis_HLS/2020.2/common/technology/xilinx/DSP48/dsp48.gen 
Command       ap_source done; 0.184 sec.
Execute       source C:/Xilinx/Vitis_HLS/2020.2/common/technology/xilinx/common/xilinx.gen 
Execute         source C:/Xilinx/Vitis_HLS/2020.2/common/technology/xilinx/interface/plb46.gen 
Execute         source C:/Xilinx/Vitis_HLS/2020.2/common/technology/xilinx/interface/axi4.gen 
Execute         source C:/Xilinx/Vitis_HLS/2020.2/common/technology/xilinx/interface/nativeAXI4.gen 
Execute           source C:/Xilinx/Vitis_HLS/2020.2/common/technology/xilinx/interface/saxilite.gen 
Execute           source C:/Xilinx/Vitis_HLS/2020.2/common/technology/xilinx/interface/maxi.gen 
Execute         source C:/Xilinx/Vitis_HLS/2020.2/common/technology/xilinx/scripts/xilinxcoregen.gen 
Execute         source C:/Xilinx/Vitis_HLS/2020.2/common/technology/xilinx/interface/XilEDKCoreGen.gen 
Execute         source C:/Xilinx/Vitis_HLS/2020.2/common/technology/xilinx/ip/dds_compiler.gen 
Execute         source C:/Xilinx/Vitis_HLS/2020.2/common/technology/xilinx/ip/util.gen 
Execute         source C:/Xilinx/Vitis_HLS/2020.2/common/technology/xilinx/ip/xfft.gen 
Command         ap_source done; 0.124 sec.
Execute         source C:/Xilinx/Vitis_HLS/2020.2/common/technology/xilinx/ip/xfir.gen 
Execute         source C:/Xilinx/Vitis_HLS/2020.2/common/technology/xilinx/DSP48/dsp48.gen 
Command       ap_source done; 0.185 sec.
INFO-FLOW: DBG:CMD:       initCTypeInfo top_module=MPCwithMADS xml_exists=0
Execute       source C:/Users/aless/Documents/NonlinearMPCwithMADS/boost/MPCwithMADS_fxd/solution1/.autopilot/db/MPCwithMADS.rtl_wrap.cfg.tcl 
Execute       source C:/Users/aless/Documents/NonlinearMPCwithMADS/boost/MPCwithMADS_fxd/solution1/.autopilot/db/MPCwithMADS.rtl_wrap.cfg.tcl 
Execute       source C:/Users/aless/Documents/NonlinearMPCwithMADS/boost/MPCwithMADS_fxd/solution1/.autopilot/db/MPCwithMADS.rtl_wrap.cfg.tcl 
Execute       source C:/Users/aless/Documents/NonlinearMPCwithMADS/boost/MPCwithMADS_fxd/solution1/.autopilot/db/MPCwithMADS.tbgen.tcl 
Execute       source C:/Users/aless/Documents/NonlinearMPCwithMADS/boost/MPCwithMADS_fxd/solution1/.autopilot/db/MPCwithMADS.tbgen.tcl 
INFO-FLOW: DBG:CMD:       export_impl_rtl
INFO-FLOW: DBG:CMD:       generate_ip_cores sim=0 export=0 expOnly=0 dstVlogDir=impl/.verilog
Execute       source C:/Users/aless/Documents/NonlinearMPCwithMADS/boost/MPCwithMADS_fxd/solution1/.autopilot/db/global.setting.tcl 
Execute       source C:/Users/aless/Documents/NonlinearMPCwithMADS/boost/MPCwithMADS_fxd/solution1/.autopilot/db/costFunction.compgen.tcl 
Execute       source C:/Users/aless/Documents/NonlinearMPCwithMADS/boost/MPCwithMADS_fxd/solution1/.autopilot/db/round_fixed_54_15_s.compgen.tcl 
Execute       source C:/Users/aless/Documents/NonlinearMPCwithMADS/boost/MPCwithMADS_fxd/solution1/.autopilot/db/generatePollDirections.compgen.tcl 
Execute       source C:/Users/aless/Documents/NonlinearMPCwithMADS/boost/MPCwithMADS_fxd/solution1/.autopilot/db/generatePollMatrix.compgen.tcl 
Execute       source C:/Users/aless/Documents/NonlinearMPCwithMADS/boost/MPCwithMADS_fxd/solution1/.autopilot/db/MPCwithMADS.compgen.tcl 
INFO-FLOW: DBG:CMD:       generate_ip_cores sim=0 export=1 expOnly=1 dstVlogDir=impl/.pcores/verilog
Execute       source C:/Users/aless/Documents/NonlinearMPCwithMADS/boost/MPCwithMADS_fxd/solution1/.autopilot/db/global.setting.tcl 
Execute       source C:/Users/aless/Documents/NonlinearMPCwithMADS/boost/MPCwithMADS_fxd/solution1/.autopilot/db/costFunction.compgen.tcl 
Execute       source C:/Users/aless/Documents/NonlinearMPCwithMADS/boost/MPCwithMADS_fxd/solution1/.autopilot/db/round_fixed_54_15_s.compgen.tcl 
Execute       source C:/Users/aless/Documents/NonlinearMPCwithMADS/boost/MPCwithMADS_fxd/solution1/.autopilot/db/generatePollDirections.compgen.tcl 
Execute       source C:/Users/aless/Documents/NonlinearMPCwithMADS/boost/MPCwithMADS_fxd/solution1/.autopilot/db/generatePollMatrix.compgen.tcl 
Execute       source C:/Users/aless/Documents/NonlinearMPCwithMADS/boost/MPCwithMADS_fxd/solution1/.autopilot/db/MPCwithMADS.compgen.tcl 
Execute         ap_part_info -name xc7z020-clg484-1 -data names -quiet 
Execute         ap_part_info -name xc7z020-clg484-1 -data info -quiet 
Execute         ap_part_info -name xc7z020-clg484-1 -data names -quiet 
Execute         ap_part_info -name xc7z020-clg484-1 -data info -quiet 
Execute         ap_part_info -name xc7z020-clg484-1 -data names -quiet 
Execute         ap_part_info -name xc7z020-clg484-1 -data info -quiet 
Execute         ap_part_info -name xc7z020-clg484-1 -data names -quiet 
Execute         ap_part_info -name xc7z020-clg484-1 -data info -quiet 
Execute         ap_part_info -name xc7z020-clg484-1 -data names -quiet 
Execute         ap_part_info -name xc7z020-clg484-1 -data info -quiet 
Execute         ap_part_info -name xc7z020-clg484-1 -data names -quiet 
Execute         ap_part_info -name xc7z020-clg484-1 -data info -quiet 
Execute         ap_part_info -name xc7z020-clg484-1 -data names -quiet 
Execute         ap_part_info -name xc7z020-clg484-1 -data info -quiet 
Execute         ap_part_info -name xc7z020-clg484-1 -data names -quiet 
Execute         ap_part_info -name xc7z020-clg484-1 -data info -quiet 
Execute         ap_part_info -name xc7z020-clg484-1 -data names -quiet 
Execute         ap_part_info -name xc7z020-clg484-1 -data info -quiet 
Execute         ap_part_info -name xc7z020-clg484-1 -data names -quiet 
Execute         ap_part_info -name xc7z020-clg484-1 -data info -quiet 
Execute         ap_part_info -name xc7z020-clg484-1 -data names -quiet 
Execute         ap_part_info -name xc7z020-clg484-1 -data info -quiet 
Execute         ap_part_info -name xc7z020-clg484-1 -data names -quiet 
Execute         ap_part_info -name xc7z020-clg484-1 -data info -quiet 
Execute         ap_part_info -name xc7z020-clg484-1 -data names -quiet 
Execute         ap_part_info -name xc7z020-clg484-1 -data info -quiet 
Command       ap_source done; 0.152 sec.
Execute       ap_part_info -name xc7z020-clg484-1 -data names -quiet 
Execute       ap_part_info -name xc7z020-clg484-1 -data info -quiet 
INFO-FLOW: DBG:CMD:       generate_ip_cores sim=0 export=0 expOnly=0 dstVlogDir=impl/.pcores/verilog_sim
Execute       source C:/Users/aless/Documents/NonlinearMPCwithMADS/boost/MPCwithMADS_fxd/solution1/.autopilot/db/global.setting.tcl 
Execute       source C:/Users/aless/Documents/NonlinearMPCwithMADS/boost/MPCwithMADS_fxd/solution1/.autopilot/db/costFunction.compgen.tcl 
Execute       source C:/Users/aless/Documents/NonlinearMPCwithMADS/boost/MPCwithMADS_fxd/solution1/.autopilot/db/round_fixed_54_15_s.compgen.tcl 
Execute       source C:/Users/aless/Documents/NonlinearMPCwithMADS/boost/MPCwithMADS_fxd/solution1/.autopilot/db/generatePollDirections.compgen.tcl 
Execute       source C:/Users/aless/Documents/NonlinearMPCwithMADS/boost/MPCwithMADS_fxd/solution1/.autopilot/db/generatePollMatrix.compgen.tcl 
Execute       source C:/Users/aless/Documents/NonlinearMPCwithMADS/boost/MPCwithMADS_fxd/solution1/.autopilot/db/MPCwithMADS.compgen.tcl 
Execute       ap_part_info -name xc7z020-clg484-1 -data names -quiet 
Execute       ap_part_info -name xc7z020-clg484-1 -data info -quiet 
Execute       ap_part_info -name xc7z020-clg484-1 -data names -quiet 
Execute       ap_part_info -name xc7z020-clg484-1 -data info -quiet 
Execute       source C:/Users/aless/Documents/NonlinearMPCwithMADS/boost/MPCwithMADS_fxd/solution1/.autopilot/db/global.setting.tcl 
Execute       ap_part_info -name xc7z020-clg484-1 -data names -quiet 
Execute       ap_part_info -name xc7z020-clg484-1 -data info -quiet 
Execute       source C:/Users/aless/Documents/NonlinearMPCwithMADS/boost/MPCwithMADS_fxd/solution1/.autopilot/db/MPCwithMADS.constraint.tcl 
Execute       source C:/Users/aless/Documents/NonlinearMPCwithMADS/boost/MPCwithMADS_fxd/solution1/.autopilot/db/MPCwithMADS.tbgen.tcl 
INFO-FLOW: DBG:CMD:       hasPcoreIpAdapter=false #gSsdmPorts=14
INFO-FLOW: DBG:CMD: Skipping loadAnalyze_DB, #g_database=6
INFO-FLOW: DBG:CMD:       generate_json is_phase_csynth=1 g_has_adaptors=false generate_bd_files=0 #modelList=32 #gSsdmPorts=14
Execute       source C:/Xilinx/Vitis_HLS/2020.2/tps/tcl/tcllib1.11.1/fileutil/fileutil.tcl 
Execute       source C:/Users/aless/Documents/NonlinearMPCwithMADS/boost/MPCwithMADS_fxd/solution1/.autopilot/db/global.setting.tcl 
Execute       source C:/Users/aless/Documents/NonlinearMPCwithMADS/boost/MPCwithMADS_fxd/solution1/.autopilot/db/global.setting.tcl 
Execute       source C:/Users/aless/Documents/NonlinearMPCwithMADS/boost/MPCwithMADS_fxd/solution1/.autopilot/db/top-io-be.tcl 
Execute       source C:/Users/aless/Documents/NonlinearMPCwithMADS/boost/MPCwithMADS_fxd/solution1/.autopilot/db/MPCwithMADS.tbgen.tcl 
Execute       source C:/Users/aless/Documents/NonlinearMPCwithMADS/boost/MPCwithMADS_fxd/solution1/.autopilot/db/MPCwithMADS.rtl_wrap.cfg.tcl 
Execute       source C:/Users/aless/Documents/NonlinearMPCwithMADS/boost/MPCwithMADS_fxd/solution1/.autopilot/db/MPCwithMADS.compgen.dataonly.tcl 
Execute       get_config_export -format 
Execute       ap_part_info -name xc7z020-clg484-1 -data names -quiet 
Execute       ap_part_info -name xc7z020-clg484-1 -data info -quiet 
Execute       source C:/Users/aless/Documents/NonlinearMPCwithMADS/boost/MPCwithMADS_fxd/solution1/.autopilot/db/costFunction.tbgen.tcl 
Execute       source C:/Users/aless/Documents/NonlinearMPCwithMADS/boost/MPCwithMADS_fxd/solution1/.autopilot/db/round_fixed_54_15_s.tbgen.tcl 
Execute       source C:/Users/aless/Documents/NonlinearMPCwithMADS/boost/MPCwithMADS_fxd/solution1/.autopilot/db/generatePollDirections.tbgen.tcl 
Execute       source C:/Users/aless/Documents/NonlinearMPCwithMADS/boost/MPCwithMADS_fxd/solution1/.autopilot/db/generatePollMatrix.tbgen.tcl 
Execute       source C:/Users/aless/Documents/NonlinearMPCwithMADS/boost/MPCwithMADS_fxd/solution1/.autopilot/db/MPCwithMADS.tbgen.tcl 
Execute       source C:/Users/aless/Documents/NonlinearMPCwithMADS/boost/MPCwithMADS_fxd/solution1/.autopilot/db/global.setting.tcl 
Execute       ap_part_info -name xc7z020-clg484-1 -data names -quiet 
Execute       ap_part_info -name xc7z020-clg484-1 -data info -quiet 
Execute       get_solution -flow_target 
Execute       get_config_rtl -kernel_profile 
Execute       get_config_rtl -kernel_profile 
Execute       get_config_rtl -stall_sig_gen 
Execute       get_config_rtl -profile 
Execute       source C:/Users/aless/Documents/NonlinearMPCwithMADS/boost/MPCwithMADS_fxd/solution1/.autopilot/db/MPCwithMADS.constraint.tcl 
Execute       sc_get_clocks MPCwithMADS 
Execute       source C:/Users/aless/Documents/NonlinearMPCwithMADS/boost/MPCwithMADS_fxd/solution1/.autopilot/db/global.setting.tcl 
Execute       get_config_debug -directory 
INFO-FLOW: DBG:CMD:       delete-temp-dirs (skipped for debug)
INFO: [HLS 200-111] Finished Generating all RTL models: CPU user time: 9 seconds. CPU system time: 2 seconds. Elapsed time: 8.337 seconds; current allocated memory: 321.692 MB.
INFO: [VHDL 208-304] Generating VHDL RTL for MPCwithMADS.
INFO: [VLOG 209-307] Generating Verilog RTL for MPCwithMADS.
INFO-FLOW: DBG:CMD:       update_csynth_xml_report append design.xml content design_xml=C:/Users/aless/Documents/NonlinearMPCwithMADS/boost/MPCwithMADS_fxd/solution1/.autopilot/db/MPCwithMADS.design.xml
INFO-FLOW: DBG:CMD:       update_csynth_xml_report json2reportxml
INFO-FLOW: DBG:CMD:       update_csynth_xml_report done
Execute       syn_report -model MPCwithMADS -printsummary 
INFO: [HLS 200-790] **** Loop Constraint Status: All loop constraints were satisfied.
INFO: [HLS 200-789] **** Estimated Fmax: 136.99 MHz
Command     autosyn done; 30.495 sec.
Command   csynth_design done; 216.535 sec.
INFO: [HLS 200-111] Finished Command csynth_design CPU user time: 53 seconds. CPU system time: 7 seconds. Elapsed time: 216.63 seconds; current allocated memory: 321.868 MB.
Command ap_source done; 218.825 sec.
Execute cleanup_all 
INFO-FLOW: Workspace C:/Users/aless/Documents/NonlinearMPCwithMADS/boost/MPCwithMADS_fxd/solution1 opened at Wed Oct 19 10:43:36 +0200 2022
Execute     ap_set_clock -name default -period 10 -default=false 
INFO: [SYN 201-201] Setting up clock 'default' with a period of 10ns.
Execute     import_lib C:/Xilinx/Vitis_HLS/2020.2/common/technology/xilinx/zynq/zynq 
Execute       source C:/Xilinx/Vitis_HLS/2020.2/common/technology/xilinx/interface/xilinx_interface.hlp 
Execute         source C:/Xilinx/Vitis_HLS/2020.2/common/technology/xilinx/interface/maxi.hlp 
Execute         source C:/Xilinx/Vitis_HLS/2020.2/common/technology/xilinx/interface/saxilite.hlp 
Execute       source C:/Xilinx/Vitis_HLS/2020.2/common/technology/xilinx/DSP48/dsp48.hlp 
Execute     source C:/Xilinx/Vitis_HLS/2020.2/common/technology/xilinx/common/xilinx.gen 
Execute       source C:/Xilinx/Vitis_HLS/2020.2/common/technology/xilinx/interface/plb46.gen 
Execute       source C:/Xilinx/Vitis_HLS/2020.2/common/technology/xilinx/interface/axi4.gen 
Execute       source C:/Xilinx/Vitis_HLS/2020.2/common/technology/xilinx/interface/nativeAXI4.gen 
Execute         source C:/Xilinx/Vitis_HLS/2020.2/common/technology/xilinx/interface/saxilite.gen 
Execute         source C:/Xilinx/Vitis_HLS/2020.2/common/technology/xilinx/interface/maxi.gen 
Execute       source C:/Xilinx/Vitis_HLS/2020.2/common/technology/xilinx/scripts/xilinxcoregen.gen 
Execute       source C:/Xilinx/Vitis_HLS/2020.2/common/technology/xilinx/interface/XilEDKCoreGen.gen 
Execute       source C:/Xilinx/Vitis_HLS/2020.2/common/technology/xilinx/ip/dds_compiler.gen 
Execute       source C:/Xilinx/Vitis_HLS/2020.2/common/technology/xilinx/ip/util.gen 
Execute       source C:/Xilinx/Vitis_HLS/2020.2/common/technology/xilinx/ip/xfft.gen 
Command       ap_source done; 0.143 sec.
Execute       source C:/Xilinx/Vitis_HLS/2020.2/common/technology/xilinx/ip/xfir.gen 
Execute       source C:/Xilinx/Vitis_HLS/2020.2/common/technology/xilinx/DSP48/dsp48.gen 
Command     ap_source done; 0.217 sec.
Execute     import_lib C:/Xilinx/Vitis_HLS/2020.2/common/technology/xilinx/zynq/zynq_fpv6 
Execute       source C:/Xilinx/Vitis_HLS/2020.2/common/technology/xilinx/interface/xilinx_interface.hlp 
Execute         source C:/Xilinx/Vitis_HLS/2020.2/common/technology/xilinx/interface/maxi.hlp 
Execute         source C:/Xilinx/Vitis_HLS/2020.2/common/technology/xilinx/interface/saxilite.hlp 
Execute       source C:/Xilinx/Vitis_HLS/2020.2/common/technology/xilinx/DSP48/dsp48.hlp 
Execute     source C:/Xilinx/Vitis_HLS/2020.2/common/technology/xilinx/common/xilinx.gen 
Execute       source C:/Xilinx/Vitis_HLS/2020.2/common/technology/xilinx/interface/plb46.gen 
Execute       source C:/Xilinx/Vitis_HLS/2020.2/common/technology/xilinx/interface/axi4.gen 
Execute       source C:/Xilinx/Vitis_HLS/2020.2/common/technology/xilinx/interface/nativeAXI4.gen 
Execute         source C:/Xilinx/Vitis_HLS/2020.2/common/technology/xilinx/interface/saxilite.gen 
Execute         source C:/Xilinx/Vitis_HLS/2020.2/common/technology/xilinx/interface/maxi.gen 
Execute       source C:/Xilinx/Vitis_HLS/2020.2/common/technology/xilinx/scripts/xilinxcoregen.gen 
Execute       source C:/Xilinx/Vitis_HLS/2020.2/common/technology/xilinx/interface/XilEDKCoreGen.gen 
Execute       source C:/Xilinx/Vitis_HLS/2020.2/common/technology/xilinx/ip/dds_compiler.gen 
Execute       source C:/Xilinx/Vitis_HLS/2020.2/common/technology/xilinx/ip/util.gen 
Execute       source C:/Xilinx/Vitis_HLS/2020.2/common/technology/xilinx/ip/xfft.gen 
Command       ap_source done; 0.133 sec.
Execute       source C:/Xilinx/Vitis_HLS/2020.2/common/technology/xilinx/ip/xfir.gen 
Execute       source C:/Xilinx/Vitis_HLS/2020.2/common/technology/xilinx/DSP48/dsp48.gen 
Command     ap_source done; 0.194 sec.
Execute     set_part xc7z020-clg484-1 
INFO-FLOW: DBG:set_part: XILINX_VIVADO=C:/Xilinx/Vivado/2020.2
INFO-FLOW: DBG:set_part: RDI_DATADIR=C:/Xilinx/Vivado/2020.2/data;C:/Xilinx/Vitis_HLS/2020.2/data
Execute       ap_part_info -name xc7z020-clg484-1 -data single -quiet 
DBG:HLSDevice: Trying to load device library: C:/Xilinx/Vitis_HLS/2020.2\lib\win64.o\librdi_hlsvwrap.dll
DBG:HLSDevice: first parts/arch.xml in RDI_DATADIR: C:/Xilinx/Vivado/2020.2/data/parts/arch.xml
Command       ap_part_info done; 0.743 sec.
Execute       ap_part_info -name xc7z020-clg484-1 -data info 
Execute       add_library xilinx/zynq/zynq:xc7z020:-clg484:-1 
Execute         get_default_platform 
Execute         open_platform DefaultPlatform 
Execute         ap_part_info -data single -name xc7z020-clg484-1 
Execute         ap_part_info -name xc7z020-clg484-1 -data resources 
Execute         config_chip_info -resource {SLICE 13300} {LUT 53200} {FF 106400} {DSP 220} {BRAM 280} {URAM 0} 
Execute         ap_part_info -name xc7z020-clg484-1 -data info 
Execute         config_chip_info -speed slow 
Execute         ap_part_info -name xc7z020-clg484-1 -data info 
Execute         config_library_info -library zynq_slow 
Execute         config_library_info -family zynq 
Execute         config_library_info -part xc7z020:-clg484:-1 
Execute         import_lib C:/Xilinx/Vitis_HLS/2020.2/common/technology/xilinx/zynq/zynq 
Execute           source C:/Xilinx/Vitis_HLS/2020.2/common/technology/xilinx/interface/xilinx_interface.hlp 
Execute             source C:/Xilinx/Vitis_HLS/2020.2/common/technology/xilinx/interface/maxi.hlp 
Execute             source C:/Xilinx/Vitis_HLS/2020.2/common/technology/xilinx/interface/saxilite.hlp 
Execute           source C:/Xilinx/Vitis_HLS/2020.2/common/technology/xilinx/DSP48/dsp48.hlp 
Execute           source C:/Xilinx/Vitis_HLS/2020.2/common/technology/xilinx/DSP48/zynq_dsp48e1.hlp 
Execute         source C:/Xilinx/Vitis_HLS/2020.2/common/technology/xilinx/common/xilinx.gen 
Execute           source C:/Xilinx/Vitis_HLS/2020.2/common/technology/xilinx/interface/plb46.gen 
Execute           source C:/Xilinx/Vitis_HLS/2020.2/common/technology/xilinx/interface/axi4.gen 
Execute           source C:/Xilinx/Vitis_HLS/2020.2/common/technology/xilinx/interface/nativeAXI4.gen 
Execute             source C:/Xilinx/Vitis_HLS/2020.2/common/technology/xilinx/interface/saxilite.gen 
Execute             source C:/Xilinx/Vitis_HLS/2020.2/common/technology/xilinx/interface/maxi.gen 
Execute           source C:/Xilinx/Vitis_HLS/2020.2/common/technology/xilinx/scripts/xilinxcoregen.gen 
Execute           source C:/Xilinx/Vitis_HLS/2020.2/common/technology/xilinx/interface/XilEDKCoreGen.gen 
Execute           source C:/Xilinx/Vitis_HLS/2020.2/common/technology/xilinx/ip/dds_compiler.gen 
Execute           source C:/Xilinx/Vitis_HLS/2020.2/common/technology/xilinx/ip/util.gen 
Execute           source C:/Xilinx/Vitis_HLS/2020.2/common/technology/xilinx/ip/xfft.gen 
Command           ap_source done; 0.126 sec.
Execute           source C:/Xilinx/Vitis_HLS/2020.2/common/technology/xilinx/ip/xfir.gen 
Execute           source C:/Xilinx/Vitis_HLS/2020.2/common/technology/xilinx/DSP48/dsp48.gen 
Command         ap_source done; 0.187 sec.
Command       add_library done; 0.285 sec.
INFO: [HLS 200-10] Setting target device to 'xc7z020-clg484-1'
Execute       ap_part_info -name xc7z020-clg484-1 -data info 
Execute       config_compile -quiet -complex-mul-dsp=0 
Command     set_part done; 1.052 sec.
Execute     ap_part_info -data single -name xc7z020-clg484-1 
Execute     ap_part_info -name xc7z020-clg484-1 -data resources 
Execute     config_chip_info -resource {SLICE 13300} {LUT 53200} {FF 106400} {DSP 220} {BRAM 280} {URAM 0} 
Execute     ap_part_info -name xc7z020-clg484-1 -data info 
Execute     config_chip_info -speed slow 
Execute     send_msg_by_id INFO @200-1505@%s%s  vivado 
INFO: [HLS 200-1505] Using flow_target 'vivado'
Execute     get_config_interface -m_axi_latency 
Execute     get_config_interface -m_axi_alignment_byte_size 
Execute     get_config_interface -m_axi_max_widen_bitwidth 
Execute     get_config_interface -default_interface 
Execute     get_config_interface -m_axi_offset 
Execute     get_config_rtl -register_reset_num 
Command   open_solution done; 1.535 sec.
Execute   set_part xc7z020-clg484-1 
INFO: [HLS 200-1510] Running: set_part xc7z020-clg484-1 
INFO-FLOW: DBG:set_part: XILINX_VIVADO=C:/Xilinx/Vivado/2020.2
INFO-FLOW: DBG:set_part: RDI_DATADIR=C:/Xilinx/Vivado/2020.2/data;C:/Xilinx/Vitis_HLS/2020.2/data
Execute     ap_part_info -name xc7z020-clg484-1 -data single -quiet 
Execute     ap_part_info -name xc7z020-clg484-1 -data info 
Execute     add_library xilinx/zynq/zynq:xc7z020:-clg484:-1 
Execute       get_default_platform 
Execute       open_platform DefaultPlatform 
Execute       ap_part_info -data single -name xc7z020-clg484-1 
Execute       ap_part_info -name xc7z020-clg484-1 -data resources 
Execute       config_chip_info -resource {SLICE 13300} {LUT 53200} {FF 106400} {DSP 220} {BRAM 280} {URAM 0} 
Execute       ap_part_info -name xc7z020-clg484-1 -data info 
Execute       config_chip_info -speed slow 
Execute       ap_part_info -name xc7z020-clg484-1 -data info 
Execute       config_library_info -library zynq_slow 
Execute       config_library_info -family zynq 
Execute       config_library_info -part xc7z020:-clg484:-1 
Execute       import_lib C:/Xilinx/Vitis_HLS/2020.2/common/technology/xilinx/zynq/zynq 
Execute         source C:/Xilinx/Vitis_HLS/2020.2/common/technology/xilinx/interface/xilinx_interface.hlp 
Execute           source C:/Xilinx/Vitis_HLS/2020.2/common/technology/xilinx/interface/maxi.hlp 
Execute           source C:/Xilinx/Vitis_HLS/2020.2/common/technology/xilinx/interface/saxilite.hlp 
Execute         source C:/Xilinx/Vitis_HLS/2020.2/common/technology/xilinx/DSP48/dsp48.hlp 
Execute         source C:/Xilinx/Vitis_HLS/2020.2/common/technology/xilinx/DSP48/zynq_dsp48e1.hlp 
Execute       source C:/Xilinx/Vitis_HLS/2020.2/common/technology/xilinx/common/xilinx.gen 
Execute         source C:/Xilinx/Vitis_HLS/2020.2/common/technology/xilinx/interface/plb46.gen 
Execute         source C:/Xilinx/Vitis_HLS/2020.2/common/technology/xilinx/interface/axi4.gen 
Execute         source C:/Xilinx/Vitis_HLS/2020.2/common/technology/xilinx/interface/nativeAXI4.gen 
Execute           source C:/Xilinx/Vitis_HLS/2020.2/common/technology/xilinx/interface/saxilite.gen 
Execute           source C:/Xilinx/Vitis_HLS/2020.2/common/technology/xilinx/interface/maxi.gen 
Execute         source C:/Xilinx/Vitis_HLS/2020.2/common/technology/xilinx/scripts/xilinxcoregen.gen 
Execute         source C:/Xilinx/Vitis_HLS/2020.2/common/technology/xilinx/interface/XilEDKCoreGen.gen 
Execute         source C:/Xilinx/Vitis_HLS/2020.2/common/technology/xilinx/ip/dds_compiler.gen 
Execute         source C:/Xilinx/Vitis_HLS/2020.2/common/technology/xilinx/ip/util.gen 
Execute         source C:/Xilinx/Vitis_HLS/2020.2/common/technology/xilinx/ip/xfft.gen 
Command         ap_source done; 0.123 sec.
Execute         source C:/Xilinx/Vitis_HLS/2020.2/common/technology/xilinx/ip/xfir.gen 
Execute         source C:/Xilinx/Vitis_HLS/2020.2/common/technology/xilinx/DSP48/dsp48.gen 
Command       ap_source done; 0.182 sec.
Command     add_library done; 0.219 sec.
Execute     ap_part_info -name xc7z020-clg484-1 -data info 
Execute     config_compile -quiet -complex-mul-dsp=0 
Command   set_part done; 0.249 sec.
Execute   create_clock -period 10 -name default 
INFO: [HLS 200-1510] Running: create_clock -period 10 -name default 
Execute   source ./MPCwithMADS_fxd/solution1/directives.tcl 
Execute     set_directive_top -name MPCwithMADS MPCwithMADS 
INFO: [HLS 200-1510] Running: set_directive_top -name MPCwithMADS MPCwithMADS 
INFO-FLOW: Setting directive 'TOP' name=MPCwithMADS 
Execute   cosim_design -trace_level all -rtl vhdl 
INFO: [HLS 200-1510] Running: cosim_design -trace_level all -rtl vhdl 
Execute     source C:/Users/aless/Documents/NonlinearMPCwithMADS/boost/MPCwithMADS_fxd/solution1/.autopilot/db/global.setting.tcl 
Execute     source C:/Users/aless/Documents/NonlinearMPCwithMADS/boost/MPCwithMADS_fxd/solution1/.autopilot/db/global.setting.tcl 
Execute     source C:/Users/aless/Documents/NonlinearMPCwithMADS/boost/MPCwithMADS_fxd/solution1/.autopilot/db/global.setting.tcl 
INFO-FLOW: DBG:CMD: read_platform_lib C:/Users/aless/Documents/NonlinearMPCwithMADS/boost/MPCwithMADS_fxd/solution1/.autopilot/db/global.setting.tcl
Execute     source C:/Xilinx/Vitis_HLS/2020.2/common/technology/generic/autopilot/common.gen 
Execute       source C:/Xilinx/Vitis_HLS/2020.2/common/technology/generic/autopilot/APCoreGen.gen 
Execute     source C:/Xilinx/Vitis_HLS/2020.2/common/technology/generic/autopilot/op.gen 
Execute     source C:/Xilinx/Vitis_HLS/2020.2/common/technology/generic/autopilot/op_simcore.gen 
Execute     source C:/Xilinx/Vitis_HLS/2020.2/common/technology/generic/autopilot/interface.gen 
Execute     source C:/Users/aless/Documents/NonlinearMPCwithMADS/boost/MPCwithMADS_fxd/solution1/.autopilot/db/global.setting.tcl 
Execute     source C:/Xilinx/Vitis_HLS/2020.2/common/technology/xilinx/common/xilinx.gen 
Execute       source C:/Xilinx/Vitis_HLS/2020.2/common/technology/xilinx/interface/plb46.gen 
Execute       source C:/Xilinx/Vitis_HLS/2020.2/common/technology/xilinx/interface/axi4.gen 
Execute       source C:/Xilinx/Vitis_HLS/2020.2/common/technology/xilinx/interface/nativeAXI4.gen 
Execute         source C:/Xilinx/Vitis_HLS/2020.2/common/technology/xilinx/interface/saxilite.gen 
Execute         source C:/Xilinx/Vitis_HLS/2020.2/common/technology/xilinx/interface/maxi.gen 
Execute       source C:/Xilinx/Vitis_HLS/2020.2/common/technology/xilinx/scripts/xilinxcoregen.gen 
Execute       source C:/Xilinx/Vitis_HLS/2020.2/common/technology/xilinx/interface/XilEDKCoreGen.gen 
Execute       source C:/Xilinx/Vitis_HLS/2020.2/common/technology/xilinx/ip/dds_compiler.gen 
Execute       source C:/Xilinx/Vitis_HLS/2020.2/common/technology/xilinx/ip/util.gen 
Execute       source C:/Xilinx/Vitis_HLS/2020.2/common/technology/xilinx/ip/xfft.gen 
Command       ap_source done; 0.13 sec.
Execute       source C:/Xilinx/Vitis_HLS/2020.2/common/technology/xilinx/ip/xfir.gen 
Execute       source C:/Xilinx/Vitis_HLS/2020.2/common/technology/xilinx/DSP48/dsp48.gen 
Command     ap_source done; 0.19 sec.
Execute     source C:/Xilinx/Vitis_HLS/2020.2/common/technology/xilinx/common/xilinx.gen 
Execute       source C:/Xilinx/Vitis_HLS/2020.2/common/technology/xilinx/interface/plb46.gen 
Execute       source C:/Xilinx/Vitis_HLS/2020.2/common/technology/xilinx/interface/axi4.gen 
Execute       source C:/Xilinx/Vitis_HLS/2020.2/common/technology/xilinx/interface/nativeAXI4.gen 
Execute         source C:/Xilinx/Vitis_HLS/2020.2/common/technology/xilinx/interface/saxilite.gen 
Execute         source C:/Xilinx/Vitis_HLS/2020.2/common/technology/xilinx/interface/maxi.gen 
Execute       source C:/Xilinx/Vitis_HLS/2020.2/common/technology/xilinx/scripts/xilinxcoregen.gen 
Execute       source C:/Xilinx/Vitis_HLS/2020.2/common/technology/xilinx/interface/XilEDKCoreGen.gen 
Execute       source C:/Xilinx/Vitis_HLS/2020.2/common/technology/xilinx/ip/dds_compiler.gen 
Execute       source C:/Xilinx/Vitis_HLS/2020.2/common/technology/xilinx/ip/util.gen 
Execute       source C:/Xilinx/Vitis_HLS/2020.2/common/technology/xilinx/ip/xfft.gen 
Command       ap_source done; 0.123 sec.
Execute       source C:/Xilinx/Vitis_HLS/2020.2/common/technology/xilinx/ip/xfir.gen 
Execute       source C:/Xilinx/Vitis_HLS/2020.2/common/technology/xilinx/DSP48/dsp48.gen 
Command     ap_source done; 0.182 sec.
INFO-FLOW: DBG:CMD:   using AESL_AUTOCG::g_clock_period=10.000 (was NA)
Execute     ap_part_info -name xc7z020-clg484-1 -data names -quiet 
Execute     ap_part_info -name xc7z020-clg484-1 -data info -quiet 
Execute     source C:/Users/aless/Documents/NonlinearMPCwithMADS/boost/MPCwithMADS_fxd/solution1/.autopilot/db/global.setting.tcl 
Execute     source C:/Users/aless/Documents/NonlinearMPCwithMADS/boost/MPCwithMADS_fxd/solution1/.autopilot/db/MPCwithMADS.rtl_wrap.cfg.tcl 
Execute     source C:/Users/aless/Documents/NonlinearMPCwithMADS/boost/MPCwithMADS_fxd/solution1/.autopilot/db/MPCwithMADS.tbgen.tcl 
Execute     source C:/Users/aless/Documents/NonlinearMPCwithMADS/boost/MPCwithMADS_fxd/solution1/.autopilot/db/MPCwithMADS.tbgen.tcl 
Execute     source C:/Users/aless/Documents/NonlinearMPCwithMADS/boost/MPCwithMADS_fxd/solution1/.autopilot/db/MPCwithMADS.tbgen.tcl 
INFO: [COSIM 212-47] Using XSIM for RTL simulation.
INFO: [COSIM 212-14] Instrumenting C test bench ...
Execute     ap_part_info -name xc7z020-clg484-1 -data info 
INFO-FLOW: TB processing: C:/Users/aless/Documents/NonlinearMPCwithMADS/boost/MPCwithMADS_fxd/testMain.cpp C:/Users/aless/Documents/NonlinearMPCwithMADS/boost/MPCwithMADS_fxd/solution1/./sim/autowrap/testbench/testMain.cpp_pre.cpp
Execute     clang_tidy xilinx-tb-process C:/Users/aless/Documents/NonlinearMPCwithMADS/boost/MPCwithMADS_fxd/solution1/./sim/autowrap/testbench/testMain.cpp_pre.cpp.tb.cpp std=c++11 
INFO-FLOW: exec C:/Xilinx/Vitis_HLS/2020.2/win64/tools/clang-3.9-csynth/bin/clang-tidy -header-filter=.* --checks=-*,xilinx-tb-process -fix-errors C:/Users/aless/Documents/NonlinearMPCwithMADS/boost/MPCwithMADS_fxd/solution1/./sim/autowrap/testbench/testMain.cpp_pre.cpp.tb.cpp -- -std=c++11 -fhls -ferror-limit=0
Command     clang_tidy done; 3.485 sec.
Execute     ap_part_info -name xc7z020-clg484-1 -data info 
INFO-FLOW: TB processing: C:/Users/aless/Documents/NonlinearMPCwithMADS/boost/MPCwithMADS_fxd/shiftOpt.cpp C:/Users/aless/Documents/NonlinearMPCwithMADS/boost/MPCwithMADS_fxd/solution1/./sim/autowrap/testbench/shiftOpt.cpp_pre.cpp
Execute     clang_tidy xilinx-tb-process C:/Users/aless/Documents/NonlinearMPCwithMADS/boost/MPCwithMADS_fxd/solution1/./sim/autowrap/testbench/shiftOpt.cpp_pre.cpp.tb.cpp std=c++11 
INFO-FLOW: exec C:/Xilinx/Vitis_HLS/2020.2/win64/tools/clang-3.9-csynth/bin/clang-tidy -header-filter=.* --checks=-*,xilinx-tb-process -fix-errors C:/Users/aless/Documents/NonlinearMPCwithMADS/boost/MPCwithMADS_fxd/solution1/./sim/autowrap/testbench/shiftOpt.cpp_pre.cpp.tb.cpp -- -std=c++11 -fhls -ferror-limit=0
Command     clang_tidy done; 1.936 sec.
Execute     ap_part_info -name xc7z020-clg484-1 -data info 
INFO-FLOW: TB processing: C:/Users/aless/Documents/NonlinearMPCwithMADS/boost/MPCwithMADS_fxd/pseudoRand.cpp C:/Users/aless/Documents/NonlinearMPCwithMADS/boost/MPCwithMADS_fxd/solution1/./sim/autowrap/testbench/pseudoRand.cpp_pre.cpp
Execute     clang_tidy xilinx-tb-process C:/Users/aless/Documents/NonlinearMPCwithMADS/boost/MPCwithMADS_fxd/solution1/./sim/autowrap/testbench/pseudoRand.cpp_pre.cpp.tb.cpp std=c++11 
INFO-FLOW: exec C:/Xilinx/Vitis_HLS/2020.2/win64/tools/clang-3.9-csynth/bin/clang-tidy -header-filter=.* --checks=-*,xilinx-tb-process -fix-errors C:/Users/aless/Documents/NonlinearMPCwithMADS/boost/MPCwithMADS_fxd/solution1/./sim/autowrap/testbench/pseudoRand.cpp_pre.cpp.tb.cpp -- -std=c++11 -fhls -ferror-limit=0
Command     clang_tidy done; 2.343 sec.
Execute     ap_part_info -name xc7z020-clg484-1 -data info 
INFO-FLOW: TB processing: C:/Users/aless/Documents/NonlinearMPCwithMADS/boost/MPCwithMADS_fxd/progressiveBarrierPolling.cpp C:/Users/aless/Documents/NonlinearMPCwithMADS/boost/MPCwithMADS_fxd/solution1/./sim/autowrap/testbench/progressiveBarrierPolling.cpp_pre.cpp
Execute     clang_tidy xilinx-tb-process C:/Users/aless/Documents/NonlinearMPCwithMADS/boost/MPCwithMADS_fxd/solution1/./sim/autowrap/testbench/progressiveBarrierPolling.cpp_pre.cpp.tb.cpp std=c++11 
INFO-FLOW: exec C:/Xilinx/Vitis_HLS/2020.2/win64/tools/clang-3.9-csynth/bin/clang-tidy -header-filter=.* --checks=-*,xilinx-tb-process -fix-errors C:/Users/aless/Documents/NonlinearMPCwithMADS/boost/MPCwithMADS_fxd/solution1/./sim/autowrap/testbench/progressiveBarrierPolling.cpp_pre.cpp.tb.cpp -- -std=c++11 -fhls -ferror-limit=0
Command     clang_tidy done; 2.083 sec.
Execute     ap_part_info -name xc7z020-clg484-1 -data info 
INFO-FLOW: TB processing: C:/Users/aless/Documents/NonlinearMPCwithMADS/boost/MPCwithMADS_fxd/generatePollMatrix.cpp C:/Users/aless/Documents/NonlinearMPCwithMADS/boost/MPCwithMADS_fxd/solution1/./sim/autowrap/testbench/generatePollMatrix.cpp_pre.cpp
Execute     clang_tidy xilinx-tb-process C:/Users/aless/Documents/NonlinearMPCwithMADS/boost/MPCwithMADS_fxd/solution1/./sim/autowrap/testbench/generatePollMatrix.cpp_pre.cpp.tb.cpp std=c++11 
INFO-FLOW: exec C:/Xilinx/Vitis_HLS/2020.2/win64/tools/clang-3.9-csynth/bin/clang-tidy -header-filter=.* --checks=-*,xilinx-tb-process -fix-errors C:/Users/aless/Documents/NonlinearMPCwithMADS/boost/MPCwithMADS_fxd/solution1/./sim/autowrap/testbench/generatePollMatrix.cpp_pre.cpp.tb.cpp -- -std=c++11 -fhls -ferror-limit=0
Command     clang_tidy done; 2.325 sec.
Execute     ap_part_info -name xc7z020-clg484-1 -data info 
INFO-FLOW: TB processing: C:/Users/aless/Documents/NonlinearMPCwithMADS/boost/MPCwithMADS_fxd/generatePollDirections.cpp C:/Users/aless/Documents/NonlinearMPCwithMADS/boost/MPCwithMADS_fxd/solution1/./sim/autowrap/testbench/generatePollDirections.cpp_pre.cpp
Execute     clang_tidy xilinx-tb-process C:/Users/aless/Documents/NonlinearMPCwithMADS/boost/MPCwithMADS_fxd/solution1/./sim/autowrap/testbench/generatePollDirections.cpp_pre.cpp.tb.cpp std=c++11 
INFO-FLOW: exec C:/Xilinx/Vitis_HLS/2020.2/win64/tools/clang-3.9-csynth/bin/clang-tidy -header-filter=.* --checks=-*,xilinx-tb-process -fix-errors C:/Users/aless/Documents/NonlinearMPCwithMADS/boost/MPCwithMADS_fxd/solution1/./sim/autowrap/testbench/generatePollDirections.cpp_pre.cpp.tb.cpp -- -std=c++11 -fhls -ferror-limit=0
Command     clang_tidy done; 4.298 sec.
Execute     ap_part_info -name xc7z020-clg484-1 -data info 
INFO-FLOW: TB processing: C:/Users/aless/Documents/NonlinearMPCwithMADS/boost/MPCwithMADS_fxd/costFunction.cpp C:/Users/aless/Documents/NonlinearMPCwithMADS/boost/MPCwithMADS_fxd/solution1/./sim/autowrap/testbench/costFunction.cpp_pre.cpp
Execute     clang_tidy xilinx-tb-process C:/Users/aless/Documents/NonlinearMPCwithMADS/boost/MPCwithMADS_fxd/solution1/./sim/autowrap/testbench/costFunction.cpp_pre.cpp.tb.cpp std=c++11 
INFO-FLOW: exec C:/Xilinx/Vitis_HLS/2020.2/win64/tools/clang-3.9-csynth/bin/clang-tidy -header-filter=.* --checks=-*,xilinx-tb-process -fix-errors C:/Users/aless/Documents/NonlinearMPCwithMADS/boost/MPCwithMADS_fxd/solution1/./sim/autowrap/testbench/costFunction.cpp_pre.cpp.tb.cpp -- -std=c++11 -fhls -ferror-limit=0
Command     clang_tidy done; 6.383 sec.
Execute     ap_part_info -name xc7z020-clg484-1 -data info 
INFO-FLOW: TB processing: C:/Users/aless/Documents/NonlinearMPCwithMADS/boost/MPCwithMADS_fxd/MPCwithMADS.cpp C:/Users/aless/Documents/NonlinearMPCwithMADS/boost/MPCwithMADS_fxd/solution1/./sim/autowrap/testbench/MPCwithMADS.cpp_pre.cpp
Execute     clang_tidy xilinx-tb-process C:/Users/aless/Documents/NonlinearMPCwithMADS/boost/MPCwithMADS_fxd/solution1/./sim/autowrap/testbench/MPCwithMADS.cpp_pre.cpp.tb.cpp std=c++11 
INFO-FLOW: exec C:/Xilinx/Vitis_HLS/2020.2/win64/tools/clang-3.9-csynth/bin/clang-tidy -header-filter=.* --checks=-*,xilinx-tb-process -fix-errors C:/Users/aless/Documents/NonlinearMPCwithMADS/boost/MPCwithMADS_fxd/solution1/./sim/autowrap/testbench/MPCwithMADS.cpp_pre.cpp.tb.cpp -- -std=c++11 -fhls -ferror-limit=0
Command     clang_tidy done; 3.018 sec.
Execute     ap_part_info -name xc7z020-clg484-1 -data info 
INFO-FLOW: TB processing: C:/Users/aless/Documents/NonlinearMPCwithMADS/boost/MPCwithMADS_fxd/MADS.cpp C:/Users/aless/Documents/NonlinearMPCwithMADS/boost/MPCwithMADS_fxd/solution1/./sim/autowrap/testbench/MADS.cpp_pre.cpp
Execute     clang_tidy xilinx-tb-process C:/Users/aless/Documents/NonlinearMPCwithMADS/boost/MPCwithMADS_fxd/solution1/./sim/autowrap/testbench/MADS.cpp_pre.cpp.tb.cpp std=c++11 
INFO-FLOW: exec C:/Xilinx/Vitis_HLS/2020.2/win64/tools/clang-3.9-csynth/bin/clang-tidy -header-filter=.* --checks=-*,xilinx-tb-process -fix-errors C:/Users/aless/Documents/NonlinearMPCwithMADS/boost/MPCwithMADS_fxd/solution1/./sim/autowrap/testbench/MADS.cpp_pre.cpp.tb.cpp -- -std=c++11 -fhls -ferror-limit=0
Command     clang_tidy done; 2.001 sec.
Execute     source C:/Users/aless/Documents/NonlinearMPCwithMADS/boost/MPCwithMADS_fxd/solution1/.autopilot/db/global.setting.tcl 
Execute     source C:/Users/aless/Documents/NonlinearMPCwithMADS/boost/MPCwithMADS_fxd/solution1/.autopilot/db/MPCwithMADS.rtl_wrap.cfg.tcl 
Execute     source C:/Users/aless/Documents/NonlinearMPCwithMADS/boost/MPCwithMADS_fxd/solution1/.autopilot/db/MPCwithMADS.rtl_wrap.cfg.tcl 
Execute     source C:/Users/aless/Documents/NonlinearMPCwithMADS/boost/MPCwithMADS_fxd/solution1/.autopilot/db/MPCwithMADS.rtl_wrap.cfg.tcl 
Execute     source C:/Users/aless/Documents/NonlinearMPCwithMADS/boost/MPCwithMADS_fxd/solution1/.autopilot/db/MPCwithMADS.tbgen.tcl 
Execute     source C:/Users/aless/Documents/NonlinearMPCwithMADS/boost/MPCwithMADS_fxd/solution1/.autopilot/db/MPCwithMADS.tbgen.tcl 
Execute     ap_part_info -name xc7z020-clg484-1 -data info 
Execute     source .run_sim.tcl 
INFO: [COSIM 212-302] Starting C TB testing ... 
Command     ap_source done; 0.476 sec.
INFO: [COSIM 212-333] Generating C post check test bench ...
Execute     ap_part_info -name xc7z020-clg484-1 -data info 
INFO: [COSIM 212-12] Generating RTL test bench ...
Execute     source ../tv/cdatafile/ref.tcl 
Execute     source C:/Users/aless/Documents/NonlinearMPCwithMADS/boost/MPCwithMADS_fxd/solution1/.autopilot/db/MPCwithMADS.tbgen.tcl 
Execute     source C:/Users/aless/Documents/NonlinearMPCwithMADS/boost/MPCwithMADS_fxd/solution1/.autopilot/db/MPCwithMADS.tbgen.tcl 
Execute     source C:/Users/aless/Documents/NonlinearMPCwithMADS/boost/MPCwithMADS_fxd/solution1/.autopilot/db/MPCwithMADS.tbgen.tcl 
Execute     source C:/Users/aless/Documents/NonlinearMPCwithMADS/boost/MPCwithMADS_fxd/solution1/.autopilot/db/MPCwithMADS.tbgen.tcl 
Execute     source ../tv/cdatafile/ref.tcl 
Execute     source C:/Users/aless/Documents/NonlinearMPCwithMADS/boost/MPCwithMADS_fxd/solution1/.autopilot/db/MPCwithMADS.tbgen.tcl 
Execute     source C:/Users/aless/Documents/NonlinearMPCwithMADS/boost/MPCwithMADS_fxd/solution1/.autopilot/db/MPCwithMADS.tbgen.tcl 
Execute     source C:/Users/aless/Documents/NonlinearMPCwithMADS/boost/MPCwithMADS_fxd/solution1/.autopilot/db/MPCwithMADS.tbgen.tcl 
Execute     source C:/Users/aless/Documents/NonlinearMPCwithMADS/boost/MPCwithMADS_fxd/solution1/.autopilot/db/MPCwithMADS.tbgen.tcl 
Execute     source C:/Users/aless/Documents/NonlinearMPCwithMADS/boost/MPCwithMADS_fxd/solution1/.autopilot/db/MPCwithMADS.tbgen.tcl 
Execute     source C:/Users/aless/Documents/NonlinearMPCwithMADS/boost/MPCwithMADS_fxd/solution1/.autopilot/db/MPCwithMADS.tbgen.tcl 
Execute     source C:/Users/aless/Documents/NonlinearMPCwithMADS/boost/MPCwithMADS_fxd/solution1/.autopilot/db/MPCwithMADS.tbgen.tcl 
Execute     source C:/Users/aless/Documents/NonlinearMPCwithMADS/boost/MPCwithMADS_fxd/solution1/.autopilot/db/MPCwithMADS.tbgen.tcl 
Execute     source C:/Users/aless/Documents/NonlinearMPCwithMADS/boost/MPCwithMADS_fxd/solution1/.autopilot/db/MPCwithMADS.tbgen.tcl 
Execute     source C:/Users/aless/Documents/NonlinearMPCwithMADS/boost/MPCwithMADS_fxd/solution1/.autopilot/db/MPCwithMADS.tbgen.tcl 
Execute     source C:/Users/aless/Documents/NonlinearMPCwithMADS/boost/MPCwithMADS_fxd/solution1/.autopilot/db/MPCwithMADS.tbgen.tcl 
Execute     source C:/Users/aless/Documents/NonlinearMPCwithMADS/boost/MPCwithMADS_fxd/solution1/.autopilot/db/MPCwithMADS.tbgen.tcl 
Execute     source C:/Users/aless/Documents/NonlinearMPCwithMADS/boost/MPCwithMADS_fxd/solution1/.autopilot/db/MPCwithMADS.tbgen.tcl 
Execute     source C:/Users/aless/Documents/NonlinearMPCwithMADS/boost/MPCwithMADS_fxd/solution1/.autopilot/db/MPCwithMADS.tbgen.tcl 
Execute     source C:/Users/aless/Documents/NonlinearMPCwithMADS/boost/MPCwithMADS_fxd/solution1/.autopilot/db/MPCwithMADS.tbgen.tcl 
Execute     source C:/Users/aless/Documents/NonlinearMPCwithMADS/boost/MPCwithMADS_fxd/solution1/.autopilot/db/MPCwithMADS.tbgen.tcl 
Execute     source C:/Users/aless/Documents/NonlinearMPCwithMADS/boost/MPCwithMADS_fxd/solution1/.autopilot/db/MPCwithMADS.tbgen.tcl 
Execute     source ../tv/cdatafile/ref.tcl 
Execute     source C:/Users/aless/Documents/NonlinearMPCwithMADS/boost/MPCwithMADS_fxd/solution1/.autopilot/db/MPCwithMADS.tbgen.tcl 
Execute     source C:/Users/aless/Documents/NonlinearMPCwithMADS/boost/MPCwithMADS_fxd/solution1/.autopilot/db/MPCwithMADS.tbgen.tcl 
Execute     source C:/Users/aless/Documents/NonlinearMPCwithMADS/boost/MPCwithMADS_fxd/solution1/.autopilot/db/MPCwithMADS.tbgen.tcl 
Execute     source C:/Users/aless/Documents/NonlinearMPCwithMADS/boost/MPCwithMADS_fxd/solution1/.autopilot/db/MPCwithMADS.tbgen.tcl 
Execute     source C:/Users/aless/Documents/NonlinearMPCwithMADS/boost/MPCwithMADS_fxd/solution1/.autopilot/db/MPCwithMADS.tbgen.tcl 
Execute     source C:/Users/aless/Documents/NonlinearMPCwithMADS/boost/MPCwithMADS_fxd/solution1/.autopilot/db/MPCwithMADS.tbgen.tcl 
Execute     source C:/Users/aless/Documents/NonlinearMPCwithMADS/boost/MPCwithMADS_fxd/solution1/.autopilot/db/MPCwithMADS.tbgen.tcl 
Execute     source C:/Users/aless/Documents/NonlinearMPCwithMADS/boost/MPCwithMADS_fxd/solution1/.autopilot/db/MPCwithMADS.tbgen.tcl 
Execute     source C:/Users/aless/Documents/NonlinearMPCwithMADS/boost/MPCwithMADS_fxd/solution1/.autopilot/db/MPCwithMADS.tbgen.tcl 
Execute     source C:/Users/aless/Documents/NonlinearMPCwithMADS/boost/MPCwithMADS_fxd/solution1/.autopilot/db/MPCwithMADS.tbgen.tcl 
Execute     source C:/Users/aless/Documents/NonlinearMPCwithMADS/boost/MPCwithMADS_fxd/solution1/.autopilot/db/MPCwithMADS.tbgen.tcl 
Execute     source C:/Users/aless/Documents/NonlinearMPCwithMADS/boost/MPCwithMADS_fxd/solution1/.autopilot/db/MPCwithMADS.tbgen.tcl 
Execute     source C:/Users/aless/Documents/NonlinearMPCwithMADS/boost/MPCwithMADS_fxd/solution1/.autopilot/db/MPCwithMADS.tbgen.tcl 
INFO: [COSIM 212-1] *** C/RTL co-simulation file generation completed. ***
Execute     source .run_sim.tcl 
Execute       source check_sim.tcl 
Execute       source .sim.status.tcl 
INFO: [COSIM 212-322] Starting VHDL simulation. 
INFO: [COSIM 212-15] Starting XSIM ...
INFO: [COSIM 212-316] Starting C post checking ...
Command     ap_source done; 46.834 sec.
INFO: [COSIM 212-1000] *** C/RTL co-simulation finished: PASS ***
Command   cosim_design done; 166.487 sec.
INFO: [HLS 200-111] Finished Command cosim_design CPU user time: 9 seconds. CPU system time: 2 seconds. Elapsed time: 166.521 seconds; current allocated memory: 95.390 MB.
Command ap_source done; 168.443 sec.
Execute cleanup_all 
