

================================================================
== Vitis HLS Report for 'costFunction'
================================================================
* Date:           Wed Oct 19 10:42:28 2022

* Version:        2020.2 (Build 3064766 on Wed Nov 18 09:12:45 MST 2020)
* Project:        MPCwithMADS_fxd
* Solution:       solution1 (Vivado IP Flow Target)
* Product family: zynq
* Target device:  xc7z020-clg484-1


================================================================
== Performance Estimates
================================================================
+ Timing: 
    * Summary: 
    +--------+----------+----------+------------+
    |  Clock |  Target  | Estimated| Uncertainty|
    +--------+----------+----------+------------+
    |ap_clk  |  10.00 ns|  6.912 ns|     2.70 ns|
    +--------+----------+----------+------------+

+ Latency: 
    * Summary: 
    +---------+---------+----------+----------+-----+-----+---------+
    |  Latency (cycles) |  Latency (absolute) |  Interval | Pipeline|
    |   min   |   max   |    min   |    max   | min | max |   Type  |
    +---------+---------+----------+----------+-----+-----+---------+
    |       70|       70|  0.700 us|  0.700 us|    1|    1|      yes|
    +---------+---------+----------+----------+-----+-----+---------+

    + Detail: 
        * Instance: 
        N/A

        * Loop: 
        N/A



================================================================
== Utilization Estimates
================================================================
* Summary: 
+-----------------+---------+-----+--------+-------+-----+
|       Name      | BRAM_18K| DSP |   FF   |  LUT  | URAM|
+-----------------+---------+-----+--------+-------+-----+
|DSP              |        -|   45|       -|      -|    -|
|Expression       |        -|    -|       0|   1097|    -|
|FIFO             |        -|    -|       -|      -|    -|
|Instance         |        -|    3|   11216|   8347|    -|
|Memory           |        -|    -|       -|      -|    -|
|Multiplexer      |        -|    -|       -|     18|    -|
|Register         |        -|    -|    3483|   1024|    -|
+-----------------+---------+-----+--------+-------+-----+
|Total            |        0|   48|   14699|  10486|    0|
+-----------------+---------+-----+--------+-------+-----+
|Available        |      280|  220|  106400|  53200|    0|
+-----------------+---------+-----+--------+-------+-----+
|Utilization (%)  |        0|   21|      13|     19|    0|
+-----------------+---------+-----+--------+-------+-----+

+ Detail: 
    * Instance: 
    +--------------------------+-----------------------+---------+----+------+------+-----+
    |         Instance         |         Module        | BRAM_18K| DSP|  FF  |  LUT | URAM|
    +--------------------------+-----------------------+---------+----+------+------+-----+
    |mul_34s_15ns_44_2_0_U4    |mul_34s_15ns_44_2_0    |        0|   1|   173|    54|    0|
    |mul_36s_11ns_47_2_0_U5    |mul_36s_11ns_47_2_0    |        0|   1|   202|    85|    0|
    |mul_36s_11ns_47_2_0_U6    |mul_36s_11ns_47_2_0    |        0|   1|   202|    85|    0|
    |sdiv_29ns_18s_13_33_0_U3  |sdiv_29ns_18s_13_33_0  |        0|   0|  1974|  1503|    0|
    |sdiv_42s_18s_42_46_0_U1   |sdiv_42s_18s_42_46_0   |        0|   0|  3865|  2952|    0|
    |sdiv_47ns_18s_47_51_0_U2  |sdiv_47ns_18s_47_51_0  |        0|   0|  4800|  3668|    0|
    +--------------------------+-----------------------+---------+----+------+------+-----+
    |Total                     |                       |        0|   3| 11216|  8347|    0|
    +--------------------------+-----------------------+---------+----+------+------+-----+

    * DSP: 
    +-------------------------------------------+---------------------------------------+---------------------+
    |                  Instance                 |                 Module                |      Expression     |
    +-------------------------------------------+---------------------------------------+---------------------+
    |ama_addmuladd_21s_19s_18s_32ns_32_4_0_U44  |ama_addmuladd_21s_19s_18s_32ns_32_4_0  |  (i0 + i1) * i2 + i3|
    |ama_addmuladd_21s_19s_18s_32ns_32_4_0_U51  |ama_addmuladd_21s_19s_18s_32ns_32_4_0  |  i0 + (i1 + i2) * i3|
    |mac_muladd_16ns_18s_33s_33_4_0_U39         |mac_muladd_16ns_18s_33s_33_4_0         |         i0 + i1 * i2|
    |mac_muladd_16ns_18s_33s_33_4_0_U47         |mac_muladd_16ns_18s_33s_33_4_0         |         i0 + i1 * i2|
    |mac_muladd_18s_14s_34s_34_4_0_U34          |mac_muladd_18s_14s_34s_34_4_0          |         i0 + i1 * i2|
    |mac_muladd_18s_14s_34s_34_4_0_U36          |mac_muladd_18s_14s_34s_34_4_0          |         i0 + i1 * i2|
    |mac_muladd_18s_18s_33ns_34_4_0_U14         |mac_muladd_18s_18s_33ns_34_4_0         |         i0 * i1 + i2|
    |mac_muladd_18s_18s_33ns_34_4_0_U17         |mac_muladd_18s_18s_33ns_34_4_0         |         i0 * i1 + i2|
    |mac_muladd_18s_18s_33ns_34_4_0_U19         |mac_muladd_18s_18s_33ns_34_4_0         |         i0 * i1 + i2|
    |mac_muladd_18s_18s_33ns_34_4_0_U22         |mac_muladd_18s_18s_33ns_34_4_0         |         i0 * i1 + i2|
    |mac_muladd_18s_18s_33s_33_4_0_U40          |mac_muladd_18s_18s_33s_33_4_0          |         i0 + i1 * i2|
    |mac_muladd_18s_18s_33s_33_4_0_U48          |mac_muladd_18s_18s_33s_33_4_0          |         i0 + i1 * i2|
    |mac_muladd_18s_18s_34ns_34_4_0_U26         |mac_muladd_18s_18s_34ns_34_4_0         |         i0 * i1 + i2|
    |mac_muladd_18s_18s_34ns_34_4_0_U31         |mac_muladd_18s_18s_34ns_34_4_0         |         i0 * i1 + i2|
    |mac_muladd_18s_18s_34s_34_4_0_U15          |mac_muladd_18s_18s_34s_34_4_0          |         i0 + i1 * i2|
    |mac_muladd_18s_18s_34s_34_4_0_U21          |mac_muladd_18s_18s_34s_34_4_0          |         i0 + i1 * i2|
    |mac_muladd_18s_18s_34s_34_4_0_U27          |mac_muladd_18s_18s_34s_34_4_0          |         i0 + i1 * i2|
    |mac_muladd_18s_18s_34s_34_4_0_U32          |mac_muladd_18s_18s_34s_34_4_0          |         i0 + i1 * i2|
    |mul_mul_18s_13s_31_4_0_U24                 |mul_mul_18s_13s_31_4_0                 |              i0 * i1|
    |mul_mul_18s_13s_31_4_0_U29                 |mul_mul_18s_13s_31_4_0                 |              i0 * i1|
    |mul_mul_18s_14s_32_4_0_U13                 |mul_mul_18s_14s_32_4_0                 |              i0 * i1|
    |mul_mul_18s_16ns_34_4_0_U9                 |mul_mul_18s_16ns_34_4_0                |              i0 * i1|
    |mul_mul_18s_16s_34_4_0_U25                 |mul_mul_18s_16s_34_4_0                 |              i0 * i1|
    |mul_mul_18s_16s_34_4_0_U30                 |mul_mul_18s_16s_34_4_0                 |              i0 * i1|
    |mul_mul_18s_18s_29_4_0_U7                  |mul_mul_18s_18s_29_4_0                 |              i0 * i1|
    |mul_mul_18s_18s_31_4_0_U43                 |mul_mul_18s_18s_31_4_0                 |              i0 * i0|
    |mul_mul_18s_18s_31_4_0_U50                 |mul_mul_18s_18s_31_4_0                 |              i0 * i0|
    |mul_mul_18s_18s_33_4_0_U35                 |mul_mul_18s_18s_33_4_0                 |              i0 * i1|
    |mul_mul_18s_18s_33_4_0_U37                 |mul_mul_18s_18s_33_4_0                 |              i0 * i1|
    |mul_mul_18s_18s_33_4_0_U38                 |mul_mul_18s_18s_33_4_0                 |              i0 * i1|
    |mul_mul_18s_18s_33_4_0_U42                 |mul_mul_18s_18s_33_4_0                 |              i0 * i1|
    |mul_mul_18s_18s_33_4_0_U45                 |mul_mul_18s_18s_33_4_0                 |              i0 * i1|
    |mul_mul_18s_18s_33_4_0_U46                 |mul_mul_18s_18s_33_4_0                 |              i0 * i1|
    |mul_mul_18s_18s_34_4_0_U10                 |mul_mul_18s_18s_34_4_0                 |              i0 * i0|
    |mul_mul_18s_18s_34_4_0_U11                 |mul_mul_18s_18s_34_4_0                 |              i0 * i0|
    |mul_mul_18s_18s_34_4_0_U12                 |mul_mul_18s_18s_34_4_0                 |              i0 * i0|
    |mul_mul_18s_18s_34_4_0_U16                 |mul_mul_18s_18s_34_4_0                 |              i0 * i1|
    |mul_mul_18s_18s_34_4_0_U18                 |mul_mul_18s_18s_34_4_0                 |              i0 * i1|
    |mul_mul_18s_18s_34_4_0_U20                 |mul_mul_18s_18s_34_4_0                 |              i0 * i1|
    |mul_mul_18s_18s_34_4_0_U23                 |mul_mul_18s_18s_34_4_0                 |              i0 * i1|
    |mul_mul_18s_18s_34_4_0_U28                 |mul_mul_18s_18s_34_4_0                 |              i0 * i1|
    |mul_mul_18s_18s_34_4_0_U33                 |mul_mul_18s_18s_34_4_0                 |              i0 * i1|
    |mul_mul_18s_18s_36_4_0_U8                  |mul_mul_18s_18s_36_4_0                 |              i0 * i0|
    |mul_mul_18s_18s_36_4_0_U41                 |mul_mul_18s_18s_36_4_0                 |              i0 * i0|
    |mul_mul_18s_18s_36_4_0_U49                 |mul_mul_18s_18s_36_4_0                 |              i0 * i0|
    +-------------------------------------------+---------------------------------------+---------------------+

    * Memory: 
    N/A

    * FIFO: 
    N/A

    * Expression: 
    +--------------------------+----------+----+---+----+------------+------------+
    |       Variable Name      | Operation| DSP| FF| LUT| Bitwidth P0| Bitwidth P1|
    +--------------------------+----------+----+---+----+------------+------------+
    |add_ln1192_11_fu_857_p2   |         +|   0|  0|  40|          33|          33|
    |add_ln1192_12_fu_918_p2   |         +|   0|  0|  26|          19|          19|
    |add_ln1192_13_fu_879_p2   |         +|   0|  0|  26|          19|          19|
    |add_ln1192_14_fu_1076_p2  |         +|   0|  0|  61|          54|          54|
    |add_ln1192_21_fu_960_p2   |         +|   0|  0|  40|          33|          33|
    |add_ln1192_23_fu_1106_p2  |         +|   0|  0|  40|          33|          33|
    |add_ln1192_25_fu_1132_p2  |         +|   0|  0|  40|          33|          33|
    |add_ln1192_26_fu_1154_p2  |         +|   0|  0|  26|          19|          19|
    |add_ln1192_27_fu_1177_p2  |         +|   0|  0|  26|          19|          19|
    |add_ln1192_28_fu_1265_p2  |         +|   0|  0|  61|          54|          54|
    |add_ln1192_7_fu_532_p2    |         +|   0|  0|  40|          33|          33|
    |add_ln1192_9_fu_831_p2    |         +|   0|  0|  40|          33|          33|
    |add_ln703_1_fu_790_p2     |         +|   0|  0|  25|          18|          18|
    |add_ln703_2_fu_796_p2     |         +|   0|  0|  25|          18|          18|
    |add_ln703_5_fu_479_p2     |         +|   0|  0|  18|          18|          18|
    |add_ln703_6_fu_805_p2     |         +|   0|  0|  25|          18|          18|
    |add_ln703_fu_440_p2       |         +|   0|  0|  18|          18|          18|
    |grp_fu_1625_p3            |         +|   0|  0|  39|          32|          32|
    |ret_V_fu_278_p2           |         +|   0|  0|  41|          34|          29|
    |grp_fu_1433_p2            |         -|   0|  0|  41|          34|          34|
    |grp_fu_1471_p2            |         -|   0|  0|  41|          34|          34|
    |r_V_16_fu_375_p2          |         -|   0|  0|  41|          34|          34|
    |r_V_17_fu_413_p2          |         -|   0|  0|  41|          34|          34|
    |sub_ln703_2_fu_434_p2     |         -|   0|  0|  18|          17|          18|
    |sub_ln703_3_fu_976_p2     |         -|   0|  0|  25|          18|          18|
    |sub_ln703_4_fu_934_p2     |         -|   0|  0|  25|          18|          18|
    |sub_ln703_5_fu_331_p2     |         -|   0|  0|  25|          17|          18|
    |sub_ln703_6_fu_473_p2     |         -|   0|  0|  18|          17|          18|
    |sub_ln703_7_fu_1193_p2    |         -|   0|  0|  25|          18|          18|
    |sub_ln703_8_fu_1197_p2    |         -|   0|  0|  25|          18|          18|
    |sub_ln703_fu_313_p2       |         -|   0|  0|  25|          17|          18|
    |icmp_ln211_1_fu_815_p2    |      icmp|   0|  0|  13|          18|          17|
    |icmp_ln211_fu_810_p2      |      icmp|   0|  0|  13|          18|          17|
    |or_ln211_fu_1281_p2       |        or|   0|  0|   2|           1|           1|
    |select_ln4_fu_1285_p3     |    select|   0|  0|  28|           1|          28|
    |xor_ln1116_1_fu_1046_p2   |       xor|   0|  0|  17|          16|          17|
    |xor_ln1116_fu_763_p2      |       xor|   0|  0|  17|          16|          17|
    +--------------------------+----------+----+---+----+------------+------------+
    |Total                     |          |   0|  0|1097|         884|         910|
    +--------------------------+----------+----+---+----+------------+------------+

    * Multiplexer: 
    +-------------+----+-----------+-----+-----------+
    |     Name    | LUT| Input Size| Bits| Total Bits|
    +-------------+----+-----------+-----+-----------+
    |ap_return_0  |   9|          2|   32|         64|
    |ap_return_1  |   9|          2|    6|         12|
    +-------------+----+-----------+-----+-----------+
    |Total        |  18|          4|   38|         76|
    +-------------+----+-----------+-----+-----------+

    * Register: 
    +----------------------------------------+----+----+-----+-----------+
    |                  Name                  | FF | LUT| Bits| Const Bits|
    +----------------------------------------+----+----+-----+-----------+
    |A0T_V_reg_1740                          |  18|   0|   18|          0|
    |A1T2_V_2_reg_1795                       |  18|   0|   18|          0|
    |A1T2_V_2_reg_1795_pp0_iter49_reg        |  18|   0|   18|          0|
    |add_ln703_6_reg_2099                    |  18|   0|   18|          0|
    |ap_ce_reg                               |   1|   0|    1|          0|
    |ap_return_0_int_reg                     |  32|   0|   32|          0|
    |ap_return_1_int_reg                     |   6|   0|   32|         26|
    |bT_V_reg_1788                           |  18|   0|   18|          0|
    |iLRef_V_reg_2135                        |  18|   0|   18|          0|
    |icmp_ln211_1_reg_2109                   |   1|   0|    1|          0|
    |icmp_ln211_reg_2104                     |   1|   0|    1|          0|
    |mul_ln1118_2_reg_2163                   |  36|   0|   36|          0|
    |mul_ln1118_3_reg_2199                   |  47|   0|   47|          0|
    |mul_ln1118_6_reg_2269                   |  36|   0|   36|          0|
    |mul_ln1118_7_reg_2284                   |  47|   0|   47|          0|
    |p_read106_reg_1649                      |  18|   0|   18|          0|
    |p_read10_int_reg                        |  18|   0|   18|          0|
    |p_read11_int_reg                        |  18|   0|   18|          0|
    |p_read12_int_reg                        |  18|   0|   18|          0|
    |p_read22_reg_1675                       |  18|   0|   18|          0|
    |p_read2_int_reg                         |  18|   0|   18|          0|
    |p_read73_reg_1666                       |  18|   0|   18|          0|
    |p_read7_int_reg                         |  18|   0|   18|          0|
    |p_read84_reg_1661                       |  18|   0|   18|          0|
    |p_read8_int_reg                         |  18|   0|   18|          0|
    |p_read95_reg_1656                       |  18|   0|   18|          0|
    |p_read9_int_reg                         |  18|   0|   18|          0|
    |p_read_10_reg_1644                      |  18|   0|   18|          0|
    |p_read_reg_1636                         |  18|   0|   18|          0|
    |r_V_14_reg_1757                         |  34|   0|   34|          0|
    |r_V_reg_1710                            |  36|   0|   36|          0|
    |sdiv_ln1148_reg_2078                    |  13|   0|   13|          0|
    |sext_ln1118_25_reg_1775                 |  34|   0|   34|          0|
    |sext_ln1118_25_reg_1775_pp0_iter47_reg  |  34|   0|   34|          0|
    |sext_ln1118_4_reg_1762                  |  34|   0|   34|          0|
    |sext_ln1118_5_reg_1747                  |  34|   0|   34|          0|
    |sext_ln1118_7_reg_1810                  |  34|   0|   34|          0|
    |sext_ln1118_8_reg_1816                  |  34|   0|   34|          0|
    |sub_ln703_5_reg_1842                    |  18|   0|   18|          0|
    |sub_ln703_7_reg_2251                    |  18|   0|   18|          0|
    |sub_ln703_reg_1824                      |  18|   0|   18|          0|
    |tmp_1_reg_1961                          |  18|   0|   18|          0|
    |tmp_2_reg_2006                          |  18|   0|   18|          0|
    |tmp_3_reg_1946                          |  18|   0|   18|          0|
    |tmp_4_reg_1981                          |  18|   0|   18|          0|
    |tmp_5_reg_2031                          |  18|   0|   18|          0|
    |trunc_ln6_reg_2141                      |  18|   0|   18|          0|
    |trunc_ln703_1_reg_2120                  |  18|   0|   18|          0|
    |trunc_ln703_2_reg_2241                  |  18|   0|   18|          0|
    |trunc_ln703_3_reg_2246                  |  18|   0|   18|          0|
    |trunc_ln708_10_reg_2220                 |  32|   0|   32|          0|
    |trunc_ln708_11_reg_1837                 |  18|   0|   18|          0|
    |trunc_ln708_12_reg_1966                 |  18|   0|   18|          0|
    |trunc_ln708_13_reg_2011                 |  15|   0|   15|          0|
    |trunc_ln708_14_reg_2057                 |  18|   0|   18|          0|
    |trunc_ln708_15_reg_2021                 |  18|   0|   18|          0|
    |trunc_ln708_16_reg_2026                 |  18|   0|   18|          0|
    |trunc_ln708_17_reg_2152                 |  18|   0|   18|          0|
    |trunc_ln708_18_reg_2173                 |  18|   0|   18|          0|
    |trunc_ln708_2_reg_1986                  |  15|   0|   15|          0|
    |trunc_ln708_2_reg_1986_pp0_iter54_reg   |  15|   0|   15|          0|
    |trunc_ln708_3_reg_2036                  |  18|   0|   18|          0|
    |trunc_ln708_5_reg_1996                  |  18|   0|   18|          0|
    |trunc_ln708_5_reg_1996_pp0_iter54_reg   |  18|   0|   18|          0|
    |trunc_ln708_6_reg_2001                  |  18|   0|   18|          0|
    |trunc_ln708_7_reg_2114                  |  18|   0|   18|          0|
    |trunc_ln708_9_reg_1920                  |  18|   0|   18|          0|
    |trunc_ln_reg_1800                       |  18|   0|   18|          0|
    |trunc_ln_reg_1800_pp0_iter49_reg        |  18|   0|   18|          0|
    |vTmp_reg_1705                           |  18|   0|   18|          0|
    |A0T_V_reg_1740                          |  64|  32|   18|          0|
    |add_ln703_6_reg_2099                    |  64|  32|   18|          0|
    |bT_V_reg_1788                           |  64|  32|   18|          0|
    |iLRef_V_reg_2135                        |  64|  32|   18|          0|
    |icmp_ln211_1_reg_2109                   |  64|  32|    1|          0|
    |icmp_ln211_reg_2104                     |  64|  32|    1|          0|
    |p_read106_reg_1649                      |  64|  32|   18|          0|
    |p_read22_reg_1675                       |  64|  32|   18|          0|
    |p_read73_reg_1666                       |  64|  32|   18|          0|
    |p_read84_reg_1661                       |  64|  32|   18|          0|
    |p_read95_reg_1656                       |  64|  32|   18|          0|
    |p_read_10_reg_1644                      |  64|  32|   18|          0|
    |p_read_reg_1636                         |  64|  32|   18|          0|
    |sext_ln1118_4_reg_1762                  |  64|  32|   34|          0|
    |sext_ln1118_5_reg_1747                  |  64|  32|   34|          0|
    |sub_ln703_5_reg_1842                    |  64|  32|   18|          0|
    |sub_ln703_reg_1824                      |  64|  32|   18|          0|
    |tmp_1_reg_1961                          |  64|  32|   18|          0|
    |tmp_2_reg_2006                          |  64|  32|   18|          0|
    |tmp_3_reg_1946                          |  64|  32|   18|          0|
    |tmp_4_reg_1981                          |  64|  32|   18|          0|
    |tmp_5_reg_2031                          |  64|  32|   18|          0|
    |trunc_ln708_10_reg_2220                 |  64|  32|   32|          0|
    |trunc_ln708_12_reg_1966                 |  64|  32|   18|          0|
    |trunc_ln708_13_reg_2011                 |  64|  32|   15|          0|
    |trunc_ln708_14_reg_2057                 |  64|  32|   18|          0|
    |trunc_ln708_15_reg_2021                 |  64|  32|   18|          0|
    |trunc_ln708_16_reg_2026                 |  64|  32|   18|          0|
    |trunc_ln708_17_reg_2152                 |  64|  32|   18|          0|
    |trunc_ln708_18_reg_2173                 |  64|  32|   18|          0|
    |trunc_ln708_3_reg_2036                  |  64|  32|   18|          0|
    |trunc_ln708_9_reg_1920                  |  64|  32|   18|          0|
    +----------------------------------------+----+----+-----+-----------+
    |Total                                   |3483|1024| 2046|         26|
    +----------------------------------------+----+----+-----+-----------+



================================================================
== Interface
================================================================
* Summary: 
+-------------+-----+-----+------------+--------------+--------------+
|  RTL Ports  | Dir | Bits|  Protocol  | Source Object|    C Type    |
+-------------+-----+-----+------------+--------------+--------------+
|ap_clk       |   in|    1|  ap_ctrl_hs|  costFunction|  return value|
|ap_rst       |   in|    1|  ap_ctrl_hs|  costFunction|  return value|
|ap_return_0  |  out|   32|  ap_ctrl_hs|  costFunction|  return value|
|ap_return_1  |  out|   32|  ap_ctrl_hs|  costFunction|  return value|
|ap_ce        |   in|    1|  ap_ctrl_hs|  costFunction|  return value|
|p_read2      |   in|   18|     ap_none|       p_read2|        scalar|
|p_read7      |   in|   18|     ap_none|       p_read7|        scalar|
|p_read8      |   in|   18|     ap_none|       p_read8|        scalar|
|p_read9      |   in|   18|     ap_none|       p_read9|        scalar|
|p_read10     |   in|   18|     ap_none|      p_read10|        scalar|
|p_read11     |   in|   18|     ap_none|      p_read11|        scalar|
|p_read12     |   in|   18|     ap_none|      p_read12|        scalar|
+-------------+-----+-----+------------+--------------+--------------+

============================================================
+ Verbose Summary: Synthesis Manager
============================================================
InlineROM: 1
ExposeGlobal: 0
============================================================
+ Verbose Summary: CDFG Model
============================================================
IsTopModel: 0
ResetActiveHigh: 1
IsCombinational: 2
IsDatapathOnly: 1
HasWiredReturn: 1
HasMFsm: 2
HasVarLatency: 0
IsPipeline: 1
IsRtlPipelined: 1
IsInstanceOverlapped: 0
IsDontTouch: 0
HasImplIP: 0
IsGatedGlobalClock: 0

+ Individual pipeline summary: 
  * Pipeline-0: initiation interval (II) = 1, depth = 71


============================================================
+ Verbose Summary: Schedule
============================================================
* Number of FSM states : 71
* Pipeline : 1
  Pipeline-0 : II = 1, D = 71, States = { 1 2 3 4 5 6 7 8 9 10 11 12 13 14 15 16 17 18 19 20 21 22 23 24 25 26 27 28 29 30 31 32 33 34 35 36 37 38 39 40 41 42 43 44 45 46 47 48 49 50 51 52 53 54 55 56 57 58 59 60 61 62 63 64 65 66 67 68 69 70 71 }
* Dataflow Pipeline: 0

* FSM state transitions: 
1 --> 2 
2 --> 3 
3 --> 4 
4 --> 5 
5 --> 6 
6 --> 7 
7 --> 8 
8 --> 9 
9 --> 10 
10 --> 11 
11 --> 12 
12 --> 13 
13 --> 14 
14 --> 15 
15 --> 16 
16 --> 17 
17 --> 18 
18 --> 19 
19 --> 20 
20 --> 21 
21 --> 22 
22 --> 23 
23 --> 24 
24 --> 25 
25 --> 26 
26 --> 27 
27 --> 28 
28 --> 29 
29 --> 30 
30 --> 31 
31 --> 32 
32 --> 33 
33 --> 34 
34 --> 35 
35 --> 36 
36 --> 37 
37 --> 38 
38 --> 39 
39 --> 40 
40 --> 41 
41 --> 42 
42 --> 43 
43 --> 44 
44 --> 45 
45 --> 46 
46 --> 47 
47 --> 48 
48 --> 49 
49 --> 50 
50 --> 51 
51 --> 52 
52 --> 53 
53 --> 54 
54 --> 55 
55 --> 56 
56 --> 57 
57 --> 58 
58 --> 59 
59 --> 60 
60 --> 61 
61 --> 62 
62 --> 63 
63 --> 64 
64 --> 65 
65 --> 66 
66 --> 67 
67 --> 68 
68 --> 69 
69 --> 70 
70 --> 71 
71 --> 

* FSM state operations: 

State 1 <SV = 0> <Delay = 4.61>
ST_1 : Operation 72 [1/1] (0.00ns)   --->   "%p_read = read i18 @_ssdm_op_Read.ap_auto.i18, i18 %p_read12" [MPCwithMADS_fxd/costFunction.cpp:4]   --->   Operation 72 'read' 'p_read' <Predicate = true> <Delay = 0.00>
ST_1 : Operation 73 [1/1] (0.00ns)   --->   "%p_read_10 = read i18 @_ssdm_op_Read.ap_auto.i18, i18 %p_read11" [MPCwithMADS_fxd/costFunction.cpp:4]   --->   Operation 73 'read' 'p_read_10' <Predicate = true> <Delay = 0.00>
ST_1 : Operation 74 [1/1] (0.00ns)   --->   "%p_read106 = read i18 @_ssdm_op_Read.ap_auto.i18, i18 %p_read10" [MPCwithMADS_fxd/costFunction.cpp:4]   --->   Operation 74 'read' 'p_read106' <Predicate = true> <Delay = 0.00>
ST_1 : Operation 75 [1/1] (0.00ns)   --->   "%p_read95 = read i18 @_ssdm_op_Read.ap_auto.i18, i18 %p_read9" [MPCwithMADS_fxd/costFunction.cpp:4]   --->   Operation 75 'read' 'p_read95' <Predicate = true> <Delay = 0.00>
ST_1 : Operation 76 [1/1] (0.00ns)   --->   "%p_read84 = read i18 @_ssdm_op_Read.ap_auto.i18, i18 %p_read8" [MPCwithMADS_fxd/costFunction.cpp:4]   --->   Operation 76 'read' 'p_read84' <Predicate = true> <Delay = 0.00>
ST_1 : Operation 77 [1/1] (0.00ns)   --->   "%p_read73 = read i18 @_ssdm_op_Read.ap_auto.i18, i18 %p_read7" [MPCwithMADS_fxd/costFunction.cpp:4]   --->   Operation 77 'read' 'p_read73' <Predicate = true> <Delay = 0.00>
ST_1 : Operation 78 [1/1] (0.00ns)   --->   "%p_read22 = read i18 @_ssdm_op_Read.ap_auto.i18, i18 %p_read2" [MPCwithMADS_fxd/costFunction.cpp:4]   --->   Operation 78 'read' 'p_read22' <Predicate = true> <Delay = 0.00>
ST_1 : Operation 79 [1/1] (0.00ns)   --->   "%sext_ln1148_2 = sext i18 %p_read_10"   --->   Operation 79 'sext' 'sext_ln1148_2' <Predicate = true> <Delay = 0.00>
ST_1 : Operation 80 [46/46] (4.61ns)   --->   "%sdiv_ln1148_2 = sdiv i42 2199108911104, i42 %sext_ln1148_2"   --->   Operation 80 'sdiv' 'sdiv_ln1148_2' <Predicate = true> <Delay = 4.61> <CoreInst = "Divider">   --->   Core 6 'Divider' <Latency = 32> <II = 1> <Delay = 4.24> <FuncUnit> <Opcode : 'sdiv' 'srem' 'udiv' 'urem'> <InPorts = 2> <OutPorts = 1>

State 2 <SV = 1> <Delay = 4.61>
ST_2 : Operation 81 [45/46] (4.61ns)   --->   "%sdiv_ln1148_2 = sdiv i42 2199108911104, i42 %sext_ln1148_2"   --->   Operation 81 'sdiv' 'sdiv_ln1148_2' <Predicate = true> <Delay = 4.61> <CoreInst = "Divider">   --->   Core 6 'Divider' <Latency = 32> <II = 1> <Delay = 4.24> <FuncUnit> <Opcode : 'sdiv' 'srem' 'udiv' 'urem'> <InPorts = 2> <OutPorts = 1>

State 3 <SV = 2> <Delay = 4.61>
ST_3 : Operation 82 [44/46] (4.61ns)   --->   "%sdiv_ln1148_2 = sdiv i42 2199108911104, i42 %sext_ln1148_2"   --->   Operation 82 'sdiv' 'sdiv_ln1148_2' <Predicate = true> <Delay = 4.61> <CoreInst = "Divider">   --->   Core 6 'Divider' <Latency = 32> <II = 1> <Delay = 4.24> <FuncUnit> <Opcode : 'sdiv' 'srem' 'udiv' 'urem'> <InPorts = 2> <OutPorts = 1>

State 4 <SV = 3> <Delay = 4.61>
ST_4 : Operation 83 [43/46] (4.61ns)   --->   "%sdiv_ln1148_2 = sdiv i42 2199108911104, i42 %sext_ln1148_2"   --->   Operation 83 'sdiv' 'sdiv_ln1148_2' <Predicate = true> <Delay = 4.61> <CoreInst = "Divider">   --->   Core 6 'Divider' <Latency = 32> <II = 1> <Delay = 4.24> <FuncUnit> <Opcode : 'sdiv' 'srem' 'udiv' 'urem'> <InPorts = 2> <OutPorts = 1>

State 5 <SV = 4> <Delay = 4.61>
ST_5 : Operation 84 [42/46] (4.61ns)   --->   "%sdiv_ln1148_2 = sdiv i42 2199108911104, i42 %sext_ln1148_2"   --->   Operation 84 'sdiv' 'sdiv_ln1148_2' <Predicate = true> <Delay = 4.61> <CoreInst = "Divider">   --->   Core 6 'Divider' <Latency = 32> <II = 1> <Delay = 4.24> <FuncUnit> <Opcode : 'sdiv' 'srem' 'udiv' 'urem'> <InPorts = 2> <OutPorts = 1>

State 6 <SV = 5> <Delay = 4.61>
ST_6 : Operation 85 [1/1] (0.00ns)   --->   "%sext_ln727 = sext i18 %p_read106"   --->   Operation 85 'sext' 'sext_ln727' <Predicate = true> <Delay = 0.00>
ST_6 : Operation 86 [1/1] (0.00ns)   --->   "%sext_ln1115 = sext i18 %p_read_10"   --->   Operation 86 'sext' 'sext_ln1115' <Predicate = true> <Delay = 0.00>
ST_6 : Operation 87 [4/4] (2.15ns) (root node of the DSP)   --->   "%mul_ln1115 = mul i29 %sext_ln1115, i29 %sext_ln727"   --->   Operation 87 'mul' 'mul_ln1115' <Predicate = true> <Delay = 2.15> <CoreInst = "DSP48">   --->   Core 119 'DSP48' <Latency = 3> <II = 1> <Delay = 2.15> <IPBlock> <Opcode : 'mul' 'add' 'sub' 'select'> <InPorts = 0> <OutPorts = 1> <Sync> <CReg>
ST_6 : Operation 88 [1/1] (0.00ns)   --->   "%sext_ln1116 = sext i18 %p_read"   --->   Operation 88 'sext' 'sext_ln1116' <Predicate = true> <Delay = 0.00>
ST_6 : Operation 89 [4/4] (2.15ns) (root node of the DSP)   --->   "%r_V = mul i36 %sext_ln1116, i36 %sext_ln1116"   --->   Operation 89 'mul' 'r_V' <Predicate = true> <Delay = 2.15> <CoreInst = "DSP48">   --->   Core 119 'DSP48' <Latency = 3> <II = 1> <Delay = 2.15> <IPBlock> <Opcode : 'mul' 'add' 'sub' 'select'> <InPorts = 0> <OutPorts = 1> <Sync> <CReg>
ST_6 : Operation 90 [41/46] (4.61ns)   --->   "%sdiv_ln1148_2 = sdiv i42 2199108911104, i42 %sext_ln1148_2"   --->   Operation 90 'sdiv' 'sdiv_ln1148_2' <Predicate = true> <Delay = 4.61> <CoreInst = "Divider">   --->   Core 6 'Divider' <Latency = 32> <II = 1> <Delay = 4.24> <FuncUnit> <Opcode : 'sdiv' 'srem' 'udiv' 'urem'> <InPorts = 2> <OutPorts = 1>

State 7 <SV = 6> <Delay = 4.61>
ST_7 : Operation 91 [3/4] (2.15ns) (root node of the DSP)   --->   "%mul_ln1115 = mul i29 %sext_ln1115, i29 %sext_ln727"   --->   Operation 91 'mul' 'mul_ln1115' <Predicate = true> <Delay = 2.15> <CoreInst = "DSP48">   --->   Core 119 'DSP48' <Latency = 3> <II = 1> <Delay = 2.15> <IPBlock> <Opcode : 'mul' 'add' 'sub' 'select'> <InPorts = 0> <OutPorts = 1> <Sync> <CReg>
ST_7 : Operation 92 [3/4] (2.15ns) (root node of the DSP)   --->   "%r_V = mul i36 %sext_ln1116, i36 %sext_ln1116"   --->   Operation 92 'mul' 'r_V' <Predicate = true> <Delay = 2.15> <CoreInst = "DSP48">   --->   Core 119 'DSP48' <Latency = 3> <II = 1> <Delay = 2.15> <IPBlock> <Opcode : 'mul' 'add' 'sub' 'select'> <InPorts = 0> <OutPorts = 1> <Sync> <CReg>
ST_7 : Operation 93 [40/46] (4.61ns)   --->   "%sdiv_ln1148_2 = sdiv i42 2199108911104, i42 %sext_ln1148_2"   --->   Operation 93 'sdiv' 'sdiv_ln1148_2' <Predicate = true> <Delay = 4.61> <CoreInst = "Divider">   --->   Core 6 'Divider' <Latency = 32> <II = 1> <Delay = 4.24> <FuncUnit> <Opcode : 'sdiv' 'srem' 'udiv' 'urem'> <InPorts = 2> <OutPorts = 1>

State 8 <SV = 7> <Delay = 4.61>
ST_8 : Operation 94 [2/4] (2.15ns) (root node of the DSP)   --->   "%mul_ln1115 = mul i29 %sext_ln1115, i29 %sext_ln727"   --->   Operation 94 'mul' 'mul_ln1115' <Predicate = true> <Delay = 2.15> <CoreInst = "DSP48">   --->   Core 119 'DSP48' <Latency = 3> <II = 1> <Delay = 2.15> <IPBlock> <Opcode : 'mul' 'add' 'sub' 'select'> <InPorts = 0> <OutPorts = 1> <Sync> <CReg>
ST_8 : Operation 95 [2/4] (2.15ns) (root node of the DSP)   --->   "%r_V = mul i36 %sext_ln1116, i36 %sext_ln1116"   --->   Operation 95 'mul' 'r_V' <Predicate = true> <Delay = 2.15> <CoreInst = "DSP48">   --->   Core 119 'DSP48' <Latency = 3> <II = 1> <Delay = 2.15> <IPBlock> <Opcode : 'mul' 'add' 'sub' 'select'> <InPorts = 0> <OutPorts = 1> <Sync> <CReg>
ST_8 : Operation 96 [39/46] (4.61ns)   --->   "%sdiv_ln1148_2 = sdiv i42 2199108911104, i42 %sext_ln1148_2"   --->   Operation 96 'sdiv' 'sdiv_ln1148_2' <Predicate = true> <Delay = 4.61> <CoreInst = "Divider">   --->   Core 6 'Divider' <Latency = 32> <II = 1> <Delay = 4.24> <FuncUnit> <Opcode : 'sdiv' 'srem' 'udiv' 'urem'> <InPorts = 2> <OutPorts = 1>

State 9 <SV = 8> <Delay = 4.61>
ST_9 : Operation 97 [1/4] (0.00ns) (root node of the DSP)   --->   "%mul_ln1115 = mul i29 %sext_ln1115, i29 %sext_ln727"   --->   Operation 97 'mul' 'mul_ln1115' <Predicate = true> <Delay = 0.00> <CoreInst = "DSP48">   --->   Core 119 'DSP48' <Latency = 3> <II = 1> <Delay = 2.15> <IPBlock> <Opcode : 'mul' 'add' 'sub' 'select'> <InPorts = 0> <OutPorts = 1> <Sync> <CReg>
ST_9 : Operation 98 [1/1] (0.00ns)   --->   "%vTmp = partselect i18 @_ssdm_op_PartSelect.i18.i29.i32.i32, i29 %mul_ln1115, i32 11, i32 28"   --->   Operation 98 'partselect' 'vTmp' <Predicate = true> <Delay = 0.00>
ST_9 : Operation 99 [1/4] (0.00ns) (root node of the DSP)   --->   "%r_V = mul i36 %sext_ln1116, i36 %sext_ln1116"   --->   Operation 99 'mul' 'r_V' <Predicate = true> <Delay = 0.00> <CoreInst = "DSP48">   --->   Core 119 'DSP48' <Latency = 3> <II = 1> <Delay = 2.15> <IPBlock> <Opcode : 'mul' 'add' 'sub' 'select'> <InPorts = 0> <OutPorts = 1> <Sync> <CReg>
ST_9 : Operation 100 [38/46] (4.61ns)   --->   "%sdiv_ln1148_2 = sdiv i42 2199108911104, i42 %sext_ln1148_2"   --->   Operation 100 'sdiv' 'sdiv_ln1148_2' <Predicate = true> <Delay = 4.61> <CoreInst = "Divider">   --->   Core 6 'Divider' <Latency = 32> <II = 1> <Delay = 4.24> <FuncUnit> <Opcode : 'sdiv' 'srem' 'udiv' 'urem'> <InPorts = 2> <OutPorts = 1>

State 10 <SV = 9> <Delay = 4.73>
ST_10 : Operation 101 [1/1] (0.00ns)   --->   "%t_1 = bitconcatenate i47 @_ssdm_op_BitConcatenate.i47.i36.i11, i36 %r_V, i11 0"   --->   Operation 101 'bitconcatenate' 't_1' <Predicate = true> <Delay = 0.00>
ST_10 : Operation 102 [1/1] (0.00ns)   --->   "%sext_ln1148_1 = sext i18 %vTmp"   --->   Operation 102 'sext' 'sext_ln1148_1' <Predicate = true> <Delay = 0.00>
ST_10 : Operation 103 [51/51] (4.73ns)   --->   "%sdiv_ln1148_1 = sdiv i47 %t_1, i47 %sext_ln1148_1"   --->   Operation 103 'sdiv' 'sdiv_ln1148_1' <Predicate = true> <Delay = 4.73> <CoreInst = "Divider">   --->   Core 6 'Divider' <Latency = 32> <II = 1> <Delay = 4.24> <FuncUnit> <Opcode : 'sdiv' 'srem' 'udiv' 'urem'> <InPorts = 2> <OutPorts = 1>
ST_10 : Operation 104 [37/46] (4.61ns)   --->   "%sdiv_ln1148_2 = sdiv i42 2199108911104, i42 %sext_ln1148_2"   --->   Operation 104 'sdiv' 'sdiv_ln1148_2' <Predicate = true> <Delay = 4.61> <CoreInst = "Divider">   --->   Core 6 'Divider' <Latency = 32> <II = 1> <Delay = 4.24> <FuncUnit> <Opcode : 'sdiv' 'srem' 'udiv' 'urem'> <InPorts = 2> <OutPorts = 1>

State 11 <SV = 10> <Delay = 4.73>
ST_11 : Operation 105 [50/51] (4.73ns)   --->   "%sdiv_ln1148_1 = sdiv i47 %t_1, i47 %sext_ln1148_1"   --->   Operation 105 'sdiv' 'sdiv_ln1148_1' <Predicate = true> <Delay = 4.73> <CoreInst = "Divider">   --->   Core 6 'Divider' <Latency = 32> <II = 1> <Delay = 4.24> <FuncUnit> <Opcode : 'sdiv' 'srem' 'udiv' 'urem'> <InPorts = 2> <OutPorts = 1>
ST_11 : Operation 106 [36/46] (4.61ns)   --->   "%sdiv_ln1148_2 = sdiv i42 2199108911104, i42 %sext_ln1148_2"   --->   Operation 106 'sdiv' 'sdiv_ln1148_2' <Predicate = true> <Delay = 4.61> <CoreInst = "Divider">   --->   Core 6 'Divider' <Latency = 32> <II = 1> <Delay = 4.24> <FuncUnit> <Opcode : 'sdiv' 'srem' 'udiv' 'urem'> <InPorts = 2> <OutPorts = 1>

State 12 <SV = 11> <Delay = 4.73>
ST_12 : Operation 107 [49/51] (4.73ns)   --->   "%sdiv_ln1148_1 = sdiv i47 %t_1, i47 %sext_ln1148_1"   --->   Operation 107 'sdiv' 'sdiv_ln1148_1' <Predicate = true> <Delay = 4.73> <CoreInst = "Divider">   --->   Core 6 'Divider' <Latency = 32> <II = 1> <Delay = 4.24> <FuncUnit> <Opcode : 'sdiv' 'srem' 'udiv' 'urem'> <InPorts = 2> <OutPorts = 1>
ST_12 : Operation 108 [35/46] (4.61ns)   --->   "%sdiv_ln1148_2 = sdiv i42 2199108911104, i42 %sext_ln1148_2"   --->   Operation 108 'sdiv' 'sdiv_ln1148_2' <Predicate = true> <Delay = 4.61> <CoreInst = "Divider">   --->   Core 6 'Divider' <Latency = 32> <II = 1> <Delay = 4.24> <FuncUnit> <Opcode : 'sdiv' 'srem' 'udiv' 'urem'> <InPorts = 2> <OutPorts = 1>

State 13 <SV = 12> <Delay = 4.73>
ST_13 : Operation 109 [48/51] (4.73ns)   --->   "%sdiv_ln1148_1 = sdiv i47 %t_1, i47 %sext_ln1148_1"   --->   Operation 109 'sdiv' 'sdiv_ln1148_1' <Predicate = true> <Delay = 4.73> <CoreInst = "Divider">   --->   Core 6 'Divider' <Latency = 32> <II = 1> <Delay = 4.24> <FuncUnit> <Opcode : 'sdiv' 'srem' 'udiv' 'urem'> <InPorts = 2> <OutPorts = 1>
ST_13 : Operation 110 [34/46] (4.61ns)   --->   "%sdiv_ln1148_2 = sdiv i42 2199108911104, i42 %sext_ln1148_2"   --->   Operation 110 'sdiv' 'sdiv_ln1148_2' <Predicate = true> <Delay = 4.61> <CoreInst = "Divider">   --->   Core 6 'Divider' <Latency = 32> <II = 1> <Delay = 4.24> <FuncUnit> <Opcode : 'sdiv' 'srem' 'udiv' 'urem'> <InPorts = 2> <OutPorts = 1>

State 14 <SV = 13> <Delay = 4.73>
ST_14 : Operation 111 [47/51] (4.73ns)   --->   "%sdiv_ln1148_1 = sdiv i47 %t_1, i47 %sext_ln1148_1"   --->   Operation 111 'sdiv' 'sdiv_ln1148_1' <Predicate = true> <Delay = 4.73> <CoreInst = "Divider">   --->   Core 6 'Divider' <Latency = 32> <II = 1> <Delay = 4.24> <FuncUnit> <Opcode : 'sdiv' 'srem' 'udiv' 'urem'> <InPorts = 2> <OutPorts = 1>
ST_14 : Operation 112 [33/46] (4.61ns)   --->   "%sdiv_ln1148_2 = sdiv i42 2199108911104, i42 %sext_ln1148_2"   --->   Operation 112 'sdiv' 'sdiv_ln1148_2' <Predicate = true> <Delay = 4.61> <CoreInst = "Divider">   --->   Core 6 'Divider' <Latency = 32> <II = 1> <Delay = 4.24> <FuncUnit> <Opcode : 'sdiv' 'srem' 'udiv' 'urem'> <InPorts = 2> <OutPorts = 1>

State 15 <SV = 14> <Delay = 4.73>
ST_15 : Operation 113 [46/51] (4.73ns)   --->   "%sdiv_ln1148_1 = sdiv i47 %t_1, i47 %sext_ln1148_1"   --->   Operation 113 'sdiv' 'sdiv_ln1148_1' <Predicate = true> <Delay = 4.73> <CoreInst = "Divider">   --->   Core 6 'Divider' <Latency = 32> <II = 1> <Delay = 4.24> <FuncUnit> <Opcode : 'sdiv' 'srem' 'udiv' 'urem'> <InPorts = 2> <OutPorts = 1>
ST_15 : Operation 114 [32/46] (4.61ns)   --->   "%sdiv_ln1148_2 = sdiv i42 2199108911104, i42 %sext_ln1148_2"   --->   Operation 114 'sdiv' 'sdiv_ln1148_2' <Predicate = true> <Delay = 4.61> <CoreInst = "Divider">   --->   Core 6 'Divider' <Latency = 32> <II = 1> <Delay = 4.24> <FuncUnit> <Opcode : 'sdiv' 'srem' 'udiv' 'urem'> <InPorts = 2> <OutPorts = 1>

State 16 <SV = 15> <Delay = 4.73>
ST_16 : Operation 115 [45/51] (4.73ns)   --->   "%sdiv_ln1148_1 = sdiv i47 %t_1, i47 %sext_ln1148_1"   --->   Operation 115 'sdiv' 'sdiv_ln1148_1' <Predicate = true> <Delay = 4.73> <CoreInst = "Divider">   --->   Core 6 'Divider' <Latency = 32> <II = 1> <Delay = 4.24> <FuncUnit> <Opcode : 'sdiv' 'srem' 'udiv' 'urem'> <InPorts = 2> <OutPorts = 1>
ST_16 : Operation 116 [31/46] (4.61ns)   --->   "%sdiv_ln1148_2 = sdiv i42 2199108911104, i42 %sext_ln1148_2"   --->   Operation 116 'sdiv' 'sdiv_ln1148_2' <Predicate = true> <Delay = 4.61> <CoreInst = "Divider">   --->   Core 6 'Divider' <Latency = 32> <II = 1> <Delay = 4.24> <FuncUnit> <Opcode : 'sdiv' 'srem' 'udiv' 'urem'> <InPorts = 2> <OutPorts = 1>

State 17 <SV = 16> <Delay = 4.73>
ST_17 : Operation 117 [44/51] (4.73ns)   --->   "%sdiv_ln1148_1 = sdiv i47 %t_1, i47 %sext_ln1148_1"   --->   Operation 117 'sdiv' 'sdiv_ln1148_1' <Predicate = true> <Delay = 4.73> <CoreInst = "Divider">   --->   Core 6 'Divider' <Latency = 32> <II = 1> <Delay = 4.24> <FuncUnit> <Opcode : 'sdiv' 'srem' 'udiv' 'urem'> <InPorts = 2> <OutPorts = 1>
ST_17 : Operation 118 [30/46] (4.61ns)   --->   "%sdiv_ln1148_2 = sdiv i42 2199108911104, i42 %sext_ln1148_2"   --->   Operation 118 'sdiv' 'sdiv_ln1148_2' <Predicate = true> <Delay = 4.61> <CoreInst = "Divider">   --->   Core 6 'Divider' <Latency = 32> <II = 1> <Delay = 4.24> <FuncUnit> <Opcode : 'sdiv' 'srem' 'udiv' 'urem'> <InPorts = 2> <OutPorts = 1>

State 18 <SV = 17> <Delay = 4.73>
ST_18 : Operation 119 [43/51] (4.73ns)   --->   "%sdiv_ln1148_1 = sdiv i47 %t_1, i47 %sext_ln1148_1"   --->   Operation 119 'sdiv' 'sdiv_ln1148_1' <Predicate = true> <Delay = 4.73> <CoreInst = "Divider">   --->   Core 6 'Divider' <Latency = 32> <II = 1> <Delay = 4.24> <FuncUnit> <Opcode : 'sdiv' 'srem' 'udiv' 'urem'> <InPorts = 2> <OutPorts = 1>
ST_18 : Operation 120 [29/46] (4.61ns)   --->   "%sdiv_ln1148_2 = sdiv i42 2199108911104, i42 %sext_ln1148_2"   --->   Operation 120 'sdiv' 'sdiv_ln1148_2' <Predicate = true> <Delay = 4.61> <CoreInst = "Divider">   --->   Core 6 'Divider' <Latency = 32> <II = 1> <Delay = 4.24> <FuncUnit> <Opcode : 'sdiv' 'srem' 'udiv' 'urem'> <InPorts = 2> <OutPorts = 1>

State 19 <SV = 18> <Delay = 4.73>
ST_19 : Operation 121 [42/51] (4.73ns)   --->   "%sdiv_ln1148_1 = sdiv i47 %t_1, i47 %sext_ln1148_1"   --->   Operation 121 'sdiv' 'sdiv_ln1148_1' <Predicate = true> <Delay = 4.73> <CoreInst = "Divider">   --->   Core 6 'Divider' <Latency = 32> <II = 1> <Delay = 4.24> <FuncUnit> <Opcode : 'sdiv' 'srem' 'udiv' 'urem'> <InPorts = 2> <OutPorts = 1>
ST_19 : Operation 122 [28/46] (4.61ns)   --->   "%sdiv_ln1148_2 = sdiv i42 2199108911104, i42 %sext_ln1148_2"   --->   Operation 122 'sdiv' 'sdiv_ln1148_2' <Predicate = true> <Delay = 4.61> <CoreInst = "Divider">   --->   Core 6 'Divider' <Latency = 32> <II = 1> <Delay = 4.24> <FuncUnit> <Opcode : 'sdiv' 'srem' 'udiv' 'urem'> <InPorts = 2> <OutPorts = 1>

State 20 <SV = 19> <Delay = 4.73>
ST_20 : Operation 123 [41/51] (4.73ns)   --->   "%sdiv_ln1148_1 = sdiv i47 %t_1, i47 %sext_ln1148_1"   --->   Operation 123 'sdiv' 'sdiv_ln1148_1' <Predicate = true> <Delay = 4.73> <CoreInst = "Divider">   --->   Core 6 'Divider' <Latency = 32> <II = 1> <Delay = 4.24> <FuncUnit> <Opcode : 'sdiv' 'srem' 'udiv' 'urem'> <InPorts = 2> <OutPorts = 1>
ST_20 : Operation 124 [27/46] (4.61ns)   --->   "%sdiv_ln1148_2 = sdiv i42 2199108911104, i42 %sext_ln1148_2"   --->   Operation 124 'sdiv' 'sdiv_ln1148_2' <Predicate = true> <Delay = 4.61> <CoreInst = "Divider">   --->   Core 6 'Divider' <Latency = 32> <II = 1> <Delay = 4.24> <FuncUnit> <Opcode : 'sdiv' 'srem' 'udiv' 'urem'> <InPorts = 2> <OutPorts = 1>

State 21 <SV = 20> <Delay = 4.73>
ST_21 : Operation 125 [40/51] (4.73ns)   --->   "%sdiv_ln1148_1 = sdiv i47 %t_1, i47 %sext_ln1148_1"   --->   Operation 125 'sdiv' 'sdiv_ln1148_1' <Predicate = true> <Delay = 4.73> <CoreInst = "Divider">   --->   Core 6 'Divider' <Latency = 32> <II = 1> <Delay = 4.24> <FuncUnit> <Opcode : 'sdiv' 'srem' 'udiv' 'urem'> <InPorts = 2> <OutPorts = 1>
ST_21 : Operation 126 [26/46] (4.61ns)   --->   "%sdiv_ln1148_2 = sdiv i42 2199108911104, i42 %sext_ln1148_2"   --->   Operation 126 'sdiv' 'sdiv_ln1148_2' <Predicate = true> <Delay = 4.61> <CoreInst = "Divider">   --->   Core 6 'Divider' <Latency = 32> <II = 1> <Delay = 4.24> <FuncUnit> <Opcode : 'sdiv' 'srem' 'udiv' 'urem'> <InPorts = 2> <OutPorts = 1>

State 22 <SV = 21> <Delay = 4.73>
ST_22 : Operation 127 [39/51] (4.73ns)   --->   "%sdiv_ln1148_1 = sdiv i47 %t_1, i47 %sext_ln1148_1"   --->   Operation 127 'sdiv' 'sdiv_ln1148_1' <Predicate = true> <Delay = 4.73> <CoreInst = "Divider">   --->   Core 6 'Divider' <Latency = 32> <II = 1> <Delay = 4.24> <FuncUnit> <Opcode : 'sdiv' 'srem' 'udiv' 'urem'> <InPorts = 2> <OutPorts = 1>
ST_22 : Operation 128 [25/46] (4.61ns)   --->   "%sdiv_ln1148_2 = sdiv i42 2199108911104, i42 %sext_ln1148_2"   --->   Operation 128 'sdiv' 'sdiv_ln1148_2' <Predicate = true> <Delay = 4.61> <CoreInst = "Divider">   --->   Core 6 'Divider' <Latency = 32> <II = 1> <Delay = 4.24> <FuncUnit> <Opcode : 'sdiv' 'srem' 'udiv' 'urem'> <InPorts = 2> <OutPorts = 1>

State 23 <SV = 22> <Delay = 4.73>
ST_23 : Operation 129 [38/51] (4.73ns)   --->   "%sdiv_ln1148_1 = sdiv i47 %t_1, i47 %sext_ln1148_1"   --->   Operation 129 'sdiv' 'sdiv_ln1148_1' <Predicate = true> <Delay = 4.73> <CoreInst = "Divider">   --->   Core 6 'Divider' <Latency = 32> <II = 1> <Delay = 4.24> <FuncUnit> <Opcode : 'sdiv' 'srem' 'udiv' 'urem'> <InPorts = 2> <OutPorts = 1>
ST_23 : Operation 130 [24/46] (4.61ns)   --->   "%sdiv_ln1148_2 = sdiv i42 2199108911104, i42 %sext_ln1148_2"   --->   Operation 130 'sdiv' 'sdiv_ln1148_2' <Predicate = true> <Delay = 4.61> <CoreInst = "Divider">   --->   Core 6 'Divider' <Latency = 32> <II = 1> <Delay = 4.24> <FuncUnit> <Opcode : 'sdiv' 'srem' 'udiv' 'urem'> <InPorts = 2> <OutPorts = 1>

State 24 <SV = 23> <Delay = 4.73>
ST_24 : Operation 131 [37/51] (4.73ns)   --->   "%sdiv_ln1148_1 = sdiv i47 %t_1, i47 %sext_ln1148_1"   --->   Operation 131 'sdiv' 'sdiv_ln1148_1' <Predicate = true> <Delay = 4.73> <CoreInst = "Divider">   --->   Core 6 'Divider' <Latency = 32> <II = 1> <Delay = 4.24> <FuncUnit> <Opcode : 'sdiv' 'srem' 'udiv' 'urem'> <InPorts = 2> <OutPorts = 1>
ST_24 : Operation 132 [23/46] (4.61ns)   --->   "%sdiv_ln1148_2 = sdiv i42 2199108911104, i42 %sext_ln1148_2"   --->   Operation 132 'sdiv' 'sdiv_ln1148_2' <Predicate = true> <Delay = 4.61> <CoreInst = "Divider">   --->   Core 6 'Divider' <Latency = 32> <II = 1> <Delay = 4.24> <FuncUnit> <Opcode : 'sdiv' 'srem' 'udiv' 'urem'> <InPorts = 2> <OutPorts = 1>

State 25 <SV = 24> <Delay = 4.73>
ST_25 : Operation 133 [1/1] (0.00ns)   --->   "%t = bitconcatenate i29 @_ssdm_op_BitConcatenate.i29.i18.i11, i18 %p_read106, i11 0"   --->   Operation 133 'bitconcatenate' 't' <Predicate = true> <Delay = 0.00>
ST_25 : Operation 134 [1/1] (0.00ns)   --->   "%sext_ln1148 = sext i18 %p_read"   --->   Operation 134 'sext' 'sext_ln1148' <Predicate = true> <Delay = 0.00>
ST_25 : Operation 135 [33/33] (4.24ns)   --->   "%sdiv_ln1148 = sdiv i29 %t, i29 %sext_ln1148"   --->   Operation 135 'sdiv' 'sdiv_ln1148' <Predicate = true> <Delay = 4.24> <CoreInst = "Divider">   --->   Core 6 'Divider' <Latency = 32> <II = 1> <Delay = 4.24> <FuncUnit> <Opcode : 'sdiv' 'srem' 'udiv' 'urem'> <InPorts = 2> <OutPorts = 1>
ST_25 : Operation 136 [36/51] (4.73ns)   --->   "%sdiv_ln1148_1 = sdiv i47 %t_1, i47 %sext_ln1148_1"   --->   Operation 136 'sdiv' 'sdiv_ln1148_1' <Predicate = true> <Delay = 4.73> <CoreInst = "Divider">   --->   Core 6 'Divider' <Latency = 32> <II = 1> <Delay = 4.24> <FuncUnit> <Opcode : 'sdiv' 'srem' 'udiv' 'urem'> <InPorts = 2> <OutPorts = 1>
ST_25 : Operation 137 [22/46] (4.61ns)   --->   "%sdiv_ln1148_2 = sdiv i42 2199108911104, i42 %sext_ln1148_2"   --->   Operation 137 'sdiv' 'sdiv_ln1148_2' <Predicate = true> <Delay = 4.61> <CoreInst = "Divider">   --->   Core 6 'Divider' <Latency = 32> <II = 1> <Delay = 4.24> <FuncUnit> <Opcode : 'sdiv' 'srem' 'udiv' 'urem'> <InPorts = 2> <OutPorts = 1>

State 26 <SV = 25> <Delay = 4.73>
ST_26 : Operation 138 [32/33] (4.24ns)   --->   "%sdiv_ln1148 = sdiv i29 %t, i29 %sext_ln1148"   --->   Operation 138 'sdiv' 'sdiv_ln1148' <Predicate = true> <Delay = 4.24> <CoreInst = "Divider">   --->   Core 6 'Divider' <Latency = 32> <II = 1> <Delay = 4.24> <FuncUnit> <Opcode : 'sdiv' 'srem' 'udiv' 'urem'> <InPorts = 2> <OutPorts = 1>
ST_26 : Operation 139 [35/51] (4.73ns)   --->   "%sdiv_ln1148_1 = sdiv i47 %t_1, i47 %sext_ln1148_1"   --->   Operation 139 'sdiv' 'sdiv_ln1148_1' <Predicate = true> <Delay = 4.73> <CoreInst = "Divider">   --->   Core 6 'Divider' <Latency = 32> <II = 1> <Delay = 4.24> <FuncUnit> <Opcode : 'sdiv' 'srem' 'udiv' 'urem'> <InPorts = 2> <OutPorts = 1>
ST_26 : Operation 140 [21/46] (4.61ns)   --->   "%sdiv_ln1148_2 = sdiv i42 2199108911104, i42 %sext_ln1148_2"   --->   Operation 140 'sdiv' 'sdiv_ln1148_2' <Predicate = true> <Delay = 4.61> <CoreInst = "Divider">   --->   Core 6 'Divider' <Latency = 32> <II = 1> <Delay = 4.24> <FuncUnit> <Opcode : 'sdiv' 'srem' 'udiv' 'urem'> <InPorts = 2> <OutPorts = 1>

State 27 <SV = 26> <Delay = 4.73>
ST_27 : Operation 141 [31/33] (4.24ns)   --->   "%sdiv_ln1148 = sdiv i29 %t, i29 %sext_ln1148"   --->   Operation 141 'sdiv' 'sdiv_ln1148' <Predicate = true> <Delay = 4.24> <CoreInst = "Divider">   --->   Core 6 'Divider' <Latency = 32> <II = 1> <Delay = 4.24> <FuncUnit> <Opcode : 'sdiv' 'srem' 'udiv' 'urem'> <InPorts = 2> <OutPorts = 1>
ST_27 : Operation 142 [34/51] (4.73ns)   --->   "%sdiv_ln1148_1 = sdiv i47 %t_1, i47 %sext_ln1148_1"   --->   Operation 142 'sdiv' 'sdiv_ln1148_1' <Predicate = true> <Delay = 4.73> <CoreInst = "Divider">   --->   Core 6 'Divider' <Latency = 32> <II = 1> <Delay = 4.24> <FuncUnit> <Opcode : 'sdiv' 'srem' 'udiv' 'urem'> <InPorts = 2> <OutPorts = 1>
ST_27 : Operation 143 [20/46] (4.61ns)   --->   "%sdiv_ln1148_2 = sdiv i42 2199108911104, i42 %sext_ln1148_2"   --->   Operation 143 'sdiv' 'sdiv_ln1148_2' <Predicate = true> <Delay = 4.61> <CoreInst = "Divider">   --->   Core 6 'Divider' <Latency = 32> <II = 1> <Delay = 4.24> <FuncUnit> <Opcode : 'sdiv' 'srem' 'udiv' 'urem'> <InPorts = 2> <OutPorts = 1>

State 28 <SV = 27> <Delay = 4.73>
ST_28 : Operation 144 [30/33] (4.24ns)   --->   "%sdiv_ln1148 = sdiv i29 %t, i29 %sext_ln1148"   --->   Operation 144 'sdiv' 'sdiv_ln1148' <Predicate = true> <Delay = 4.24> <CoreInst = "Divider">   --->   Core 6 'Divider' <Latency = 32> <II = 1> <Delay = 4.24> <FuncUnit> <Opcode : 'sdiv' 'srem' 'udiv' 'urem'> <InPorts = 2> <OutPorts = 1>
ST_28 : Operation 145 [33/51] (4.73ns)   --->   "%sdiv_ln1148_1 = sdiv i47 %t_1, i47 %sext_ln1148_1"   --->   Operation 145 'sdiv' 'sdiv_ln1148_1' <Predicate = true> <Delay = 4.73> <CoreInst = "Divider">   --->   Core 6 'Divider' <Latency = 32> <II = 1> <Delay = 4.24> <FuncUnit> <Opcode : 'sdiv' 'srem' 'udiv' 'urem'> <InPorts = 2> <OutPorts = 1>
ST_28 : Operation 146 [19/46] (4.61ns)   --->   "%sdiv_ln1148_2 = sdiv i42 2199108911104, i42 %sext_ln1148_2"   --->   Operation 146 'sdiv' 'sdiv_ln1148_2' <Predicate = true> <Delay = 4.61> <CoreInst = "Divider">   --->   Core 6 'Divider' <Latency = 32> <II = 1> <Delay = 4.24> <FuncUnit> <Opcode : 'sdiv' 'srem' 'udiv' 'urem'> <InPorts = 2> <OutPorts = 1>

State 29 <SV = 28> <Delay = 4.73>
ST_29 : Operation 147 [29/33] (4.24ns)   --->   "%sdiv_ln1148 = sdiv i29 %t, i29 %sext_ln1148"   --->   Operation 147 'sdiv' 'sdiv_ln1148' <Predicate = true> <Delay = 4.24> <CoreInst = "Divider">   --->   Core 6 'Divider' <Latency = 32> <II = 1> <Delay = 4.24> <FuncUnit> <Opcode : 'sdiv' 'srem' 'udiv' 'urem'> <InPorts = 2> <OutPorts = 1>
ST_29 : Operation 148 [32/51] (4.73ns)   --->   "%sdiv_ln1148_1 = sdiv i47 %t_1, i47 %sext_ln1148_1"   --->   Operation 148 'sdiv' 'sdiv_ln1148_1' <Predicate = true> <Delay = 4.73> <CoreInst = "Divider">   --->   Core 6 'Divider' <Latency = 32> <II = 1> <Delay = 4.24> <FuncUnit> <Opcode : 'sdiv' 'srem' 'udiv' 'urem'> <InPorts = 2> <OutPorts = 1>
ST_29 : Operation 149 [18/46] (4.61ns)   --->   "%sdiv_ln1148_2 = sdiv i42 2199108911104, i42 %sext_ln1148_2"   --->   Operation 149 'sdiv' 'sdiv_ln1148_2' <Predicate = true> <Delay = 4.61> <CoreInst = "Divider">   --->   Core 6 'Divider' <Latency = 32> <II = 1> <Delay = 4.24> <FuncUnit> <Opcode : 'sdiv' 'srem' 'udiv' 'urem'> <InPorts = 2> <OutPorts = 1>

State 30 <SV = 29> <Delay = 4.73>
ST_30 : Operation 150 [28/33] (4.24ns)   --->   "%sdiv_ln1148 = sdiv i29 %t, i29 %sext_ln1148"   --->   Operation 150 'sdiv' 'sdiv_ln1148' <Predicate = true> <Delay = 4.24> <CoreInst = "Divider">   --->   Core 6 'Divider' <Latency = 32> <II = 1> <Delay = 4.24> <FuncUnit> <Opcode : 'sdiv' 'srem' 'udiv' 'urem'> <InPorts = 2> <OutPorts = 1>
ST_30 : Operation 151 [31/51] (4.73ns)   --->   "%sdiv_ln1148_1 = sdiv i47 %t_1, i47 %sext_ln1148_1"   --->   Operation 151 'sdiv' 'sdiv_ln1148_1' <Predicate = true> <Delay = 4.73> <CoreInst = "Divider">   --->   Core 6 'Divider' <Latency = 32> <II = 1> <Delay = 4.24> <FuncUnit> <Opcode : 'sdiv' 'srem' 'udiv' 'urem'> <InPorts = 2> <OutPorts = 1>
ST_30 : Operation 152 [17/46] (4.61ns)   --->   "%sdiv_ln1148_2 = sdiv i42 2199108911104, i42 %sext_ln1148_2"   --->   Operation 152 'sdiv' 'sdiv_ln1148_2' <Predicate = true> <Delay = 4.61> <CoreInst = "Divider">   --->   Core 6 'Divider' <Latency = 32> <II = 1> <Delay = 4.24> <FuncUnit> <Opcode : 'sdiv' 'srem' 'udiv' 'urem'> <InPorts = 2> <OutPorts = 1>

State 31 <SV = 30> <Delay = 4.73>
ST_31 : Operation 153 [27/33] (4.24ns)   --->   "%sdiv_ln1148 = sdiv i29 %t, i29 %sext_ln1148"   --->   Operation 153 'sdiv' 'sdiv_ln1148' <Predicate = true> <Delay = 4.24> <CoreInst = "Divider">   --->   Core 6 'Divider' <Latency = 32> <II = 1> <Delay = 4.24> <FuncUnit> <Opcode : 'sdiv' 'srem' 'udiv' 'urem'> <InPorts = 2> <OutPorts = 1>
ST_31 : Operation 154 [30/51] (4.73ns)   --->   "%sdiv_ln1148_1 = sdiv i47 %t_1, i47 %sext_ln1148_1"   --->   Operation 154 'sdiv' 'sdiv_ln1148_1' <Predicate = true> <Delay = 4.73> <CoreInst = "Divider">   --->   Core 6 'Divider' <Latency = 32> <II = 1> <Delay = 4.24> <FuncUnit> <Opcode : 'sdiv' 'srem' 'udiv' 'urem'> <InPorts = 2> <OutPorts = 1>
ST_31 : Operation 155 [16/46] (4.61ns)   --->   "%sdiv_ln1148_2 = sdiv i42 2199108911104, i42 %sext_ln1148_2"   --->   Operation 155 'sdiv' 'sdiv_ln1148_2' <Predicate = true> <Delay = 4.61> <CoreInst = "Divider">   --->   Core 6 'Divider' <Latency = 32> <II = 1> <Delay = 4.24> <FuncUnit> <Opcode : 'sdiv' 'srem' 'udiv' 'urem'> <InPorts = 2> <OutPorts = 1>

State 32 <SV = 31> <Delay = 4.73>
ST_32 : Operation 156 [26/33] (4.24ns)   --->   "%sdiv_ln1148 = sdiv i29 %t, i29 %sext_ln1148"   --->   Operation 156 'sdiv' 'sdiv_ln1148' <Predicate = true> <Delay = 4.24> <CoreInst = "Divider">   --->   Core 6 'Divider' <Latency = 32> <II = 1> <Delay = 4.24> <FuncUnit> <Opcode : 'sdiv' 'srem' 'udiv' 'urem'> <InPorts = 2> <OutPorts = 1>
ST_32 : Operation 157 [29/51] (4.73ns)   --->   "%sdiv_ln1148_1 = sdiv i47 %t_1, i47 %sext_ln1148_1"   --->   Operation 157 'sdiv' 'sdiv_ln1148_1' <Predicate = true> <Delay = 4.73> <CoreInst = "Divider">   --->   Core 6 'Divider' <Latency = 32> <II = 1> <Delay = 4.24> <FuncUnit> <Opcode : 'sdiv' 'srem' 'udiv' 'urem'> <InPorts = 2> <OutPorts = 1>
ST_32 : Operation 158 [15/46] (4.61ns)   --->   "%sdiv_ln1148_2 = sdiv i42 2199108911104, i42 %sext_ln1148_2"   --->   Operation 158 'sdiv' 'sdiv_ln1148_2' <Predicate = true> <Delay = 4.61> <CoreInst = "Divider">   --->   Core 6 'Divider' <Latency = 32> <II = 1> <Delay = 4.24> <FuncUnit> <Opcode : 'sdiv' 'srem' 'udiv' 'urem'> <InPorts = 2> <OutPorts = 1>

State 33 <SV = 32> <Delay = 4.73>
ST_33 : Operation 159 [25/33] (4.24ns)   --->   "%sdiv_ln1148 = sdiv i29 %t, i29 %sext_ln1148"   --->   Operation 159 'sdiv' 'sdiv_ln1148' <Predicate = true> <Delay = 4.24> <CoreInst = "Divider">   --->   Core 6 'Divider' <Latency = 32> <II = 1> <Delay = 4.24> <FuncUnit> <Opcode : 'sdiv' 'srem' 'udiv' 'urem'> <InPorts = 2> <OutPorts = 1>
ST_33 : Operation 160 [28/51] (4.73ns)   --->   "%sdiv_ln1148_1 = sdiv i47 %t_1, i47 %sext_ln1148_1"   --->   Operation 160 'sdiv' 'sdiv_ln1148_1' <Predicate = true> <Delay = 4.73> <CoreInst = "Divider">   --->   Core 6 'Divider' <Latency = 32> <II = 1> <Delay = 4.24> <FuncUnit> <Opcode : 'sdiv' 'srem' 'udiv' 'urem'> <InPorts = 2> <OutPorts = 1>
ST_33 : Operation 161 [14/46] (4.61ns)   --->   "%sdiv_ln1148_2 = sdiv i42 2199108911104, i42 %sext_ln1148_2"   --->   Operation 161 'sdiv' 'sdiv_ln1148_2' <Predicate = true> <Delay = 4.61> <CoreInst = "Divider">   --->   Core 6 'Divider' <Latency = 32> <II = 1> <Delay = 4.24> <FuncUnit> <Opcode : 'sdiv' 'srem' 'udiv' 'urem'> <InPorts = 2> <OutPorts = 1>

State 34 <SV = 33> <Delay = 4.73>
ST_34 : Operation 162 [24/33] (4.24ns)   --->   "%sdiv_ln1148 = sdiv i29 %t, i29 %sext_ln1148"   --->   Operation 162 'sdiv' 'sdiv_ln1148' <Predicate = true> <Delay = 4.24> <CoreInst = "Divider">   --->   Core 6 'Divider' <Latency = 32> <II = 1> <Delay = 4.24> <FuncUnit> <Opcode : 'sdiv' 'srem' 'udiv' 'urem'> <InPorts = 2> <OutPorts = 1>
ST_34 : Operation 163 [27/51] (4.73ns)   --->   "%sdiv_ln1148_1 = sdiv i47 %t_1, i47 %sext_ln1148_1"   --->   Operation 163 'sdiv' 'sdiv_ln1148_1' <Predicate = true> <Delay = 4.73> <CoreInst = "Divider">   --->   Core 6 'Divider' <Latency = 32> <II = 1> <Delay = 4.24> <FuncUnit> <Opcode : 'sdiv' 'srem' 'udiv' 'urem'> <InPorts = 2> <OutPorts = 1>
ST_34 : Operation 164 [13/46] (4.61ns)   --->   "%sdiv_ln1148_2 = sdiv i42 2199108911104, i42 %sext_ln1148_2"   --->   Operation 164 'sdiv' 'sdiv_ln1148_2' <Predicate = true> <Delay = 4.61> <CoreInst = "Divider">   --->   Core 6 'Divider' <Latency = 32> <II = 1> <Delay = 4.24> <FuncUnit> <Opcode : 'sdiv' 'srem' 'udiv' 'urem'> <InPorts = 2> <OutPorts = 1>

State 35 <SV = 34> <Delay = 4.73>
ST_35 : Operation 165 [23/33] (4.24ns)   --->   "%sdiv_ln1148 = sdiv i29 %t, i29 %sext_ln1148"   --->   Operation 165 'sdiv' 'sdiv_ln1148' <Predicate = true> <Delay = 4.24> <CoreInst = "Divider">   --->   Core 6 'Divider' <Latency = 32> <II = 1> <Delay = 4.24> <FuncUnit> <Opcode : 'sdiv' 'srem' 'udiv' 'urem'> <InPorts = 2> <OutPorts = 1>
ST_35 : Operation 166 [26/51] (4.73ns)   --->   "%sdiv_ln1148_1 = sdiv i47 %t_1, i47 %sext_ln1148_1"   --->   Operation 166 'sdiv' 'sdiv_ln1148_1' <Predicate = true> <Delay = 4.73> <CoreInst = "Divider">   --->   Core 6 'Divider' <Latency = 32> <II = 1> <Delay = 4.24> <FuncUnit> <Opcode : 'sdiv' 'srem' 'udiv' 'urem'> <InPorts = 2> <OutPorts = 1>
ST_35 : Operation 167 [12/46] (4.61ns)   --->   "%sdiv_ln1148_2 = sdiv i42 2199108911104, i42 %sext_ln1148_2"   --->   Operation 167 'sdiv' 'sdiv_ln1148_2' <Predicate = true> <Delay = 4.61> <CoreInst = "Divider">   --->   Core 6 'Divider' <Latency = 32> <II = 1> <Delay = 4.24> <FuncUnit> <Opcode : 'sdiv' 'srem' 'udiv' 'urem'> <InPorts = 2> <OutPorts = 1>

State 36 <SV = 35> <Delay = 4.73>
ST_36 : Operation 168 [22/33] (4.24ns)   --->   "%sdiv_ln1148 = sdiv i29 %t, i29 %sext_ln1148"   --->   Operation 168 'sdiv' 'sdiv_ln1148' <Predicate = true> <Delay = 4.24> <CoreInst = "Divider">   --->   Core 6 'Divider' <Latency = 32> <II = 1> <Delay = 4.24> <FuncUnit> <Opcode : 'sdiv' 'srem' 'udiv' 'urem'> <InPorts = 2> <OutPorts = 1>
ST_36 : Operation 169 [25/51] (4.73ns)   --->   "%sdiv_ln1148_1 = sdiv i47 %t_1, i47 %sext_ln1148_1"   --->   Operation 169 'sdiv' 'sdiv_ln1148_1' <Predicate = true> <Delay = 4.73> <CoreInst = "Divider">   --->   Core 6 'Divider' <Latency = 32> <II = 1> <Delay = 4.24> <FuncUnit> <Opcode : 'sdiv' 'srem' 'udiv' 'urem'> <InPorts = 2> <OutPorts = 1>
ST_36 : Operation 170 [11/46] (4.61ns)   --->   "%sdiv_ln1148_2 = sdiv i42 2199108911104, i42 %sext_ln1148_2"   --->   Operation 170 'sdiv' 'sdiv_ln1148_2' <Predicate = true> <Delay = 4.61> <CoreInst = "Divider">   --->   Core 6 'Divider' <Latency = 32> <II = 1> <Delay = 4.24> <FuncUnit> <Opcode : 'sdiv' 'srem' 'udiv' 'urem'> <InPorts = 2> <OutPorts = 1>

State 37 <SV = 36> <Delay = 4.73>
ST_37 : Operation 171 [21/33] (4.24ns)   --->   "%sdiv_ln1148 = sdiv i29 %t, i29 %sext_ln1148"   --->   Operation 171 'sdiv' 'sdiv_ln1148' <Predicate = true> <Delay = 4.24> <CoreInst = "Divider">   --->   Core 6 'Divider' <Latency = 32> <II = 1> <Delay = 4.24> <FuncUnit> <Opcode : 'sdiv' 'srem' 'udiv' 'urem'> <InPorts = 2> <OutPorts = 1>
ST_37 : Operation 172 [24/51] (4.73ns)   --->   "%sdiv_ln1148_1 = sdiv i47 %t_1, i47 %sext_ln1148_1"   --->   Operation 172 'sdiv' 'sdiv_ln1148_1' <Predicate = true> <Delay = 4.73> <CoreInst = "Divider">   --->   Core 6 'Divider' <Latency = 32> <II = 1> <Delay = 4.24> <FuncUnit> <Opcode : 'sdiv' 'srem' 'udiv' 'urem'> <InPorts = 2> <OutPorts = 1>
ST_37 : Operation 173 [10/46] (4.61ns)   --->   "%sdiv_ln1148_2 = sdiv i42 2199108911104, i42 %sext_ln1148_2"   --->   Operation 173 'sdiv' 'sdiv_ln1148_2' <Predicate = true> <Delay = 4.61> <CoreInst = "Divider">   --->   Core 6 'Divider' <Latency = 32> <II = 1> <Delay = 4.24> <FuncUnit> <Opcode : 'sdiv' 'srem' 'udiv' 'urem'> <InPorts = 2> <OutPorts = 1>

State 38 <SV = 37> <Delay = 4.73>
ST_38 : Operation 174 [20/33] (4.24ns)   --->   "%sdiv_ln1148 = sdiv i29 %t, i29 %sext_ln1148"   --->   Operation 174 'sdiv' 'sdiv_ln1148' <Predicate = true> <Delay = 4.24> <CoreInst = "Divider">   --->   Core 6 'Divider' <Latency = 32> <II = 1> <Delay = 4.24> <FuncUnit> <Opcode : 'sdiv' 'srem' 'udiv' 'urem'> <InPorts = 2> <OutPorts = 1>
ST_38 : Operation 175 [23/51] (4.73ns)   --->   "%sdiv_ln1148_1 = sdiv i47 %t_1, i47 %sext_ln1148_1"   --->   Operation 175 'sdiv' 'sdiv_ln1148_1' <Predicate = true> <Delay = 4.73> <CoreInst = "Divider">   --->   Core 6 'Divider' <Latency = 32> <II = 1> <Delay = 4.24> <FuncUnit> <Opcode : 'sdiv' 'srem' 'udiv' 'urem'> <InPorts = 2> <OutPorts = 1>
ST_38 : Operation 176 [9/46] (4.61ns)   --->   "%sdiv_ln1148_2 = sdiv i42 2199108911104, i42 %sext_ln1148_2"   --->   Operation 176 'sdiv' 'sdiv_ln1148_2' <Predicate = true> <Delay = 4.61> <CoreInst = "Divider">   --->   Core 6 'Divider' <Latency = 32> <II = 1> <Delay = 4.24> <FuncUnit> <Opcode : 'sdiv' 'srem' 'udiv' 'urem'> <InPorts = 2> <OutPorts = 1>

State 39 <SV = 38> <Delay = 4.73>
ST_39 : Operation 177 [19/33] (4.24ns)   --->   "%sdiv_ln1148 = sdiv i29 %t, i29 %sext_ln1148"   --->   Operation 177 'sdiv' 'sdiv_ln1148' <Predicate = true> <Delay = 4.24> <CoreInst = "Divider">   --->   Core 6 'Divider' <Latency = 32> <II = 1> <Delay = 4.24> <FuncUnit> <Opcode : 'sdiv' 'srem' 'udiv' 'urem'> <InPorts = 2> <OutPorts = 1>
ST_39 : Operation 178 [22/51] (4.73ns)   --->   "%sdiv_ln1148_1 = sdiv i47 %t_1, i47 %sext_ln1148_1"   --->   Operation 178 'sdiv' 'sdiv_ln1148_1' <Predicate = true> <Delay = 4.73> <CoreInst = "Divider">   --->   Core 6 'Divider' <Latency = 32> <II = 1> <Delay = 4.24> <FuncUnit> <Opcode : 'sdiv' 'srem' 'udiv' 'urem'> <InPorts = 2> <OutPorts = 1>
ST_39 : Operation 179 [8/46] (4.61ns)   --->   "%sdiv_ln1148_2 = sdiv i42 2199108911104, i42 %sext_ln1148_2"   --->   Operation 179 'sdiv' 'sdiv_ln1148_2' <Predicate = true> <Delay = 4.61> <CoreInst = "Divider">   --->   Core 6 'Divider' <Latency = 32> <II = 1> <Delay = 4.24> <FuncUnit> <Opcode : 'sdiv' 'srem' 'udiv' 'urem'> <InPorts = 2> <OutPorts = 1>

State 40 <SV = 39> <Delay = 4.73>
ST_40 : Operation 180 [18/33] (4.24ns)   --->   "%sdiv_ln1148 = sdiv i29 %t, i29 %sext_ln1148"   --->   Operation 180 'sdiv' 'sdiv_ln1148' <Predicate = true> <Delay = 4.24> <CoreInst = "Divider">   --->   Core 6 'Divider' <Latency = 32> <II = 1> <Delay = 4.24> <FuncUnit> <Opcode : 'sdiv' 'srem' 'udiv' 'urem'> <InPorts = 2> <OutPorts = 1>
ST_40 : Operation 181 [21/51] (4.73ns)   --->   "%sdiv_ln1148_1 = sdiv i47 %t_1, i47 %sext_ln1148_1"   --->   Operation 181 'sdiv' 'sdiv_ln1148_1' <Predicate = true> <Delay = 4.73> <CoreInst = "Divider">   --->   Core 6 'Divider' <Latency = 32> <II = 1> <Delay = 4.24> <FuncUnit> <Opcode : 'sdiv' 'srem' 'udiv' 'urem'> <InPorts = 2> <OutPorts = 1>
ST_40 : Operation 182 [7/46] (4.61ns)   --->   "%sdiv_ln1148_2 = sdiv i42 2199108911104, i42 %sext_ln1148_2"   --->   Operation 182 'sdiv' 'sdiv_ln1148_2' <Predicate = true> <Delay = 4.61> <CoreInst = "Divider">   --->   Core 6 'Divider' <Latency = 32> <II = 1> <Delay = 4.24> <FuncUnit> <Opcode : 'sdiv' 'srem' 'udiv' 'urem'> <InPorts = 2> <OutPorts = 1>

State 41 <SV = 40> <Delay = 4.73>
ST_41 : Operation 183 [17/33] (4.24ns)   --->   "%sdiv_ln1148 = sdiv i29 %t, i29 %sext_ln1148"   --->   Operation 183 'sdiv' 'sdiv_ln1148' <Predicate = true> <Delay = 4.24> <CoreInst = "Divider">   --->   Core 6 'Divider' <Latency = 32> <II = 1> <Delay = 4.24> <FuncUnit> <Opcode : 'sdiv' 'srem' 'udiv' 'urem'> <InPorts = 2> <OutPorts = 1>
ST_41 : Operation 184 [20/51] (4.73ns)   --->   "%sdiv_ln1148_1 = sdiv i47 %t_1, i47 %sext_ln1148_1"   --->   Operation 184 'sdiv' 'sdiv_ln1148_1' <Predicate = true> <Delay = 4.73> <CoreInst = "Divider">   --->   Core 6 'Divider' <Latency = 32> <II = 1> <Delay = 4.24> <FuncUnit> <Opcode : 'sdiv' 'srem' 'udiv' 'urem'> <InPorts = 2> <OutPorts = 1>
ST_41 : Operation 185 [6/46] (4.61ns)   --->   "%sdiv_ln1148_2 = sdiv i42 2199108911104, i42 %sext_ln1148_2"   --->   Operation 185 'sdiv' 'sdiv_ln1148_2' <Predicate = true> <Delay = 4.61> <CoreInst = "Divider">   --->   Core 6 'Divider' <Latency = 32> <II = 1> <Delay = 4.24> <FuncUnit> <Opcode : 'sdiv' 'srem' 'udiv' 'urem'> <InPorts = 2> <OutPorts = 1>

State 42 <SV = 41> <Delay = 4.73>
ST_42 : Operation 186 [16/33] (4.24ns)   --->   "%sdiv_ln1148 = sdiv i29 %t, i29 %sext_ln1148"   --->   Operation 186 'sdiv' 'sdiv_ln1148' <Predicate = true> <Delay = 4.24> <CoreInst = "Divider">   --->   Core 6 'Divider' <Latency = 32> <II = 1> <Delay = 4.24> <FuncUnit> <Opcode : 'sdiv' 'srem' 'udiv' 'urem'> <InPorts = 2> <OutPorts = 1>
ST_42 : Operation 187 [19/51] (4.73ns)   --->   "%sdiv_ln1148_1 = sdiv i47 %t_1, i47 %sext_ln1148_1"   --->   Operation 187 'sdiv' 'sdiv_ln1148_1' <Predicate = true> <Delay = 4.73> <CoreInst = "Divider">   --->   Core 6 'Divider' <Latency = 32> <II = 1> <Delay = 4.24> <FuncUnit> <Opcode : 'sdiv' 'srem' 'udiv' 'urem'> <InPorts = 2> <OutPorts = 1>
ST_42 : Operation 188 [5/46] (4.61ns)   --->   "%sdiv_ln1148_2 = sdiv i42 2199108911104, i42 %sext_ln1148_2"   --->   Operation 188 'sdiv' 'sdiv_ln1148_2' <Predicate = true> <Delay = 4.61> <CoreInst = "Divider">   --->   Core 6 'Divider' <Latency = 32> <II = 1> <Delay = 4.24> <FuncUnit> <Opcode : 'sdiv' 'srem' 'udiv' 'urem'> <InPorts = 2> <OutPorts = 1>

State 43 <SV = 42> <Delay = 4.73>
ST_43 : Operation 189 [15/33] (4.24ns)   --->   "%sdiv_ln1148 = sdiv i29 %t, i29 %sext_ln1148"   --->   Operation 189 'sdiv' 'sdiv_ln1148' <Predicate = true> <Delay = 4.24> <CoreInst = "Divider">   --->   Core 6 'Divider' <Latency = 32> <II = 1> <Delay = 4.24> <FuncUnit> <Opcode : 'sdiv' 'srem' 'udiv' 'urem'> <InPorts = 2> <OutPorts = 1>
ST_43 : Operation 190 [18/51] (4.73ns)   --->   "%sdiv_ln1148_1 = sdiv i47 %t_1, i47 %sext_ln1148_1"   --->   Operation 190 'sdiv' 'sdiv_ln1148_1' <Predicate = true> <Delay = 4.73> <CoreInst = "Divider">   --->   Core 6 'Divider' <Latency = 32> <II = 1> <Delay = 4.24> <FuncUnit> <Opcode : 'sdiv' 'srem' 'udiv' 'urem'> <InPorts = 2> <OutPorts = 1>
ST_43 : Operation 191 [4/46] (4.61ns)   --->   "%sdiv_ln1148_2 = sdiv i42 2199108911104, i42 %sext_ln1148_2"   --->   Operation 191 'sdiv' 'sdiv_ln1148_2' <Predicate = true> <Delay = 4.61> <CoreInst = "Divider">   --->   Core 6 'Divider' <Latency = 32> <II = 1> <Delay = 4.24> <FuncUnit> <Opcode : 'sdiv' 'srem' 'udiv' 'urem'> <InPorts = 2> <OutPorts = 1>
ST_43 : Operation 192 [1/1] (0.00ns)   --->   "%sext_ln1115_3 = sext i18 %p_read106"   --->   Operation 192 'sext' 'sext_ln1115_3' <Predicate = true> <Delay = 0.00>
ST_43 : Operation 193 [4/4] (2.15ns) (root node of the DSP)   --->   "%r_V_14 = mul i34 %sext_ln1115_3, i34 21474"   --->   Operation 193 'mul' 'r_V_14' <Predicate = true> <Delay = 2.15> <CoreInst = "DSP48">   --->   Core 119 'DSP48' <Latency = 3> <II = 1> <Delay = 2.15> <IPBlock> <Opcode : 'mul' 'add' 'sub' 'select'> <InPorts = 0> <OutPorts = 1> <Sync> <CReg>

State 44 <SV = 43> <Delay = 4.73>
ST_44 : Operation 194 [14/33] (4.24ns)   --->   "%sdiv_ln1148 = sdiv i29 %t, i29 %sext_ln1148"   --->   Operation 194 'sdiv' 'sdiv_ln1148' <Predicate = true> <Delay = 4.24> <CoreInst = "Divider">   --->   Core 6 'Divider' <Latency = 32> <II = 1> <Delay = 4.24> <FuncUnit> <Opcode : 'sdiv' 'srem' 'udiv' 'urem'> <InPorts = 2> <OutPorts = 1>
ST_44 : Operation 195 [17/51] (4.73ns)   --->   "%sdiv_ln1148_1 = sdiv i47 %t_1, i47 %sext_ln1148_1"   --->   Operation 195 'sdiv' 'sdiv_ln1148_1' <Predicate = true> <Delay = 4.73> <CoreInst = "Divider">   --->   Core 6 'Divider' <Latency = 32> <II = 1> <Delay = 4.24> <FuncUnit> <Opcode : 'sdiv' 'srem' 'udiv' 'urem'> <InPorts = 2> <OutPorts = 1>
ST_44 : Operation 196 [3/46] (4.61ns)   --->   "%sdiv_ln1148_2 = sdiv i42 2199108911104, i42 %sext_ln1148_2"   --->   Operation 196 'sdiv' 'sdiv_ln1148_2' <Predicate = true> <Delay = 4.61> <CoreInst = "Divider">   --->   Core 6 'Divider' <Latency = 32> <II = 1> <Delay = 4.24> <FuncUnit> <Opcode : 'sdiv' 'srem' 'udiv' 'urem'> <InPorts = 2> <OutPorts = 1>
ST_44 : Operation 197 [3/4] (2.15ns) (root node of the DSP)   --->   "%r_V_14 = mul i34 %sext_ln1115_3, i34 21474"   --->   Operation 197 'mul' 'r_V_14' <Predicate = true> <Delay = 2.15> <CoreInst = "DSP48">   --->   Core 119 'DSP48' <Latency = 3> <II = 1> <Delay = 2.15> <IPBlock> <Opcode : 'mul' 'add' 'sub' 'select'> <InPorts = 0> <OutPorts = 1> <Sync> <CReg>

State 45 <SV = 44> <Delay = 4.73>
ST_45 : Operation 198 [13/33] (4.24ns)   --->   "%sdiv_ln1148 = sdiv i29 %t, i29 %sext_ln1148"   --->   Operation 198 'sdiv' 'sdiv_ln1148' <Predicate = true> <Delay = 4.24> <CoreInst = "Divider">   --->   Core 6 'Divider' <Latency = 32> <II = 1> <Delay = 4.24> <FuncUnit> <Opcode : 'sdiv' 'srem' 'udiv' 'urem'> <InPorts = 2> <OutPorts = 1>
ST_45 : Operation 199 [16/51] (4.73ns)   --->   "%sdiv_ln1148_1 = sdiv i47 %t_1, i47 %sext_ln1148_1"   --->   Operation 199 'sdiv' 'sdiv_ln1148_1' <Predicate = true> <Delay = 4.73> <CoreInst = "Divider">   --->   Core 6 'Divider' <Latency = 32> <II = 1> <Delay = 4.24> <FuncUnit> <Opcode : 'sdiv' 'srem' 'udiv' 'urem'> <InPorts = 2> <OutPorts = 1>
ST_45 : Operation 200 [2/46] (4.61ns)   --->   "%sdiv_ln1148_2 = sdiv i42 2199108911104, i42 %sext_ln1148_2"   --->   Operation 200 'sdiv' 'sdiv_ln1148_2' <Predicate = true> <Delay = 4.61> <CoreInst = "Divider">   --->   Core 6 'Divider' <Latency = 32> <II = 1> <Delay = 4.24> <FuncUnit> <Opcode : 'sdiv' 'srem' 'udiv' 'urem'> <InPorts = 2> <OutPorts = 1>
ST_45 : Operation 201 [2/4] (2.15ns) (root node of the DSP)   --->   "%r_V_14 = mul i34 %sext_ln1115_3, i34 21474"   --->   Operation 201 'mul' 'r_V_14' <Predicate = true> <Delay = 2.15> <CoreInst = "DSP48">   --->   Core 119 'DSP48' <Latency = 3> <II = 1> <Delay = 2.15> <IPBlock> <Opcode : 'mul' 'add' 'sub' 'select'> <InPorts = 0> <OutPorts = 1> <Sync> <CReg>

State 46 <SV = 45> <Delay = 6.76>
ST_46 : Operation 202 [12/33] (4.24ns)   --->   "%sdiv_ln1148 = sdiv i29 %t, i29 %sext_ln1148"   --->   Operation 202 'sdiv' 'sdiv_ln1148' <Predicate = true> <Delay = 4.24> <CoreInst = "Divider">   --->   Core 6 'Divider' <Latency = 32> <II = 1> <Delay = 4.24> <FuncUnit> <Opcode : 'sdiv' 'srem' 'udiv' 'urem'> <InPorts = 2> <OutPorts = 1>
ST_46 : Operation 203 [15/51] (4.73ns)   --->   "%sdiv_ln1148_1 = sdiv i47 %t_1, i47 %sext_ln1148_1"   --->   Operation 203 'sdiv' 'sdiv_ln1148_1' <Predicate = true> <Delay = 4.73> <CoreInst = "Divider">   --->   Core 6 'Divider' <Latency = 32> <II = 1> <Delay = 4.24> <FuncUnit> <Opcode : 'sdiv' 'srem' 'udiv' 'urem'> <InPorts = 2> <OutPorts = 1>
ST_46 : Operation 204 [1/46] (4.61ns)   --->   "%sdiv_ln1148_2 = sdiv i42 2199108911104, i42 %sext_ln1148_2"   --->   Operation 204 'sdiv' 'sdiv_ln1148_2' <Predicate = true> <Delay = 4.61> <CoreInst = "Divider">   --->   Core 6 'Divider' <Latency = 32> <II = 1> <Delay = 4.24> <FuncUnit> <Opcode : 'sdiv' 'srem' 'udiv' 'urem'> <InPorts = 2> <OutPorts = 1>
ST_46 : Operation 205 [1/1] (0.00ns)   --->   "%A0T_V = partselect i18 @_ssdm_op_PartSelect.i18.i42.i32.i32, i42 %sdiv_ln1148_2, i32 15, i32 32"   --->   Operation 205 'partselect' 'A0T_V' <Predicate = true> <Delay = 0.00>
ST_46 : Operation 206 [1/1] (0.00ns)   --->   "%sext_ln1118_5 = sext i18 %A0T_V"   --->   Operation 206 'sext' 'sext_ln1118_5' <Predicate = true> <Delay = 0.00>
ST_46 : Operation 207 [4/4] (2.15ns) (root node of the DSP)   --->   "%mul_ln1115_2 = mul i34 %sext_ln1118_5, i34 %sext_ln1118_5"   --->   Operation 207 'mul' 'mul_ln1115_2' <Predicate = true> <Delay = 2.15> <CoreInst = "DSP48">   --->   Core 119 'DSP48' <Latency = 3> <II = 1> <Delay = 2.15> <IPBlock> <Opcode : 'mul' 'add' 'sub' 'select'> <InPorts = 0> <OutPorts = 1> <Sync> <CReg>
ST_46 : Operation 208 [1/4] (0.00ns) (root node of the DSP)   --->   "%r_V_14 = mul i34 %sext_ln1115_3, i34 21474"   --->   Operation 208 'mul' 'r_V_14' <Predicate = true> <Delay = 0.00> <CoreInst = "DSP48">   --->   Core 119 'DSP48' <Latency = 3> <II = 1> <Delay = 2.15> <IPBlock> <Opcode : 'mul' 'add' 'sub' 'select'> <InPorts = 0> <OutPorts = 1> <Sync> <CReg>
ST_46 : Operation 209 [1/1] (0.00ns)   --->   "%sext_ln1118_4 = sext i18 %p_read22"   --->   Operation 209 'sext' 'sext_ln1118_4' <Predicate = true> <Delay = 0.00>
ST_46 : Operation 210 [4/4] (2.15ns) (root node of the DSP)   --->   "%mul_ln708 = mul i34 %sext_ln1118_4, i34 %sext_ln1118_4"   --->   Operation 210 'mul' 'mul_ln708' <Predicate = true> <Delay = 2.15> <CoreInst = "DSP48">   --->   Core 119 'DSP48' <Latency = 3> <II = 1> <Delay = 2.15> <IPBlock> <Opcode : 'mul' 'add' 'sub' 'select'> <InPorts = 0> <OutPorts = 1> <Sync> <CReg>

State 47 <SV = 46> <Delay = 6.91>
ST_47 : Operation 211 [11/33] (4.24ns)   --->   "%sdiv_ln1148 = sdiv i29 %t, i29 %sext_ln1148"   --->   Operation 211 'sdiv' 'sdiv_ln1148' <Predicate = true> <Delay = 4.24> <CoreInst = "Divider">   --->   Core 6 'Divider' <Latency = 32> <II = 1> <Delay = 4.24> <FuncUnit> <Opcode : 'sdiv' 'srem' 'udiv' 'urem'> <InPorts = 2> <OutPorts = 1>
ST_47 : Operation 212 [14/51] (4.73ns)   --->   "%sdiv_ln1148_1 = sdiv i47 %t_1, i47 %sext_ln1148_1"   --->   Operation 212 'sdiv' 'sdiv_ln1148_1' <Predicate = true> <Delay = 4.73> <CoreInst = "Divider">   --->   Core 6 'Divider' <Latency = 32> <II = 1> <Delay = 4.24> <FuncUnit> <Opcode : 'sdiv' 'srem' 'udiv' 'urem'> <InPorts = 2> <OutPorts = 1>
ST_47 : Operation 213 [3/4] (2.15ns) (root node of the DSP)   --->   "%mul_ln1115_2 = mul i34 %sext_ln1118_5, i34 %sext_ln1118_5"   --->   Operation 213 'mul' 'mul_ln1115_2' <Predicate = true> <Delay = 2.15> <CoreInst = "DSP48">   --->   Core 119 'DSP48' <Latency = 3> <II = 1> <Delay = 2.15> <IPBlock> <Opcode : 'mul' 'add' 'sub' 'select'> <InPorts = 0> <OutPorts = 1> <Sync> <CReg>
ST_47 : Operation 214 [1/1] (0.00ns)   --->   "%sext_ln1115_4 = sext i34 %r_V_14"   --->   Operation 214 'sext' 'sext_ln1115_4' <Predicate = true> <Delay = 0.00>
ST_47 : Operation 215 [2/2] (6.91ns)   --->   "%mul_ln1115_1 = mul i44 %sext_ln1115_4, i44 10000"   --->   Operation 215 'mul' 'mul_ln1115_1' <Predicate = true> <Delay = 6.91> <CoreInst = "Multiplier">   --->   Core 3 'Multiplier' <Latency = 1> <II = 1> <Delay = 6.91> <FuncUnit> <Opcode : 'mul'> <InPorts = 2> <OutPorts = 1>
ST_47 : Operation 216 [3/4] (2.15ns) (root node of the DSP)   --->   "%mul_ln708 = mul i34 %sext_ln1118_4, i34 %sext_ln1118_4"   --->   Operation 216 'mul' 'mul_ln708' <Predicate = true> <Delay = 2.15> <CoreInst = "DSP48">   --->   Core 119 'DSP48' <Latency = 3> <II = 1> <Delay = 2.15> <IPBlock> <Opcode : 'mul' 'add' 'sub' 'select'> <InPorts = 0> <OutPorts = 1> <Sync> <CReg>
ST_47 : Operation 217 [1/1] (0.00ns)   --->   "%sext_ln1118_25 = sext i18 %p_read73"   --->   Operation 217 'sext' 'sext_ln1118_25' <Predicate = true> <Delay = 0.00>
ST_47 : Operation 218 [4/4] (2.15ns) (root node of the DSP)   --->   "%mul_ln708_5 = mul i34 %sext_ln1118_25, i34 %sext_ln1118_25"   --->   Operation 218 'mul' 'mul_ln708_5' <Predicate = true> <Delay = 2.15> <CoreInst = "DSP48">   --->   Core 119 'DSP48' <Latency = 3> <II = 1> <Delay = 2.15> <IPBlock> <Opcode : 'mul' 'add' 'sub' 'select'> <InPorts = 0> <OutPorts = 1> <Sync> <CReg>

State 48 <SV = 47> <Delay = 6.91>
ST_48 : Operation 219 [10/33] (4.24ns)   --->   "%sdiv_ln1148 = sdiv i29 %t, i29 %sext_ln1148"   --->   Operation 219 'sdiv' 'sdiv_ln1148' <Predicate = true> <Delay = 4.24> <CoreInst = "Divider">   --->   Core 6 'Divider' <Latency = 32> <II = 1> <Delay = 4.24> <FuncUnit> <Opcode : 'sdiv' 'srem' 'udiv' 'urem'> <InPorts = 2> <OutPorts = 1>
ST_48 : Operation 220 [13/51] (4.73ns)   --->   "%sdiv_ln1148_1 = sdiv i47 %t_1, i47 %sext_ln1148_1"   --->   Operation 220 'sdiv' 'sdiv_ln1148_1' <Predicate = true> <Delay = 4.73> <CoreInst = "Divider">   --->   Core 6 'Divider' <Latency = 32> <II = 1> <Delay = 4.24> <FuncUnit> <Opcode : 'sdiv' 'srem' 'udiv' 'urem'> <InPorts = 2> <OutPorts = 1>
ST_48 : Operation 221 [1/1] (0.00ns)   --->   "%sext_ln1115_2 = sext i18 %A0T_V"   --->   Operation 221 'sext' 'sext_ln1115_2' <Predicate = true> <Delay = 0.00>
ST_48 : Operation 222 [2/4] (2.15ns) (root node of the DSP)   --->   "%mul_ln1115_2 = mul i34 %sext_ln1118_5, i34 %sext_ln1118_5"   --->   Operation 222 'mul' 'mul_ln1115_2' <Predicate = true> <Delay = 2.15> <CoreInst = "DSP48">   --->   Core 119 'DSP48' <Latency = 3> <II = 1> <Delay = 2.15> <IPBlock> <Opcode : 'mul' 'add' 'sub' 'select'> <InPorts = 0> <OutPorts = 1> <Sync> <CReg>
ST_48 : Operation 223 [1/2] (6.91ns)   --->   "%mul_ln1115_1 = mul i44 %sext_ln1115_4, i44 10000"   --->   Operation 223 'mul' 'mul_ln1115_1' <Predicate = true> <Delay = 6.91> <CoreInst = "Multiplier">   --->   Core 3 'Multiplier' <Latency = 1> <II = 1> <Delay = 6.91> <FuncUnit> <Opcode : 'mul'> <InPorts = 2> <OutPorts = 1>
ST_48 : Operation 224 [1/1] (0.00ns)   --->   "%bT_V = partselect i18 @_ssdm_op_PartSelect.i18.i44.i32.i32, i44 %mul_ln1115_1, i32 26, i32 43"   --->   Operation 224 'partselect' 'bT_V' <Predicate = true> <Delay = 0.00>
ST_48 : Operation 225 [4/4] (2.15ns) (root node of the DSP)   --->   "%r_V_15 = mul i32 %sext_ln1115_2, i32 4294960742"   --->   Operation 225 'mul' 'r_V_15' <Predicate = true> <Delay = 2.15> <CoreInst = "DSP48">   --->   Core 119 'DSP48' <Latency = 3> <II = 1> <Delay = 2.15> <IPBlock> <Opcode : 'mul' 'add' 'sub' 'select'> <InPorts = 0> <OutPorts = 1> <Sync> <CReg>
ST_48 : Operation 226 [2/4] (2.15ns) (root node of the DSP)   --->   "%mul_ln708 = mul i34 %sext_ln1118_4, i34 %sext_ln1118_4"   --->   Operation 226 'mul' 'mul_ln708' <Predicate = true> <Delay = 2.15> <CoreInst = "DSP48">   --->   Core 119 'DSP48' <Latency = 3> <II = 1> <Delay = 2.15> <IPBlock> <Opcode : 'mul' 'add' 'sub' 'select'> <InPorts = 0> <OutPorts = 1> <Sync> <CReg>
ST_48 : Operation 227 [3/3] (1.05ns) (grouped into DSP with root node add_ln1192)   --->   "%mul_ln1192 = mul i34 %sext_ln1118_4, i34 %sext_ln1118_5"   --->   Operation 227 'mul' 'mul_ln1192' <Predicate = true> <Delay = 1.05> <CoreInst = "DSP48">   --->   Core 119 'DSP48' <Latency = 3> <II = 1> <Delay = 2.15> <IPBlock> <Opcode : 'mul' 'add' 'sub' 'select'> <InPorts = 0> <OutPorts = 1> <Sync> <CReg>
ST_48 : Operation 228 [3/4] (2.15ns) (root node of the DSP)   --->   "%mul_ln708_5 = mul i34 %sext_ln1118_25, i34 %sext_ln1118_25"   --->   Operation 228 'mul' 'mul_ln708_5' <Predicate = true> <Delay = 2.15> <CoreInst = "DSP48">   --->   Core 119 'DSP48' <Latency = 3> <II = 1> <Delay = 2.15> <IPBlock> <Opcode : 'mul' 'add' 'sub' 'select'> <InPorts = 0> <OutPorts = 1> <Sync> <CReg>

State 49 <SV = 48> <Delay = 4.73>
ST_49 : Operation 229 [9/33] (4.24ns)   --->   "%sdiv_ln1148 = sdiv i29 %t, i29 %sext_ln1148"   --->   Operation 229 'sdiv' 'sdiv_ln1148' <Predicate = true> <Delay = 4.24> <CoreInst = "Divider">   --->   Core 6 'Divider' <Latency = 32> <II = 1> <Delay = 4.24> <FuncUnit> <Opcode : 'sdiv' 'srem' 'udiv' 'urem'> <InPorts = 2> <OutPorts = 1>
ST_49 : Operation 230 [12/51] (4.73ns)   --->   "%sdiv_ln1148_1 = sdiv i47 %t_1, i47 %sext_ln1148_1"   --->   Operation 230 'sdiv' 'sdiv_ln1148_1' <Predicate = true> <Delay = 4.73> <CoreInst = "Divider">   --->   Core 6 'Divider' <Latency = 32> <II = 1> <Delay = 4.24> <FuncUnit> <Opcode : 'sdiv' 'srem' 'udiv' 'urem'> <InPorts = 2> <OutPorts = 1>
ST_49 : Operation 231 [1/4] (0.00ns) (root node of the DSP)   --->   "%mul_ln1115_2 = mul i34 %sext_ln1118_5, i34 %sext_ln1118_5"   --->   Operation 231 'mul' 'mul_ln1115_2' <Predicate = true> <Delay = 0.00> <CoreInst = "DSP48">   --->   Core 119 'DSP48' <Latency = 3> <II = 1> <Delay = 2.15> <IPBlock> <Opcode : 'mul' 'add' 'sub' 'select'> <InPorts = 0> <OutPorts = 1> <Sync> <CReg>
ST_49 : Operation 232 [1/1] (0.00ns)   --->   "%A0T2_V = partselect i18 @_ssdm_op_PartSelect.i18.i34.i32.i32, i34 %mul_ln1115_2, i32 16, i32 33"   --->   Operation 232 'partselect' 'A0T2_V' <Predicate = true> <Delay = 0.00>
ST_49 : Operation 233 [3/4] (2.15ns) (root node of the DSP)   --->   "%r_V_15 = mul i32 %sext_ln1115_2, i32 4294960742"   --->   Operation 233 'mul' 'r_V_15' <Predicate = true> <Delay = 2.15> <CoreInst = "DSP48">   --->   Core 119 'DSP48' <Latency = 3> <II = 1> <Delay = 2.15> <IPBlock> <Opcode : 'mul' 'add' 'sub' 'select'> <InPorts = 0> <OutPorts = 1> <Sync> <CReg>
ST_49 : Operation 234 [1/1] (2.63ns)   --->   "%ret_V = add i34 %mul_ln1115_2, i34 16965120820"   --->   Operation 234 'add' 'ret_V' <Predicate = true> <Delay = 2.63> <CoreInst = "Adder">   --->   Core 1 'Adder' <Latency = 0> <II = 1> <Delay = 2.13> <FuncUnit> <Opcode : 'add' 'sub'> <InPorts = 2> <OutPorts = 1>
ST_49 : Operation 235 [1/1] (0.00ns)   --->   "%A1T2_V_2 = partselect i18 @_ssdm_op_PartSelect.i18.i34.i32.i32, i34 %ret_V, i32 16, i32 33"   --->   Operation 235 'partselect' 'A1T2_V_2' <Predicate = true> <Delay = 0.00>
ST_49 : Operation 236 [1/4] (0.00ns) (root node of the DSP)   --->   "%mul_ln708 = mul i34 %sext_ln1118_4, i34 %sext_ln1118_4"   --->   Operation 236 'mul' 'mul_ln708' <Predicate = true> <Delay = 0.00> <CoreInst = "DSP48">   --->   Core 119 'DSP48' <Latency = 3> <II = 1> <Delay = 2.15> <IPBlock> <Opcode : 'mul' 'add' 'sub' 'select'> <InPorts = 0> <OutPorts = 1> <Sync> <CReg>
ST_49 : Operation 237 [1/1] (0.00ns)   --->   "%trunc_ln = partselect i18 @_ssdm_op_PartSelect.i18.i34.i32.i32, i34 %mul_ln708, i32 16, i32 33"   --->   Operation 237 'partselect' 'trunc_ln' <Predicate = true> <Delay = 0.00>
ST_49 : Operation 238 [2/3] (1.05ns) (grouped into DSP with root node add_ln1192)   --->   "%mul_ln1192 = mul i34 %sext_ln1118_4, i34 %sext_ln1118_5"   --->   Operation 238 'mul' 'mul_ln1192' <Predicate = true> <Delay = 1.05> <CoreInst = "DSP48">   --->   Core 119 'DSP48' <Latency = 3> <II = 1> <Delay = 2.15> <IPBlock> <Opcode : 'mul' 'add' 'sub' 'select'> <InPorts = 0> <OutPorts = 1> <Sync> <CReg>
ST_49 : Operation 239 [1/1] (0.00ns)   --->   "%sext_ln1118_6 = sext i18 %trunc_ln"   --->   Operation 239 'sext' 'sext_ln1118_6' <Predicate = true> <Delay = 0.00>
ST_49 : Operation 240 [1/1] (0.00ns)   --->   "%sext_ln1118_7 = sext i18 %A0T2_V"   --->   Operation 240 'sext' 'sext_ln1118_7' <Predicate = true> <Delay = 0.00>
ST_49 : Operation 241 [3/3] (1.05ns) (grouped into DSP with root node add_ln1192_1)   --->   "%mul_ln1192_1 = mul i34 %sext_ln1118_6, i34 %sext_ln1118_7"   --->   Operation 241 'mul' 'mul_ln1192_1' <Predicate = true> <Delay = 1.05> <CoreInst = "DSP48">   --->   Core 119 'DSP48' <Latency = 3> <II = 1> <Delay = 2.15> <IPBlock> <Opcode : 'mul' 'add' 'sub' 'select'> <InPorts = 0> <OutPorts = 1> <Sync> <CReg>
ST_49 : Operation 242 [1/1] (0.00ns)   --->   "%sext_ln1118_8 = sext i18 %bT_V"   --->   Operation 242 'sext' 'sext_ln1118_8' <Predicate = true> <Delay = 0.00>
ST_49 : Operation 243 [4/4] (2.15ns) (root node of the DSP)   --->   "%mul_ln708_1 = mul i34 %sext_ln1118_4, i34 %sext_ln1118_8"   --->   Operation 243 'mul' 'mul_ln708_1' <Predicate = true> <Delay = 2.15> <CoreInst = "DSP48">   --->   Core 119 'DSP48' <Latency = 3> <II = 1> <Delay = 2.15> <IPBlock> <Opcode : 'mul' 'add' 'sub' 'select'> <InPorts = 0> <OutPorts = 1> <Sync> <CReg>
ST_49 : Operation 244 [2/4] (2.15ns) (root node of the DSP)   --->   "%mul_ln708_5 = mul i34 %sext_ln1118_25, i34 %sext_ln1118_25"   --->   Operation 244 'mul' 'mul_ln708_5' <Predicate = true> <Delay = 2.15> <CoreInst = "DSP48">   --->   Core 119 'DSP48' <Latency = 3> <II = 1> <Delay = 2.15> <IPBlock> <Opcode : 'mul' 'add' 'sub' 'select'> <InPorts = 0> <OutPorts = 1> <Sync> <CReg>
ST_49 : Operation 245 [3/3] (1.05ns) (grouped into DSP with root node add_ln1192_15)   --->   "%mul_ln1192_8 = mul i34 %sext_ln1118_25, i34 %sext_ln1118_5"   --->   Operation 245 'mul' 'mul_ln1192_8' <Predicate = true> <Delay = 1.05> <CoreInst = "DSP48">   --->   Core 119 'DSP48' <Latency = 3> <II = 1> <Delay = 2.15> <IPBlock> <Opcode : 'mul' 'add' 'sub' 'select'> <InPorts = 0> <OutPorts = 1> <Sync> <CReg>
ST_49 : Operation 246 [4/4] (2.15ns) (root node of the DSP)   --->   "%mul_ln708_6 = mul i34 %sext_ln1118_25, i34 %sext_ln1118_8"   --->   Operation 246 'mul' 'mul_ln708_6' <Predicate = true> <Delay = 2.15> <CoreInst = "DSP48">   --->   Core 119 'DSP48' <Latency = 3> <II = 1> <Delay = 2.15> <IPBlock> <Opcode : 'mul' 'add' 'sub' 'select'> <InPorts = 0> <OutPorts = 1> <Sync> <CReg>

State 50 <SV = 49> <Delay = 4.73>
ST_50 : Operation 247 [8/33] (4.24ns)   --->   "%sdiv_ln1148 = sdiv i29 %t, i29 %sext_ln1148"   --->   Operation 247 'sdiv' 'sdiv_ln1148' <Predicate = true> <Delay = 4.24> <CoreInst = "Divider">   --->   Core 6 'Divider' <Latency = 32> <II = 1> <Delay = 4.24> <FuncUnit> <Opcode : 'sdiv' 'srem' 'udiv' 'urem'> <InPorts = 2> <OutPorts = 1>
ST_50 : Operation 248 [11/51] (4.73ns)   --->   "%sdiv_ln1148_1 = sdiv i47 %t_1, i47 %sext_ln1148_1"   --->   Operation 248 'sdiv' 'sdiv_ln1148_1' <Predicate = true> <Delay = 4.73> <CoreInst = "Divider">   --->   Core 6 'Divider' <Latency = 32> <II = 1> <Delay = 4.24> <FuncUnit> <Opcode : 'sdiv' 'srem' 'udiv' 'urem'> <InPorts = 2> <OutPorts = 1>
ST_50 : Operation 249 [2/4] (2.15ns) (root node of the DSP)   --->   "%r_V_15 = mul i32 %sext_ln1115_2, i32 4294960742"   --->   Operation 249 'mul' 'r_V_15' <Predicate = true> <Delay = 2.15> <CoreInst = "DSP48">   --->   Core 119 'DSP48' <Latency = 3> <II = 1> <Delay = 2.15> <IPBlock> <Opcode : 'mul' 'add' 'sub' 'select'> <InPorts = 0> <OutPorts = 1> <Sync> <CReg>
ST_50 : Operation 250 [1/1] (2.13ns)   --->   "%sub_ln703 = sub i18 65536, i18 %p_read22"   --->   Operation 250 'sub' 'sub_ln703' <Predicate = true> <Delay = 2.13> <CoreInst = "Adder">   --->   Core 1 'Adder' <Latency = 0> <II = 1> <Delay = 2.13> <FuncUnit> <Opcode : 'add' 'sub'> <InPorts = 2> <OutPorts = 1>
ST_50 : Operation 251 [1/3] (0.00ns) (grouped into DSP with root node add_ln1192)   --->   "%mul_ln1192 = mul i34 %sext_ln1118_4, i34 %sext_ln1118_5"   --->   Operation 251 'mul' 'mul_ln1192' <Predicate = true> <Delay = 0.00> <CoreInst = "DSP48">   --->   Core 119 'DSP48' <Latency = 3> <II = 1> <Delay = 2.15> <IPBlock> <Opcode : 'mul' 'add' 'sub' 'select'> <InPorts = 0> <OutPorts = 1> <Sync> <CReg>
ST_50 : Operation 252 [2/2] (2.10ns) (root node of the DSP)   --->   "%add_ln1192 = add i34 %mul_ln1192, i34 2147483648"   --->   Operation 252 'add' 'add_ln1192' <Predicate = true> <Delay = 2.10> <CoreInst = "DSP48">   --->   Core 119 'DSP48' <Latency = 3> <II = 1> <Delay = 2.15> <IPBlock> <Opcode : 'mul' 'add' 'sub' 'select'> <InPorts = 0> <OutPorts = 1> <Sync> <CReg>
ST_50 : Operation 253 [2/3] (1.05ns) (grouped into DSP with root node add_ln1192_1)   --->   "%mul_ln1192_1 = mul i34 %sext_ln1118_6, i34 %sext_ln1118_7"   --->   Operation 253 'mul' 'mul_ln1192_1' <Predicate = true> <Delay = 1.05> <CoreInst = "DSP48">   --->   Core 119 'DSP48' <Latency = 3> <II = 1> <Delay = 2.15> <IPBlock> <Opcode : 'mul' 'add' 'sub' 'select'> <InPorts = 0> <OutPorts = 1> <Sync> <CReg>
ST_50 : Operation 254 [3/4] (2.15ns) (root node of the DSP)   --->   "%mul_ln708_1 = mul i34 %sext_ln1118_4, i34 %sext_ln1118_8"   --->   Operation 254 'mul' 'mul_ln708_1' <Predicate = true> <Delay = 2.15> <CoreInst = "DSP48">   --->   Core 119 'DSP48' <Latency = 3> <II = 1> <Delay = 2.15> <IPBlock> <Opcode : 'mul' 'add' 'sub' 'select'> <InPorts = 0> <OutPorts = 1> <Sync> <CReg>
ST_50 : Operation 255 [1/1] (0.00ns)   --->   "%sext_ln1118_17 = sext i18 %sub_ln703"   --->   Operation 255 'sext' 'sext_ln1118_17' <Predicate = true> <Delay = 0.00>
ST_50 : Operation 256 [3/3] (1.05ns) (grouped into DSP with root node add_ln1192_5)   --->   "%mul_ln1192_4 = mul i34 %sext_ln1118_17, i34 %sext_ln1118_5"   --->   Operation 256 'mul' 'mul_ln1192_4' <Predicate = true> <Delay = 1.05> <CoreInst = "DSP48">   --->   Core 119 'DSP48' <Latency = 3> <II = 1> <Delay = 2.15> <IPBlock> <Opcode : 'mul' 'add' 'sub' 'select'> <InPorts = 0> <OutPorts = 1> <Sync> <CReg>
ST_50 : Operation 257 [4/4] (2.15ns) (root node of the DSP)   --->   "%mul_ln708_2 = mul i34 %sext_ln1118_17, i34 %sext_ln1118_8"   --->   Operation 257 'mul' 'mul_ln708_2' <Predicate = true> <Delay = 2.15> <CoreInst = "DSP48">   --->   Core 119 'DSP48' <Latency = 3> <II = 1> <Delay = 2.15> <IPBlock> <Opcode : 'mul' 'add' 'sub' 'select'> <InPorts = 0> <OutPorts = 1> <Sync> <CReg>
ST_50 : Operation 258 [1/4] (0.00ns) (root node of the DSP)   --->   "%mul_ln708_5 = mul i34 %sext_ln1118_25, i34 %sext_ln1118_25"   --->   Operation 258 'mul' 'mul_ln708_5' <Predicate = true> <Delay = 0.00> <CoreInst = "DSP48">   --->   Core 119 'DSP48' <Latency = 3> <II = 1> <Delay = 2.15> <IPBlock> <Opcode : 'mul' 'add' 'sub' 'select'> <InPorts = 0> <OutPorts = 1> <Sync> <CReg>
ST_50 : Operation 259 [1/1] (0.00ns)   --->   "%trunc_ln708_11 = partselect i18 @_ssdm_op_PartSelect.i18.i34.i32.i32, i34 %mul_ln708_5, i32 16, i32 33"   --->   Operation 259 'partselect' 'trunc_ln708_11' <Predicate = true> <Delay = 0.00>
ST_50 : Operation 260 [1/1] (2.13ns)   --->   "%sub_ln703_5 = sub i18 65536, i18 %p_read73"   --->   Operation 260 'sub' 'sub_ln703_5' <Predicate = true> <Delay = 2.13> <CoreInst = "Adder">   --->   Core 1 'Adder' <Latency = 0> <II = 1> <Delay = 2.13> <FuncUnit> <Opcode : 'add' 'sub'> <InPorts = 2> <OutPorts = 1>
ST_50 : Operation 261 [2/3] (1.05ns) (grouped into DSP with root node add_ln1192_15)   --->   "%mul_ln1192_8 = mul i34 %sext_ln1118_25, i34 %sext_ln1118_5"   --->   Operation 261 'mul' 'mul_ln1192_8' <Predicate = true> <Delay = 1.05> <CoreInst = "DSP48">   --->   Core 119 'DSP48' <Latency = 3> <II = 1> <Delay = 2.15> <IPBlock> <Opcode : 'mul' 'add' 'sub' 'select'> <InPorts = 0> <OutPorts = 1> <Sync> <CReg>
ST_50 : Operation 262 [1/1] (0.00ns)   --->   "%sext_ln1118_26 = sext i18 %trunc_ln708_11"   --->   Operation 262 'sext' 'sext_ln1118_26' <Predicate = true> <Delay = 0.00>
ST_50 : Operation 263 [3/3] (1.05ns) (grouped into DSP with root node add_ln1192_16)   --->   "%mul_ln1192_9 = mul i34 %sext_ln1118_26, i34 %sext_ln1118_7"   --->   Operation 263 'mul' 'mul_ln1192_9' <Predicate = true> <Delay = 1.05> <CoreInst = "DSP48">   --->   Core 119 'DSP48' <Latency = 3> <II = 1> <Delay = 2.15> <IPBlock> <Opcode : 'mul' 'add' 'sub' 'select'> <InPorts = 0> <OutPorts = 1> <Sync> <CReg>
ST_50 : Operation 264 [3/4] (2.15ns) (root node of the DSP)   --->   "%mul_ln708_6 = mul i34 %sext_ln1118_25, i34 %sext_ln1118_8"   --->   Operation 264 'mul' 'mul_ln708_6' <Predicate = true> <Delay = 2.15> <CoreInst = "DSP48">   --->   Core 119 'DSP48' <Latency = 3> <II = 1> <Delay = 2.15> <IPBlock> <Opcode : 'mul' 'add' 'sub' 'select'> <InPorts = 0> <OutPorts = 1> <Sync> <CReg>
ST_50 : Operation 265 [1/1] (0.00ns)   --->   "%sext_ln1118_32 = sext i18 %sub_ln703_5"   --->   Operation 265 'sext' 'sext_ln1118_32' <Predicate = true> <Delay = 0.00>
ST_50 : Operation 266 [3/3] (1.05ns) (grouped into DSP with root node add_ln1192_19)   --->   "%mul_ln1192_12 = mul i34 %sext_ln1118_32, i34 %sext_ln1118_5"   --->   Operation 266 'mul' 'mul_ln1192_12' <Predicate = true> <Delay = 1.05> <CoreInst = "DSP48">   --->   Core 119 'DSP48' <Latency = 3> <II = 1> <Delay = 2.15> <IPBlock> <Opcode : 'mul' 'add' 'sub' 'select'> <InPorts = 0> <OutPorts = 1> <Sync> <CReg>
ST_50 : Operation 267 [4/4] (2.15ns) (root node of the DSP)   --->   "%mul_ln708_7 = mul i34 %sext_ln1118_32, i34 %sext_ln1118_8"   --->   Operation 267 'mul' 'mul_ln708_7' <Predicate = true> <Delay = 2.15> <CoreInst = "DSP48">   --->   Core 119 'DSP48' <Latency = 3> <II = 1> <Delay = 2.15> <IPBlock> <Opcode : 'mul' 'add' 'sub' 'select'> <InPorts = 0> <OutPorts = 1> <Sync> <CReg>

State 51 <SV = 50> <Delay = 6.11>
ST_51 : Operation 268 [7/33] (4.24ns)   --->   "%sdiv_ln1148 = sdiv i29 %t, i29 %sext_ln1148"   --->   Operation 268 'sdiv' 'sdiv_ln1148' <Predicate = true> <Delay = 4.24> <CoreInst = "Divider">   --->   Core 6 'Divider' <Latency = 32> <II = 1> <Delay = 4.24> <FuncUnit> <Opcode : 'sdiv' 'srem' 'udiv' 'urem'> <InPorts = 2> <OutPorts = 1>
ST_51 : Operation 269 [10/51] (4.73ns)   --->   "%sdiv_ln1148_1 = sdiv i47 %t_1, i47 %sext_ln1148_1"   --->   Operation 269 'sdiv' 'sdiv_ln1148_1' <Predicate = true> <Delay = 4.73> <CoreInst = "Divider">   --->   Core 6 'Divider' <Latency = 32> <II = 1> <Delay = 4.24> <FuncUnit> <Opcode : 'sdiv' 'srem' 'udiv' 'urem'> <InPorts = 2> <OutPorts = 1>
ST_51 : Operation 270 [1/4] (0.00ns) (root node of the DSP)   --->   "%r_V_15 = mul i32 %sext_ln1115_2, i32 4294960742"   --->   Operation 270 'mul' 'r_V_15' <Predicate = true> <Delay = 0.00> <CoreInst = "DSP48">   --->   Core 119 'DSP48' <Latency = 3> <II = 1> <Delay = 2.15> <IPBlock> <Opcode : 'mul' 'add' 'sub' 'select'> <InPorts = 0> <OutPorts = 1> <Sync> <CReg>
ST_51 : Operation 271 [1/1] (0.00ns)   --->   "%trunc_ln708_s = partselect i16 @_ssdm_op_PartSelect.i16.i32.i32.i32, i32 %r_V_15, i32 16, i32 31"   --->   Operation 271 'partselect' 'trunc_ln708_s' <Predicate = true> <Delay = 0.00>
ST_51 : Operation 272 [1/1] (0.00ns)   --->   "%shl_ln = bitconcatenate i33 @_ssdm_op_BitConcatenate.i33.i18.i15, i18 %A0T_V, i15 0"   --->   Operation 272 'bitconcatenate' 'shl_ln' <Predicate = true> <Delay = 0.00>
ST_51 : Operation 273 [1/1] (0.00ns)   --->   "%sext_ln1118 = sext i33 %shl_ln"   --->   Operation 273 'sext' 'sext_ln1118' <Predicate = true> <Delay = 0.00>
ST_51 : Operation 274 [1/1] (0.00ns)   --->   "%shl_ln1118_1 = bitconcatenate i19 @_ssdm_op_BitConcatenate.i19.i18.i1, i18 %A0T_V, i1 0"   --->   Operation 274 'bitconcatenate' 'shl_ln1118_1' <Predicate = true> <Delay = 0.00>
ST_51 : Operation 275 [1/1] (0.00ns)   --->   "%sext_ln1118_1 = sext i19 %shl_ln1118_1"   --->   Operation 275 'sext' 'sext_ln1118_1' <Predicate = true> <Delay = 0.00>
ST_51 : Operation 276 [1/1] (2.59ns)   --->   "%r_V_16 = sub i34 %sext_ln1118, i34 %sext_ln1118_1"   --->   Operation 276 'sub' 'r_V_16' <Predicate = true> <Delay = 2.59> <CoreInst = "Adder">   --->   Core 1 'Adder' <Latency = 0> <II = 1> <Delay = 2.13> <FuncUnit> <Opcode : 'add' 'sub'> <InPorts = 2> <OutPorts = 1>
ST_51 : Operation 277 [1/1] (0.00ns)   --->   "%A1T2_V = partselect i18 @_ssdm_op_PartSelect.i18.i34.i32.i32, i34 %r_V_16, i32 16, i32 33"   --->   Operation 277 'partselect' 'A1T2_V' <Predicate = true> <Delay = 0.00>
ST_51 : Operation 278 [1/1] (0.00ns)   --->   "%shl_ln1118_2 = bitconcatenate i33 @_ssdm_op_BitConcatenate.i33.i18.i15, i18 %bT_V, i15 0"   --->   Operation 278 'bitconcatenate' 'shl_ln1118_2' <Predicate = true> <Delay = 0.00>
ST_51 : Operation 279 [1/1] (0.00ns)   --->   "%sext_ln1118_2 = sext i33 %shl_ln1118_2"   --->   Operation 279 'sext' 'sext_ln1118_2' <Predicate = true> <Delay = 0.00>
ST_51 : Operation 280 [1/1] (0.00ns)   --->   "%shl_ln1118_3 = bitconcatenate i19 @_ssdm_op_BitConcatenate.i19.i18.i1, i18 %bT_V, i1 0"   --->   Operation 280 'bitconcatenate' 'shl_ln1118_3' <Predicate = true> <Delay = 0.00>
ST_51 : Operation 281 [1/1] (0.00ns)   --->   "%sext_ln1118_3 = sext i19 %shl_ln1118_3"   --->   Operation 281 'sext' 'sext_ln1118_3' <Predicate = true> <Delay = 0.00>
ST_51 : Operation 282 [1/1] (2.59ns)   --->   "%r_V_17 = sub i34 %sext_ln1118_2, i34 %sext_ln1118_3"   --->   Operation 282 'sub' 'r_V_17' <Predicate = true> <Delay = 2.59> <CoreInst = "Adder">   --->   Core 1 'Adder' <Latency = 0> <II = 1> <Delay = 2.13> <FuncUnit> <Opcode : 'add' 'sub'> <InPorts = 2> <OutPorts = 1>
ST_51 : Operation 283 [1/1] (0.00ns)   --->   "%A1bT_V = partselect i18 @_ssdm_op_PartSelect.i18.i34.i32.i32, i34 %r_V_17, i32 16, i32 33"   --->   Operation 283 'partselect' 'A1bT_V' <Predicate = true> <Delay = 0.00>
ST_51 : Operation 284 [1/1] (0.00ns)   --->   "%shl_ln1299 = shl i18 %p_read22, i18 1"   --->   Operation 284 'shl' 'shl_ln1299' <Predicate = true> <Delay = 0.00>
ST_51 : Operation 285 [1/1] (0.00ns) (grouped into TernaryAdder)   --->   "%sub_ln703_2 = sub i18 65536, i18 %shl_ln1299"   --->   Operation 285 'sub' 'sub_ln703_2' <Predicate = true> <Delay = 0.00> <CoreInst = "TAddSub">   --->   Core 10 'TAddSub' <Latency = 0> <II = 1> <Delay = 1.98> <IPBlock> <Opcode : 'add' 'sub'> <InPorts = 3> <OutPorts = 1> <Sync>
ST_51 : Operation 286 [1/1] (3.96ns) (root node of TernaryAdder)   --->   "%add_ln703 = add i18 %sub_ln703_2, i18 %trunc_ln"   --->   Operation 286 'add' 'add_ln703' <Predicate = true> <Delay = 3.96> <CoreInst = "TAddSub">   --->   Core 10 'TAddSub' <Latency = 0> <II = 1> <Delay = 1.98> <IPBlock> <Opcode : 'add' 'sub'> <InPorts = 3> <OutPorts = 1> <Sync>
ST_51 : Operation 287 [1/2] (2.10ns) (root node of the DSP)   --->   "%add_ln1192 = add i34 %mul_ln1192, i34 2147483648"   --->   Operation 287 'add' 'add_ln1192' <Predicate = true> <Delay = 2.10> <CoreInst = "DSP48">   --->   Core 119 'DSP48' <Latency = 3> <II = 1> <Delay = 2.15> <IPBlock> <Opcode : 'mul' 'add' 'sub' 'select'> <InPorts = 0> <OutPorts = 1> <Sync> <CReg>
ST_51 : Operation 288 [1/3] (0.00ns) (grouped into DSP with root node add_ln1192_1)   --->   "%mul_ln1192_1 = mul i34 %sext_ln1118_6, i34 %sext_ln1118_7"   --->   Operation 288 'mul' 'mul_ln1192_1' <Predicate = true> <Delay = 0.00> <CoreInst = "DSP48">   --->   Core 119 'DSP48' <Latency = 3> <II = 1> <Delay = 2.15> <IPBlock> <Opcode : 'mul' 'add' 'sub' 'select'> <InPorts = 0> <OutPorts = 1> <Sync> <CReg>
ST_51 : Operation 289 [2/2] (2.10ns) (root node of the DSP)   --->   "%add_ln1192_1 = add i34 %add_ln1192, i34 %mul_ln1192_1"   --->   Operation 289 'add' 'add_ln1192_1' <Predicate = true> <Delay = 2.10> <CoreInst = "DSP48">   --->   Core 119 'DSP48' <Latency = 3> <II = 1> <Delay = 2.15> <IPBlock> <Opcode : 'mul' 'add' 'sub' 'select'> <InPorts = 0> <OutPorts = 1> <Sync> <CReg>
ST_51 : Operation 290 [2/4] (2.15ns) (root node of the DSP)   --->   "%mul_ln708_1 = mul i34 %sext_ln1118_4, i34 %sext_ln1118_8"   --->   Operation 290 'mul' 'mul_ln708_1' <Predicate = true> <Delay = 2.15> <CoreInst = "DSP48">   --->   Core 119 'DSP48' <Latency = 3> <II = 1> <Delay = 2.15> <IPBlock> <Opcode : 'mul' 'add' 'sub' 'select'> <InPorts = 0> <OutPorts = 1> <Sync> <CReg>
ST_51 : Operation 291 [1/1] (0.00ns)   --->   "%sext_ln1118_9 = sext i18 %add_ln703"   --->   Operation 291 'sext' 'sext_ln1118_9' <Predicate = true> <Delay = 0.00>
ST_51 : Operation 292 [4/4] (2.15ns) (root node of the DSP)   --->   "%mul_ln1118 = mul i31 %sext_ln1118_9, i31 2147480371"   --->   Operation 292 'mul' 'mul_ln1118' <Predicate = true> <Delay = 2.15> <CoreInst = "DSP48">   --->   Core 119 'DSP48' <Latency = 3> <II = 1> <Delay = 2.15> <IPBlock> <Opcode : 'mul' 'add' 'sub' 'select'> <InPorts = 0> <OutPorts = 1> <Sync> <CReg>
ST_51 : Operation 293 [1/1] (0.00ns)   --->   "%sext_ln1118_12 = sext i18 %add_ln703"   --->   Operation 293 'sext' 'sext_ln1118_12' <Predicate = true> <Delay = 0.00>
ST_51 : Operation 294 [1/1] (0.00ns)   --->   "%sext_ln1118_13 = sext i16 %trunc_ln708_s"   --->   Operation 294 'sext' 'sext_ln1118_13' <Predicate = true> <Delay = 0.00>
ST_51 : Operation 295 [4/4] (2.15ns) (root node of the DSP)   --->   "%mul_ln1192_2 = mul i34 %sext_ln1118_12, i34 %sext_ln1118_13"   --->   Operation 295 'mul' 'mul_ln1192_2' <Predicate = true> <Delay = 2.15> <CoreInst = "DSP48">   --->   Core 119 'DSP48' <Latency = 3> <II = 1> <Delay = 2.15> <IPBlock> <Opcode : 'mul' 'add' 'sub' 'select'> <InPorts = 0> <OutPorts = 1> <Sync> <CReg>
ST_51 : Operation 296 [1/1] (0.00ns)   --->   "%sext_ln1118_16 = sext i18 %A1T2_V"   --->   Operation 296 'sext' 'sext_ln1118_16' <Predicate = true> <Delay = 0.00>
ST_51 : Operation 297 [3/3] (1.05ns) (grouped into DSP with root node add_ln1192_4)   --->   "%mul_ln1192_3 = mul i34 %sext_ln1118_12, i34 %sext_ln1118_16"   --->   Operation 297 'mul' 'mul_ln1192_3' <Predicate = true> <Delay = 1.05> <CoreInst = "DSP48">   --->   Core 119 'DSP48' <Latency = 3> <II = 1> <Delay = 2.15> <IPBlock> <Opcode : 'mul' 'add' 'sub' 'select'> <InPorts = 0> <OutPorts = 1> <Sync> <CReg>
ST_51 : Operation 298 [2/3] (1.05ns) (grouped into DSP with root node add_ln1192_5)   --->   "%mul_ln1192_4 = mul i34 %sext_ln1118_17, i34 %sext_ln1118_5"   --->   Operation 298 'mul' 'mul_ln1192_4' <Predicate = true> <Delay = 1.05> <CoreInst = "DSP48">   --->   Core 119 'DSP48' <Latency = 3> <II = 1> <Delay = 2.15> <IPBlock> <Opcode : 'mul' 'add' 'sub' 'select'> <InPorts = 0> <OutPorts = 1> <Sync> <CReg>
ST_51 : Operation 299 [1/1] (0.00ns)   --->   "%sext_ln1118_19 = sext i18 %A1T2_V_2"   --->   Operation 299 'sext' 'sext_ln1118_19' <Predicate = true> <Delay = 0.00>
ST_51 : Operation 300 [3/3] (1.05ns) (grouped into DSP with root node add_ln1192_6)   --->   "%mul_ln1192_5 = mul i34 %sext_ln1118_12, i34 %sext_ln1118_19"   --->   Operation 300 'mul' 'mul_ln1192_5' <Predicate = true> <Delay = 1.05> <CoreInst = "DSP48">   --->   Core 119 'DSP48' <Latency = 3> <II = 1> <Delay = 2.15> <IPBlock> <Opcode : 'mul' 'add' 'sub' 'select'> <InPorts = 0> <OutPorts = 1> <Sync> <CReg>
ST_51 : Operation 301 [3/4] (2.15ns) (root node of the DSP)   --->   "%mul_ln708_2 = mul i34 %sext_ln1118_17, i34 %sext_ln1118_8"   --->   Operation 301 'mul' 'mul_ln708_2' <Predicate = true> <Delay = 2.15> <CoreInst = "DSP48">   --->   Core 119 'DSP48' <Latency = 3> <II = 1> <Delay = 2.15> <IPBlock> <Opcode : 'mul' 'add' 'sub' 'select'> <InPorts = 0> <OutPorts = 1> <Sync> <CReg>
ST_51 : Operation 302 [1/1] (0.00ns)   --->   "%sext_ln1118_20 = sext i18 %A1bT_V"   --->   Operation 302 'sext' 'sext_ln1118_20' <Predicate = true> <Delay = 0.00>
ST_51 : Operation 303 [4/4] (2.15ns) (root node of the DSP)   --->   "%mul_ln708_3 = mul i34 %sext_ln1118_12, i34 %sext_ln1118_20"   --->   Operation 303 'mul' 'mul_ln708_3' <Predicate = true> <Delay = 2.15> <CoreInst = "DSP48">   --->   Core 119 'DSP48' <Latency = 3> <II = 1> <Delay = 2.15> <IPBlock> <Opcode : 'mul' 'add' 'sub' 'select'> <InPorts = 0> <OutPorts = 1> <Sync> <CReg>
ST_51 : Operation 304 [1/1] (0.00ns)   --->   "%shl_ln1299_1 = shl i18 %p_read73, i18 1"   --->   Operation 304 'shl' 'shl_ln1299_1' <Predicate = true> <Delay = 0.00>
ST_51 : Operation 305 [1/1] (0.00ns) (grouped into TernaryAdder)   --->   "%sub_ln703_6 = sub i18 65536, i18 %shl_ln1299_1"   --->   Operation 305 'sub' 'sub_ln703_6' <Predicate = true> <Delay = 0.00> <CoreInst = "TAddSub">   --->   Core 10 'TAddSub' <Latency = 0> <II = 1> <Delay = 1.98> <IPBlock> <Opcode : 'add' 'sub'> <InPorts = 3> <OutPorts = 1> <Sync>
ST_51 : Operation 306 [1/1] (3.96ns) (root node of TernaryAdder)   --->   "%add_ln703_5 = add i18 %sub_ln703_6, i18 %trunc_ln708_11"   --->   Operation 306 'add' 'add_ln703_5' <Predicate = true> <Delay = 3.96> <CoreInst = "TAddSub">   --->   Core 10 'TAddSub' <Latency = 0> <II = 1> <Delay = 1.98> <IPBlock> <Opcode : 'add' 'sub'> <InPorts = 3> <OutPorts = 1> <Sync>
ST_51 : Operation 307 [1/3] (0.00ns) (grouped into DSP with root node add_ln1192_15)   --->   "%mul_ln1192_8 = mul i34 %sext_ln1118_25, i34 %sext_ln1118_5"   --->   Operation 307 'mul' 'mul_ln1192_8' <Predicate = true> <Delay = 0.00> <CoreInst = "DSP48">   --->   Core 119 'DSP48' <Latency = 3> <II = 1> <Delay = 2.15> <IPBlock> <Opcode : 'mul' 'add' 'sub' 'select'> <InPorts = 0> <OutPorts = 1> <Sync> <CReg>
ST_51 : Operation 308 [2/2] (2.10ns) (root node of the DSP)   --->   "%add_ln1192_15 = add i34 %mul_ln1192_8, i34 2147483648"   --->   Operation 308 'add' 'add_ln1192_15' <Predicate = true> <Delay = 2.10> <CoreInst = "DSP48">   --->   Core 119 'DSP48' <Latency = 3> <II = 1> <Delay = 2.15> <IPBlock> <Opcode : 'mul' 'add' 'sub' 'select'> <InPorts = 0> <OutPorts = 1> <Sync> <CReg>
ST_51 : Operation 309 [2/3] (1.05ns) (grouped into DSP with root node add_ln1192_16)   --->   "%mul_ln1192_9 = mul i34 %sext_ln1118_26, i34 %sext_ln1118_7"   --->   Operation 309 'mul' 'mul_ln1192_9' <Predicate = true> <Delay = 1.05> <CoreInst = "DSP48">   --->   Core 119 'DSP48' <Latency = 3> <II = 1> <Delay = 2.15> <IPBlock> <Opcode : 'mul' 'add' 'sub' 'select'> <InPorts = 0> <OutPorts = 1> <Sync> <CReg>
ST_51 : Operation 310 [2/4] (2.15ns) (root node of the DSP)   --->   "%mul_ln708_6 = mul i34 %sext_ln1118_25, i34 %sext_ln1118_8"   --->   Operation 310 'mul' 'mul_ln708_6' <Predicate = true> <Delay = 2.15> <CoreInst = "DSP48">   --->   Core 119 'DSP48' <Latency = 3> <II = 1> <Delay = 2.15> <IPBlock> <Opcode : 'mul' 'add' 'sub' 'select'> <InPorts = 0> <OutPorts = 1> <Sync> <CReg>
ST_51 : Operation 311 [1/1] (0.00ns)   --->   "%sext_ln1118_27 = sext i18 %add_ln703_5"   --->   Operation 311 'sext' 'sext_ln1118_27' <Predicate = true> <Delay = 0.00>
ST_51 : Operation 312 [4/4] (2.15ns) (root node of the DSP)   --->   "%mul_ln1118_4 = mul i31 %sext_ln1118_27, i31 2147480371"   --->   Operation 312 'mul' 'mul_ln1118_4' <Predicate = true> <Delay = 2.15> <CoreInst = "DSP48">   --->   Core 119 'DSP48' <Latency = 3> <II = 1> <Delay = 2.15> <IPBlock> <Opcode : 'mul' 'add' 'sub' 'select'> <InPorts = 0> <OutPorts = 1> <Sync> <CReg>
ST_51 : Operation 313 [1/1] (0.00ns)   --->   "%sext_ln1118_29 = sext i18 %add_ln703_5"   --->   Operation 313 'sext' 'sext_ln1118_29' <Predicate = true> <Delay = 0.00>
ST_51 : Operation 314 [4/4] (2.15ns) (root node of the DSP)   --->   "%mul_ln1192_10 = mul i34 %sext_ln1118_29, i34 %sext_ln1118_13"   --->   Operation 314 'mul' 'mul_ln1192_10' <Predicate = true> <Delay = 2.15> <CoreInst = "DSP48">   --->   Core 119 'DSP48' <Latency = 3> <II = 1> <Delay = 2.15> <IPBlock> <Opcode : 'mul' 'add' 'sub' 'select'> <InPorts = 0> <OutPorts = 1> <Sync> <CReg>
ST_51 : Operation 315 [3/3] (1.05ns) (grouped into DSP with root node add_ln1192_18)   --->   "%mul_ln1192_11 = mul i34 %sext_ln1118_29, i34 %sext_ln1118_16"   --->   Operation 315 'mul' 'mul_ln1192_11' <Predicate = true> <Delay = 1.05> <CoreInst = "DSP48">   --->   Core 119 'DSP48' <Latency = 3> <II = 1> <Delay = 2.15> <IPBlock> <Opcode : 'mul' 'add' 'sub' 'select'> <InPorts = 0> <OutPorts = 1> <Sync> <CReg>
ST_51 : Operation 316 [2/3] (1.05ns) (grouped into DSP with root node add_ln1192_19)   --->   "%mul_ln1192_12 = mul i34 %sext_ln1118_32, i34 %sext_ln1118_5"   --->   Operation 316 'mul' 'mul_ln1192_12' <Predicate = true> <Delay = 1.05> <CoreInst = "DSP48">   --->   Core 119 'DSP48' <Latency = 3> <II = 1> <Delay = 2.15> <IPBlock> <Opcode : 'mul' 'add' 'sub' 'select'> <InPorts = 0> <OutPorts = 1> <Sync> <CReg>
ST_51 : Operation 317 [3/3] (1.05ns) (grouped into DSP with root node add_ln1192_20)   --->   "%mul_ln1192_13 = mul i34 %sext_ln1118_29, i34 %sext_ln1118_19"   --->   Operation 317 'mul' 'mul_ln1192_13' <Predicate = true> <Delay = 1.05> <CoreInst = "DSP48">   --->   Core 119 'DSP48' <Latency = 3> <II = 1> <Delay = 2.15> <IPBlock> <Opcode : 'mul' 'add' 'sub' 'select'> <InPorts = 0> <OutPorts = 1> <Sync> <CReg>
ST_51 : Operation 318 [3/4] (2.15ns) (root node of the DSP)   --->   "%mul_ln708_7 = mul i34 %sext_ln1118_32, i34 %sext_ln1118_8"   --->   Operation 318 'mul' 'mul_ln708_7' <Predicate = true> <Delay = 2.15> <CoreInst = "DSP48">   --->   Core 119 'DSP48' <Latency = 3> <II = 1> <Delay = 2.15> <IPBlock> <Opcode : 'mul' 'add' 'sub' 'select'> <InPorts = 0> <OutPorts = 1> <Sync> <CReg>
ST_51 : Operation 319 [4/4] (2.15ns) (root node of the DSP)   --->   "%mul_ln708_8 = mul i34 %sext_ln1118_29, i34 %sext_ln1118_20"   --->   Operation 319 'mul' 'mul_ln708_8' <Predicate = true> <Delay = 2.15> <CoreInst = "DSP48">   --->   Core 119 'DSP48' <Latency = 3> <II = 1> <Delay = 2.15> <IPBlock> <Opcode : 'mul' 'add' 'sub' 'select'> <InPorts = 0> <OutPorts = 1> <Sync> <CReg>

State 52 <SV = 51> <Delay = 4.73>
ST_52 : Operation 320 [6/33] (4.24ns)   --->   "%sdiv_ln1148 = sdiv i29 %t, i29 %sext_ln1148"   --->   Operation 320 'sdiv' 'sdiv_ln1148' <Predicate = true> <Delay = 4.24> <CoreInst = "Divider">   --->   Core 6 'Divider' <Latency = 32> <II = 1> <Delay = 4.24> <FuncUnit> <Opcode : 'sdiv' 'srem' 'udiv' 'urem'> <InPorts = 2> <OutPorts = 1>
ST_52 : Operation 321 [9/51] (4.73ns)   --->   "%sdiv_ln1148_1 = sdiv i47 %t_1, i47 %sext_ln1148_1"   --->   Operation 321 'sdiv' 'sdiv_ln1148_1' <Predicate = true> <Delay = 4.73> <CoreInst = "Divider">   --->   Core 6 'Divider' <Latency = 32> <II = 1> <Delay = 4.24> <FuncUnit> <Opcode : 'sdiv' 'srem' 'udiv' 'urem'> <InPorts = 2> <OutPorts = 1>
ST_52 : Operation 322 [1/2] (2.10ns) (root node of the DSP)   --->   "%add_ln1192_1 = add i34 %add_ln1192, i34 %mul_ln1192_1"   --->   Operation 322 'add' 'add_ln1192_1' <Predicate = true> <Delay = 2.10> <CoreInst = "DSP48">   --->   Core 119 'DSP48' <Latency = 3> <II = 1> <Delay = 2.15> <IPBlock> <Opcode : 'mul' 'add' 'sub' 'select'> <InPorts = 0> <OutPorts = 1> <Sync> <CReg>
ST_52 : Operation 323 [1/1] (0.00ns)   --->   "%trunc_ln708_1 = partselect i18 @_ssdm_op_PartSelect.i18.i34.i32.i32, i34 %add_ln1192_1, i32 16, i32 33"   --->   Operation 323 'partselect' 'trunc_ln708_1' <Predicate = true> <Delay = 0.00>
ST_52 : Operation 324 [1/4] (0.00ns) (root node of the DSP)   --->   "%mul_ln708_1 = mul i34 %sext_ln1118_4, i34 %sext_ln1118_8"   --->   Operation 324 'mul' 'mul_ln708_1' <Predicate = true> <Delay = 0.00> <CoreInst = "DSP48">   --->   Core 119 'DSP48' <Latency = 3> <II = 1> <Delay = 2.15> <IPBlock> <Opcode : 'mul' 'add' 'sub' 'select'> <InPorts = 0> <OutPorts = 1> <Sync> <CReg>
ST_52 : Operation 325 [3/4] (2.15ns) (root node of the DSP)   --->   "%mul_ln1118 = mul i31 %sext_ln1118_9, i31 2147480371"   --->   Operation 325 'mul' 'mul_ln1118' <Predicate = true> <Delay = 2.15> <CoreInst = "DSP48">   --->   Core 119 'DSP48' <Latency = 3> <II = 1> <Delay = 2.15> <IPBlock> <Opcode : 'mul' 'add' 'sub' 'select'> <InPorts = 0> <OutPorts = 1> <Sync> <CReg>
ST_52 : Operation 326 [1/1] (0.00ns)   --->   "%sext_ln1118_11 = sext i18 %sub_ln703"   --->   Operation 326 'sext' 'sext_ln1118_11' <Predicate = true> <Delay = 0.00>
ST_52 : Operation 327 [3/3] (1.05ns) (grouped into DSP with root node add_ln1192_3)   --->   "%mul_ln1118_1 = mul i32 %sext_ln1118_11, i32 4294960742"   --->   Operation 327 'mul' 'mul_ln1118_1' <Predicate = true> <Delay = 1.05> <CoreInst = "DSP48">   --->   Core 119 'DSP48' <Latency = 3> <II = 1> <Delay = 2.15> <IPBlock> <Opcode : 'mul' 'add' 'sub' 'select'> <InPorts = 0> <OutPorts = 1> <Sync> <CReg>
ST_52 : Operation 328 [3/4] (2.15ns) (root node of the DSP)   --->   "%mul_ln1192_2 = mul i34 %sext_ln1118_12, i34 %sext_ln1118_13"   --->   Operation 328 'mul' 'mul_ln1192_2' <Predicate = true> <Delay = 2.15> <CoreInst = "DSP48">   --->   Core 119 'DSP48' <Latency = 3> <II = 1> <Delay = 2.15> <IPBlock> <Opcode : 'mul' 'add' 'sub' 'select'> <InPorts = 0> <OutPorts = 1> <Sync> <CReg>
ST_52 : Operation 329 [2/3] (1.05ns) (grouped into DSP with root node add_ln1192_4)   --->   "%mul_ln1192_3 = mul i34 %sext_ln1118_12, i34 %sext_ln1118_16"   --->   Operation 329 'mul' 'mul_ln1192_3' <Predicate = true> <Delay = 1.05> <CoreInst = "DSP48">   --->   Core 119 'DSP48' <Latency = 3> <II = 1> <Delay = 2.15> <IPBlock> <Opcode : 'mul' 'add' 'sub' 'select'> <InPorts = 0> <OutPorts = 1> <Sync> <CReg>
ST_52 : Operation 330 [1/3] (0.00ns) (grouped into DSP with root node add_ln1192_5)   --->   "%mul_ln1192_4 = mul i34 %sext_ln1118_17, i34 %sext_ln1118_5"   --->   Operation 330 'mul' 'mul_ln1192_4' <Predicate = true> <Delay = 0.00> <CoreInst = "DSP48">   --->   Core 119 'DSP48' <Latency = 3> <II = 1> <Delay = 2.15> <IPBlock> <Opcode : 'mul' 'add' 'sub' 'select'> <InPorts = 0> <OutPorts = 1> <Sync> <CReg>
ST_52 : Operation 331 [2/2] (2.10ns) (root node of the DSP)   --->   "%add_ln1192_5 = add i34 %mul_ln1192_4, i34 2147483648"   --->   Operation 331 'add' 'add_ln1192_5' <Predicate = true> <Delay = 2.10> <CoreInst = "DSP48">   --->   Core 119 'DSP48' <Latency = 3> <II = 1> <Delay = 2.15> <IPBlock> <Opcode : 'mul' 'add' 'sub' 'select'> <InPorts = 0> <OutPorts = 1> <Sync> <CReg>
ST_52 : Operation 332 [2/3] (1.05ns) (grouped into DSP with root node add_ln1192_6)   --->   "%mul_ln1192_5 = mul i34 %sext_ln1118_12, i34 %sext_ln1118_19"   --->   Operation 332 'mul' 'mul_ln1192_5' <Predicate = true> <Delay = 1.05> <CoreInst = "DSP48">   --->   Core 119 'DSP48' <Latency = 3> <II = 1> <Delay = 2.15> <IPBlock> <Opcode : 'mul' 'add' 'sub' 'select'> <InPorts = 0> <OutPorts = 1> <Sync> <CReg>
ST_52 : Operation 333 [2/4] (2.15ns) (root node of the DSP)   --->   "%mul_ln708_2 = mul i34 %sext_ln1118_17, i34 %sext_ln1118_8"   --->   Operation 333 'mul' 'mul_ln708_2' <Predicate = true> <Delay = 2.15> <CoreInst = "DSP48">   --->   Core 119 'DSP48' <Latency = 3> <II = 1> <Delay = 2.15> <IPBlock> <Opcode : 'mul' 'add' 'sub' 'select'> <InPorts = 0> <OutPorts = 1> <Sync> <CReg>
ST_52 : Operation 334 [3/4] (2.15ns) (root node of the DSP)   --->   "%mul_ln708_3 = mul i34 %sext_ln1118_12, i34 %sext_ln1118_20"   --->   Operation 334 'mul' 'mul_ln708_3' <Predicate = true> <Delay = 2.15> <CoreInst = "DSP48">   --->   Core 119 'DSP48' <Latency = 3> <II = 1> <Delay = 2.15> <IPBlock> <Opcode : 'mul' 'add' 'sub' 'select'> <InPorts = 0> <OutPorts = 1> <Sync> <CReg>
ST_52 : Operation 335 [1/1] (0.00ns)   --->   "%shl_ln703_6 = bitconcatenate i33 @_ssdm_op_BitConcatenate.i33.i18.i15, i18 %p_read84, i15 0"   --->   Operation 335 'bitconcatenate' 'shl_ln703_6' <Predicate = true> <Delay = 0.00>
ST_52 : Operation 336 [1/1] (0.00ns)   --->   "%tmp_s = partselect i18 @_ssdm_op_PartSelect.i18.i34.i32.i32, i34 %mul_ln708_1, i32 16, i32 33"   --->   Operation 336 'partselect' 'tmp_s' <Predicate = true> <Delay = 0.00>
ST_52 : Operation 337 [1/1] (0.00ns)   --->   "%shl_ln2 = bitconcatenate i29 @_ssdm_op_BitConcatenate.i29.i18.i11, i18 %tmp_s, i11 0"   --->   Operation 337 'bitconcatenate' 'shl_ln2' <Predicate = true> <Delay = 0.00>
ST_52 : Operation 338 [1/1] (0.00ns)   --->   "%sext_ln1192 = sext i29 %shl_ln2"   --->   Operation 338 'sext' 'sext_ln1192' <Predicate = true> <Delay = 0.00>
ST_52 : Operation 339 [1/1] (2.59ns)   --->   "%add_ln1192_7 = add i33 %sext_ln1192, i33 %shl_ln703_6"   --->   Operation 339 'add' 'add_ln1192_7' <Predicate = true> <Delay = 2.59> <CoreInst = "Adder">   --->   Core 1 'Adder' <Latency = 0> <II = 1> <Delay = 2.13> <FuncUnit> <Opcode : 'add' 'sub'> <InPorts = 2> <OutPorts = 1>
ST_52 : Operation 340 [1/1] (0.00ns)   --->   "%trunc_ln708_9 = partselect i18 @_ssdm_op_PartSelect.i18.i33.i32.i32, i33 %add_ln1192_7, i32 15, i32 32"   --->   Operation 340 'partselect' 'trunc_ln708_9' <Predicate = true> <Delay = 0.00>
ST_52 : Operation 341 [1/1] (0.00ns)   --->   "%sext_ln708_1 = sext i18 %trunc_ln708_1"   --->   Operation 341 'sext' 'sext_ln708_1' <Predicate = true> <Delay = 0.00>
ST_52 : Operation 342 [1/1] (0.00ns)   --->   "%sext_ln708_2 = sext i18 %p_read95"   --->   Operation 342 'sext' 'sext_ln708_2' <Predicate = true> <Delay = 0.00>
ST_52 : Operation 343 [4/4] (2.15ns) (root node of the DSP)   --->   "%mul_ln708_4 = mul i33 %sext_ln708_1, i33 %sext_ln708_2"   --->   Operation 343 'mul' 'mul_ln708_4' <Predicate = true> <Delay = 2.15> <CoreInst = "DSP48">   --->   Core 119 'DSP48' <Latency = 3> <II = 1> <Delay = 2.15> <IPBlock> <Opcode : 'mul' 'add' 'sub' 'select'> <InPorts = 0> <OutPorts = 1> <Sync> <CReg>
ST_52 : Operation 344 [1/2] (2.10ns) (root node of the DSP)   --->   "%add_ln1192_15 = add i34 %mul_ln1192_8, i34 2147483648"   --->   Operation 344 'add' 'add_ln1192_15' <Predicate = true> <Delay = 2.10> <CoreInst = "DSP48">   --->   Core 119 'DSP48' <Latency = 3> <II = 1> <Delay = 2.15> <IPBlock> <Opcode : 'mul' 'add' 'sub' 'select'> <InPorts = 0> <OutPorts = 1> <Sync> <CReg>
ST_52 : Operation 345 [1/3] (0.00ns) (grouped into DSP with root node add_ln1192_16)   --->   "%mul_ln1192_9 = mul i34 %sext_ln1118_26, i34 %sext_ln1118_7"   --->   Operation 345 'mul' 'mul_ln1192_9' <Predicate = true> <Delay = 0.00> <CoreInst = "DSP48">   --->   Core 119 'DSP48' <Latency = 3> <II = 1> <Delay = 2.15> <IPBlock> <Opcode : 'mul' 'add' 'sub' 'select'> <InPorts = 0> <OutPorts = 1> <Sync> <CReg>
ST_52 : Operation 346 [2/2] (2.10ns) (root node of the DSP)   --->   "%add_ln1192_16 = add i34 %add_ln1192_15, i34 %mul_ln1192_9"   --->   Operation 346 'add' 'add_ln1192_16' <Predicate = true> <Delay = 2.10> <CoreInst = "DSP48">   --->   Core 119 'DSP48' <Latency = 3> <II = 1> <Delay = 2.15> <IPBlock> <Opcode : 'mul' 'add' 'sub' 'select'> <InPorts = 0> <OutPorts = 1> <Sync> <CReg>
ST_52 : Operation 347 [1/4] (0.00ns) (root node of the DSP)   --->   "%mul_ln708_6 = mul i34 %sext_ln1118_25, i34 %sext_ln1118_8"   --->   Operation 347 'mul' 'mul_ln708_6' <Predicate = true> <Delay = 0.00> <CoreInst = "DSP48">   --->   Core 119 'DSP48' <Latency = 3> <II = 1> <Delay = 2.15> <IPBlock> <Opcode : 'mul' 'add' 'sub' 'select'> <InPorts = 0> <OutPorts = 1> <Sync> <CReg>
ST_52 : Operation 348 [3/4] (2.15ns) (root node of the DSP)   --->   "%mul_ln1118_4 = mul i31 %sext_ln1118_27, i31 2147480371"   --->   Operation 348 'mul' 'mul_ln1118_4' <Predicate = true> <Delay = 2.15> <CoreInst = "DSP48">   --->   Core 119 'DSP48' <Latency = 3> <II = 1> <Delay = 2.15> <IPBlock> <Opcode : 'mul' 'add' 'sub' 'select'> <InPorts = 0> <OutPorts = 1> <Sync> <CReg>
ST_52 : Operation 349 [1/1] (0.00ns)   --->   "%sext_ln1118_28 = sext i18 %sub_ln703_5"   --->   Operation 349 'sext' 'sext_ln1118_28' <Predicate = true> <Delay = 0.00>
ST_52 : Operation 350 [3/3] (1.05ns) (grouped into DSP with root node add_ln1192_17)   --->   "%mul_ln1118_5 = mul i32 %sext_ln1118_28, i32 4294960742"   --->   Operation 350 'mul' 'mul_ln1118_5' <Predicate = true> <Delay = 1.05> <CoreInst = "DSP48">   --->   Core 119 'DSP48' <Latency = 3> <II = 1> <Delay = 2.15> <IPBlock> <Opcode : 'mul' 'add' 'sub' 'select'> <InPorts = 0> <OutPorts = 1> <Sync> <CReg>
ST_52 : Operation 351 [3/4] (2.15ns) (root node of the DSP)   --->   "%mul_ln1192_10 = mul i34 %sext_ln1118_29, i34 %sext_ln1118_13"   --->   Operation 351 'mul' 'mul_ln1192_10' <Predicate = true> <Delay = 2.15> <CoreInst = "DSP48">   --->   Core 119 'DSP48' <Latency = 3> <II = 1> <Delay = 2.15> <IPBlock> <Opcode : 'mul' 'add' 'sub' 'select'> <InPorts = 0> <OutPorts = 1> <Sync> <CReg>
ST_52 : Operation 352 [2/3] (1.05ns) (grouped into DSP with root node add_ln1192_18)   --->   "%mul_ln1192_11 = mul i34 %sext_ln1118_29, i34 %sext_ln1118_16"   --->   Operation 352 'mul' 'mul_ln1192_11' <Predicate = true> <Delay = 1.05> <CoreInst = "DSP48">   --->   Core 119 'DSP48' <Latency = 3> <II = 1> <Delay = 2.15> <IPBlock> <Opcode : 'mul' 'add' 'sub' 'select'> <InPorts = 0> <OutPorts = 1> <Sync> <CReg>
ST_52 : Operation 353 [1/3] (0.00ns) (grouped into DSP with root node add_ln1192_19)   --->   "%mul_ln1192_12 = mul i34 %sext_ln1118_32, i34 %sext_ln1118_5"   --->   Operation 353 'mul' 'mul_ln1192_12' <Predicate = true> <Delay = 0.00> <CoreInst = "DSP48">   --->   Core 119 'DSP48' <Latency = 3> <II = 1> <Delay = 2.15> <IPBlock> <Opcode : 'mul' 'add' 'sub' 'select'> <InPorts = 0> <OutPorts = 1> <Sync> <CReg>
ST_52 : Operation 354 [2/2] (2.10ns) (root node of the DSP)   --->   "%add_ln1192_19 = add i34 %mul_ln1192_12, i34 2147483648"   --->   Operation 354 'add' 'add_ln1192_19' <Predicate = true> <Delay = 2.10> <CoreInst = "DSP48">   --->   Core 119 'DSP48' <Latency = 3> <II = 1> <Delay = 2.15> <IPBlock> <Opcode : 'mul' 'add' 'sub' 'select'> <InPorts = 0> <OutPorts = 1> <Sync> <CReg>
ST_52 : Operation 355 [2/3] (1.05ns) (grouped into DSP with root node add_ln1192_20)   --->   "%mul_ln1192_13 = mul i34 %sext_ln1118_29, i34 %sext_ln1118_19"   --->   Operation 355 'mul' 'mul_ln1192_13' <Predicate = true> <Delay = 1.05> <CoreInst = "DSP48">   --->   Core 119 'DSP48' <Latency = 3> <II = 1> <Delay = 2.15> <IPBlock> <Opcode : 'mul' 'add' 'sub' 'select'> <InPorts = 0> <OutPorts = 1> <Sync> <CReg>
ST_52 : Operation 356 [2/4] (2.15ns) (root node of the DSP)   --->   "%mul_ln708_7 = mul i34 %sext_ln1118_32, i34 %sext_ln1118_8"   --->   Operation 356 'mul' 'mul_ln708_7' <Predicate = true> <Delay = 2.15> <CoreInst = "DSP48">   --->   Core 119 'DSP48' <Latency = 3> <II = 1> <Delay = 2.15> <IPBlock> <Opcode : 'mul' 'add' 'sub' 'select'> <InPorts = 0> <OutPorts = 1> <Sync> <CReg>
ST_52 : Operation 357 [3/4] (2.15ns) (root node of the DSP)   --->   "%mul_ln708_8 = mul i34 %sext_ln1118_29, i34 %sext_ln1118_20"   --->   Operation 357 'mul' 'mul_ln708_8' <Predicate = true> <Delay = 2.15> <CoreInst = "DSP48">   --->   Core 119 'DSP48' <Latency = 3> <II = 1> <Delay = 2.15> <IPBlock> <Opcode : 'mul' 'add' 'sub' 'select'> <InPorts = 0> <OutPorts = 1> <Sync> <CReg>
ST_52 : Operation 358 [1/1] (0.00ns)   --->   "%tmp_3 = partselect i18 @_ssdm_op_PartSelect.i18.i34.i32.i32, i34 %mul_ln708_6, i32 16, i32 33"   --->   Operation 358 'partselect' 'tmp_3' <Predicate = true> <Delay = 0.00>

State 53 <SV = 52> <Delay = 4.73>
ST_53 : Operation 359 [5/33] (4.24ns)   --->   "%sdiv_ln1148 = sdiv i29 %t, i29 %sext_ln1148"   --->   Operation 359 'sdiv' 'sdiv_ln1148' <Predicate = true> <Delay = 4.24> <CoreInst = "Divider">   --->   Core 6 'Divider' <Latency = 32> <II = 1> <Delay = 4.24> <FuncUnit> <Opcode : 'sdiv' 'srem' 'udiv' 'urem'> <InPorts = 2> <OutPorts = 1>
ST_53 : Operation 360 [8/51] (4.73ns)   --->   "%sdiv_ln1148_1 = sdiv i47 %t_1, i47 %sext_ln1148_1"   --->   Operation 360 'sdiv' 'sdiv_ln1148_1' <Predicate = true> <Delay = 4.73> <CoreInst = "Divider">   --->   Core 6 'Divider' <Latency = 32> <II = 1> <Delay = 4.24> <FuncUnit> <Opcode : 'sdiv' 'srem' 'udiv' 'urem'> <InPorts = 2> <OutPorts = 1>
ST_53 : Operation 361 [2/4] (2.15ns) (root node of the DSP)   --->   "%mul_ln1118 = mul i31 %sext_ln1118_9, i31 2147480371"   --->   Operation 361 'mul' 'mul_ln1118' <Predicate = true> <Delay = 2.15> <CoreInst = "DSP48">   --->   Core 119 'DSP48' <Latency = 3> <II = 1> <Delay = 2.15> <IPBlock> <Opcode : 'mul' 'add' 'sub' 'select'> <InPorts = 0> <OutPorts = 1> <Sync> <CReg>
ST_53 : Operation 362 [2/3] (1.05ns) (grouped into DSP with root node add_ln1192_3)   --->   "%mul_ln1118_1 = mul i32 %sext_ln1118_11, i32 4294960742"   --->   Operation 362 'mul' 'mul_ln1118_1' <Predicate = true> <Delay = 1.05> <CoreInst = "DSP48">   --->   Core 119 'DSP48' <Latency = 3> <II = 1> <Delay = 2.15> <IPBlock> <Opcode : 'mul' 'add' 'sub' 'select'> <InPorts = 0> <OutPorts = 1> <Sync> <CReg>
ST_53 : Operation 363 [2/4] (2.15ns) (root node of the DSP)   --->   "%mul_ln1192_2 = mul i34 %sext_ln1118_12, i34 %sext_ln1118_13"   --->   Operation 363 'mul' 'mul_ln1192_2' <Predicate = true> <Delay = 2.15> <CoreInst = "DSP48">   --->   Core 119 'DSP48' <Latency = 3> <II = 1> <Delay = 2.15> <IPBlock> <Opcode : 'mul' 'add' 'sub' 'select'> <InPorts = 0> <OutPorts = 1> <Sync> <CReg>
ST_53 : Operation 364 [1/1] (0.00ns)   --->   "%shl_ln1118_4 = bitconcatenate i33 @_ssdm_op_BitConcatenate.i33.i18.i15, i18 %sub_ln703, i15 0"   --->   Operation 364 'bitconcatenate' 'shl_ln1118_4' <Predicate = true> <Delay = 0.00>
ST_53 : Operation 365 [1/1] (0.00ns)   --->   "%sext_ln1118_14 = sext i33 %shl_ln1118_4"   --->   Operation 365 'sext' 'sext_ln1118_14' <Predicate = true> <Delay = 0.00>
ST_53 : Operation 366 [1/1] (0.00ns)   --->   "%shl_ln1118_5 = bitconcatenate i19 @_ssdm_op_BitConcatenate.i19.i18.i1, i18 %sub_ln703, i1 0"   --->   Operation 366 'bitconcatenate' 'shl_ln1118_5' <Predicate = true> <Delay = 0.00>
ST_53 : Operation 367 [1/1] (0.00ns)   --->   "%sext_ln1118_15 = sext i19 %shl_ln1118_5"   --->   Operation 367 'sext' 'sext_ln1118_15' <Predicate = true> <Delay = 0.00>
ST_53 : Operation 368 [1/1] (2.59ns)   --->   "%sub_ln703_9 = sub i34 %sext_ln1118_14, i34 %sext_ln1118_15"   --->   Operation 368 'sub' 'sub_ln703_9' <Predicate = true> <Delay = 2.59> <CoreInst = "Adder">   --->   Core 1 'Adder' <Latency = 0> <II = 1> <Delay = 2.13> <FuncUnit> <Opcode : 'add' 'sub'> <InPorts = 2> <OutPorts = 1>
ST_53 : Operation 369 [1/3] (0.00ns) (grouped into DSP with root node add_ln1192_4)   --->   "%mul_ln1192_3 = mul i34 %sext_ln1118_12, i34 %sext_ln1118_16"   --->   Operation 369 'mul' 'mul_ln1192_3' <Predicate = true> <Delay = 0.00> <CoreInst = "DSP48">   --->   Core 119 'DSP48' <Latency = 3> <II = 1> <Delay = 2.15> <IPBlock> <Opcode : 'mul' 'add' 'sub' 'select'> <InPorts = 0> <OutPorts = 1> <Sync> <CReg>
ST_53 : Operation 370 [2/2] (2.10ns) (root node of the DSP)   --->   "%add_ln1192_4 = add i34 %mul_ln1192_3, i34 %sub_ln703_9"   --->   Operation 370 'add' 'add_ln1192_4' <Predicate = true> <Delay = 2.10> <CoreInst = "DSP48">   --->   Core 119 'DSP48' <Latency = 3> <II = 1> <Delay = 2.15> <IPBlock> <Opcode : 'mul' 'add' 'sub' 'select'> <InPorts = 0> <OutPorts = 1> <Sync> <CReg>
ST_53 : Operation 371 [1/2] (2.10ns) (root node of the DSP)   --->   "%add_ln1192_5 = add i34 %mul_ln1192_4, i34 2147483648"   --->   Operation 371 'add' 'add_ln1192_5' <Predicate = true> <Delay = 2.10> <CoreInst = "DSP48">   --->   Core 119 'DSP48' <Latency = 3> <II = 1> <Delay = 2.15> <IPBlock> <Opcode : 'mul' 'add' 'sub' 'select'> <InPorts = 0> <OutPorts = 1> <Sync> <CReg>
ST_53 : Operation 372 [1/3] (0.00ns) (grouped into DSP with root node add_ln1192_6)   --->   "%mul_ln1192_5 = mul i34 %sext_ln1118_12, i34 %sext_ln1118_19"   --->   Operation 372 'mul' 'mul_ln1192_5' <Predicate = true> <Delay = 0.00> <CoreInst = "DSP48">   --->   Core 119 'DSP48' <Latency = 3> <II = 1> <Delay = 2.15> <IPBlock> <Opcode : 'mul' 'add' 'sub' 'select'> <InPorts = 0> <OutPorts = 1> <Sync> <CReg>
ST_53 : Operation 373 [2/2] (2.10ns) (root node of the DSP)   --->   "%add_ln1192_6 = add i34 %add_ln1192_5, i34 %mul_ln1192_5"   --->   Operation 373 'add' 'add_ln1192_6' <Predicate = true> <Delay = 2.10> <CoreInst = "DSP48">   --->   Core 119 'DSP48' <Latency = 3> <II = 1> <Delay = 2.15> <IPBlock> <Opcode : 'mul' 'add' 'sub' 'select'> <InPorts = 0> <OutPorts = 1> <Sync> <CReg>
ST_53 : Operation 374 [1/4] (0.00ns) (root node of the DSP)   --->   "%mul_ln708_2 = mul i34 %sext_ln1118_17, i34 %sext_ln1118_8"   --->   Operation 374 'mul' 'mul_ln708_2' <Predicate = true> <Delay = 0.00> <CoreInst = "DSP48">   --->   Core 119 'DSP48' <Latency = 3> <II = 1> <Delay = 2.15> <IPBlock> <Opcode : 'mul' 'add' 'sub' 'select'> <InPorts = 0> <OutPorts = 1> <Sync> <CReg>
ST_53 : Operation 375 [2/4] (2.15ns) (root node of the DSP)   --->   "%mul_ln708_3 = mul i34 %sext_ln1118_12, i34 %sext_ln1118_20"   --->   Operation 375 'mul' 'mul_ln708_3' <Predicate = true> <Delay = 2.15> <CoreInst = "DSP48">   --->   Core 119 'DSP48' <Latency = 3> <II = 1> <Delay = 2.15> <IPBlock> <Opcode : 'mul' 'add' 'sub' 'select'> <InPorts = 0> <OutPorts = 1> <Sync> <CReg>
ST_53 : Operation 376 [3/4] (2.15ns) (root node of the DSP)   --->   "%mul_ln708_4 = mul i33 %sext_ln708_1, i33 %sext_ln708_2"   --->   Operation 376 'mul' 'mul_ln708_4' <Predicate = true> <Delay = 2.15> <CoreInst = "DSP48">   --->   Core 119 'DSP48' <Latency = 3> <II = 1> <Delay = 2.15> <IPBlock> <Opcode : 'mul' 'add' 'sub' 'select'> <InPorts = 0> <OutPorts = 1> <Sync> <CReg>
ST_53 : Operation 377 [1/1] (0.00ns)   --->   "%tmp_1 = partselect i18 @_ssdm_op_PartSelect.i18.i34.i32.i32, i34 %mul_ln708_2, i32 16, i32 33"   --->   Operation 377 'partselect' 'tmp_1' <Predicate = true> <Delay = 0.00>
ST_53 : Operation 378 [1/2] (2.10ns) (root node of the DSP)   --->   "%add_ln1192_16 = add i34 %add_ln1192_15, i34 %mul_ln1192_9"   --->   Operation 378 'add' 'add_ln1192_16' <Predicate = true> <Delay = 2.10> <CoreInst = "DSP48">   --->   Core 119 'DSP48' <Latency = 3> <II = 1> <Delay = 2.15> <IPBlock> <Opcode : 'mul' 'add' 'sub' 'select'> <InPorts = 0> <OutPorts = 1> <Sync> <CReg>
ST_53 : Operation 379 [1/1] (0.00ns)   --->   "%trunc_ln708_12 = partselect i18 @_ssdm_op_PartSelect.i18.i34.i32.i32, i34 %add_ln1192_16, i32 16, i32 33"   --->   Operation 379 'partselect' 'trunc_ln708_12' <Predicate = true> <Delay = 0.00>
ST_53 : Operation 380 [2/4] (2.15ns) (root node of the DSP)   --->   "%mul_ln1118_4 = mul i31 %sext_ln1118_27, i31 2147480371"   --->   Operation 380 'mul' 'mul_ln1118_4' <Predicate = true> <Delay = 2.15> <CoreInst = "DSP48">   --->   Core 119 'DSP48' <Latency = 3> <II = 1> <Delay = 2.15> <IPBlock> <Opcode : 'mul' 'add' 'sub' 'select'> <InPorts = 0> <OutPorts = 1> <Sync> <CReg>
ST_53 : Operation 381 [2/3] (1.05ns) (grouped into DSP with root node add_ln1192_17)   --->   "%mul_ln1118_5 = mul i32 %sext_ln1118_28, i32 4294960742"   --->   Operation 381 'mul' 'mul_ln1118_5' <Predicate = true> <Delay = 1.05> <CoreInst = "DSP48">   --->   Core 119 'DSP48' <Latency = 3> <II = 1> <Delay = 2.15> <IPBlock> <Opcode : 'mul' 'add' 'sub' 'select'> <InPorts = 0> <OutPorts = 1> <Sync> <CReg>
ST_53 : Operation 382 [2/4] (2.15ns) (root node of the DSP)   --->   "%mul_ln1192_10 = mul i34 %sext_ln1118_29, i34 %sext_ln1118_13"   --->   Operation 382 'mul' 'mul_ln1192_10' <Predicate = true> <Delay = 2.15> <CoreInst = "DSP48">   --->   Core 119 'DSP48' <Latency = 3> <II = 1> <Delay = 2.15> <IPBlock> <Opcode : 'mul' 'add' 'sub' 'select'> <InPorts = 0> <OutPorts = 1> <Sync> <CReg>
ST_53 : Operation 383 [1/1] (0.00ns)   --->   "%shl_ln1118_6 = bitconcatenate i33 @_ssdm_op_BitConcatenate.i33.i18.i15, i18 %sub_ln703_5, i15 0"   --->   Operation 383 'bitconcatenate' 'shl_ln1118_6' <Predicate = true> <Delay = 0.00>
ST_53 : Operation 384 [1/1] (0.00ns)   --->   "%sext_ln1118_30 = sext i33 %shl_ln1118_6"   --->   Operation 384 'sext' 'sext_ln1118_30' <Predicate = true> <Delay = 0.00>
ST_53 : Operation 385 [1/1] (0.00ns)   --->   "%shl_ln1118_7 = bitconcatenate i19 @_ssdm_op_BitConcatenate.i19.i18.i1, i18 %sub_ln703_5, i1 0"   --->   Operation 385 'bitconcatenate' 'shl_ln1118_7' <Predicate = true> <Delay = 0.00>
ST_53 : Operation 386 [1/1] (0.00ns)   --->   "%sext_ln1118_31 = sext i19 %shl_ln1118_7"   --->   Operation 386 'sext' 'sext_ln1118_31' <Predicate = true> <Delay = 0.00>
ST_53 : Operation 387 [1/1] (2.59ns)   --->   "%sub_ln703_10 = sub i34 %sext_ln1118_30, i34 %sext_ln1118_31"   --->   Operation 387 'sub' 'sub_ln703_10' <Predicate = true> <Delay = 2.59> <CoreInst = "Adder">   --->   Core 1 'Adder' <Latency = 0> <II = 1> <Delay = 2.13> <FuncUnit> <Opcode : 'add' 'sub'> <InPorts = 2> <OutPorts = 1>
ST_53 : Operation 388 [1/3] (0.00ns) (grouped into DSP with root node add_ln1192_18)   --->   "%mul_ln1192_11 = mul i34 %sext_ln1118_29, i34 %sext_ln1118_16"   --->   Operation 388 'mul' 'mul_ln1192_11' <Predicate = true> <Delay = 0.00> <CoreInst = "DSP48">   --->   Core 119 'DSP48' <Latency = 3> <II = 1> <Delay = 2.15> <IPBlock> <Opcode : 'mul' 'add' 'sub' 'select'> <InPorts = 0> <OutPorts = 1> <Sync> <CReg>
ST_53 : Operation 389 [2/2] (2.10ns) (root node of the DSP)   --->   "%add_ln1192_18 = add i34 %mul_ln1192_11, i34 %sub_ln703_10"   --->   Operation 389 'add' 'add_ln1192_18' <Predicate = true> <Delay = 2.10> <CoreInst = "DSP48">   --->   Core 119 'DSP48' <Latency = 3> <II = 1> <Delay = 2.15> <IPBlock> <Opcode : 'mul' 'add' 'sub' 'select'> <InPorts = 0> <OutPorts = 1> <Sync> <CReg>
ST_53 : Operation 390 [1/2] (2.10ns) (root node of the DSP)   --->   "%add_ln1192_19 = add i34 %mul_ln1192_12, i34 2147483648"   --->   Operation 390 'add' 'add_ln1192_19' <Predicate = true> <Delay = 2.10> <CoreInst = "DSP48">   --->   Core 119 'DSP48' <Latency = 3> <II = 1> <Delay = 2.15> <IPBlock> <Opcode : 'mul' 'add' 'sub' 'select'> <InPorts = 0> <OutPorts = 1> <Sync> <CReg>
ST_53 : Operation 391 [1/3] (0.00ns) (grouped into DSP with root node add_ln1192_20)   --->   "%mul_ln1192_13 = mul i34 %sext_ln1118_29, i34 %sext_ln1118_19"   --->   Operation 391 'mul' 'mul_ln1192_13' <Predicate = true> <Delay = 0.00> <CoreInst = "DSP48">   --->   Core 119 'DSP48' <Latency = 3> <II = 1> <Delay = 2.15> <IPBlock> <Opcode : 'mul' 'add' 'sub' 'select'> <InPorts = 0> <OutPorts = 1> <Sync> <CReg>
ST_53 : Operation 392 [2/2] (2.10ns) (root node of the DSP)   --->   "%add_ln1192_20 = add i34 %add_ln1192_19, i34 %mul_ln1192_13"   --->   Operation 392 'add' 'add_ln1192_20' <Predicate = true> <Delay = 2.10> <CoreInst = "DSP48">   --->   Core 119 'DSP48' <Latency = 3> <II = 1> <Delay = 2.15> <IPBlock> <Opcode : 'mul' 'add' 'sub' 'select'> <InPorts = 0> <OutPorts = 1> <Sync> <CReg>
ST_53 : Operation 393 [1/4] (0.00ns) (root node of the DSP)   --->   "%mul_ln708_7 = mul i34 %sext_ln1118_32, i34 %sext_ln1118_8"   --->   Operation 393 'mul' 'mul_ln708_7' <Predicate = true> <Delay = 0.00> <CoreInst = "DSP48">   --->   Core 119 'DSP48' <Latency = 3> <II = 1> <Delay = 2.15> <IPBlock> <Opcode : 'mul' 'add' 'sub' 'select'> <InPorts = 0> <OutPorts = 1> <Sync> <CReg>
ST_53 : Operation 394 [2/4] (2.15ns) (root node of the DSP)   --->   "%mul_ln708_8 = mul i34 %sext_ln1118_29, i34 %sext_ln1118_20"   --->   Operation 394 'mul' 'mul_ln708_8' <Predicate = true> <Delay = 2.15> <CoreInst = "DSP48">   --->   Core 119 'DSP48' <Latency = 3> <II = 1> <Delay = 2.15> <IPBlock> <Opcode : 'mul' 'add' 'sub' 'select'> <InPorts = 0> <OutPorts = 1> <Sync> <CReg>
ST_53 : Operation 395 [1/1] (0.00ns)   --->   "%tmp_4 = partselect i18 @_ssdm_op_PartSelect.i18.i34.i32.i32, i34 %mul_ln708_7, i32 16, i32 33"   --->   Operation 395 'partselect' 'tmp_4' <Predicate = true> <Delay = 0.00>

State 54 <SV = 53> <Delay = 4.73>
ST_54 : Operation 396 [4/33] (4.24ns)   --->   "%sdiv_ln1148 = sdiv i29 %t, i29 %sext_ln1148"   --->   Operation 396 'sdiv' 'sdiv_ln1148' <Predicate = true> <Delay = 4.24> <CoreInst = "Divider">   --->   Core 6 'Divider' <Latency = 32> <II = 1> <Delay = 4.24> <FuncUnit> <Opcode : 'sdiv' 'srem' 'udiv' 'urem'> <InPorts = 2> <OutPorts = 1>
ST_54 : Operation 397 [7/51] (4.73ns)   --->   "%sdiv_ln1148_1 = sdiv i47 %t_1, i47 %sext_ln1148_1"   --->   Operation 397 'sdiv' 'sdiv_ln1148_1' <Predicate = true> <Delay = 4.73> <CoreInst = "Divider">   --->   Core 6 'Divider' <Latency = 32> <II = 1> <Delay = 4.24> <FuncUnit> <Opcode : 'sdiv' 'srem' 'udiv' 'urem'> <InPorts = 2> <OutPorts = 1>
ST_54 : Operation 398 [1/4] (0.00ns) (root node of the DSP)   --->   "%mul_ln1118 = mul i31 %sext_ln1118_9, i31 2147480371"   --->   Operation 398 'mul' 'mul_ln1118' <Predicate = true> <Delay = 0.00> <CoreInst = "DSP48">   --->   Core 119 'DSP48' <Latency = 3> <II = 1> <Delay = 2.15> <IPBlock> <Opcode : 'mul' 'add' 'sub' 'select'> <InPorts = 0> <OutPorts = 1> <Sync> <CReg>
ST_54 : Operation 399 [1/1] (0.00ns)   --->   "%trunc_ln708_2 = partselect i15 @_ssdm_op_PartSelect.i15.i31.i32.i32, i31 %mul_ln1118, i32 16, i32 30"   --->   Operation 399 'partselect' 'trunc_ln708_2' <Predicate = true> <Delay = 0.00>
ST_54 : Operation 400 [1/3] (0.00ns) (grouped into DSP with root node add_ln1192_3)   --->   "%mul_ln1118_1 = mul i32 %sext_ln1118_11, i32 4294960742"   --->   Operation 400 'mul' 'mul_ln1118_1' <Predicate = true> <Delay = 0.00> <CoreInst = "DSP48">   --->   Core 119 'DSP48' <Latency = 3> <II = 1> <Delay = 2.15> <IPBlock> <Opcode : 'mul' 'add' 'sub' 'select'> <InPorts = 0> <OutPorts = 1> <Sync> <CReg>
ST_54 : Operation 401 [1/1] (0.00ns) (grouped into DSP with root node add_ln1192_3)   --->   "%sext_ln703_10 = sext i32 %mul_ln1118_1"   --->   Operation 401 'sext' 'sext_ln703_10' <Predicate = true> <Delay = 0.00>
ST_54 : Operation 402 [1/4] (0.00ns) (root node of the DSP)   --->   "%mul_ln1192_2 = mul i34 %sext_ln1118_12, i34 %sext_ln1118_13"   --->   Operation 402 'mul' 'mul_ln1192_2' <Predicate = true> <Delay = 0.00> <CoreInst = "DSP48">   --->   Core 119 'DSP48' <Latency = 3> <II = 1> <Delay = 2.15> <IPBlock> <Opcode : 'mul' 'add' 'sub' 'select'> <InPorts = 0> <OutPorts = 1> <Sync> <CReg>
ST_54 : Operation 403 [2/2] (2.10ns) (root node of the DSP)   --->   "%add_ln1192_3 = add i34 %mul_ln1192_2, i34 %sext_ln703_10"   --->   Operation 403 'add' 'add_ln1192_3' <Predicate = true> <Delay = 2.10> <CoreInst = "DSP48">   --->   Core 119 'DSP48' <Latency = 3> <II = 1> <Delay = 2.15> <IPBlock> <Opcode : 'mul' 'add' 'sub' 'select'> <InPorts = 0> <OutPorts = 1> <Sync> <CReg>
ST_54 : Operation 404 [1/2] (2.10ns) (root node of the DSP)   --->   "%add_ln1192_4 = add i34 %mul_ln1192_3, i34 %sub_ln703_9"   --->   Operation 404 'add' 'add_ln1192_4' <Predicate = true> <Delay = 2.10> <CoreInst = "DSP48">   --->   Core 119 'DSP48' <Latency = 3> <II = 1> <Delay = 2.15> <IPBlock> <Opcode : 'mul' 'add' 'sub' 'select'> <InPorts = 0> <OutPorts = 1> <Sync> <CReg>
ST_54 : Operation 405 [1/1] (0.00ns)   --->   "%trunc_ln708_5 = partselect i18 @_ssdm_op_PartSelect.i18.i34.i32.i32, i34 %add_ln1192_4, i32 16, i32 33"   --->   Operation 405 'partselect' 'trunc_ln708_5' <Predicate = true> <Delay = 0.00>
ST_54 : Operation 406 [1/2] (2.10ns) (root node of the DSP)   --->   "%add_ln1192_6 = add i34 %add_ln1192_5, i34 %mul_ln1192_5"   --->   Operation 406 'add' 'add_ln1192_6' <Predicate = true> <Delay = 2.10> <CoreInst = "DSP48">   --->   Core 119 'DSP48' <Latency = 3> <II = 1> <Delay = 2.15> <IPBlock> <Opcode : 'mul' 'add' 'sub' 'select'> <InPorts = 0> <OutPorts = 1> <Sync> <CReg>
ST_54 : Operation 407 [1/1] (0.00ns)   --->   "%trunc_ln708_6 = partselect i18 @_ssdm_op_PartSelect.i18.i34.i32.i32, i34 %add_ln1192_6, i32 16, i32 33"   --->   Operation 407 'partselect' 'trunc_ln708_6' <Predicate = true> <Delay = 0.00>
ST_54 : Operation 408 [1/4] (0.00ns) (root node of the DSP)   --->   "%mul_ln708_3 = mul i34 %sext_ln1118_12, i34 %sext_ln1118_20"   --->   Operation 408 'mul' 'mul_ln708_3' <Predicate = true> <Delay = 0.00> <CoreInst = "DSP48">   --->   Core 119 'DSP48' <Latency = 3> <II = 1> <Delay = 2.15> <IPBlock> <Opcode : 'mul' 'add' 'sub' 'select'> <InPorts = 0> <OutPorts = 1> <Sync> <CReg>
ST_54 : Operation 409 [2/4] (2.15ns) (root node of the DSP)   --->   "%mul_ln708_4 = mul i33 %sext_ln708_1, i33 %sext_ln708_2"   --->   Operation 409 'mul' 'mul_ln708_4' <Predicate = true> <Delay = 2.15> <CoreInst = "DSP48">   --->   Core 119 'DSP48' <Latency = 3> <II = 1> <Delay = 2.15> <IPBlock> <Opcode : 'mul' 'add' 'sub' 'select'> <InPorts = 0> <OutPorts = 1> <Sync> <CReg>
ST_54 : Operation 410 [1/1] (0.00ns)   --->   "%tmp_2 = partselect i18 @_ssdm_op_PartSelect.i18.i34.i32.i32, i34 %mul_ln708_3, i32 16, i32 33"   --->   Operation 410 'partselect' 'tmp_2' <Predicate = true> <Delay = 0.00>
ST_54 : Operation 411 [1/4] (0.00ns) (root node of the DSP)   --->   "%mul_ln1118_4 = mul i31 %sext_ln1118_27, i31 2147480371"   --->   Operation 411 'mul' 'mul_ln1118_4' <Predicate = true> <Delay = 0.00> <CoreInst = "DSP48">   --->   Core 119 'DSP48' <Latency = 3> <II = 1> <Delay = 2.15> <IPBlock> <Opcode : 'mul' 'add' 'sub' 'select'> <InPorts = 0> <OutPorts = 1> <Sync> <CReg>
ST_54 : Operation 412 [1/1] (0.00ns)   --->   "%trunc_ln708_13 = partselect i15 @_ssdm_op_PartSelect.i15.i31.i32.i32, i31 %mul_ln1118_4, i32 16, i32 30"   --->   Operation 412 'partselect' 'trunc_ln708_13' <Predicate = true> <Delay = 0.00>
ST_54 : Operation 413 [1/3] (0.00ns) (grouped into DSP with root node add_ln1192_17)   --->   "%mul_ln1118_5 = mul i32 %sext_ln1118_28, i32 4294960742"   --->   Operation 413 'mul' 'mul_ln1118_5' <Predicate = true> <Delay = 0.00> <CoreInst = "DSP48">   --->   Core 119 'DSP48' <Latency = 3> <II = 1> <Delay = 2.15> <IPBlock> <Opcode : 'mul' 'add' 'sub' 'select'> <InPorts = 0> <OutPorts = 1> <Sync> <CReg>
ST_54 : Operation 414 [1/1] (0.00ns) (grouped into DSP with root node add_ln1192_17)   --->   "%sext_ln703_16 = sext i32 %mul_ln1118_5"   --->   Operation 414 'sext' 'sext_ln703_16' <Predicate = true> <Delay = 0.00>
ST_54 : Operation 415 [1/4] (0.00ns) (root node of the DSP)   --->   "%mul_ln1192_10 = mul i34 %sext_ln1118_29, i34 %sext_ln1118_13"   --->   Operation 415 'mul' 'mul_ln1192_10' <Predicate = true> <Delay = 0.00> <CoreInst = "DSP48">   --->   Core 119 'DSP48' <Latency = 3> <II = 1> <Delay = 2.15> <IPBlock> <Opcode : 'mul' 'add' 'sub' 'select'> <InPorts = 0> <OutPorts = 1> <Sync> <CReg>
ST_54 : Operation 416 [2/2] (2.10ns) (root node of the DSP)   --->   "%add_ln1192_17 = add i34 %mul_ln1192_10, i34 %sext_ln703_16"   --->   Operation 416 'add' 'add_ln1192_17' <Predicate = true> <Delay = 2.10> <CoreInst = "DSP48">   --->   Core 119 'DSP48' <Latency = 3> <II = 1> <Delay = 2.15> <IPBlock> <Opcode : 'mul' 'add' 'sub' 'select'> <InPorts = 0> <OutPorts = 1> <Sync> <CReg>
ST_54 : Operation 417 [1/2] (2.10ns) (root node of the DSP)   --->   "%add_ln1192_18 = add i34 %mul_ln1192_11, i34 %sub_ln703_10"   --->   Operation 417 'add' 'add_ln1192_18' <Predicate = true> <Delay = 2.10> <CoreInst = "DSP48">   --->   Core 119 'DSP48' <Latency = 3> <II = 1> <Delay = 2.15> <IPBlock> <Opcode : 'mul' 'add' 'sub' 'select'> <InPorts = 0> <OutPorts = 1> <Sync> <CReg>
ST_54 : Operation 418 [1/1] (0.00ns)   --->   "%trunc_ln708_15 = partselect i18 @_ssdm_op_PartSelect.i18.i34.i32.i32, i34 %add_ln1192_18, i32 16, i32 33"   --->   Operation 418 'partselect' 'trunc_ln708_15' <Predicate = true> <Delay = 0.00>
ST_54 : Operation 419 [1/2] (2.10ns) (root node of the DSP)   --->   "%add_ln1192_20 = add i34 %add_ln1192_19, i34 %mul_ln1192_13"   --->   Operation 419 'add' 'add_ln1192_20' <Predicate = true> <Delay = 2.10> <CoreInst = "DSP48">   --->   Core 119 'DSP48' <Latency = 3> <II = 1> <Delay = 2.15> <IPBlock> <Opcode : 'mul' 'add' 'sub' 'select'> <InPorts = 0> <OutPorts = 1> <Sync> <CReg>
ST_54 : Operation 420 [1/1] (0.00ns)   --->   "%trunc_ln708_16 = partselect i18 @_ssdm_op_PartSelect.i18.i34.i32.i32, i34 %add_ln1192_20, i32 16, i32 33"   --->   Operation 420 'partselect' 'trunc_ln708_16' <Predicate = true> <Delay = 0.00>
ST_54 : Operation 421 [1/4] (0.00ns) (root node of the DSP)   --->   "%mul_ln708_8 = mul i34 %sext_ln1118_29, i34 %sext_ln1118_20"   --->   Operation 421 'mul' 'mul_ln708_8' <Predicate = true> <Delay = 0.00> <CoreInst = "DSP48">   --->   Core 119 'DSP48' <Latency = 3> <II = 1> <Delay = 2.15> <IPBlock> <Opcode : 'mul' 'add' 'sub' 'select'> <InPorts = 0> <OutPorts = 1> <Sync> <CReg>
ST_54 : Operation 422 [1/1] (0.00ns)   --->   "%tmp_5 = partselect i18 @_ssdm_op_PartSelect.i18.i34.i32.i32, i34 %mul_ln708_8, i32 16, i32 33"   --->   Operation 422 'partselect' 'tmp_5' <Predicate = true> <Delay = 0.00>

State 55 <SV = 54> <Delay = 4.73>
ST_55 : Operation 423 [3/33] (4.24ns)   --->   "%sdiv_ln1148 = sdiv i29 %t, i29 %sext_ln1148"   --->   Operation 423 'sdiv' 'sdiv_ln1148' <Predicate = true> <Delay = 4.24> <CoreInst = "Divider">   --->   Core 6 'Divider' <Latency = 32> <II = 1> <Delay = 4.24> <FuncUnit> <Opcode : 'sdiv' 'srem' 'udiv' 'urem'> <InPorts = 2> <OutPorts = 1>
ST_55 : Operation 424 [6/51] (4.73ns)   --->   "%sdiv_ln1148_1 = sdiv i47 %t_1, i47 %sext_ln1148_1"   --->   Operation 424 'sdiv' 'sdiv_ln1148_1' <Predicate = true> <Delay = 4.73> <CoreInst = "Divider">   --->   Core 6 'Divider' <Latency = 32> <II = 1> <Delay = 4.24> <FuncUnit> <Opcode : 'sdiv' 'srem' 'udiv' 'urem'> <InPorts = 2> <OutPorts = 1>
ST_55 : Operation 425 [1/2] (2.10ns) (root node of the DSP)   --->   "%add_ln1192_3 = add i34 %mul_ln1192_2, i34 %sext_ln703_10"   --->   Operation 425 'add' 'add_ln1192_3' <Predicate = true> <Delay = 2.10> <CoreInst = "DSP48">   --->   Core 119 'DSP48' <Latency = 3> <II = 1> <Delay = 2.15> <IPBlock> <Opcode : 'mul' 'add' 'sub' 'select'> <InPorts = 0> <OutPorts = 1> <Sync> <CReg>
ST_55 : Operation 426 [1/1] (0.00ns)   --->   "%trunc_ln708_4 = partselect i18 @_ssdm_op_PartSelect.i18.i34.i32.i32, i34 %add_ln1192_3, i32 16, i32 33"   --->   Operation 426 'partselect' 'trunc_ln708_4' <Predicate = true> <Delay = 0.00>
ST_55 : Operation 427 [1/4] (0.00ns) (root node of the DSP)   --->   "%mul_ln708_4 = mul i33 %sext_ln708_1, i33 %sext_ln708_2"   --->   Operation 427 'mul' 'mul_ln708_4' <Predicate = true> <Delay = 0.00> <CoreInst = "DSP48">   --->   Core 119 'DSP48' <Latency = 3> <II = 1> <Delay = 2.15> <IPBlock> <Opcode : 'mul' 'add' 'sub' 'select'> <InPorts = 0> <OutPorts = 1> <Sync> <CReg>
ST_55 : Operation 428 [1/1] (0.00ns)   --->   "%trunc_ln708_3 = partselect i18 @_ssdm_op_PartSelect.i18.i33.i32.i32, i33 %mul_ln708_4, i32 15, i32 32"   --->   Operation 428 'partselect' 'trunc_ln708_3' <Predicate = true> <Delay = 0.00>
ST_55 : Operation 429 [1/1] (0.00ns)   --->   "%sext_ln1118_21 = sext i18 %trunc_ln708_3"   --->   Operation 429 'sext' 'sext_ln1118_21' <Predicate = true> <Delay = 0.00>
ST_55 : Operation 430 [1/1] (0.00ns)   --->   "%sext_ln1118_22 = sext i18 %trunc_ln708_4"   --->   Operation 430 'sext' 'sext_ln1118_22' <Predicate = true> <Delay = 0.00>
ST_55 : Operation 431 [4/4] (2.15ns) (root node of the DSP)   --->   "%mul_ln1192_6 = mul i33 %sext_ln1118_21, i33 %sext_ln1118_22"   --->   Operation 431 'mul' 'mul_ln1192_6' <Predicate = true> <Delay = 2.15> <CoreInst = "DSP48">   --->   Core 119 'DSP48' <Latency = 3> <II = 1> <Delay = 2.15> <IPBlock> <Opcode : 'mul' 'add' 'sub' 'select'> <InPorts = 0> <OutPorts = 1> <Sync> <CReg>
ST_55 : Operation 432 [1/1] (0.00ns)   --->   "%sext_ln1118_23 = sext i18 %trunc_ln708_6"   --->   Operation 432 'sext' 'sext_ln1118_23' <Predicate = true> <Delay = 0.00>
ST_55 : Operation 433 [4/4] (2.15ns) (root node of the DSP)   --->   "%mul_ln1192_7 = mul i33 %sext_ln1118_21, i33 %sext_ln1118_23"   --->   Operation 433 'mul' 'mul_ln1192_7' <Predicate = true> <Delay = 2.15> <CoreInst = "DSP48">   --->   Core 119 'DSP48' <Latency = 3> <II = 1> <Delay = 2.15> <IPBlock> <Opcode : 'mul' 'add' 'sub' 'select'> <InPorts = 0> <OutPorts = 1> <Sync> <CReg>
ST_55 : Operation 434 [1/2] (2.10ns) (root node of the DSP)   --->   "%add_ln1192_17 = add i34 %mul_ln1192_10, i34 %sext_ln703_16"   --->   Operation 434 'add' 'add_ln1192_17' <Predicate = true> <Delay = 2.10> <CoreInst = "DSP48">   --->   Core 119 'DSP48' <Latency = 3> <II = 1> <Delay = 2.15> <IPBlock> <Opcode : 'mul' 'add' 'sub' 'select'> <InPorts = 0> <OutPorts = 1> <Sync> <CReg>
ST_55 : Operation 435 [1/1] (0.00ns)   --->   "%trunc_ln708_14 = partselect i18 @_ssdm_op_PartSelect.i18.i34.i32.i32, i34 %add_ln1192_17, i32 16, i32 33"   --->   Operation 435 'partselect' 'trunc_ln708_14' <Predicate = true> <Delay = 0.00>

State 56 <SV = 55> <Delay = 4.73>
ST_56 : Operation 436 [2/33] (4.24ns)   --->   "%sdiv_ln1148 = sdiv i29 %t, i29 %sext_ln1148"   --->   Operation 436 'sdiv' 'sdiv_ln1148' <Predicate = true> <Delay = 4.24> <CoreInst = "Divider">   --->   Core 6 'Divider' <Latency = 32> <II = 1> <Delay = 4.24> <FuncUnit> <Opcode : 'sdiv' 'srem' 'udiv' 'urem'> <InPorts = 2> <OutPorts = 1>
ST_56 : Operation 437 [5/51] (4.73ns)   --->   "%sdiv_ln1148_1 = sdiv i47 %t_1, i47 %sext_ln1148_1"   --->   Operation 437 'sdiv' 'sdiv_ln1148_1' <Predicate = true> <Delay = 4.73> <CoreInst = "Divider">   --->   Core 6 'Divider' <Latency = 32> <II = 1> <Delay = 4.24> <FuncUnit> <Opcode : 'sdiv' 'srem' 'udiv' 'urem'> <InPorts = 2> <OutPorts = 1>
ST_56 : Operation 438 [1/1] (0.00ns)   --->   "%sext_ln708 = sext i15 %trunc_ln708_2"   --->   Operation 438 'sext' 'sext_ln708' <Predicate = true> <Delay = 0.00>
ST_56 : Operation 439 [1/1] (0.99ns)   --->   "%xor_ln1116 = xor i16 %sext_ln708, i16 32768"   --->   Operation 439 'xor' 'xor_ln1116' <Predicate = true> <Delay = 0.99> <CoreInst = "LogicGate">   --->   Core 74 'LogicGate' <Latency = 0> <II = 1> <Delay = 1.00> <FuncUnit> <Opcode : 'and' 'or' 'xor'> <InPorts = 2> <OutPorts = 1>
ST_56 : Operation 440 [1/1] (0.00ns)   --->   "%zext_ln703 = zext i16 %xor_ln1116"   --->   Operation 440 'zext' 'zext_ln703' <Predicate = true> <Delay = 0.00>
ST_56 : Operation 441 [1/1] (0.00ns)   --->   "%sext_ln703_11 = sext i18 %trunc_ln708_9"   --->   Operation 441 'sext' 'sext_ln703_11' <Predicate = true> <Delay = 0.00>
ST_56 : Operation 442 [3/3] (1.05ns) (grouped into DSP with root node add_ln1192_8)   --->   "%mul_ln703_4 = mul i33 %zext_ln703, i33 %sext_ln703_11"   --->   Operation 442 'mul' 'mul_ln703_4' <Predicate = true> <Delay = 1.05> <CoreInst = "DSP48">   --->   Core 119 'DSP48' <Latency = 3> <II = 1> <Delay = 2.15> <IPBlock> <Opcode : 'mul' 'add' 'sub' 'select'> <InPorts = 0> <OutPorts = 1> <Sync> <CReg>
ST_56 : Operation 443 [3/4] (2.15ns) (root node of the DSP)   --->   "%mul_ln1192_6 = mul i33 %sext_ln1118_21, i33 %sext_ln1118_22"   --->   Operation 443 'mul' 'mul_ln1192_6' <Predicate = true> <Delay = 2.15> <CoreInst = "DSP48">   --->   Core 119 'DSP48' <Latency = 3> <II = 1> <Delay = 2.15> <IPBlock> <Opcode : 'mul' 'add' 'sub' 'select'> <InPorts = 0> <OutPorts = 1> <Sync> <CReg>
ST_56 : Operation 444 [1/1] (0.00ns)   --->   "%sext_ln703_12 = sext i18 %trunc_ln708_5"   --->   Operation 444 'sext' 'sext_ln703_12' <Predicate = true> <Delay = 0.00>
ST_56 : Operation 445 [3/3] (1.05ns) (grouped into DSP with root node add_ln1192_10)   --->   "%mul_ln703_5 = mul i33 %sext_ln703_12, i33 %sext_ln703_11"   --->   Operation 445 'mul' 'mul_ln703_5' <Predicate = true> <Delay = 1.05> <CoreInst = "DSP48">   --->   Core 119 'DSP48' <Latency = 3> <II = 1> <Delay = 2.15> <IPBlock> <Opcode : 'mul' 'add' 'sub' 'select'> <InPorts = 0> <OutPorts = 1> <Sync> <CReg>
ST_56 : Operation 446 [3/4] (2.15ns) (root node of the DSP)   --->   "%mul_ln1192_7 = mul i33 %sext_ln1118_21, i33 %sext_ln1118_23"   --->   Operation 446 'mul' 'mul_ln1192_7' <Predicate = true> <Delay = 2.15> <CoreInst = "DSP48">   --->   Core 119 'DSP48' <Latency = 3> <II = 1> <Delay = 2.15> <IPBlock> <Opcode : 'mul' 'add' 'sub' 'select'> <InPorts = 0> <OutPorts = 1> <Sync> <CReg>

State 57 <SV = 56> <Delay = 4.73>
ST_57 : Operation 447 [1/33] (4.24ns)   --->   "%sdiv_ln1148 = sdiv i29 %t, i29 %sext_ln1148"   --->   Operation 447 'sdiv' 'sdiv_ln1148' <Predicate = true> <Delay = 4.24> <CoreInst = "Divider">   --->   Core 6 'Divider' <Latency = 32> <II = 1> <Delay = 4.24> <FuncUnit> <Opcode : 'sdiv' 'srem' 'udiv' 'urem'> <InPorts = 2> <OutPorts = 1>
ST_57 : Operation 448 [4/51] (4.73ns)   --->   "%sdiv_ln1148_1 = sdiv i47 %t_1, i47 %sext_ln1148_1"   --->   Operation 448 'sdiv' 'sdiv_ln1148_1' <Predicate = true> <Delay = 4.73> <CoreInst = "Divider">   --->   Core 6 'Divider' <Latency = 32> <II = 1> <Delay = 4.24> <FuncUnit> <Opcode : 'sdiv' 'srem' 'udiv' 'urem'> <InPorts = 2> <OutPorts = 1>
ST_57 : Operation 449 [2/3] (1.05ns) (grouped into DSP with root node add_ln1192_8)   --->   "%mul_ln703_4 = mul i33 %zext_ln703, i33 %sext_ln703_11"   --->   Operation 449 'mul' 'mul_ln703_4' <Predicate = true> <Delay = 1.05> <CoreInst = "DSP48">   --->   Core 119 'DSP48' <Latency = 3> <II = 1> <Delay = 2.15> <IPBlock> <Opcode : 'mul' 'add' 'sub' 'select'> <InPorts = 0> <OutPorts = 1> <Sync> <CReg>
ST_57 : Operation 450 [2/4] (2.15ns) (root node of the DSP)   --->   "%mul_ln1192_6 = mul i33 %sext_ln1118_21, i33 %sext_ln1118_22"   --->   Operation 450 'mul' 'mul_ln1192_6' <Predicate = true> <Delay = 2.15> <CoreInst = "DSP48">   --->   Core 119 'DSP48' <Latency = 3> <II = 1> <Delay = 2.15> <IPBlock> <Opcode : 'mul' 'add' 'sub' 'select'> <InPorts = 0> <OutPorts = 1> <Sync> <CReg>
ST_57 : Operation 451 [2/3] (1.05ns) (grouped into DSP with root node add_ln1192_10)   --->   "%mul_ln703_5 = mul i33 %sext_ln703_12, i33 %sext_ln703_11"   --->   Operation 451 'mul' 'mul_ln703_5' <Predicate = true> <Delay = 1.05> <CoreInst = "DSP48">   --->   Core 119 'DSP48' <Latency = 3> <II = 1> <Delay = 2.15> <IPBlock> <Opcode : 'mul' 'add' 'sub' 'select'> <InPorts = 0> <OutPorts = 1> <Sync> <CReg>
ST_57 : Operation 452 [2/4] (2.15ns) (root node of the DSP)   --->   "%mul_ln1192_7 = mul i33 %sext_ln1118_21, i33 %sext_ln1118_23"   --->   Operation 452 'mul' 'mul_ln1192_7' <Predicate = true> <Delay = 2.15> <CoreInst = "DSP48">   --->   Core 119 'DSP48' <Latency = 3> <II = 1> <Delay = 2.15> <IPBlock> <Opcode : 'mul' 'add' 'sub' 'select'> <InPorts = 0> <OutPorts = 1> <Sync> <CReg>

State 58 <SV = 57> <Delay = 6.42>
ST_58 : Operation 453 [1/1] (0.00ns)   --->   "%trunc_ln731 = trunc i13 %sdiv_ln1148"   --->   Operation 453 'trunc' 'trunc_ln731' <Predicate = true> <Delay = 0.00>
ST_58 : Operation 454 [1/1] (0.00ns)   --->   "%dTmp = bitconcatenate i18 @_ssdm_op_BitConcatenate.i18.i13.i5, i13 %trunc_ln731, i5 0"   --->   Operation 454 'bitconcatenate' 'dTmp' <Predicate = true> <Delay = 0.00>
ST_58 : Operation 455 [3/51] (4.73ns)   --->   "%sdiv_ln1148_1 = sdiv i47 %t_1, i47 %sext_ln1148_1"   --->   Operation 455 'sdiv' 'sdiv_ln1148_1' <Predicate = true> <Delay = 4.73> <CoreInst = "Divider">   --->   Core 6 'Divider' <Latency = 32> <II = 1> <Delay = 4.24> <FuncUnit> <Opcode : 'sdiv' 'srem' 'udiv' 'urem'> <InPorts = 2> <OutPorts = 1>
ST_58 : Operation 456 [1/3] (0.00ns) (grouped into DSP with root node add_ln1192_8)   --->   "%mul_ln703_4 = mul i33 %zext_ln703, i33 %sext_ln703_11"   --->   Operation 456 'mul' 'mul_ln703_4' <Predicate = true> <Delay = 0.00> <CoreInst = "DSP48">   --->   Core 119 'DSP48' <Latency = 3> <II = 1> <Delay = 2.15> <IPBlock> <Opcode : 'mul' 'add' 'sub' 'select'> <InPorts = 0> <OutPorts = 1> <Sync> <CReg>
ST_58 : Operation 457 [1/4] (0.00ns) (root node of the DSP)   --->   "%mul_ln1192_6 = mul i33 %sext_ln1118_21, i33 %sext_ln1118_22"   --->   Operation 457 'mul' 'mul_ln1192_6' <Predicate = true> <Delay = 0.00> <CoreInst = "DSP48">   --->   Core 119 'DSP48' <Latency = 3> <II = 1> <Delay = 2.15> <IPBlock> <Opcode : 'mul' 'add' 'sub' 'select'> <InPorts = 0> <OutPorts = 1> <Sync> <CReg>
ST_58 : Operation 458 [2/2] (2.10ns) (root node of the DSP)   --->   "%add_ln1192_8 = add i33 %mul_ln1192_6, i33 %mul_ln703_4"   --->   Operation 458 'add' 'add_ln1192_8' <Predicate = true> <Delay = 2.10> <CoreInst = "DSP48">   --->   Core 119 'DSP48' <Latency = 3> <II = 1> <Delay = 2.15> <IPBlock> <Opcode : 'mul' 'add' 'sub' 'select'> <InPorts = 0> <OutPorts = 1> <Sync> <CReg>
ST_58 : Operation 459 [1/3] (0.00ns) (grouped into DSP with root node add_ln1192_10)   --->   "%mul_ln703_5 = mul i33 %sext_ln703_12, i33 %sext_ln703_11"   --->   Operation 459 'mul' 'mul_ln703_5' <Predicate = true> <Delay = 0.00> <CoreInst = "DSP48">   --->   Core 119 'DSP48' <Latency = 3> <II = 1> <Delay = 2.15> <IPBlock> <Opcode : 'mul' 'add' 'sub' 'select'> <InPorts = 0> <OutPorts = 1> <Sync> <CReg>
ST_58 : Operation 460 [1/4] (0.00ns) (root node of the DSP)   --->   "%mul_ln1192_7 = mul i33 %sext_ln1118_21, i33 %sext_ln1118_23"   --->   Operation 460 'mul' 'mul_ln1192_7' <Predicate = true> <Delay = 0.00> <CoreInst = "DSP48">   --->   Core 119 'DSP48' <Latency = 3> <II = 1> <Delay = 2.15> <IPBlock> <Opcode : 'mul' 'add' 'sub' 'select'> <InPorts = 0> <OutPorts = 1> <Sync> <CReg>
ST_58 : Operation 461 [2/2] (2.10ns) (root node of the DSP)   --->   "%add_ln1192_10 = add i33 %mul_ln1192_7, i33 %mul_ln703_5"   --->   Operation 461 'add' 'add_ln1192_10' <Predicate = true> <Delay = 2.10> <CoreInst = "DSP48">   --->   Core 119 'DSP48' <Latency = 3> <II = 1> <Delay = 2.15> <IPBlock> <Opcode : 'mul' 'add' 'sub' 'select'> <InPorts = 0> <OutPorts = 1> <Sync> <CReg>
ST_58 : Operation 462 [1/1] (2.13ns)   --->   "%add_ln703_1 = add i18 %dTmp, i18 196608"   --->   Operation 462 'add' 'add_ln703_1' <Predicate = true> <Delay = 2.13> <CoreInst = "Adder">   --->   Core 1 'Adder' <Latency = 0> <II = 1> <Delay = 2.13> <FuncUnit> <Opcode : 'add' 'sub'> <InPorts = 2> <OutPorts = 1>
ST_58 : Operation 463 [1/1] (2.13ns)   --->   "%add_ln703_2 = add i18 %add_ln703_1, i18 %p_read22"   --->   Operation 463 'add' 'add_ln703_2' <Predicate = true> <Delay = 2.13> <CoreInst = "Adder">   --->   Core 1 'Adder' <Latency = 0> <II = 1> <Delay = 2.13> <FuncUnit> <Opcode : 'add' 'sub'> <InPorts = 2> <OutPorts = 1>
ST_58 : Operation 464 [1/1] (0.00ns)   --->   "%sext_ln1116_1 = sext i18 %add_ln703_2"   --->   Operation 464 'sext' 'sext_ln1116_1' <Predicate = true> <Delay = 0.00>
ST_58 : Operation 465 [4/4] (2.15ns) (root node of the DSP)   --->   "%mul_ln1118_2 = mul i36 %sext_ln1116_1, i36 %sext_ln1116_1"   --->   Operation 465 'mul' 'mul_ln1118_2' <Predicate = true> <Delay = 2.15> <CoreInst = "DSP48">   --->   Core 119 'DSP48' <Latency = 3> <II = 1> <Delay = 2.15> <IPBlock> <Opcode : 'mul' 'add' 'sub' 'select'> <InPorts = 0> <OutPorts = 1> <Sync> <CReg>
ST_58 : Operation 466 [1/1] (2.13ns)   --->   "%add_ln703_6 = add i18 %add_ln703_1, i18 %p_read73"   --->   Operation 466 'add' 'add_ln703_6' <Predicate = true> <Delay = 2.13> <CoreInst = "Adder">   --->   Core 1 'Adder' <Latency = 0> <II = 1> <Delay = 2.13> <FuncUnit> <Opcode : 'add' 'sub'> <InPorts = 2> <OutPorts = 1>
ST_58 : Operation 467 [1/1] (2.43ns)   --->   "%icmp_ln211 = icmp_ugt  i18 %p_read22, i18 65536" [MPCwithMADS_fxd/costFunction.cpp:211]   --->   Operation 467 'icmp' 'icmp_ln211' <Predicate = true> <Delay = 2.43> <CoreInst = "Cmp">   --->   Core 9 'Cmp' <Latency = 0> <II = 1> <Delay = 2.43> <FuncUnit> <Opcode : 'icmp'> <InPorts = 2> <OutPorts = 1>
ST_58 : Operation 468 [1/1] (2.43ns)   --->   "%icmp_ln211_1 = icmp_ugt  i18 %p_read73, i18 65536" [MPCwithMADS_fxd/costFunction.cpp:211]   --->   Operation 468 'icmp' 'icmp_ln211_1' <Predicate = true> <Delay = 2.43> <CoreInst = "Cmp">   --->   Core 9 'Cmp' <Latency = 0> <II = 1> <Delay = 2.43> <FuncUnit> <Opcode : 'icmp'> <InPorts = 2> <OutPorts = 1>

State 59 <SV = 58> <Delay = 6.84>
ST_59 : Operation 469 [2/51] (4.73ns)   --->   "%sdiv_ln1148_1 = sdiv i47 %t_1, i47 %sext_ln1148_1"   --->   Operation 469 'sdiv' 'sdiv_ln1148_1' <Predicate = true> <Delay = 4.73> <CoreInst = "Divider">   --->   Core 6 'Divider' <Latency = 32> <II = 1> <Delay = 4.24> <FuncUnit> <Opcode : 'sdiv' 'srem' 'udiv' 'urem'> <InPorts = 2> <OutPorts = 1>
ST_59 : Operation 470 [1/2] (2.10ns) (root node of the DSP)   --->   "%add_ln1192_8 = add i33 %mul_ln1192_6, i33 %mul_ln703_4"   --->   Operation 470 'add' 'add_ln1192_8' <Predicate = true> <Delay = 2.10> <CoreInst = "DSP48">   --->   Core 119 'DSP48' <Latency = 3> <II = 1> <Delay = 2.15> <IPBlock> <Opcode : 'mul' 'add' 'sub' 'select'> <InPorts = 0> <OutPorts = 1> <Sync> <CReg>
ST_59 : Operation 471 [1/1] (0.00ns)   --->   "%shl_ln728_1 = bitconcatenate i29 @_ssdm_op_BitConcatenate.i29.i18.i11, i18 %tmp_1, i11 0"   --->   Operation 471 'bitconcatenate' 'shl_ln728_1' <Predicate = true> <Delay = 0.00>
ST_59 : Operation 472 [1/1] (0.00ns)   --->   "%sext_ln1192_1 = sext i29 %shl_ln728_1"   --->   Operation 472 'sext' 'sext_ln1192_1' <Predicate = true> <Delay = 0.00>
ST_59 : Operation 473 [1/1] (2.59ns)   --->   "%add_ln1192_9 = add i33 %sext_ln1192_1, i33 %add_ln1192_8"   --->   Operation 473 'add' 'add_ln1192_9' <Predicate = true> <Delay = 2.59> <CoreInst = "Adder">   --->   Core 1 'Adder' <Latency = 0> <II = 1> <Delay = 2.13> <FuncUnit> <Opcode : 'add' 'sub'> <InPorts = 2> <OutPorts = 1>
ST_59 : Operation 474 [1/1] (0.00ns)   --->   "%trunc_ln708_7 = partselect i18 @_ssdm_op_PartSelect.i18.i33.i32.i32, i33 %add_ln1192_9, i32 15, i32 32"   --->   Operation 474 'partselect' 'trunc_ln708_7' <Predicate = true> <Delay = 0.00>
ST_59 : Operation 475 [1/2] (2.10ns) (root node of the DSP)   --->   "%add_ln1192_10 = add i33 %mul_ln1192_7, i33 %mul_ln703_5"   --->   Operation 475 'add' 'add_ln1192_10' <Predicate = true> <Delay = 2.10> <CoreInst = "DSP48">   --->   Core 119 'DSP48' <Latency = 3> <II = 1> <Delay = 2.15> <IPBlock> <Opcode : 'mul' 'add' 'sub' 'select'> <InPorts = 0> <OutPorts = 1> <Sync> <CReg>
ST_59 : Operation 476 [1/1] (0.00ns)   --->   "%shl_ln728_2 = bitconcatenate i29 @_ssdm_op_BitConcatenate.i29.i18.i11, i18 %tmp_2, i11 0"   --->   Operation 476 'bitconcatenate' 'shl_ln728_2' <Predicate = true> <Delay = 0.00>
ST_59 : Operation 477 [1/1] (0.00ns)   --->   "%sext_ln1192_2 = sext i29 %shl_ln728_2"   --->   Operation 477 'sext' 'sext_ln1192_2' <Predicate = true> <Delay = 0.00>
ST_59 : Operation 478 [1/1] (2.59ns)   --->   "%add_ln1192_11 = add i33 %sext_ln1192_2, i33 %add_ln1192_10"   --->   Operation 478 'add' 'add_ln1192_11' <Predicate = true> <Delay = 2.59> <CoreInst = "Adder">   --->   Core 1 'Adder' <Latency = 0> <II = 1> <Delay = 2.13> <FuncUnit> <Opcode : 'add' 'sub'> <InPorts = 2> <OutPorts = 1>
ST_59 : Operation 479 [1/1] (0.00ns)   --->   "%trunc_ln708_8 = partselect i18 @_ssdm_op_PartSelect.i18.i33.i32.i32, i33 %add_ln1192_11, i32 15, i32 32"   --->   Operation 479 'partselect' 'trunc_ln708_8' <Predicate = true> <Delay = 0.00>
ST_59 : Operation 480 [1/1] (0.00ns)   --->   "%sext_ln703_2 = sext i18 %trunc_ln708_3"   --->   Operation 480 'sext' 'sext_ln703_2' <Predicate = true> <Delay = 0.00>
ST_59 : Operation 481 [1/1] (0.00ns)   --->   "%sext_ln703_3 = sext i18 %trunc_ln708_8"   --->   Operation 481 'sext' 'sext_ln703_3' <Predicate = true> <Delay = 0.00>
ST_59 : Operation 482 [1/1] (2.13ns)   --->   "%add_ln1192_13 = add i19 %sext_ln703_3, i19 %sext_ln703_2"   --->   Operation 482 'add' 'add_ln1192_13' <Predicate = true> <Delay = 2.13> <CoreInst = "Adder">   --->   Core 1 'Adder' <Latency = 0> <II = 1> <Delay = 2.13> <FuncUnit> <Opcode : 'add' 'sub'> <InPorts = 2> <OutPorts = 1>
ST_59 : Operation 483 [1/1] (0.00ns)   --->   "%trunc_ln703_1 = partselect i18 @_ssdm_op_PartSelect.i18.i19.i32.i32, i19 %add_ln1192_13, i32 1, i32 18"   --->   Operation 483 'partselect' 'trunc_ln703_1' <Predicate = true> <Delay = 0.00>
ST_59 : Operation 484 [3/4] (2.15ns) (root node of the DSP)   --->   "%mul_ln1118_2 = mul i36 %sext_ln1116_1, i36 %sext_ln1116_1"   --->   Operation 484 'mul' 'mul_ln1118_2' <Predicate = true> <Delay = 2.15> <CoreInst = "DSP48">   --->   Core 119 'DSP48' <Latency = 3> <II = 1> <Delay = 2.15> <IPBlock> <Opcode : 'mul' 'add' 'sub' 'select'> <InPorts = 0> <OutPorts = 1> <Sync> <CReg>
ST_59 : Operation 485 [1/1] (0.00ns)   --->   "%sext_ln708_4 = sext i18 %trunc_ln708_12"   --->   Operation 485 'sext' 'sext_ln708_4' <Predicate = true> <Delay = 0.00>
ST_59 : Operation 486 [1/1] (0.00ns)   --->   "%sext_ln708_5 = sext i18 %trunc_ln708_8"   --->   Operation 486 'sext' 'sext_ln708_5' <Predicate = true> <Delay = 0.00>
ST_59 : Operation 487 [4/4] (2.15ns) (root node of the DSP)   --->   "%mul_ln708_9 = mul i33 %sext_ln708_4, i33 %sext_ln708_5"   --->   Operation 487 'mul' 'mul_ln708_9' <Predicate = true> <Delay = 2.15> <CoreInst = "DSP48">   --->   Core 119 'DSP48' <Latency = 3> <II = 1> <Delay = 2.15> <IPBlock> <Opcode : 'mul' 'add' 'sub' 'select'> <InPorts = 0> <OutPorts = 1> <Sync> <CReg>

State 60 <SV = 59> <Delay = 4.73>
ST_60 : Operation 488 [1/51] (4.73ns)   --->   "%sdiv_ln1148_1 = sdiv i47 %t_1, i47 %sext_ln1148_1"   --->   Operation 488 'sdiv' 'sdiv_ln1148_1' <Predicate = true> <Delay = 4.73> <CoreInst = "Divider">   --->   Core 6 'Divider' <Latency = 32> <II = 1> <Delay = 4.24> <FuncUnit> <Opcode : 'sdiv' 'srem' 'udiv' 'urem'> <InPorts = 2> <OutPorts = 1>
ST_60 : Operation 489 [1/1] (0.00ns)   --->   "%iLRef_V = partselect i18 @_ssdm_op_PartSelect.i18.i47.i32.i32, i47 %sdiv_ln1148_1, i32 11, i32 28"   --->   Operation 489 'partselect' 'iLRef_V' <Predicate = true> <Delay = 0.00>
ST_60 : Operation 490 [1/1] (0.00ns)   --->   "%sext_ln703 = sext i18 %trunc_ln708_9"   --->   Operation 490 'sext' 'sext_ln703' <Predicate = true> <Delay = 0.00>
ST_60 : Operation 491 [1/1] (0.00ns)   --->   "%sext_ln703_1 = sext i18 %trunc_ln708_7"   --->   Operation 491 'sext' 'sext_ln703_1' <Predicate = true> <Delay = 0.00>
ST_60 : Operation 492 [1/1] (2.13ns)   --->   "%add_ln1192_12 = add i19 %sext_ln703_1, i19 %sext_ln703"   --->   Operation 492 'add' 'add_ln1192_12' <Predicate = true> <Delay = 2.13> <CoreInst = "Adder">   --->   Core 1 'Adder' <Latency = 0> <II = 1> <Delay = 2.13> <FuncUnit> <Opcode : 'add' 'sub'> <InPorts = 2> <OutPorts = 1>
ST_60 : Operation 493 [1/1] (0.00ns)   --->   "%trunc_ln6 = partselect i18 @_ssdm_op_PartSelect.i18.i19.i32.i32, i19 %add_ln1192_12, i32 1, i32 18"   --->   Operation 493 'partselect' 'trunc_ln6' <Predicate = true> <Delay = 0.00>
ST_60 : Operation 494 [1/1] (2.13ns)   --->   "%sub_ln703_4 = sub i18 %trunc_ln703_1, i18 %p_read"   --->   Operation 494 'sub' 'sub_ln703_4' <Predicate = true> <Delay = 2.13> <CoreInst = "Adder">   --->   Core 1 'Adder' <Latency = 0> <II = 1> <Delay = 2.13> <FuncUnit> <Opcode : 'add' 'sub'> <InPorts = 2> <OutPorts = 1>
ST_60 : Operation 495 [1/1] (0.00ns)   --->   "%sext_ln703_4 = sext i18 %sub_ln703_4"   --->   Operation 495 'sext' 'sext_ln703_4' <Predicate = true> <Delay = 0.00>
ST_60 : Operation 496 [4/4] (2.15ns) (root node of the DSP)   --->   "%mul_ln703_1 = mul i31 %sext_ln703_4, i31 %sext_ln703_4"   --->   Operation 496 'mul' 'mul_ln703_1' <Predicate = true> <Delay = 2.15> <CoreInst = "DSP48">   --->   Core 119 'DSP48' <Latency = 3> <II = 1> <Delay = 2.15> <IPBlock> <Opcode : 'mul' 'add' 'sub' 'select'> <InPorts = 0> <OutPorts = 1> <Sync> <CReg>
ST_60 : Operation 497 [2/4] (2.15ns) (root node of the DSP)   --->   "%mul_ln1118_2 = mul i36 %sext_ln1116_1, i36 %sext_ln1116_1"   --->   Operation 497 'mul' 'mul_ln1118_2' <Predicate = true> <Delay = 2.15> <CoreInst = "DSP48">   --->   Core 119 'DSP48' <Latency = 3> <II = 1> <Delay = 2.15> <IPBlock> <Opcode : 'mul' 'add' 'sub' 'select'> <InPorts = 0> <OutPorts = 1> <Sync> <CReg>
ST_60 : Operation 498 [1/1] (0.00ns)   --->   "%shl_ln703_7 = bitconcatenate i33 @_ssdm_op_BitConcatenate.i33.i18.i15, i18 %trunc_ln708_7, i15 0"   --->   Operation 498 'bitconcatenate' 'shl_ln703_7' <Predicate = true> <Delay = 0.00>
ST_60 : Operation 499 [1/1] (0.00ns)   --->   "%shl_ln728_4 = bitconcatenate i29 @_ssdm_op_BitConcatenate.i29.i18.i11, i18 %tmp_3, i11 0"   --->   Operation 499 'bitconcatenate' 'shl_ln728_4' <Predicate = true> <Delay = 0.00>
ST_60 : Operation 500 [1/1] (0.00ns)   --->   "%sext_ln1192_4 = sext i29 %shl_ln728_4"   --->   Operation 500 'sext' 'sext_ln1192_4' <Predicate = true> <Delay = 0.00>
ST_60 : Operation 501 [1/1] (2.59ns)   --->   "%add_ln1192_21 = add i33 %sext_ln1192_4, i33 %shl_ln703_7"   --->   Operation 501 'add' 'add_ln1192_21' <Predicate = true> <Delay = 2.59> <CoreInst = "Adder">   --->   Core 1 'Adder' <Latency = 0> <II = 1> <Delay = 2.13> <FuncUnit> <Opcode : 'add' 'sub'> <InPorts = 2> <OutPorts = 1>
ST_60 : Operation 502 [1/1] (0.00ns)   --->   "%trunc_ln708_17 = partselect i18 @_ssdm_op_PartSelect.i18.i33.i32.i32, i33 %add_ln1192_21, i32 15, i32 32"   --->   Operation 502 'partselect' 'trunc_ln708_17' <Predicate = true> <Delay = 0.00>
ST_60 : Operation 503 [3/4] (2.15ns) (root node of the DSP)   --->   "%mul_ln708_9 = mul i33 %sext_ln708_4, i33 %sext_ln708_5"   --->   Operation 503 'mul' 'mul_ln708_9' <Predicate = true> <Delay = 2.15> <CoreInst = "DSP48">   --->   Core 119 'DSP48' <Latency = 3> <II = 1> <Delay = 2.15> <IPBlock> <Opcode : 'mul' 'add' 'sub' 'select'> <InPorts = 0> <OutPorts = 1> <Sync> <CReg>

State 61 <SV = 60> <Delay = 4.83>
ST_61 : Operation 504 [1/1] (2.13ns)   --->   "%sub_ln703_3 = sub i18 %trunc_ln6, i18 %iLRef_V"   --->   Operation 504 'sub' 'sub_ln703_3' <Predicate = true> <Delay = 2.13> <CoreInst = "Adder">   --->   Core 1 'Adder' <Latency = 0> <II = 1> <Delay = 2.13> <FuncUnit> <Opcode : 'add' 'sub'> <InPorts = 2> <OutPorts = 1>
ST_61 : Operation 505 [1/1] (0.00ns)   --->   "%sext_ln1118_10 = sext i18 %sub_ln703_3"   --->   Operation 505 'sext' 'sext_ln1118_10' <Predicate = true> <Delay = 0.00>
ST_61 : Operation 506 [1/1] (0.00ns)   --->   "%shl_ln3 = bitconcatenate i21 @_ssdm_op_BitConcatenate.i21.i18.i3, i18 %sub_ln703_3, i3 0"   --->   Operation 506 'bitconcatenate' 'shl_ln3' <Predicate = true> <Delay = 0.00>
ST_61 : Operation 507 [1/1] (0.00ns)   --->   "%sext_ln703_13 = sext i21 %shl_ln3"   --->   Operation 507 'sext' 'sext_ln703_13' <Predicate = true> <Delay = 0.00>
ST_61 : Operation 508 [1/1] (0.00ns)   --->   "%shl_ln703_1 = bitconcatenate i19 @_ssdm_op_BitConcatenate.i19.i18.i1, i18 %sub_ln703_3, i1 0"   --->   Operation 508 'bitconcatenate' 'shl_ln703_1' <Predicate = true> <Delay = 0.00>
ST_61 : Operation 509 [1/1] (0.00ns)   --->   "%sext_ln703_14 = sext i19 %shl_ln703_1"   --->   Operation 509 'sext' 'sext_ln703_14' <Predicate = true> <Delay = 0.00>
ST_61 : Operation 510 [1/1] (1.65ns) (grouped into DSP with root node add_ln703_4)   --->   "%add_ln703_3 = add i22 %sext_ln703_13, i22 %sext_ln703_14"   --->   Operation 510 'add' 'add_ln703_3' <Predicate = true> <Delay = 1.65> <CoreInst = "DSP48">   --->   Core 119 'DSP48' <Latency = 3> <II = 1> <Delay = 2.15> <IPBlock> <Opcode : 'mul' 'add' 'sub' 'select'> <InPorts = 0> <OutPorts = 1> <Sync> <CReg>
ST_61 : Operation 511 [1/1] (0.00ns) (grouped into DSP with root node add_ln703_4)   --->   "%sext_ln703_15 = sext i22 %add_ln703_3"   --->   Operation 511 'sext' 'sext_ln703_15' <Predicate = true> <Delay = 0.00>
ST_61 : Operation 512 [3/3] (1.05ns) (grouped into DSP with root node add_ln703_4)   --->   "%mul_ln703 = mul i32 %sext_ln703_15, i32 %sext_ln1118_10"   --->   Operation 512 'mul' 'mul_ln703' <Predicate = true> <Delay = 1.05> <CoreInst = "DSP48">   --->   Core 119 'DSP48' <Latency = 3> <II = 1> <Delay = 2.15> <IPBlock> <Opcode : 'mul' 'add' 'sub' 'select'> <InPorts = 0> <OutPorts = 1> <Sync> <CReg>
ST_61 : Operation 513 [3/4] (2.15ns) (root node of the DSP)   --->   "%mul_ln703_1 = mul i31 %sext_ln703_4, i31 %sext_ln703_4"   --->   Operation 513 'mul' 'mul_ln703_1' <Predicate = true> <Delay = 2.15> <CoreInst = "DSP48">   --->   Core 119 'DSP48' <Latency = 3> <II = 1> <Delay = 2.15> <IPBlock> <Opcode : 'mul' 'add' 'sub' 'select'> <InPorts = 0> <OutPorts = 1> <Sync> <CReg>
ST_61 : Operation 514 [1/4] (0.00ns) (root node of the DSP)   --->   "%mul_ln1118_2 = mul i36 %sext_ln1116_1, i36 %sext_ln1116_1"   --->   Operation 514 'mul' 'mul_ln1118_2' <Predicate = true> <Delay = 0.00> <CoreInst = "DSP48">   --->   Core 119 'DSP48' <Latency = 3> <II = 1> <Delay = 2.15> <IPBlock> <Opcode : 'mul' 'add' 'sub' 'select'> <InPorts = 0> <OutPorts = 1> <Sync> <CReg>
ST_61 : Operation 515 [2/4] (2.15ns) (root node of the DSP)   --->   "%mul_ln708_9 = mul i33 %sext_ln708_4, i33 %sext_ln708_5"   --->   Operation 515 'mul' 'mul_ln708_9' <Predicate = true> <Delay = 2.15> <CoreInst = "DSP48">   --->   Core 119 'DSP48' <Latency = 3> <II = 1> <Delay = 2.15> <IPBlock> <Opcode : 'mul' 'add' 'sub' 'select'> <InPorts = 0> <OutPorts = 1> <Sync> <CReg>

State 62 <SV = 61> <Delay = 6.91>
ST_62 : Operation 516 [2/3] (1.05ns) (grouped into DSP with root node add_ln703_4)   --->   "%mul_ln703 = mul i32 %sext_ln703_15, i32 %sext_ln1118_10"   --->   Operation 516 'mul' 'mul_ln703' <Predicate = true> <Delay = 1.05> <CoreInst = "DSP48">   --->   Core 119 'DSP48' <Latency = 3> <II = 1> <Delay = 2.15> <IPBlock> <Opcode : 'mul' 'add' 'sub' 'select'> <InPorts = 0> <OutPorts = 1> <Sync> <CReg>
ST_62 : Operation 517 [2/4] (2.15ns) (root node of the DSP)   --->   "%mul_ln703_1 = mul i31 %sext_ln703_4, i31 %sext_ln703_4"   --->   Operation 517 'mul' 'mul_ln703_1' <Predicate = true> <Delay = 2.15> <CoreInst = "DSP48">   --->   Core 119 'DSP48' <Latency = 3> <II = 1> <Delay = 2.15> <IPBlock> <Opcode : 'mul' 'add' 'sub' 'select'> <InPorts = 0> <OutPorts = 1> <Sync> <CReg>
ST_62 : Operation 518 [1/1] (0.00ns)   --->   "%sext_ln1118_24 = sext i36 %mul_ln1118_2"   --->   Operation 518 'sext' 'sext_ln1118_24' <Predicate = true> <Delay = 0.00>
ST_62 : Operation 519 [2/2] (6.91ns)   --->   "%mul_ln1118_3 = mul i47 %sext_ln1118_24, i47 819"   --->   Operation 519 'mul' 'mul_ln1118_3' <Predicate = true> <Delay = 6.91> <CoreInst = "Multiplier">   --->   Core 3 'Multiplier' <Latency = 1> <II = 1> <Delay = 6.91> <FuncUnit> <Opcode : 'mul'> <InPorts = 2> <OutPorts = 1>
ST_62 : Operation 520 [1/4] (0.00ns) (root node of the DSP)   --->   "%mul_ln708_9 = mul i33 %sext_ln708_4, i33 %sext_ln708_5"   --->   Operation 520 'mul' 'mul_ln708_9' <Predicate = true> <Delay = 0.00> <CoreInst = "DSP48">   --->   Core 119 'DSP48' <Latency = 3> <II = 1> <Delay = 2.15> <IPBlock> <Opcode : 'mul' 'add' 'sub' 'select'> <InPorts = 0> <OutPorts = 1> <Sync> <CReg>
ST_62 : Operation 521 [1/1] (0.00ns)   --->   "%trunc_ln708_18 = partselect i18 @_ssdm_op_PartSelect.i18.i33.i32.i32, i33 %mul_ln708_9, i32 15, i32 32"   --->   Operation 521 'partselect' 'trunc_ln708_18' <Predicate = true> <Delay = 0.00>
ST_62 : Operation 522 [1/1] (0.00ns)   --->   "%sext_ln1118_33 = sext i18 %trunc_ln708_18"   --->   Operation 522 'sext' 'sext_ln1118_33' <Predicate = true> <Delay = 0.00>
ST_62 : Operation 523 [1/1] (0.00ns)   --->   "%sext_ln1118_34 = sext i18 %trunc_ln708_14"   --->   Operation 523 'sext' 'sext_ln1118_34' <Predicate = true> <Delay = 0.00>
ST_62 : Operation 524 [4/4] (2.15ns) (root node of the DSP)   --->   "%mul_ln1192_14 = mul i33 %sext_ln1118_33, i33 %sext_ln1118_34"   --->   Operation 524 'mul' 'mul_ln1192_14' <Predicate = true> <Delay = 2.15> <CoreInst = "DSP48">   --->   Core 119 'DSP48' <Latency = 3> <II = 1> <Delay = 2.15> <IPBlock> <Opcode : 'mul' 'add' 'sub' 'select'> <InPorts = 0> <OutPorts = 1> <Sync> <CReg>
ST_62 : Operation 525 [1/1] (0.00ns)   --->   "%sext_ln1118_35 = sext i18 %trunc_ln708_16"   --->   Operation 525 'sext' 'sext_ln1118_35' <Predicate = true> <Delay = 0.00>
ST_62 : Operation 526 [4/4] (2.15ns) (root node of the DSP)   --->   "%mul_ln1192_15 = mul i33 %sext_ln1118_33, i33 %sext_ln1118_35"   --->   Operation 526 'mul' 'mul_ln1192_15' <Predicate = true> <Delay = 2.15> <CoreInst = "DSP48">   --->   Core 119 'DSP48' <Latency = 3> <II = 1> <Delay = 2.15> <IPBlock> <Opcode : 'mul' 'add' 'sub' 'select'> <InPorts = 0> <OutPorts = 1> <Sync> <CReg>

State 63 <SV = 62> <Delay = 6.91>
ST_63 : Operation 527 [1/3] (0.00ns) (grouped into DSP with root node add_ln703_4)   --->   "%mul_ln703 = mul i32 %sext_ln703_15, i32 %sext_ln1118_10"   --->   Operation 527 'mul' 'mul_ln703' <Predicate = true> <Delay = 0.00> <CoreInst = "DSP48">   --->   Core 119 'DSP48' <Latency = 3> <II = 1> <Delay = 2.15> <IPBlock> <Opcode : 'mul' 'add' 'sub' 'select'> <InPorts = 0> <OutPorts = 1> <Sync> <CReg>
ST_63 : Operation 528 [1/4] (0.00ns) (root node of the DSP)   --->   "%mul_ln703_1 = mul i31 %sext_ln703_4, i31 %sext_ln703_4"   --->   Operation 528 'mul' 'mul_ln703_1' <Predicate = true> <Delay = 0.00> <CoreInst = "DSP48">   --->   Core 119 'DSP48' <Latency = 3> <II = 1> <Delay = 2.15> <IPBlock> <Opcode : 'mul' 'add' 'sub' 'select'> <InPorts = 0> <OutPorts = 1> <Sync> <CReg>
ST_63 : Operation 529 [1/1] (0.00ns)   --->   "%shl_ln703_2 = bitconcatenate i32 @_ssdm_op_BitConcatenate.i32.i31.i1, i31 %mul_ln703_1, i1 0"   --->   Operation 529 'bitconcatenate' 'shl_ln703_2' <Predicate = true> <Delay = 0.00>
ST_63 : Operation 530 [2/2] (2.10ns) (root node of the DSP)   --->   "%add_ln703_4 = add i32 %mul_ln703, i32 %shl_ln703_2"   --->   Operation 530 'add' 'add_ln703_4' <Predicate = true> <Delay = 2.10> <CoreInst = "DSP48">   --->   Core 119 'DSP48' <Latency = 3> <II = 1> <Delay = 2.15> <IPBlock> <Opcode : 'mul' 'add' 'sub' 'select'> <InPorts = 0> <OutPorts = 1> <Sync> <CReg>
ST_63 : Operation 531 [1/2] (6.91ns)   --->   "%mul_ln1118_3 = mul i47 %sext_ln1118_24, i47 819"   --->   Operation 531 'mul' 'mul_ln1118_3' <Predicate = true> <Delay = 6.91> <CoreInst = "Multiplier">   --->   Core 3 'Multiplier' <Latency = 1> <II = 1> <Delay = 6.91> <FuncUnit> <Opcode : 'mul'> <InPorts = 2> <OutPorts = 1>
ST_63 : Operation 532 [1/1] (0.00ns)   --->   "%sext_ln708_3 = sext i15 %trunc_ln708_13"   --->   Operation 532 'sext' 'sext_ln708_3' <Predicate = true> <Delay = 0.00>
ST_63 : Operation 533 [1/1] (0.99ns)   --->   "%xor_ln1116_1 = xor i16 %sext_ln708_3, i16 32768"   --->   Operation 533 'xor' 'xor_ln1116_1' <Predicate = true> <Delay = 0.99> <CoreInst = "LogicGate">   --->   Core 74 'LogicGate' <Latency = 0> <II = 1> <Delay = 1.00> <FuncUnit> <Opcode : 'and' 'or' 'xor'> <InPorts = 2> <OutPorts = 1>
ST_63 : Operation 534 [1/1] (0.00ns)   --->   "%zext_ln703_1 = zext i16 %xor_ln1116_1"   --->   Operation 534 'zext' 'zext_ln703_1' <Predicate = true> <Delay = 0.00>
ST_63 : Operation 535 [1/1] (0.00ns)   --->   "%sext_ln703_17 = sext i18 %trunc_ln708_17"   --->   Operation 535 'sext' 'sext_ln703_17' <Predicate = true> <Delay = 0.00>
ST_63 : Operation 536 [3/3] (1.05ns) (grouped into DSP with root node add_ln1192_22)   --->   "%mul_ln703_6 = mul i33 %zext_ln703_1, i33 %sext_ln703_17"   --->   Operation 536 'mul' 'mul_ln703_6' <Predicate = true> <Delay = 1.05> <CoreInst = "DSP48">   --->   Core 119 'DSP48' <Latency = 3> <II = 1> <Delay = 2.15> <IPBlock> <Opcode : 'mul' 'add' 'sub' 'select'> <InPorts = 0> <OutPorts = 1> <Sync> <CReg>
ST_63 : Operation 537 [3/4] (2.15ns) (root node of the DSP)   --->   "%mul_ln1192_14 = mul i33 %sext_ln1118_33, i33 %sext_ln1118_34"   --->   Operation 537 'mul' 'mul_ln1192_14' <Predicate = true> <Delay = 2.15> <CoreInst = "DSP48">   --->   Core 119 'DSP48' <Latency = 3> <II = 1> <Delay = 2.15> <IPBlock> <Opcode : 'mul' 'add' 'sub' 'select'> <InPorts = 0> <OutPorts = 1> <Sync> <CReg>
ST_63 : Operation 538 [1/1] (0.00ns)   --->   "%sext_ln703_18 = sext i18 %trunc_ln708_15"   --->   Operation 538 'sext' 'sext_ln703_18' <Predicate = true> <Delay = 0.00>
ST_63 : Operation 539 [3/3] (1.05ns) (grouped into DSP with root node add_ln1192_24)   --->   "%mul_ln703_7 = mul i33 %sext_ln703_18, i33 %sext_ln703_17"   --->   Operation 539 'mul' 'mul_ln703_7' <Predicate = true> <Delay = 1.05> <CoreInst = "DSP48">   --->   Core 119 'DSP48' <Latency = 3> <II = 1> <Delay = 2.15> <IPBlock> <Opcode : 'mul' 'add' 'sub' 'select'> <InPorts = 0> <OutPorts = 1> <Sync> <CReg>
ST_63 : Operation 540 [3/4] (2.15ns) (root node of the DSP)   --->   "%mul_ln1192_15 = mul i33 %sext_ln1118_33, i33 %sext_ln1118_35"   --->   Operation 540 'mul' 'mul_ln1192_15' <Predicate = true> <Delay = 2.15> <CoreInst = "DSP48">   --->   Core 119 'DSP48' <Latency = 3> <II = 1> <Delay = 2.15> <IPBlock> <Opcode : 'mul' 'add' 'sub' 'select'> <InPorts = 0> <OutPorts = 1> <Sync> <CReg>

State 64 <SV = 63> <Delay = 5.36>
ST_64 : Operation 541 [1/2] (2.10ns) (root node of the DSP)   --->   "%add_ln703_4 = add i32 %mul_ln703, i32 %shl_ln703_2"   --->   Operation 541 'add' 'add_ln703_4' <Predicate = true> <Delay = 2.10> <CoreInst = "DSP48">   --->   Core 119 'DSP48' <Latency = 3> <II = 1> <Delay = 2.15> <IPBlock> <Opcode : 'mul' 'add' 'sub' 'select'> <InPorts = 0> <OutPorts = 1> <Sync> <CReg>
ST_64 : Operation 542 [1/1] (0.00ns)   --->   "%shl_ln728_3 = bitconcatenate i54 @_ssdm_op_BitConcatenate.i54.i32.i22, i32 %add_ln703_4, i22 0"   --->   Operation 542 'bitconcatenate' 'shl_ln728_3' <Predicate = true> <Delay = 0.00>
ST_64 : Operation 543 [1/1] (0.00ns)   --->   "%sext_ln1192_3 = sext i47 %mul_ln1118_3"   --->   Operation 543 'sext' 'sext_ln1192_3' <Predicate = true> <Delay = 0.00>
ST_64 : Operation 544 [1/1] (0.00ns)   --->   "%zext_ln1192 = zext i49 %sext_ln1192_3"   --->   Operation 544 'zext' 'zext_ln1192' <Predicate = true> <Delay = 0.00>
ST_64 : Operation 545 [1/1] (3.26ns)   --->   "%add_ln1192_14 = add i54 %shl_ln728_3, i54 %zext_ln1192"   --->   Operation 545 'add' 'add_ln1192_14' <Predicate = true> <Delay = 3.26> <CoreInst = "Adder">   --->   Core 1 'Adder' <Latency = 0> <II = 1> <Delay = 2.13> <FuncUnit> <Opcode : 'add' 'sub'> <InPorts = 2> <OutPorts = 1>
ST_64 : Operation 546 [1/1] (0.00ns)   --->   "%trunc_ln708_10 = partselect i32 @_ssdm_op_PartSelect.i32.i54.i32.i32, i54 %add_ln1192_14, i32 22, i32 53"   --->   Operation 546 'partselect' 'trunc_ln708_10' <Predicate = true> <Delay = 0.00>
ST_64 : Operation 547 [2/3] (1.05ns) (grouped into DSP with root node add_ln1192_22)   --->   "%mul_ln703_6 = mul i33 %zext_ln703_1, i33 %sext_ln703_17"   --->   Operation 547 'mul' 'mul_ln703_6' <Predicate = true> <Delay = 1.05> <CoreInst = "DSP48">   --->   Core 119 'DSP48' <Latency = 3> <II = 1> <Delay = 2.15> <IPBlock> <Opcode : 'mul' 'add' 'sub' 'select'> <InPorts = 0> <OutPorts = 1> <Sync> <CReg>
ST_64 : Operation 548 [2/4] (2.15ns) (root node of the DSP)   --->   "%mul_ln1192_14 = mul i33 %sext_ln1118_33, i33 %sext_ln1118_34"   --->   Operation 548 'mul' 'mul_ln1192_14' <Predicate = true> <Delay = 2.15> <CoreInst = "DSP48">   --->   Core 119 'DSP48' <Latency = 3> <II = 1> <Delay = 2.15> <IPBlock> <Opcode : 'mul' 'add' 'sub' 'select'> <InPorts = 0> <OutPorts = 1> <Sync> <CReg>
ST_64 : Operation 549 [2/3] (1.05ns) (grouped into DSP with root node add_ln1192_24)   --->   "%mul_ln703_7 = mul i33 %sext_ln703_18, i33 %sext_ln703_17"   --->   Operation 549 'mul' 'mul_ln703_7' <Predicate = true> <Delay = 1.05> <CoreInst = "DSP48">   --->   Core 119 'DSP48' <Latency = 3> <II = 1> <Delay = 2.15> <IPBlock> <Opcode : 'mul' 'add' 'sub' 'select'> <InPorts = 0> <OutPorts = 1> <Sync> <CReg>
ST_64 : Operation 550 [2/4] (2.15ns) (root node of the DSP)   --->   "%mul_ln1192_15 = mul i33 %sext_ln1118_33, i33 %sext_ln1118_35"   --->   Operation 550 'mul' 'mul_ln1192_15' <Predicate = true> <Delay = 2.15> <CoreInst = "DSP48">   --->   Core 119 'DSP48' <Latency = 3> <II = 1> <Delay = 2.15> <IPBlock> <Opcode : 'mul' 'add' 'sub' 'select'> <InPorts = 0> <OutPorts = 1> <Sync> <CReg>

State 65 <SV = 64> <Delay = 2.15>
ST_65 : Operation 551 [1/3] (0.00ns) (grouped into DSP with root node add_ln1192_22)   --->   "%mul_ln703_6 = mul i33 %zext_ln703_1, i33 %sext_ln703_17"   --->   Operation 551 'mul' 'mul_ln703_6' <Predicate = true> <Delay = 0.00> <CoreInst = "DSP48">   --->   Core 119 'DSP48' <Latency = 3> <II = 1> <Delay = 2.15> <IPBlock> <Opcode : 'mul' 'add' 'sub' 'select'> <InPorts = 0> <OutPorts = 1> <Sync> <CReg>
ST_65 : Operation 552 [1/4] (0.00ns) (root node of the DSP)   --->   "%mul_ln1192_14 = mul i33 %sext_ln1118_33, i33 %sext_ln1118_34"   --->   Operation 552 'mul' 'mul_ln1192_14' <Predicate = true> <Delay = 0.00> <CoreInst = "DSP48">   --->   Core 119 'DSP48' <Latency = 3> <II = 1> <Delay = 2.15> <IPBlock> <Opcode : 'mul' 'add' 'sub' 'select'> <InPorts = 0> <OutPorts = 1> <Sync> <CReg>
ST_65 : Operation 553 [2/2] (2.10ns) (root node of the DSP)   --->   "%add_ln1192_22 = add i33 %mul_ln1192_14, i33 %mul_ln703_6"   --->   Operation 553 'add' 'add_ln1192_22' <Predicate = true> <Delay = 2.10> <CoreInst = "DSP48">   --->   Core 119 'DSP48' <Latency = 3> <II = 1> <Delay = 2.15> <IPBlock> <Opcode : 'mul' 'add' 'sub' 'select'> <InPorts = 0> <OutPorts = 1> <Sync> <CReg>
ST_65 : Operation 554 [1/3] (0.00ns) (grouped into DSP with root node add_ln1192_24)   --->   "%mul_ln703_7 = mul i33 %sext_ln703_18, i33 %sext_ln703_17"   --->   Operation 554 'mul' 'mul_ln703_7' <Predicate = true> <Delay = 0.00> <CoreInst = "DSP48">   --->   Core 119 'DSP48' <Latency = 3> <II = 1> <Delay = 2.15> <IPBlock> <Opcode : 'mul' 'add' 'sub' 'select'> <InPorts = 0> <OutPorts = 1> <Sync> <CReg>
ST_65 : Operation 555 [1/4] (0.00ns) (root node of the DSP)   --->   "%mul_ln1192_15 = mul i33 %sext_ln1118_33, i33 %sext_ln1118_35"   --->   Operation 555 'mul' 'mul_ln1192_15' <Predicate = true> <Delay = 0.00> <CoreInst = "DSP48">   --->   Core 119 'DSP48' <Latency = 3> <II = 1> <Delay = 2.15> <IPBlock> <Opcode : 'mul' 'add' 'sub' 'select'> <InPorts = 0> <OutPorts = 1> <Sync> <CReg>
ST_65 : Operation 556 [2/2] (2.10ns) (root node of the DSP)   --->   "%add_ln1192_24 = add i33 %mul_ln1192_15, i33 %mul_ln703_7"   --->   Operation 556 'add' 'add_ln1192_24' <Predicate = true> <Delay = 2.10> <CoreInst = "DSP48">   --->   Core 119 'DSP48' <Latency = 3> <II = 1> <Delay = 2.15> <IPBlock> <Opcode : 'mul' 'add' 'sub' 'select'> <InPorts = 0> <OutPorts = 1> <Sync> <CReg>
ST_65 : Operation 557 [1/1] (0.00ns)   --->   "%sext_ln1116_2 = sext i18 %add_ln703_6"   --->   Operation 557 'sext' 'sext_ln1116_2' <Predicate = true> <Delay = 0.00>
ST_65 : Operation 558 [4/4] (2.15ns) (root node of the DSP)   --->   "%mul_ln1118_6 = mul i36 %sext_ln1116_2, i36 %sext_ln1116_2"   --->   Operation 558 'mul' 'mul_ln1118_6' <Predicate = true> <Delay = 2.15> <CoreInst = "DSP48">   --->   Core 119 'DSP48' <Latency = 3> <II = 1> <Delay = 2.15> <IPBlock> <Opcode : 'mul' 'add' 'sub' 'select'> <InPorts = 0> <OutPorts = 1> <Sync> <CReg>

State 66 <SV = 65> <Delay = 6.82>
ST_66 : Operation 559 [1/2] (2.10ns) (root node of the DSP)   --->   "%add_ln1192_22 = add i33 %mul_ln1192_14, i33 %mul_ln703_6"   --->   Operation 559 'add' 'add_ln1192_22' <Predicate = true> <Delay = 2.10> <CoreInst = "DSP48">   --->   Core 119 'DSP48' <Latency = 3> <II = 1> <Delay = 2.15> <IPBlock> <Opcode : 'mul' 'add' 'sub' 'select'> <InPorts = 0> <OutPorts = 1> <Sync> <CReg>
ST_66 : Operation 560 [1/1] (0.00ns)   --->   "%shl_ln728_5 = bitconcatenate i29 @_ssdm_op_BitConcatenate.i29.i18.i11, i18 %tmp_4, i11 0"   --->   Operation 560 'bitconcatenate' 'shl_ln728_5' <Predicate = true> <Delay = 0.00>
ST_66 : Operation 561 [1/1] (0.00ns)   --->   "%sext_ln1192_5 = sext i29 %shl_ln728_5"   --->   Operation 561 'sext' 'sext_ln1192_5' <Predicate = true> <Delay = 0.00>
ST_66 : Operation 562 [1/1] (2.59ns)   --->   "%add_ln1192_23 = add i33 %sext_ln1192_5, i33 %add_ln1192_22"   --->   Operation 562 'add' 'add_ln1192_23' <Predicate = true> <Delay = 2.59> <CoreInst = "Adder">   --->   Core 1 'Adder' <Latency = 0> <II = 1> <Delay = 2.13> <FuncUnit> <Opcode : 'add' 'sub'> <InPorts = 2> <OutPorts = 1>
ST_66 : Operation 563 [1/1] (0.00ns)   --->   "%trunc_ln708_19 = partselect i18 @_ssdm_op_PartSelect.i18.i33.i32.i32, i33 %add_ln1192_23, i32 15, i32 32"   --->   Operation 563 'partselect' 'trunc_ln708_19' <Predicate = true> <Delay = 0.00>
ST_66 : Operation 564 [1/2] (2.10ns) (root node of the DSP)   --->   "%add_ln1192_24 = add i33 %mul_ln1192_15, i33 %mul_ln703_7"   --->   Operation 564 'add' 'add_ln1192_24' <Predicate = true> <Delay = 2.10> <CoreInst = "DSP48">   --->   Core 119 'DSP48' <Latency = 3> <II = 1> <Delay = 2.15> <IPBlock> <Opcode : 'mul' 'add' 'sub' 'select'> <InPorts = 0> <OutPorts = 1> <Sync> <CReg>
ST_66 : Operation 565 [1/1] (0.00ns)   --->   "%shl_ln728_6 = bitconcatenate i29 @_ssdm_op_BitConcatenate.i29.i18.i11, i18 %tmp_5, i11 0"   --->   Operation 565 'bitconcatenate' 'shl_ln728_6' <Predicate = true> <Delay = 0.00>
ST_66 : Operation 566 [1/1] (0.00ns)   --->   "%sext_ln1192_6 = sext i29 %shl_ln728_6"   --->   Operation 566 'sext' 'sext_ln1192_6' <Predicate = true> <Delay = 0.00>
ST_66 : Operation 567 [1/1] (2.59ns)   --->   "%add_ln1192_25 = add i33 %sext_ln1192_6, i33 %add_ln1192_24"   --->   Operation 567 'add' 'add_ln1192_25' <Predicate = true> <Delay = 2.59> <CoreInst = "Adder">   --->   Core 1 'Adder' <Latency = 0> <II = 1> <Delay = 2.13> <FuncUnit> <Opcode : 'add' 'sub'> <InPorts = 2> <OutPorts = 1>
ST_66 : Operation 568 [1/1] (0.00ns)   --->   "%trunc_ln708_20 = partselect i18 @_ssdm_op_PartSelect.i18.i33.i32.i32, i33 %add_ln1192_25, i32 15, i32 32"   --->   Operation 568 'partselect' 'trunc_ln708_20' <Predicate = true> <Delay = 0.00>
ST_66 : Operation 569 [1/1] (0.00ns)   --->   "%sext_ln703_5 = sext i18 %trunc_ln708_17"   --->   Operation 569 'sext' 'sext_ln703_5' <Predicate = true> <Delay = 0.00>
ST_66 : Operation 570 [1/1] (0.00ns)   --->   "%sext_ln703_6 = sext i18 %trunc_ln708_19"   --->   Operation 570 'sext' 'sext_ln703_6' <Predicate = true> <Delay = 0.00>
ST_66 : Operation 571 [1/1] (2.13ns)   --->   "%add_ln1192_26 = add i19 %sext_ln703_6, i19 %sext_ln703_5"   --->   Operation 571 'add' 'add_ln1192_26' <Predicate = true> <Delay = 2.13> <CoreInst = "Adder">   --->   Core 1 'Adder' <Latency = 0> <II = 1> <Delay = 2.13> <FuncUnit> <Opcode : 'add' 'sub'> <InPorts = 2> <OutPorts = 1>
ST_66 : Operation 572 [1/1] (0.00ns)   --->   "%trunc_ln703_2 = partselect i18 @_ssdm_op_PartSelect.i18.i19.i32.i32, i19 %add_ln1192_26, i32 1, i32 18"   --->   Operation 572 'partselect' 'trunc_ln703_2' <Predicate = true> <Delay = 0.00>
ST_66 : Operation 573 [1/1] (0.00ns)   --->   "%sext_ln703_7 = sext i18 %trunc_ln708_18"   --->   Operation 573 'sext' 'sext_ln703_7' <Predicate = true> <Delay = 0.00>
ST_66 : Operation 574 [1/1] (0.00ns)   --->   "%sext_ln703_8 = sext i18 %trunc_ln708_20"   --->   Operation 574 'sext' 'sext_ln703_8' <Predicate = true> <Delay = 0.00>
ST_66 : Operation 575 [1/1] (2.13ns)   --->   "%add_ln1192_27 = add i19 %sext_ln703_8, i19 %sext_ln703_7"   --->   Operation 575 'add' 'add_ln1192_27' <Predicate = true> <Delay = 2.13> <CoreInst = "Adder">   --->   Core 1 'Adder' <Latency = 0> <II = 1> <Delay = 2.13> <FuncUnit> <Opcode : 'add' 'sub'> <InPorts = 2> <OutPorts = 1>
ST_66 : Operation 576 [1/1] (0.00ns)   --->   "%trunc_ln703_3 = partselect i18 @_ssdm_op_PartSelect.i18.i19.i32.i32, i19 %add_ln1192_27, i32 1, i32 18"   --->   Operation 576 'partselect' 'trunc_ln703_3' <Predicate = true> <Delay = 0.00>
ST_66 : Operation 577 [3/4] (2.15ns) (root node of the DSP)   --->   "%mul_ln1118_6 = mul i36 %sext_ln1116_2, i36 %sext_ln1116_2"   --->   Operation 577 'mul' 'mul_ln1118_6' <Predicate = true> <Delay = 2.15> <CoreInst = "DSP48">   --->   Core 119 'DSP48' <Latency = 3> <II = 1> <Delay = 2.15> <IPBlock> <Opcode : 'mul' 'add' 'sub' 'select'> <InPorts = 0> <OutPorts = 1> <Sync> <CReg>

State 67 <SV = 66> <Delay = 4.28>
ST_67 : Operation 578 [1/1] (2.13ns)   --->   "%sub_ln703_7 = sub i18 %trunc_ln703_2, i18 %iLRef_V"   --->   Operation 578 'sub' 'sub_ln703_7' <Predicate = true> <Delay = 2.13> <CoreInst = "Adder">   --->   Core 1 'Adder' <Latency = 0> <II = 1> <Delay = 2.13> <FuncUnit> <Opcode : 'add' 'sub'> <InPorts = 2> <OutPorts = 1>
ST_67 : Operation 579 [1/1] (2.13ns)   --->   "%sub_ln703_8 = sub i18 %trunc_ln703_3, i18 %p_read"   --->   Operation 579 'sub' 'sub_ln703_8' <Predicate = true> <Delay = 2.13> <CoreInst = "Adder">   --->   Core 1 'Adder' <Latency = 0> <II = 1> <Delay = 2.13> <FuncUnit> <Opcode : 'add' 'sub'> <InPorts = 2> <OutPorts = 1>
ST_67 : Operation 580 [1/1] (0.00ns)   --->   "%sext_ln703_9 = sext i18 %sub_ln703_8"   --->   Operation 580 'sext' 'sext_ln703_9' <Predicate = true> <Delay = 0.00>
ST_67 : Operation 581 [4/4] (2.15ns) (root node of the DSP)   --->   "%mul_ln703_3 = mul i31 %sext_ln703_9, i31 %sext_ln703_9"   --->   Operation 581 'mul' 'mul_ln703_3' <Predicate = true> <Delay = 2.15> <CoreInst = "DSP48">   --->   Core 119 'DSP48' <Latency = 3> <II = 1> <Delay = 2.15> <IPBlock> <Opcode : 'mul' 'add' 'sub' 'select'> <InPorts = 0> <OutPorts = 1> <Sync> <CReg>
ST_67 : Operation 582 [2/4] (2.15ns) (root node of the DSP)   --->   "%mul_ln1118_6 = mul i36 %sext_ln1116_2, i36 %sext_ln1116_2"   --->   Operation 582 'mul' 'mul_ln1118_6' <Predicate = true> <Delay = 2.15> <CoreInst = "DSP48">   --->   Core 119 'DSP48' <Latency = 3> <II = 1> <Delay = 2.15> <IPBlock> <Opcode : 'mul' 'add' 'sub' 'select'> <InPorts = 0> <OutPorts = 1> <Sync> <CReg>

State 68 <SV = 67> <Delay = 2.70>
ST_68 : Operation 583 [1/1] (0.00ns)   --->   "%sext_ln1118_18 = sext i18 %sub_ln703_7"   --->   Operation 583 'sext' 'sext_ln1118_18' <Predicate = true> <Delay = 0.00>
ST_68 : Operation 584 [1/1] (0.00ns)   --->   "%shl_ln703_3 = bitconcatenate i21 @_ssdm_op_BitConcatenate.i21.i18.i3, i18 %sub_ln703_7, i3 0"   --->   Operation 584 'bitconcatenate' 'shl_ln703_3' <Predicate = true> <Delay = 0.00>
ST_68 : Operation 585 [1/1] (0.00ns)   --->   "%sext_ln703_19 = sext i21 %shl_ln703_3"   --->   Operation 585 'sext' 'sext_ln703_19' <Predicate = true> <Delay = 0.00>
ST_68 : Operation 586 [1/1] (0.00ns)   --->   "%shl_ln703_4 = bitconcatenate i19 @_ssdm_op_BitConcatenate.i19.i18.i1, i18 %sub_ln703_7, i1 0"   --->   Operation 586 'bitconcatenate' 'shl_ln703_4' <Predicate = true> <Delay = 0.00>
ST_68 : Operation 587 [1/1] (0.00ns)   --->   "%sext_ln703_20 = sext i19 %shl_ln703_4"   --->   Operation 587 'sext' 'sext_ln703_20' <Predicate = true> <Delay = 0.00>
ST_68 : Operation 588 [1/1] (1.65ns) (grouped into DSP with root node add_ln703_9)   --->   "%add_ln703_7 = add i22 %sext_ln703_19, i22 %sext_ln703_20"   --->   Operation 588 'add' 'add_ln703_7' <Predicate = true> <Delay = 1.65> <CoreInst = "DSP48">   --->   Core 119 'DSP48' <Latency = 3> <II = 1> <Delay = 2.15> <IPBlock> <Opcode : 'mul' 'add' 'sub' 'select'> <InPorts = 0> <OutPorts = 1> <Sync> <CReg>
ST_68 : Operation 589 [1/1] (0.00ns) (grouped into DSP with root node add_ln703_9)   --->   "%sext_ln703_21 = sext i22 %add_ln703_7"   --->   Operation 589 'sext' 'sext_ln703_21' <Predicate = true> <Delay = 0.00>
ST_68 : Operation 590 [3/3] (1.05ns) (grouped into DSP with root node add_ln703_9)   --->   "%mul_ln703_2 = mul i32 %sext_ln703_21, i32 %sext_ln1118_18"   --->   Operation 590 'mul' 'mul_ln703_2' <Predicate = true> <Delay = 1.05> <CoreInst = "DSP48">   --->   Core 119 'DSP48' <Latency = 3> <II = 1> <Delay = 2.15> <IPBlock> <Opcode : 'mul' 'add' 'sub' 'select'> <InPorts = 0> <OutPorts = 1> <Sync> <CReg>
ST_68 : Operation 591 [3/4] (2.15ns) (root node of the DSP)   --->   "%mul_ln703_3 = mul i31 %sext_ln703_9, i31 %sext_ln703_9"   --->   Operation 591 'mul' 'mul_ln703_3' <Predicate = true> <Delay = 2.15> <CoreInst = "DSP48">   --->   Core 119 'DSP48' <Latency = 3> <II = 1> <Delay = 2.15> <IPBlock> <Opcode : 'mul' 'add' 'sub' 'select'> <InPorts = 0> <OutPorts = 1> <Sync> <CReg>
ST_68 : Operation 592 [1/4] (0.00ns) (root node of the DSP)   --->   "%mul_ln1118_6 = mul i36 %sext_ln1116_2, i36 %sext_ln1116_2"   --->   Operation 592 'mul' 'mul_ln1118_6' <Predicate = true> <Delay = 0.00> <CoreInst = "DSP48">   --->   Core 119 'DSP48' <Latency = 3> <II = 1> <Delay = 2.15> <IPBlock> <Opcode : 'mul' 'add' 'sub' 'select'> <InPorts = 0> <OutPorts = 1> <Sync> <CReg>

State 69 <SV = 68> <Delay = 6.91>
ST_69 : Operation 593 [2/3] (1.05ns) (grouped into DSP with root node add_ln703_9)   --->   "%mul_ln703_2 = mul i32 %sext_ln703_21, i32 %sext_ln1118_18"   --->   Operation 593 'mul' 'mul_ln703_2' <Predicate = true> <Delay = 1.05> <CoreInst = "DSP48">   --->   Core 119 'DSP48' <Latency = 3> <II = 1> <Delay = 2.15> <IPBlock> <Opcode : 'mul' 'add' 'sub' 'select'> <InPorts = 0> <OutPorts = 1> <Sync> <CReg>
ST_69 : Operation 594 [2/4] (2.15ns) (root node of the DSP)   --->   "%mul_ln703_3 = mul i31 %sext_ln703_9, i31 %sext_ln703_9"   --->   Operation 594 'mul' 'mul_ln703_3' <Predicate = true> <Delay = 2.15> <CoreInst = "DSP48">   --->   Core 119 'DSP48' <Latency = 3> <II = 1> <Delay = 2.15> <IPBlock> <Opcode : 'mul' 'add' 'sub' 'select'> <InPorts = 0> <OutPorts = 1> <Sync> <CReg>
ST_69 : Operation 595 [1/1] (0.00ns)   --->   "%sext_ln1118_36 = sext i36 %mul_ln1118_6"   --->   Operation 595 'sext' 'sext_ln1118_36' <Predicate = true> <Delay = 0.00>
ST_69 : Operation 596 [2/2] (6.91ns)   --->   "%mul_ln1118_7 = mul i47 %sext_ln1118_36, i47 819"   --->   Operation 596 'mul' 'mul_ln1118_7' <Predicate = true> <Delay = 6.91> <CoreInst = "Multiplier">   --->   Core 3 'Multiplier' <Latency = 1> <II = 1> <Delay = 6.91> <FuncUnit> <Opcode : 'mul'> <InPorts = 2> <OutPorts = 1>

State 70 <SV = 69> <Delay = 6.91>
ST_70 : Operation 597 [1/3] (0.00ns) (grouped into DSP with root node add_ln703_9)   --->   "%mul_ln703_2 = mul i32 %sext_ln703_21, i32 %sext_ln1118_18"   --->   Operation 597 'mul' 'mul_ln703_2' <Predicate = true> <Delay = 0.00> <CoreInst = "DSP48">   --->   Core 119 'DSP48' <Latency = 3> <II = 1> <Delay = 2.15> <IPBlock> <Opcode : 'mul' 'add' 'sub' 'select'> <InPorts = 0> <OutPorts = 1> <Sync> <CReg>
ST_70 : Operation 598 [1/4] (0.00ns) (root node of the DSP)   --->   "%mul_ln703_3 = mul i31 %sext_ln703_9, i31 %sext_ln703_9"   --->   Operation 598 'mul' 'mul_ln703_3' <Predicate = true> <Delay = 0.00> <CoreInst = "DSP48">   --->   Core 119 'DSP48' <Latency = 3> <II = 1> <Delay = 2.15> <IPBlock> <Opcode : 'mul' 'add' 'sub' 'select'> <InPorts = 0> <OutPorts = 1> <Sync> <CReg>
ST_70 : Operation 599 [1/1] (0.00ns)   --->   "%shl_ln703_5 = bitconcatenate i32 @_ssdm_op_BitConcatenate.i32.i31.i1, i31 %mul_ln703_3, i1 0"   --->   Operation 599 'bitconcatenate' 'shl_ln703_5' <Predicate = true> <Delay = 0.00>
ST_70 : Operation 600 [1/1] (2.55ns)   --->   "%add_ln703_8 = add i32 %trunc_ln708_10, i32 %shl_ln703_5"   --->   Operation 600 'add' 'add_ln703_8' <Predicate = true> <Delay = 2.55> <CoreInst = "Adder">   --->   Core 1 'Adder' <Latency = 0> <II = 1> <Delay = 2.13> <FuncUnit> <Opcode : 'add' 'sub'> <InPorts = 2> <OutPorts = 1>
ST_70 : Operation 601 [2/2] (2.10ns) (root node of the DSP)   --->   "%add_ln703_9 = add i32 %add_ln703_8, i32 %mul_ln703_2"   --->   Operation 601 'add' 'add_ln703_9' <Predicate = true> <Delay = 2.10> <CoreInst = "DSP48">   --->   Core 119 'DSP48' <Latency = 3> <II = 1> <Delay = 2.15> <IPBlock> <Opcode : 'mul' 'add' 'sub' 'select'> <InPorts = 0> <OutPorts = 1> <Sync> <CReg>
ST_70 : Operation 602 [1/2] (6.91ns)   --->   "%mul_ln1118_7 = mul i47 %sext_ln1118_36, i47 819"   --->   Operation 602 'mul' 'mul_ln1118_7' <Predicate = true> <Delay = 6.91> <CoreInst = "Multiplier">   --->   Core 3 'Multiplier' <Latency = 1> <II = 1> <Delay = 6.91> <FuncUnit> <Opcode : 'mul'> <InPorts = 2> <OutPorts = 1>

State 71 <SV = 70> <Delay = 5.36>
ST_71 : Operation 603 [1/2] (2.10ns) (root node of the DSP)   --->   "%add_ln703_9 = add i32 %add_ln703_8, i32 %mul_ln703_2"   --->   Operation 603 'add' 'add_ln703_9' <Predicate = true> <Delay = 2.10> <CoreInst = "DSP48">   --->   Core 119 'DSP48' <Latency = 3> <II = 1> <Delay = 2.15> <IPBlock> <Opcode : 'mul' 'add' 'sub' 'select'> <InPorts = 0> <OutPorts = 1> <Sync> <CReg>
ST_71 : Operation 604 [1/1] (0.00ns)   --->   "%shl_ln728_7 = bitconcatenate i54 @_ssdm_op_BitConcatenate.i54.i32.i22, i32 %add_ln703_9, i22 0"   --->   Operation 604 'bitconcatenate' 'shl_ln728_7' <Predicate = true> <Delay = 0.00>
ST_71 : Operation 605 [1/1] (0.00ns)   --->   "%sext_ln1192_7 = sext i47 %mul_ln1118_7"   --->   Operation 605 'sext' 'sext_ln1192_7' <Predicate = true> <Delay = 0.00>
ST_71 : Operation 606 [1/1] (0.00ns)   --->   "%zext_ln1192_1 = zext i49 %sext_ln1192_7"   --->   Operation 606 'zext' 'zext_ln1192_1' <Predicate = true> <Delay = 0.00>
ST_71 : Operation 607 [1/1] (3.26ns)   --->   "%add_ln1192_28 = add i54 %shl_ln728_7, i54 %zext_ln1192_1"   --->   Operation 607 'add' 'add_ln1192_28' <Predicate = true> <Delay = 3.26> <CoreInst = "Adder">   --->   Core 1 'Adder' <Latency = 0> <II = 1> <Delay = 2.13> <FuncUnit> <Opcode : 'add' 'sub'> <InPorts = 2> <OutPorts = 1>
ST_71 : Operation 608 [1/1] (0.00ns)   --->   "%cost_V_0_write_assign = partselect i32 @_ssdm_op_PartSelect.i32.i54.i32.i32, i54 %add_ln1192_28, i32 22, i32 53"   --->   Operation 608 'partselect' 'cost_V_0_write_assign' <Predicate = true> <Delay = 0.00>
ST_71 : Operation 609 [1/1] (0.00ns) (grouped into LUT with out node select_ln4)   --->   "%or_ln211 = or i1 %icmp_ln211, i1 %icmp_ln211_1" [MPCwithMADS_fxd/costFunction.cpp:211]   --->   Operation 609 'or' 'or_ln211' <Predicate = true> <Delay = 0.00> <CoreInst = "LogicGate">   --->   Core 74 'LogicGate' <Latency = 0> <II = 1> <Delay = 1.00> <FuncUnit> <Opcode : 'and' 'or' 'xor'> <InPorts = 2> <OutPorts = 1>
ST_71 : Operation 610 [1/1] (0.97ns) (out node of the LUT)   --->   "%select_ln4 = select i1 %or_ln211, i32 4194304000, i32 0" [MPCwithMADS_fxd/costFunction.cpp:4]   --->   Operation 610 'select' 'select_ln4' <Predicate = true> <Delay = 0.97> <CoreInst = "Sel">   --->   Core 73 'Sel' <Latency = 0> <II = 1> <Delay = 0.83> <FuncUnit> <Opcode : 'select'> <InPorts = 3> <OutPorts = 1>
ST_71 : Operation 611 [1/1] (0.00ns)   --->   "%mrv = insertvalue i64 <undef>, i32 %cost_V_0_write_assign" [MPCwithMADS_fxd/costFunction.cpp:220]   --->   Operation 611 'insertvalue' 'mrv' <Predicate = true> <Delay = 0.00>
ST_71 : Operation 612 [1/1] (0.00ns)   --->   "%mrv_1 = insertvalue i64 %mrv, i32 %select_ln4" [MPCwithMADS_fxd/costFunction.cpp:220]   --->   Operation 612 'insertvalue' 'mrv_1' <Predicate = true> <Delay = 0.00>
ST_71 : Operation 613 [1/1] (0.00ns)   --->   "%ret_ln220 = ret i64 %mrv_1" [MPCwithMADS_fxd/costFunction.cpp:220]   --->   Operation 613 'ret' 'ret_ln220' <Predicate = true> <Delay = 0.00>


============================================================
+ Verbose Summary: Binding
============================================================
STG Binding: 
---------------- STG Properties BEGIN ----------------
- Is combinational: 0
- Is one-state seq: 0
- Is datapath-only: 1
- Is pipelined: 1
- Is top level: 0
Port [ Return ] is wired: 1; IO mode=ap_ctrl_hs:ce=0
Port [ p_read2]:  wired=1; compound=0; hidden=0; nouse=0; global=0; static=0; extern=0; dir=0; type=0; pingpong=0; private_global=0; IO mode=ap_none:ce=0
Port [ p_read7]:  wired=1; compound=0; hidden=0; nouse=0; global=0; static=0; extern=0; dir=0; type=0; pingpong=0; private_global=0; IO mode=ap_none:ce=0
Port [ p_read8]:  wired=1; compound=0; hidden=0; nouse=0; global=0; static=0; extern=0; dir=0; type=0; pingpong=0; private_global=0; IO mode=ap_none:ce=0
Port [ p_read9]:  wired=1; compound=0; hidden=0; nouse=0; global=0; static=0; extern=0; dir=0; type=0; pingpong=0; private_global=0; IO mode=ap_none:ce=0
Port [ p_read10]:  wired=1; compound=0; hidden=0; nouse=0; global=0; static=0; extern=0; dir=0; type=0; pingpong=0; private_global=0; IO mode=ap_none:ce=0
Port [ p_read11]:  wired=1; compound=0; hidden=0; nouse=0; global=0; static=0; extern=0; dir=0; type=0; pingpong=0; private_global=0; IO mode=ap_none:ce=0
Port [ p_read12]:  wired=1; compound=0; hidden=0; nouse=0; global=0; static=0; extern=0; dir=0; type=0; pingpong=0; private_global=0; IO mode=ap_none:ce=0
---------------- STG Properties END ------------------

---------------- Datapath Model BEGIN ----------------

<LifeTime>
<method=bitvector/>
p_read                (read          ) [ 011111111111111111111111111111111111111111111111111111111111111111110000]
p_read_10             (read          ) [ 011111100000000000000000000000000000000000000000000000000000000000000000]
p_read106             (read          ) [ 011111111111111111111111111111111111111111110000000000000000000000000000]
p_read95              (read          ) [ 011111111111111111111111111111111111111111111111111110000000000000000000]
p_read84              (read          ) [ 011111111111111111111111111111111111111111111111111110000000000000000000]
p_read73              (read          ) [ 011111111111111111111111111111111111111111111111111111111110000000000000]
p_read22              (read          ) [ 011111111111111111111111111111111111111111111111111111111110000000000000]
sext_ln1148_2         (sext          ) [ 011111111111111111111111111111111111111111111110000000000000000000000000]
sext_ln727            (sext          ) [ 010000011100000000000000000000000000000000000000000000000000000000000000]
sext_ln1115           (sext          ) [ 010000011100000000000000000000000000000000000000000000000000000000000000]
sext_ln1116           (sext          ) [ 010000011100000000000000000000000000000000000000000000000000000000000000]
mul_ln1115            (mul           ) [ 000000000000000000000000000000000000000000000000000000000000000000000000]
vTmp                  (partselect    ) [ 010000000010000000000000000000000000000000000000000000000000000000000000]
r_V                   (mul           ) [ 010000000010000000000000000000000000000000000000000000000000000000000000]
t_1                   (bitconcatenate) [ 010000000001111111111111111111111111111111111111111111111111100000000000]
sext_ln1148_1         (sext          ) [ 010000000001111111111111111111111111111111111111111111111111100000000000]
t                     (bitconcatenate) [ 010000000000000000000000001111111111111111111111111111111100000000000000]
sext_ln1148           (sext          ) [ 010000000000000000000000001111111111111111111111111111111100000000000000]
sext_ln1115_3         (sext          ) [ 010000000000000000000000000000000000000000001110000000000000000000000000]
sdiv_ln1148_2         (sdiv          ) [ 000000000000000000000000000000000000000000000000000000000000000000000000]
A0T_V                 (partselect    ) [ 010000000000000000000000000000000000000000000001111100000000000000000000]
sext_ln1118_5         (sext          ) [ 010000000000000000000000000000000000000000000001111110000000000000000000]
r_V_14                (mul           ) [ 010000000000000000000000000000000000000000000001000000000000000000000000]
sext_ln1118_4         (sext          ) [ 010000000000000000000000000000000000000000000001111110000000000000000000]
sext_ln1115_4         (sext          ) [ 010000000000000000000000000000000000000000000000100000000000000000000000]
sext_ln1118_25        (sext          ) [ 010000000000000000000000000000000000000000000000111110000000000000000000]
sext_ln1115_2         (sext          ) [ 010000000000000000000000000000000000000000000000011100000000000000000000]
mul_ln1115_1          (mul           ) [ 000000000000000000000000000000000000000000000000000000000000000000000000]
bT_V                  (partselect    ) [ 010000000000000000000000000000000000000000000000011100000000000000000000]
mul_ln1115_2          (mul           ) [ 000000000000000000000000000000000000000000000000000000000000000000000000]
A0T2_V                (partselect    ) [ 000000000000000000000000000000000000000000000000000000000000000000000000]
ret_V                 (add           ) [ 000000000000000000000000000000000000000000000000000000000000000000000000]
A1T2_V_2              (partselect    ) [ 010000000000000000000000000000000000000000000000001100000000000000000000]
mul_ln708             (mul           ) [ 000000000000000000000000000000000000000000000000000000000000000000000000]
trunc_ln              (partselect    ) [ 010000000000000000000000000000000000000000000000001100000000000000000000]
sext_ln1118_6         (sext          ) [ 010000000000000000000000000000000000000000000000001100000000000000000000]
sext_ln1118_7         (sext          ) [ 010000000000000000000000000000000000000000000000001110000000000000000000]
sext_ln1118_8         (sext          ) [ 010000000000000000000000000000000000000000000000001111000000000000000000]
sub_ln703             (sub           ) [ 010000000000000000000000000000000000000000000000000111000000000000000000]
mul_ln1192            (mul           ) [ 010000000000000000000000000000000000000000000000000100000000000000000000]
sext_ln1118_17        (sext          ) [ 010000000000000000000000000000000000000000000000000111000000000000000000]
mul_ln708_5           (mul           ) [ 000000000000000000000000000000000000000000000000000000000000000000000000]
trunc_ln708_11        (partselect    ) [ 010000000000000000000000000000000000000000000000000100000000000000000000]
sub_ln703_5           (sub           ) [ 010000000000000000000000000000000000000000000000000111000000000000000000]
sext_ln1118_26        (sext          ) [ 010000000000000000000000000000000000000000000000000110000000000000000000]
sext_ln1118_32        (sext          ) [ 010000000000000000000000000000000000000000000000000111000000000000000000]
r_V_15                (mul           ) [ 000000000000000000000000000000000000000000000000000000000000000000000000]
trunc_ln708_s         (partselect    ) [ 000000000000000000000000000000000000000000000000000000000000000000000000]
shl_ln                (bitconcatenate) [ 000000000000000000000000000000000000000000000000000000000000000000000000]
sext_ln1118           (sext          ) [ 000000000000000000000000000000000000000000000000000000000000000000000000]
shl_ln1118_1          (bitconcatenate) [ 000000000000000000000000000000000000000000000000000000000000000000000000]
sext_ln1118_1         (sext          ) [ 000000000000000000000000000000000000000000000000000000000000000000000000]
r_V_16                (sub           ) [ 000000000000000000000000000000000000000000000000000000000000000000000000]
A1T2_V                (partselect    ) [ 000000000000000000000000000000000000000000000000000000000000000000000000]
shl_ln1118_2          (bitconcatenate) [ 000000000000000000000000000000000000000000000000000000000000000000000000]
sext_ln1118_2         (sext          ) [ 000000000000000000000000000000000000000000000000000000000000000000000000]
shl_ln1118_3          (bitconcatenate) [ 000000000000000000000000000000000000000000000000000000000000000000000000]
sext_ln1118_3         (sext          ) [ 000000000000000000000000000000000000000000000000000000000000000000000000]
r_V_17                (sub           ) [ 000000000000000000000000000000000000000000000000000000000000000000000000]
A1bT_V                (partselect    ) [ 000000000000000000000000000000000000000000000000000000000000000000000000]
shl_ln1299            (shl           ) [ 000000000000000000000000000000000000000000000000000000000000000000000000]
sub_ln703_2           (sub           ) [ 000000000000000000000000000000000000000000000000000000000000000000000000]
add_ln703             (add           ) [ 000000000000000000000000000000000000000000000000000000000000000000000000]
add_ln1192            (add           ) [ 010000000000000000000000000000000000000000000000000010000000000000000000]
mul_ln1192_1          (mul           ) [ 010000000000000000000000000000000000000000000000000010000000000000000000]
sext_ln1118_9         (sext          ) [ 010000000000000000000000000000000000000000000000000011100000000000000000]
sext_ln1118_12        (sext          ) [ 010000000000000000000000000000000000000000000000000011100000000000000000]
sext_ln1118_13        (sext          ) [ 010000000000000000000000000000000000000000000000000011100000000000000000]
sext_ln1118_16        (sext          ) [ 010000000000000000000000000000000000000000000000000011000000000000000000]
sext_ln1118_19        (sext          ) [ 010000000000000000000000000000000000000000000000000011000000000000000000]
sext_ln1118_20        (sext          ) [ 010000000000000000000000000000000000000000000000000011100000000000000000]
shl_ln1299_1          (shl           ) [ 000000000000000000000000000000000000000000000000000000000000000000000000]
sub_ln703_6           (sub           ) [ 000000000000000000000000000000000000000000000000000000000000000000000000]
add_ln703_5           (add           ) [ 000000000000000000000000000000000000000000000000000000000000000000000000]
mul_ln1192_8          (mul           ) [ 010000000000000000000000000000000000000000000000000010000000000000000000]
sext_ln1118_27        (sext          ) [ 010000000000000000000000000000000000000000000000000011100000000000000000]
sext_ln1118_29        (sext          ) [ 010000000000000000000000000000000000000000000000000011100000000000000000]
add_ln1192_1          (add           ) [ 000000000000000000000000000000000000000000000000000000000000000000000000]
trunc_ln708_1         (partselect    ) [ 000000000000000000000000000000000000000000000000000000000000000000000000]
mul_ln708_1           (mul           ) [ 000000000000000000000000000000000000000000000000000000000000000000000000]
sext_ln1118_11        (sext          ) [ 010000000000000000000000000000000000000000000000000001100000000000000000]
mul_ln1192_4          (mul           ) [ 010000000000000000000000000000000000000000000000000001000000000000000000]
shl_ln703_6           (bitconcatenate) [ 000000000000000000000000000000000000000000000000000000000000000000000000]
tmp_s                 (partselect    ) [ 000000000000000000000000000000000000000000000000000000000000000000000000]
shl_ln2               (bitconcatenate) [ 000000000000000000000000000000000000000000000000000000000000000000000000]
sext_ln1192           (sext          ) [ 000000000000000000000000000000000000000000000000000000000000000000000000]
add_ln1192_7          (add           ) [ 000000000000000000000000000000000000000000000000000000000000000000000000]
trunc_ln708_9         (partselect    ) [ 010000000000000000000000000000000000000000000000000001111111100000000000]
sext_ln708_1          (sext          ) [ 010000000000000000000000000000000000000000000000000001110000000000000000]
sext_ln708_2          (sext          ) [ 010000000000000000000000000000000000000000000000000001110000000000000000]
add_ln1192_15         (add           ) [ 010000000000000000000000000000000000000000000000000001000000000000000000]
mul_ln1192_9          (mul           ) [ 010000000000000000000000000000000000000000000000000001000000000000000000]
mul_ln708_6           (mul           ) [ 000000000000000000000000000000000000000000000000000000000000000000000000]
sext_ln1118_28        (sext          ) [ 010000000000000000000000000000000000000000000000000001100000000000000000]
mul_ln1192_12         (mul           ) [ 010000000000000000000000000000000000000000000000000001000000000000000000]
tmp_3                 (partselect    ) [ 010000000000000000000000000000000000000000000000000001111111100000000000]
shl_ln1118_4          (bitconcatenate) [ 000000000000000000000000000000000000000000000000000000000000000000000000]
sext_ln1118_14        (sext          ) [ 000000000000000000000000000000000000000000000000000000000000000000000000]
shl_ln1118_5          (bitconcatenate) [ 000000000000000000000000000000000000000000000000000000000000000000000000]
sext_ln1118_15        (sext          ) [ 000000000000000000000000000000000000000000000000000000000000000000000000]
sub_ln703_9           (sub           ) [ 010000000000000000000000000000000000000000000000000000100000000000000000]
mul_ln1192_3          (mul           ) [ 010000000000000000000000000000000000000000000000000000100000000000000000]
add_ln1192_5          (add           ) [ 010000000000000000000000000000000000000000000000000000100000000000000000]
mul_ln1192_5          (mul           ) [ 010000000000000000000000000000000000000000000000000000100000000000000000]
mul_ln708_2           (mul           ) [ 000000000000000000000000000000000000000000000000000000000000000000000000]
tmp_1                 (partselect    ) [ 010000000000000000000000000000000000000000000000000000111111000000000000]
add_ln1192_16         (add           ) [ 000000000000000000000000000000000000000000000000000000000000000000000000]
trunc_ln708_12        (partselect    ) [ 010000000000000000000000000000000000000000000000000000111111000000000000]
shl_ln1118_6          (bitconcatenate) [ 000000000000000000000000000000000000000000000000000000000000000000000000]
sext_ln1118_30        (sext          ) [ 000000000000000000000000000000000000000000000000000000000000000000000000]
shl_ln1118_7          (bitconcatenate) [ 000000000000000000000000000000000000000000000000000000000000000000000000]
sext_ln1118_31        (sext          ) [ 000000000000000000000000000000000000000000000000000000000000000000000000]
sub_ln703_10          (sub           ) [ 010000000000000000000000000000000000000000000000000000100000000000000000]
mul_ln1192_11         (mul           ) [ 010000000000000000000000000000000000000000000000000000100000000000000000]
add_ln1192_19         (add           ) [ 010000000000000000000000000000000000000000000000000000100000000000000000]
mul_ln1192_13         (mul           ) [ 010000000000000000000000000000000000000000000000000000100000000000000000]
mul_ln708_7           (mul           ) [ 000000000000000000000000000000000000000000000000000000000000000000000000]
tmp_4                 (partselect    ) [ 010000000000000000000000000000000000000000000000000000111111111111100000]
mul_ln1118            (mul           ) [ 000000000000000000000000000000000000000000000000000000000000000000000000]
trunc_ln708_2         (partselect    ) [ 010000000000000000000000000000000000000000000000000000011000000000000000]
mul_ln1118_1          (mul           ) [ 000000000000000000000000000000000000000000000000000000000000000000000000]
sext_ln703_10         (sext          ) [ 010000000000000000000000000000000000000000000000000000010000000000000000]
mul_ln1192_2          (mul           ) [ 010000000000000000000000000000000000000000000000000000010000000000000000]
add_ln1192_4          (add           ) [ 000000000000000000000000000000000000000000000000000000000000000000000000]
trunc_ln708_5         (partselect    ) [ 010000000000000000000000000000000000000000000000000000011000000000000000]
add_ln1192_6          (add           ) [ 000000000000000000000000000000000000000000000000000000000000000000000000]
trunc_ln708_6         (partselect    ) [ 010000000000000000000000000000000000000000000000000000010000000000000000]
mul_ln708_3           (mul           ) [ 000000000000000000000000000000000000000000000000000000000000000000000000]
tmp_2                 (partselect    ) [ 010000000000000000000000000000000000000000000000000000011111000000000000]
mul_ln1118_4          (mul           ) [ 000000000000000000000000000000000000000000000000000000000000000000000000]
trunc_ln708_13        (partselect    ) [ 010000000000000000000000000000000000000000000000000000011111111100000000]
mul_ln1118_5          (mul           ) [ 000000000000000000000000000000000000000000000000000000000000000000000000]
sext_ln703_16         (sext          ) [ 010000000000000000000000000000000000000000000000000000010000000000000000]
mul_ln1192_10         (mul           ) [ 010000000000000000000000000000000000000000000000000000010000000000000000]
add_ln1192_18         (add           ) [ 000000000000000000000000000000000000000000000000000000000000000000000000]
trunc_ln708_15        (partselect    ) [ 010000000000000000000000000000000000000000000000000000011111111100000000]
add_ln1192_20         (add           ) [ 000000000000000000000000000000000000000000000000000000000000000000000000]
trunc_ln708_16        (partselect    ) [ 010000000000000000000000000000000000000000000000000000011111111000000000]
mul_ln708_8           (mul           ) [ 000000000000000000000000000000000000000000000000000000000000000000000000]
tmp_5                 (partselect    ) [ 010000000000000000000000000000000000000000000000000000011111111111100000]
add_ln1192_3          (add           ) [ 000000000000000000000000000000000000000000000000000000000000000000000000]
trunc_ln708_4         (partselect    ) [ 000000000000000000000000000000000000000000000000000000000000000000000000]
mul_ln708_4           (mul           ) [ 000000000000000000000000000000000000000000000000000000000000000000000000]
trunc_ln708_3         (partselect    ) [ 010000000000000000000000000000000000000000000000000000001111000000000000]
sext_ln1118_21        (sext          ) [ 010000000000000000000000000000000000000000000000000000001110000000000000]
sext_ln1118_22        (sext          ) [ 010000000000000000000000000000000000000000000000000000001110000000000000]
sext_ln1118_23        (sext          ) [ 010000000000000000000000000000000000000000000000000000001110000000000000]
add_ln1192_17         (add           ) [ 000000000000000000000000000000000000000000000000000000000000000000000000]
trunc_ln708_14        (partselect    ) [ 010000000000000000000000000000000000000000000000000000001111111000000000]
sext_ln708            (sext          ) [ 000000000000000000000000000000000000000000000000000000000000000000000000]
xor_ln1116            (xor           ) [ 000000000000000000000000000000000000000000000000000000000000000000000000]
zext_ln703            (zext          ) [ 010000000000000000000000000000000000000000000000000000000110000000000000]
sext_ln703_11         (sext          ) [ 010000000000000000000000000000000000000000000000000000000110000000000000]
sext_ln703_12         (sext          ) [ 010000000000000000000000000000000000000000000000000000000110000000000000]
sdiv_ln1148           (sdiv          ) [ 010000000000000000000000000000000000000000000000000000000010000000000000]
trunc_ln731           (trunc         ) [ 000000000000000000000000000000000000000000000000000000000000000000000000]
dTmp                  (bitconcatenate) [ 000000000000000000000000000000000000000000000000000000000000000000000000]
mul_ln703_4           (mul           ) [ 010000000000000000000000000000000000000000000000000000000001000000000000]
mul_ln1192_6          (mul           ) [ 010000000000000000000000000000000000000000000000000000000001000000000000]
mul_ln703_5           (mul           ) [ 010000000000000000000000000000000000000000000000000000000001000000000000]
mul_ln1192_7          (mul           ) [ 010000000000000000000000000000000000000000000000000000000001000000000000]
add_ln703_1           (add           ) [ 000000000000000000000000000000000000000000000000000000000000000000000000]
add_ln703_2           (add           ) [ 000000000000000000000000000000000000000000000000000000000000000000000000]
sext_ln1116_1         (sext          ) [ 010000000000000000000000000000000000000000000000000000000001110000000000]
add_ln703_6           (add           ) [ 010000000000000000000000000000000000000000000000000000000001111111000000]
icmp_ln211            (icmp          ) [ 010000000000000000000000000000000000000000000000000000000001111111111111]
icmp_ln211_1          (icmp          ) [ 010000000000000000000000000000000000000000000000000000000001111111111111]
add_ln1192_8          (add           ) [ 000000000000000000000000000000000000000000000000000000000000000000000000]
shl_ln728_1           (bitconcatenate) [ 000000000000000000000000000000000000000000000000000000000000000000000000]
sext_ln1192_1         (sext          ) [ 000000000000000000000000000000000000000000000000000000000000000000000000]
add_ln1192_9          (add           ) [ 000000000000000000000000000000000000000000000000000000000000000000000000]
trunc_ln708_7         (partselect    ) [ 010000000000000000000000000000000000000000000000000000000000100000000000]
add_ln1192_10         (add           ) [ 000000000000000000000000000000000000000000000000000000000000000000000000]
shl_ln728_2           (bitconcatenate) [ 000000000000000000000000000000000000000000000000000000000000000000000000]
sext_ln1192_2         (sext          ) [ 000000000000000000000000000000000000000000000000000000000000000000000000]
add_ln1192_11         (add           ) [ 000000000000000000000000000000000000000000000000000000000000000000000000]
trunc_ln708_8         (partselect    ) [ 000000000000000000000000000000000000000000000000000000000000000000000000]
sext_ln703_2          (sext          ) [ 000000000000000000000000000000000000000000000000000000000000000000000000]
sext_ln703_3          (sext          ) [ 000000000000000000000000000000000000000000000000000000000000000000000000]
add_ln1192_13         (add           ) [ 000000000000000000000000000000000000000000000000000000000000000000000000]
trunc_ln703_1         (partselect    ) [ 010000000000000000000000000000000000000000000000000000000000100000000000]
sext_ln708_4          (sext          ) [ 010000000000000000000000000000000000000000000000000000000000111000000000]
sext_ln708_5          (sext          ) [ 010000000000000000000000000000000000000000000000000000000000111000000000]
sdiv_ln1148_1         (sdiv          ) [ 000000000000000000000000000000000000000000000000000000000000000000000000]
iLRef_V               (partselect    ) [ 010000000000000000000000000000000000000000000000000000000000011111110000]
sext_ln703            (sext          ) [ 000000000000000000000000000000000000000000000000000000000000000000000000]
sext_ln703_1          (sext          ) [ 000000000000000000000000000000000000000000000000000000000000000000000000]
add_ln1192_12         (add           ) [ 000000000000000000000000000000000000000000000000000000000000000000000000]
trunc_ln6             (partselect    ) [ 010000000000000000000000000000000000000000000000000000000000010000000000]
sub_ln703_4           (sub           ) [ 000000000000000000000000000000000000000000000000000000000000000000000000]
sext_ln703_4          (sext          ) [ 010000000000000000000000000000000000000000000000000000000000011100000000]
shl_ln703_7           (bitconcatenate) [ 000000000000000000000000000000000000000000000000000000000000000000000000]
shl_ln728_4           (bitconcatenate) [ 000000000000000000000000000000000000000000000000000000000000000000000000]
sext_ln1192_4         (sext          ) [ 000000000000000000000000000000000000000000000000000000000000000000000000]
add_ln1192_21         (add           ) [ 000000000000000000000000000000000000000000000000000000000000000000000000]
trunc_ln708_17        (partselect    ) [ 010000000000000000000000000000000000000000000000000000000000011111100000]
sub_ln703_3           (sub           ) [ 000000000000000000000000000000000000000000000000000000000000000000000000]
sext_ln1118_10        (sext          ) [ 010000000000000000000000000000000000000000000000000000000000001100000000]
shl_ln3               (bitconcatenate) [ 000000000000000000000000000000000000000000000000000000000000000000000000]
sext_ln703_13         (sext          ) [ 000000000000000000000000000000000000000000000000000000000000000000000000]
shl_ln703_1           (bitconcatenate) [ 000000000000000000000000000000000000000000000000000000000000000000000000]
sext_ln703_14         (sext          ) [ 000000000000000000000000000000000000000000000000000000000000000000000000]
add_ln703_3           (add           ) [ 000000000000000000000000000000000000000000000000000000000000000000000000]
sext_ln703_15         (sext          ) [ 010000000000000000000000000000000000000000000000000000000000001100000000]
mul_ln1118_2          (mul           ) [ 010000000000000000000000000000000000000000000000000000000000001000000000]
sext_ln1118_24        (sext          ) [ 010000000000000000000000000000000000000000000000000000000000000100000000]
mul_ln708_9           (mul           ) [ 000000000000000000000000000000000000000000000000000000000000000000000000]
trunc_ln708_18        (partselect    ) [ 010000000000000000000000000000000000000000000000000000000000000111100000]
sext_ln1118_33        (sext          ) [ 010000000000000000000000000000000000000000000000000000000000000111000000]
sext_ln1118_34        (sext          ) [ 010000000000000000000000000000000000000000000000000000000000000111000000]
sext_ln1118_35        (sext          ) [ 010000000000000000000000000000000000000000000000000000000000000111000000]
mul_ln703             (mul           ) [ 010000000000000000000000000000000000000000000000000000000000000010000000]
mul_ln703_1           (mul           ) [ 000000000000000000000000000000000000000000000000000000000000000000000000]
shl_ln703_2           (bitconcatenate) [ 010000000000000000000000000000000000000000000000000000000000000010000000]
mul_ln1118_3          (mul           ) [ 010000000000000000000000000000000000000000000000000000000000000010000000]
sext_ln708_3          (sext          ) [ 000000000000000000000000000000000000000000000000000000000000000000000000]
xor_ln1116_1          (xor           ) [ 000000000000000000000000000000000000000000000000000000000000000000000000]
zext_ln703_1          (zext          ) [ 010000000000000000000000000000000000000000000000000000000000000011000000]
sext_ln703_17         (sext          ) [ 010000000000000000000000000000000000000000000000000000000000000011000000]
sext_ln703_18         (sext          ) [ 010000000000000000000000000000000000000000000000000000000000000011000000]
add_ln703_4           (add           ) [ 000000000000000000000000000000000000000000000000000000000000000000000000]
shl_ln728_3           (bitconcatenate) [ 000000000000000000000000000000000000000000000000000000000000000000000000]
sext_ln1192_3         (sext          ) [ 000000000000000000000000000000000000000000000000000000000000000000000000]
zext_ln1192           (zext          ) [ 000000000000000000000000000000000000000000000000000000000000000000000000]
add_ln1192_14         (add           ) [ 000000000000000000000000000000000000000000000000000000000000000000000000]
trunc_ln708_10        (partselect    ) [ 010000000000000000000000000000000000000000000000000000000000000001111110]
mul_ln703_6           (mul           ) [ 010000000000000000000000000000000000000000000000000000000000000000100000]
mul_ln1192_14         (mul           ) [ 010000000000000000000000000000000000000000000000000000000000000000100000]
mul_ln703_7           (mul           ) [ 010000000000000000000000000000000000000000000000000000000000000000100000]
mul_ln1192_15         (mul           ) [ 010000000000000000000000000000000000000000000000000000000000000000100000]
sext_ln1116_2         (sext          ) [ 010000000000000000000000000000000000000000000000000000000000000000111000]
add_ln1192_22         (add           ) [ 000000000000000000000000000000000000000000000000000000000000000000000000]
shl_ln728_5           (bitconcatenate) [ 000000000000000000000000000000000000000000000000000000000000000000000000]
sext_ln1192_5         (sext          ) [ 000000000000000000000000000000000000000000000000000000000000000000000000]
add_ln1192_23         (add           ) [ 000000000000000000000000000000000000000000000000000000000000000000000000]
trunc_ln708_19        (partselect    ) [ 000000000000000000000000000000000000000000000000000000000000000000000000]
add_ln1192_24         (add           ) [ 000000000000000000000000000000000000000000000000000000000000000000000000]
shl_ln728_6           (bitconcatenate) [ 000000000000000000000000000000000000000000000000000000000000000000000000]
sext_ln1192_6         (sext          ) [ 000000000000000000000000000000000000000000000000000000000000000000000000]
add_ln1192_25         (add           ) [ 000000000000000000000000000000000000000000000000000000000000000000000000]
trunc_ln708_20        (partselect    ) [ 000000000000000000000000000000000000000000000000000000000000000000000000]
sext_ln703_5          (sext          ) [ 000000000000000000000000000000000000000000000000000000000000000000000000]
sext_ln703_6          (sext          ) [ 000000000000000000000000000000000000000000000000000000000000000000000000]
add_ln1192_26         (add           ) [ 000000000000000000000000000000000000000000000000000000000000000000000000]
trunc_ln703_2         (partselect    ) [ 010000000000000000000000000000000000000000000000000000000000000000010000]
sext_ln703_7          (sext          ) [ 000000000000000000000000000000000000000000000000000000000000000000000000]
sext_ln703_8          (sext          ) [ 000000000000000000000000000000000000000000000000000000000000000000000000]
add_ln1192_27         (add           ) [ 000000000000000000000000000000000000000000000000000000000000000000000000]
trunc_ln703_3         (partselect    ) [ 010000000000000000000000000000000000000000000000000000000000000000010000]
sub_ln703_7           (sub           ) [ 010000000000000000000000000000000000000000000000000000000000000000001000]
sub_ln703_8           (sub           ) [ 000000000000000000000000000000000000000000000000000000000000000000000000]
sext_ln703_9          (sext          ) [ 010000000000000000000000000000000000000000000000000000000000000000001110]
sext_ln1118_18        (sext          ) [ 010000000000000000000000000000000000000000000000000000000000000000000110]
shl_ln703_3           (bitconcatenate) [ 000000000000000000000000000000000000000000000000000000000000000000000000]
sext_ln703_19         (sext          ) [ 000000000000000000000000000000000000000000000000000000000000000000000000]
shl_ln703_4           (bitconcatenate) [ 000000000000000000000000000000000000000000000000000000000000000000000000]
sext_ln703_20         (sext          ) [ 000000000000000000000000000000000000000000000000000000000000000000000000]
add_ln703_7           (add           ) [ 000000000000000000000000000000000000000000000000000000000000000000000000]
sext_ln703_21         (sext          ) [ 010000000000000000000000000000000000000000000000000000000000000000000110]
mul_ln1118_6          (mul           ) [ 010000000000000000000000000000000000000000000000000000000000000000000100]
sext_ln1118_36        (sext          ) [ 010000000000000000000000000000000000000000000000000000000000000000000010]
mul_ln703_2           (mul           ) [ 010000000000000000000000000000000000000000000000000000000000000000000001]
mul_ln703_3           (mul           ) [ 000000000000000000000000000000000000000000000000000000000000000000000000]
shl_ln703_5           (bitconcatenate) [ 000000000000000000000000000000000000000000000000000000000000000000000000]
add_ln703_8           (add           ) [ 010000000000000000000000000000000000000000000000000000000000000000000001]
mul_ln1118_7          (mul           ) [ 010000000000000000000000000000000000000000000000000000000000000000000001]
add_ln703_9           (add           ) [ 000000000000000000000000000000000000000000000000000000000000000000000000]
shl_ln728_7           (bitconcatenate) [ 000000000000000000000000000000000000000000000000000000000000000000000000]
sext_ln1192_7         (sext          ) [ 000000000000000000000000000000000000000000000000000000000000000000000000]
zext_ln1192_1         (zext          ) [ 000000000000000000000000000000000000000000000000000000000000000000000000]
add_ln1192_28         (add           ) [ 000000000000000000000000000000000000000000000000000000000000000000000000]
cost_V_0_write_assign (partselect    ) [ 000000000000000000000000000000000000000000000000000000000000000000000000]
or_ln211              (or            ) [ 000000000000000000000000000000000000000000000000000000000000000000000000]
select_ln4            (select        ) [ 000000000000000000000000000000000000000000000000000000000000000000000000]
mrv                   (insertvalue   ) [ 000000000000000000000000000000000000000000000000000000000000000000000000]
mrv_1                 (insertvalue   ) [ 000000000000000000000000000000000000000000000000000000000000000000000000]
ret_ln220             (ret           ) [ 000000000000000000000000000000000000000000000000000000000000000000000000]
</LifeTime>

<model>

<comp_list>
<comp id="0" class="1000" name="p_read2">
<pin_list>
<pin id="1" dir="1" index="0" bw="1" slack="0"/>
</pin_list>
<bind>
<StgValue><ssdm name="p_read2"/></StgValue>
</bind>
</comp>

<comp id="2" class="1000" name="p_read7">
<pin_list>
<pin id="3" dir="1" index="0" bw="1" slack="0"/>
</pin_list>
<bind>
<StgValue><ssdm name="p_read7"/></StgValue>
</bind>
</comp>

<comp id="4" class="1000" name="p_read8">
<pin_list>
<pin id="5" dir="1" index="0" bw="1" slack="0"/>
</pin_list>
<bind>
<StgValue><ssdm name="p_read8"/></StgValue>
</bind>
</comp>

<comp id="6" class="1000" name="p_read9">
<pin_list>
<pin id="7" dir="1" index="0" bw="1" slack="0"/>
</pin_list>
<bind>
<StgValue><ssdm name="p_read9"/></StgValue>
</bind>
</comp>

<comp id="8" class="1000" name="p_read10">
<pin_list>
<pin id="9" dir="1" index="0" bw="1" slack="0"/>
</pin_list>
<bind>
<StgValue><ssdm name="p_read10"/></StgValue>
</bind>
</comp>

<comp id="10" class="1000" name="p_read11">
<pin_list>
<pin id="11" dir="1" index="0" bw="1" slack="0"/>
</pin_list>
<bind>
<StgValue><ssdm name="p_read11"/></StgValue>
</bind>
</comp>

<comp id="12" class="1000" name="p_read12">
<pin_list>
<pin id="13" dir="1" index="0" bw="1" slack="0"/>
</pin_list>
<bind>
<StgValue><ssdm name="p_read12"/></StgValue>
</bind>
</comp>

<comp id="14" class="1001" name="const_14">
<pin_list>
<pin id="15" dir="1" index="0" bw="1" slack="0"/>
</pin_list>
<bind>
<StgValue><ssdm name="_ssdm_op_Read.ap_auto.i18"/></StgValue>
</bind>
</comp>

<comp id="16" class="1001" name="const_16">
<pin_list>
<pin id="17" dir="1" index="0" bw="1" slack="0"/>
</pin_list>
<bind>
<StgValue><ssdm name=""/></StgValue>
</bind>
</comp>

<comp id="18" class="1001" name="const_18">
<pin_list>
<pin id="19" dir="1" index="0" bw="1" slack="0"/>
</pin_list>
<bind>
<StgValue><ssdm name="_ssdm_op_PartSelect.i18.i29.i32.i32"/></StgValue>
</bind>
</comp>

<comp id="20" class="1001" name="const_20">
<pin_list>
<pin id="21" dir="1" index="0" bw="1" slack="0"/>
</pin_list>
<bind>
<StgValue><ssdm name=""/></StgValue>
</bind>
</comp>

<comp id="22" class="1001" name="const_22">
<pin_list>
<pin id="23" dir="1" index="0" bw="1" slack="0"/>
</pin_list>
<bind>
<StgValue><ssdm name=""/></StgValue>
</bind>
</comp>

<comp id="24" class="1001" name="const_24">
<pin_list>
<pin id="25" dir="1" index="0" bw="1" slack="0"/>
</pin_list>
<bind>
<StgValue><ssdm name="_ssdm_op_BitConcatenate.i47.i36.i11"/></StgValue>
</bind>
</comp>

<comp id="26" class="1001" name="const_26">
<pin_list>
<pin id="27" dir="1" index="0" bw="1" slack="0"/>
</pin_list>
<bind>
<StgValue><ssdm name=""/></StgValue>
</bind>
</comp>

<comp id="28" class="1001" name="const_28">
<pin_list>
<pin id="29" dir="1" index="0" bw="1" slack="0"/>
</pin_list>
<bind>
<StgValue><ssdm name="_ssdm_op_BitConcatenate.i29.i18.i11"/></StgValue>
</bind>
</comp>

<comp id="30" class="1001" name="const_30">
<pin_list>
<pin id="31" dir="1" index="0" bw="1" slack="0"/>
</pin_list>
<bind>
<StgValue><ssdm name=""/></StgValue>
</bind>
</comp>

<comp id="32" class="1001" name="const_32">
<pin_list>
<pin id="33" dir="1" index="0" bw="1" slack="0"/>
</pin_list>
<bind>
<StgValue><ssdm name="_ssdm_op_PartSelect.i18.i42.i32.i32"/></StgValue>
</bind>
</comp>

<comp id="34" class="1001" name="const_34">
<pin_list>
<pin id="35" dir="1" index="0" bw="1" slack="0"/>
</pin_list>
<bind>
<StgValue><ssdm name=""/></StgValue>
</bind>
</comp>

<comp id="36" class="1001" name="const_36">
<pin_list>
<pin id="37" dir="1" index="0" bw="1" slack="0"/>
</pin_list>
<bind>
<StgValue><ssdm name=""/></StgValue>
</bind>
</comp>

<comp id="38" class="1001" name="const_38">
<pin_list>
<pin id="39" dir="1" index="0" bw="1" slack="0"/>
</pin_list>
<bind>
<StgValue><ssdm name=""/></StgValue>
</bind>
</comp>

<comp id="40" class="1001" name="const_40">
<pin_list>
<pin id="41" dir="1" index="0" bw="1" slack="0"/>
</pin_list>
<bind>
<StgValue><ssdm name="_ssdm_op_PartSelect.i18.i44.i32.i32"/></StgValue>
</bind>
</comp>

<comp id="42" class="1001" name="const_42">
<pin_list>
<pin id="43" dir="1" index="0" bw="1" slack="0"/>
</pin_list>
<bind>
<StgValue><ssdm name=""/></StgValue>
</bind>
</comp>

<comp id="44" class="1001" name="const_44">
<pin_list>
<pin id="45" dir="1" index="0" bw="1" slack="0"/>
</pin_list>
<bind>
<StgValue><ssdm name=""/></StgValue>
</bind>
</comp>

<comp id="46" class="1001" name="const_46">
<pin_list>
<pin id="47" dir="1" index="0" bw="1" slack="0"/>
</pin_list>
<bind>
<StgValue><ssdm name=""/></StgValue>
</bind>
</comp>

<comp id="48" class="1001" name="const_48">
<pin_list>
<pin id="49" dir="1" index="0" bw="1" slack="0"/>
</pin_list>
<bind>
<StgValue><ssdm name="_ssdm_op_PartSelect.i18.i34.i32.i32"/></StgValue>
</bind>
</comp>

<comp id="50" class="1001" name="const_50">
<pin_list>
<pin id="51" dir="1" index="0" bw="1" slack="0"/>
</pin_list>
<bind>
<StgValue><ssdm name=""/></StgValue>
</bind>
</comp>

<comp id="52" class="1001" name="const_52">
<pin_list>
<pin id="53" dir="1" index="0" bw="1" slack="0"/>
</pin_list>
<bind>
<StgValue><ssdm name=""/></StgValue>
</bind>
</comp>

<comp id="54" class="1001" name="const_54">
<pin_list>
<pin id="55" dir="1" index="0" bw="1" slack="0"/>
</pin_list>
<bind>
<StgValue><ssdm name=""/></StgValue>
</bind>
</comp>

<comp id="56" class="1001" name="const_56">
<pin_list>
<pin id="57" dir="1" index="0" bw="1" slack="0"/>
</pin_list>
<bind>
<StgValue><ssdm name=""/></StgValue>
</bind>
</comp>

<comp id="58" class="1001" name="const_58">
<pin_list>
<pin id="59" dir="1" index="0" bw="1" slack="0"/>
</pin_list>
<bind>
<StgValue><ssdm name=""/></StgValue>
</bind>
</comp>

<comp id="60" class="1001" name="const_60">
<pin_list>
<pin id="61" dir="1" index="0" bw="1" slack="0"/>
</pin_list>
<bind>
<StgValue><ssdm name="_ssdm_op_PartSelect.i16.i32.i32.i32"/></StgValue>
</bind>
</comp>

<comp id="62" class="1001" name="const_62">
<pin_list>
<pin id="63" dir="1" index="0" bw="1" slack="0"/>
</pin_list>
<bind>
<StgValue><ssdm name=""/></StgValue>
</bind>
</comp>

<comp id="64" class="1001" name="const_64">
<pin_list>
<pin id="65" dir="1" index="0" bw="1" slack="0"/>
</pin_list>
<bind>
<StgValue><ssdm name="_ssdm_op_BitConcatenate.i33.i18.i15"/></StgValue>
</bind>
</comp>

<comp id="66" class="1001" name="const_66">
<pin_list>
<pin id="67" dir="1" index="0" bw="1" slack="0"/>
</pin_list>
<bind>
<StgValue><ssdm name=""/></StgValue>
</bind>
</comp>

<comp id="68" class="1001" name="const_68">
<pin_list>
<pin id="69" dir="1" index="0" bw="1" slack="0"/>
</pin_list>
<bind>
<StgValue><ssdm name="_ssdm_op_BitConcatenate.i19.i18.i1"/></StgValue>
</bind>
</comp>

<comp id="70" class="1001" name="const_70">
<pin_list>
<pin id="71" dir="1" index="0" bw="1" slack="0"/>
</pin_list>
<bind>
<StgValue><ssdm name=""/></StgValue>
</bind>
</comp>

<comp id="72" class="1001" name="const_72">
<pin_list>
<pin id="73" dir="1" index="0" bw="1" slack="0"/>
</pin_list>
<bind>
<StgValue><ssdm name=""/></StgValue>
</bind>
</comp>

<comp id="74" class="1001" name="const_74">
<pin_list>
<pin id="75" dir="1" index="0" bw="1" slack="0"/>
</pin_list>
<bind>
<StgValue><ssdm name=""/></StgValue>
</bind>
</comp>

<comp id="76" class="1001" name="const_76">
<pin_list>
<pin id="77" dir="1" index="0" bw="1" slack="0"/>
</pin_list>
<bind>
<StgValue><ssdm name="_ssdm_op_PartSelect.i18.i33.i32.i32"/></StgValue>
</bind>
</comp>

<comp id="78" class="1001" name="const_78">
<pin_list>
<pin id="79" dir="1" index="0" bw="1" slack="0"/>
</pin_list>
<bind>
<StgValue><ssdm name="_ssdm_op_PartSelect.i15.i31.i32.i32"/></StgValue>
</bind>
</comp>

<comp id="80" class="1001" name="const_80">
<pin_list>
<pin id="81" dir="1" index="0" bw="1" slack="0"/>
</pin_list>
<bind>
<StgValue><ssdm name=""/></StgValue>
</bind>
</comp>

<comp id="82" class="1001" name="const_82">
<pin_list>
<pin id="83" dir="1" index="0" bw="1" slack="0"/>
</pin_list>
<bind>
<StgValue><ssdm name=""/></StgValue>
</bind>
</comp>

<comp id="84" class="1001" name="const_84">
<pin_list>
<pin id="85" dir="1" index="0" bw="1" slack="0"/>
</pin_list>
<bind>
<StgValue><ssdm name="_ssdm_op_BitConcatenate.i18.i13.i5"/></StgValue>
</bind>
</comp>

<comp id="86" class="1001" name="const_86">
<pin_list>
<pin id="87" dir="1" index="0" bw="1" slack="0"/>
</pin_list>
<bind>
<StgValue><ssdm name=""/></StgValue>
</bind>
</comp>

<comp id="88" class="1001" name="const_88">
<pin_list>
<pin id="89" dir="1" index="0" bw="1" slack="0"/>
</pin_list>
<bind>
<StgValue><ssdm name=""/></StgValue>
</bind>
</comp>

<comp id="90" class="1001" name="const_90">
<pin_list>
<pin id="91" dir="1" index="0" bw="1" slack="0"/>
</pin_list>
<bind>
<StgValue><ssdm name="_ssdm_op_PartSelect.i18.i19.i32.i32"/></StgValue>
</bind>
</comp>

<comp id="92" class="1001" name="const_92">
<pin_list>
<pin id="93" dir="1" index="0" bw="1" slack="0"/>
</pin_list>
<bind>
<StgValue><ssdm name=""/></StgValue>
</bind>
</comp>

<comp id="94" class="1001" name="const_94">
<pin_list>
<pin id="95" dir="1" index="0" bw="1" slack="0"/>
</pin_list>
<bind>
<StgValue><ssdm name=""/></StgValue>
</bind>
</comp>

<comp id="96" class="1001" name="const_96">
<pin_list>
<pin id="97" dir="1" index="0" bw="1" slack="0"/>
</pin_list>
<bind>
<StgValue><ssdm name="_ssdm_op_PartSelect.i18.i47.i32.i32"/></StgValue>
</bind>
</comp>

<comp id="98" class="1001" name="const_98">
<pin_list>
<pin id="99" dir="1" index="0" bw="1" slack="0"/>
</pin_list>
<bind>
<StgValue><ssdm name="_ssdm_op_BitConcatenate.i21.i18.i3"/></StgValue>
</bind>
</comp>

<comp id="100" class="1001" name="const_100">
<pin_list>
<pin id="101" dir="1" index="0" bw="1" slack="0"/>
</pin_list>
<bind>
<StgValue><ssdm name=""/></StgValue>
</bind>
</comp>

<comp id="102" class="1001" name="const_102">
<pin_list>
<pin id="103" dir="1" index="0" bw="1" slack="0"/>
</pin_list>
<bind>
<StgValue><ssdm name=""/></StgValue>
</bind>
</comp>

<comp id="104" class="1001" name="const_104">
<pin_list>
<pin id="105" dir="1" index="0" bw="1" slack="0"/>
</pin_list>
<bind>
<StgValue><ssdm name="_ssdm_op_BitConcatenate.i32.i31.i1"/></StgValue>
</bind>
</comp>

<comp id="106" class="1001" name="const_106">
<pin_list>
<pin id="107" dir="1" index="0" bw="1" slack="0"/>
</pin_list>
<bind>
<StgValue><ssdm name="_ssdm_op_BitConcatenate.i54.i32.i22"/></StgValue>
</bind>
</comp>

<comp id="108" class="1001" name="const_108">
<pin_list>
<pin id="109" dir="1" index="0" bw="1" slack="0"/>
</pin_list>
<bind>
<StgValue><ssdm name=""/></StgValue>
</bind>
</comp>

<comp id="110" class="1001" name="const_110">
<pin_list>
<pin id="111" dir="1" index="0" bw="1" slack="0"/>
</pin_list>
<bind>
<StgValue><ssdm name="_ssdm_op_PartSelect.i32.i54.i32.i32"/></StgValue>
</bind>
</comp>

<comp id="112" class="1001" name="const_112">
<pin_list>
<pin id="113" dir="1" index="0" bw="1" slack="0"/>
</pin_list>
<bind>
<StgValue><ssdm name=""/></StgValue>
</bind>
</comp>

<comp id="114" class="1001" name="const_114">
<pin_list>
<pin id="115" dir="1" index="0" bw="1" slack="0"/>
</pin_list>
<bind>
<StgValue><ssdm name=""/></StgValue>
</bind>
</comp>

<comp id="116" class="1001" name="const_116">
<pin_list>
<pin id="117" dir="1" index="0" bw="1" slack="0"/>
</pin_list>
<bind>
<StgValue><ssdm name=""/></StgValue>
</bind>
</comp>

<comp id="118" class="1001" name="const_118">
<pin_list>
<pin id="119" dir="1" index="0" bw="1" slack="0"/>
</pin_list>
<bind>
<StgValue><ssdm name=""/></StgValue>
</bind>
</comp>

<comp id="120" class="1001" name="const_120">
<pin_list>
<pin id="121" dir="1" index="0" bw="1" slack="0"/>
</pin_list>
<bind>
<StgValue><ssdm name=""/></StgValue>
</bind>
</comp>

<comp id="122" class="1004" name="p_read_read_fu_122">
<pin_list>
<pin id="123" dir="0" index="0" bw="18" slack="0"/>
<pin id="124" dir="0" index="1" bw="18" slack="0"/>
<pin id="125" dir="1" index="2" bw="18" slack="5"/>
</pin_list>
<bind>
<opcode="read(1150) " fcode="read"/>
<opset="p_read/1 "/>
</bind>
</comp>

<comp id="128" class="1004" name="p_read_10_read_fu_128">
<pin_list>
<pin id="129" dir="0" index="0" bw="18" slack="0"/>
<pin id="130" dir="0" index="1" bw="18" slack="0"/>
<pin id="131" dir="1" index="2" bw="18" slack="0"/>
</pin_list>
<bind>
<opcode="read(1150) " fcode="read"/>
<opset="p_read_10/1 "/>
</bind>
</comp>

<comp id="134" class="1004" name="p_read106_read_fu_134">
<pin_list>
<pin id="135" dir="0" index="0" bw="18" slack="0"/>
<pin id="136" dir="0" index="1" bw="18" slack="0"/>
<pin id="137" dir="1" index="2" bw="18" slack="5"/>
</pin_list>
<bind>
<opcode="read(1150) " fcode="read"/>
<opset="p_read106/1 "/>
</bind>
</comp>

<comp id="140" class="1004" name="p_read95_read_fu_140">
<pin_list>
<pin id="141" dir="0" index="0" bw="18" slack="0"/>
<pin id="142" dir="0" index="1" bw="18" slack="0"/>
<pin id="143" dir="1" index="2" bw="18" slack="51"/>
</pin_list>
<bind>
<opcode="read(1150) " fcode="read"/>
<opset="p_read95/1 "/>
</bind>
</comp>

<comp id="146" class="1004" name="p_read84_read_fu_146">
<pin_list>
<pin id="147" dir="0" index="0" bw="18" slack="0"/>
<pin id="148" dir="0" index="1" bw="18" slack="0"/>
<pin id="149" dir="1" index="2" bw="18" slack="51"/>
</pin_list>
<bind>
<opcode="read(1150) " fcode="read"/>
<opset="p_read84/1 "/>
</bind>
</comp>

<comp id="152" class="1004" name="p_read73_read_fu_152">
<pin_list>
<pin id="153" dir="0" index="0" bw="18" slack="0"/>
<pin id="154" dir="0" index="1" bw="18" slack="0"/>
<pin id="155" dir="1" index="2" bw="18" slack="46"/>
</pin_list>
<bind>
<opcode="read(1150) " fcode="read"/>
<opset="p_read73/1 "/>
</bind>
</comp>

<comp id="158" class="1004" name="p_read22_read_fu_158">
<pin_list>
<pin id="159" dir="0" index="0" bw="18" slack="0"/>
<pin id="160" dir="0" index="1" bw="18" slack="0"/>
<pin id="161" dir="1" index="2" bw="18" slack="45"/>
</pin_list>
<bind>
<opcode="read(1150) " fcode="read"/>
<opset="p_read22/1 "/>
</bind>
</comp>

<comp id="164" class="1004" name="sext_ln1148_2_fu_164">
<pin_list>
<pin id="165" dir="0" index="0" bw="18" slack="0"/>
<pin id="166" dir="1" index="1" bw="42" slack="0"/>
</pin_list>
<bind>
<opcode="sext(35) " fcode="sext"/>
<opset="sext_ln1148_2/1 "/>
</bind>
</comp>

<comp id="168" class="1004" name="grp_fu_168">
<pin_list>
<pin id="169" dir="0" index="0" bw="42" slack="0"/>
<pin id="170" dir="0" index="1" bw="18" slack="0"/>
<pin id="171" dir="1" index="2" bw="42" slack="0"/>
</pin_list>
<bind>
<opcode="sdiv(15) " fcode="sdiv"/>
<opset="sdiv_ln1148_2/1 "/>
</bind>
</comp>

<comp id="174" class="1004" name="sext_ln727_fu_174">
<pin_list>
<pin id="175" dir="0" index="0" bw="18" slack="5"/>
<pin id="176" dir="1" index="1" bw="29" slack="0"/>
</pin_list>
<bind>
<opcode="sext(35) " fcode="sext"/>
<opset="sext_ln727/6 "/>
</bind>
</comp>

<comp id="177" class="1004" name="sext_ln1115_fu_177">
<pin_list>
<pin id="178" dir="0" index="0" bw="18" slack="5"/>
<pin id="179" dir="1" index="1" bw="29" slack="0"/>
</pin_list>
<bind>
<opcode="sext(35) " fcode="sext"/>
<opset="sext_ln1115/6 "/>
</bind>
</comp>

<comp id="180" class="1004" name="sext_ln1116_fu_180">
<pin_list>
<pin id="181" dir="0" index="0" bw="18" slack="5"/>
<pin id="182" dir="1" index="1" bw="36" slack="0"/>
</pin_list>
<bind>
<opcode="sext(35) " fcode="sext"/>
<opset="sext_ln1116/6 "/>
</bind>
</comp>

<comp id="183" class="1004" name="vTmp_fu_183">
<pin_list>
<pin id="184" dir="0" index="0" bw="18" slack="0"/>
<pin id="185" dir="0" index="1" bw="29" slack="0"/>
<pin id="186" dir="0" index="2" bw="5" slack="0"/>
<pin id="187" dir="0" index="3" bw="6" slack="0"/>
<pin id="188" dir="1" index="4" bw="18" slack="1"/>
</pin_list>
<bind>
<opcode="partselect(1002) " fcode="partselect"/>
<opset="vTmp/9 "/>
</bind>
</comp>

<comp id="192" class="1004" name="t_1_fu_192">
<pin_list>
<pin id="193" dir="0" index="0" bw="47" slack="0"/>
<pin id="194" dir="0" index="1" bw="36" slack="1"/>
<pin id="195" dir="0" index="2" bw="1" slack="0"/>
<pin id="196" dir="1" index="3" bw="47" slack="0"/>
</pin_list>
<bind>
<opcode="bitconcatenate(1004) " fcode="bitconcatenate"/>
<opset="t_1/10 "/>
</bind>
</comp>

<comp id="199" class="1004" name="sext_ln1148_1_fu_199">
<pin_list>
<pin id="200" dir="0" index="0" bw="18" slack="1"/>
<pin id="201" dir="1" index="1" bw="47" slack="0"/>
</pin_list>
<bind>
<opcode="sext(35) " fcode="sext"/>
<opset="sext_ln1148_1/10 "/>
</bind>
</comp>

<comp id="202" class="1004" name="grp_fu_202">
<pin_list>
<pin id="203" dir="0" index="0" bw="47" slack="0"/>
<pin id="204" dir="0" index="1" bw="18" slack="0"/>
<pin id="205" dir="1" index="2" bw="47" slack="0"/>
</pin_list>
<bind>
<opcode="sdiv(15) " fcode="sdiv"/>
<opset="sdiv_ln1148_1/10 "/>
</bind>
</comp>

<comp id="208" class="1004" name="t_fu_208">
<pin_list>
<pin id="209" dir="0" index="0" bw="29" slack="0"/>
<pin id="210" dir="0" index="1" bw="18" slack="24"/>
<pin id="211" dir="0" index="2" bw="1" slack="0"/>
<pin id="212" dir="1" index="3" bw="29" slack="0"/>
</pin_list>
<bind>
<opcode="bitconcatenate(1004) " fcode="bitconcatenate"/>
<opset="t/25 "/>
</bind>
</comp>

<comp id="215" class="1004" name="sext_ln1148_fu_215">
<pin_list>
<pin id="216" dir="0" index="0" bw="18" slack="24"/>
<pin id="217" dir="1" index="1" bw="29" slack="0"/>
</pin_list>
<bind>
<opcode="sext(35) " fcode="sext"/>
<opset="sext_ln1148/25 "/>
</bind>
</comp>

<comp id="218" class="1004" name="grp_fu_218">
<pin_list>
<pin id="219" dir="0" index="0" bw="29" slack="0"/>
<pin id="220" dir="0" index="1" bw="18" slack="0"/>
<pin id="221" dir="1" index="2" bw="13" slack="1"/>
</pin_list>
<bind>
<opcode="sdiv(15) " fcode="sdiv"/>
<opset="sdiv_ln1148/25 "/>
</bind>
</comp>

<comp id="224" class="1004" name="sext_ln1115_3_fu_224">
<pin_list>
<pin id="225" dir="0" index="0" bw="18" slack="42"/>
<pin id="226" dir="1" index="1" bw="34" slack="0"/>
</pin_list>
<bind>
<opcode="sext(35) " fcode="sext"/>
<opset="sext_ln1115_3/43 "/>
</bind>
</comp>

<comp id="227" class="1004" name="A0T_V_fu_227">
<pin_list>
<pin id="228" dir="0" index="0" bw="18" slack="0"/>
<pin id="229" dir="0" index="1" bw="42" slack="0"/>
<pin id="230" dir="0" index="2" bw="5" slack="0"/>
<pin id="231" dir="0" index="3" bw="7" slack="0"/>
<pin id="232" dir="1" index="4" bw="18" slack="0"/>
</pin_list>
<bind>
<opcode="partselect(1002) " fcode="partselect"/>
<opset="A0T_V/46 "/>
</bind>
</comp>

<comp id="237" class="1004" name="sext_ln1118_5_fu_237">
<pin_list>
<pin id="238" dir="0" index="0" bw="18" slack="0"/>
<pin id="239" dir="1" index="1" bw="34" slack="0"/>
</pin_list>
<bind>
<opcode="sext(35) " fcode="sext"/>
<opset="sext_ln1118_5/46 "/>
</bind>
</comp>

<comp id="241" class="1004" name="sext_ln1118_4_fu_241">
<pin_list>
<pin id="242" dir="0" index="0" bw="18" slack="45"/>
<pin id="243" dir="1" index="1" bw="34" slack="0"/>
</pin_list>
<bind>
<opcode="sext(35) " fcode="sext"/>
<opset="sext_ln1118_4/46 "/>
</bind>
</comp>

<comp id="244" class="1004" name="sext_ln1115_4_fu_244">
<pin_list>
<pin id="245" dir="0" index="0" bw="34" slack="1"/>
<pin id="246" dir="1" index="1" bw="44" slack="0"/>
</pin_list>
<bind>
<opcode="sext(35) " fcode="sext"/>
<opset="sext_ln1115_4/47 "/>
</bind>
</comp>

<comp id="247" class="1004" name="grp_fu_247">
<pin_list>
<pin id="248" dir="0" index="0" bw="34" slack="0"/>
<pin id="249" dir="0" index="1" bw="15" slack="0"/>
<pin id="250" dir="1" index="2" bw="44" slack="0"/>
</pin_list>
<bind>
<opcode="mul(12) " fcode="mul"/>
<opset="mul_ln1115_1/47 "/>
</bind>
</comp>

<comp id="253" class="1004" name="sext_ln1118_25_fu_253">
<pin_list>
<pin id="254" dir="0" index="0" bw="18" slack="46"/>
<pin id="255" dir="1" index="1" bw="34" slack="0"/>
</pin_list>
<bind>
<opcode="sext(35) " fcode="sext"/>
<opset="sext_ln1118_25/47 "/>
</bind>
</comp>

<comp id="256" class="1004" name="sext_ln1115_2_fu_256">
<pin_list>
<pin id="257" dir="0" index="0" bw="18" slack="2"/>
<pin id="258" dir="1" index="1" bw="32" slack="0"/>
</pin_list>
<bind>
<opcode="sext(35) " fcode="sext"/>
<opset="sext_ln1115_2/48 "/>
</bind>
</comp>

<comp id="259" class="1004" name="bT_V_fu_259">
<pin_list>
<pin id="260" dir="0" index="0" bw="18" slack="0"/>
<pin id="261" dir="0" index="1" bw="44" slack="0"/>
<pin id="262" dir="0" index="2" bw="6" slack="0"/>
<pin id="263" dir="0" index="3" bw="7" slack="0"/>
<pin id="264" dir="1" index="4" bw="18" slack="1"/>
</pin_list>
<bind>
<opcode="partselect(1002) " fcode="partselect"/>
<opset="bT_V/48 "/>
</bind>
</comp>

<comp id="269" class="1004" name="A0T2_V_fu_269">
<pin_list>
<pin id="270" dir="0" index="0" bw="18" slack="0"/>
<pin id="271" dir="0" index="1" bw="34" slack="0"/>
<pin id="272" dir="0" index="2" bw="6" slack="0"/>
<pin id="273" dir="0" index="3" bw="7" slack="0"/>
<pin id="274" dir="1" index="4" bw="18" slack="0"/>
</pin_list>
<bind>
<opcode="partselect(1002) " fcode="partselect"/>
<opset="A0T2_V/49 "/>
</bind>
</comp>

<comp id="278" class="1004" name="ret_V_fu_278">
<pin_list>
<pin id="279" dir="0" index="0" bw="34" slack="0"/>
<pin id="280" dir="0" index="1" bw="29" slack="0"/>
<pin id="281" dir="1" index="2" bw="34" slack="0"/>
</pin_list>
<bind>
<opcode="add(8) " fcode="add"/>
<opset="ret_V/49 "/>
</bind>
</comp>

<comp id="283" class="1004" name="A1T2_V_2_fu_283">
<pin_list>
<pin id="284" dir="0" index="0" bw="18" slack="0"/>
<pin id="285" dir="0" index="1" bw="34" slack="0"/>
<pin id="286" dir="0" index="2" bw="6" slack="0"/>
<pin id="287" dir="0" index="3" bw="7" slack="0"/>
<pin id="288" dir="1" index="4" bw="18" slack="2"/>
</pin_list>
<bind>
<opcode="partselect(1002) " fcode="partselect"/>
<opset="A1T2_V_2/49 "/>
</bind>
</comp>

<comp id="293" class="1004" name="trunc_ln_fu_293">
<pin_list>
<pin id="294" dir="0" index="0" bw="18" slack="0"/>
<pin id="295" dir="0" index="1" bw="34" slack="0"/>
<pin id="296" dir="0" index="2" bw="6" slack="0"/>
<pin id="297" dir="0" index="3" bw="7" slack="0"/>
<pin id="298" dir="1" index="4" bw="18" slack="0"/>
</pin_list>
<bind>
<opcode="partselect(1002) " fcode="partselect"/>
<opset="trunc_ln/49 "/>
</bind>
</comp>

<comp id="302" class="1004" name="sext_ln1118_6_fu_302">
<pin_list>
<pin id="303" dir="0" index="0" bw="18" slack="0"/>
<pin id="304" dir="1" index="1" bw="34" slack="0"/>
</pin_list>
<bind>
<opcode="sext(35) " fcode="sext"/>
<opset="sext_ln1118_6/49 "/>
</bind>
</comp>

<comp id="306" class="1004" name="sext_ln1118_7_fu_306">
<pin_list>
<pin id="307" dir="0" index="0" bw="18" slack="0"/>
<pin id="308" dir="1" index="1" bw="34" slack="0"/>
</pin_list>
<bind>
<opcode="sext(35) " fcode="sext"/>
<opset="sext_ln1118_7/49 "/>
</bind>
</comp>

<comp id="310" class="1004" name="sext_ln1118_8_fu_310">
<pin_list>
<pin id="311" dir="0" index="0" bw="18" slack="1"/>
<pin id="312" dir="1" index="1" bw="34" slack="0"/>
</pin_list>
<bind>
<opcode="sext(35) " fcode="sext"/>
<opset="sext_ln1118_8/49 "/>
</bind>
</comp>

<comp id="313" class="1004" name="sub_ln703_fu_313">
<pin_list>
<pin id="314" dir="0" index="0" bw="18" slack="0"/>
<pin id="315" dir="0" index="1" bw="18" slack="49"/>
<pin id="316" dir="1" index="2" bw="18" slack="0"/>
</pin_list>
<bind>
<opcode="sub(10) " fcode="sub"/>
<opset="sub_ln703/50 "/>
</bind>
</comp>

<comp id="318" class="1004" name="sext_ln1118_17_fu_318">
<pin_list>
<pin id="319" dir="0" index="0" bw="18" slack="0"/>
<pin id="320" dir="1" index="1" bw="34" slack="0"/>
</pin_list>
<bind>
<opcode="sext(35) " fcode="sext"/>
<opset="sext_ln1118_17/50 "/>
</bind>
</comp>

<comp id="322" class="1004" name="trunc_ln708_11_fu_322">
<pin_list>
<pin id="323" dir="0" index="0" bw="18" slack="0"/>
<pin id="324" dir="0" index="1" bw="34" slack="0"/>
<pin id="325" dir="0" index="2" bw="6" slack="0"/>
<pin id="326" dir="0" index="3" bw="7" slack="0"/>
<pin id="327" dir="1" index="4" bw="18" slack="0"/>
</pin_list>
<bind>
<opcode="partselect(1002) " fcode="partselect"/>
<opset="trunc_ln708_11/50 "/>
</bind>
</comp>

<comp id="331" class="1004" name="sub_ln703_5_fu_331">
<pin_list>
<pin id="332" dir="0" index="0" bw="18" slack="0"/>
<pin id="333" dir="0" index="1" bw="18" slack="49"/>
<pin id="334" dir="1" index="2" bw="18" slack="0"/>
</pin_list>
<bind>
<opcode="sub(10) " fcode="sub"/>
<opset="sub_ln703_5/50 "/>
</bind>
</comp>

<comp id="336" class="1004" name="sext_ln1118_26_fu_336">
<pin_list>
<pin id="337" dir="0" index="0" bw="18" slack="0"/>
<pin id="338" dir="1" index="1" bw="34" slack="0"/>
</pin_list>
<bind>
<opcode="sext(35) " fcode="sext"/>
<opset="sext_ln1118_26/50 "/>
</bind>
</comp>

<comp id="340" class="1004" name="sext_ln1118_32_fu_340">
<pin_list>
<pin id="341" dir="0" index="0" bw="18" slack="0"/>
<pin id="342" dir="1" index="1" bw="34" slack="0"/>
</pin_list>
<bind>
<opcode="sext(35) " fcode="sext"/>
<opset="sext_ln1118_32/50 "/>
</bind>
</comp>

<comp id="344" class="1004" name="trunc_ln708_s_fu_344">
<pin_list>
<pin id="345" dir="0" index="0" bw="16" slack="0"/>
<pin id="346" dir="0" index="1" bw="32" slack="0"/>
<pin id="347" dir="0" index="2" bw="6" slack="0"/>
<pin id="348" dir="0" index="3" bw="6" slack="0"/>
<pin id="349" dir="1" index="4" bw="16" slack="0"/>
</pin_list>
<bind>
<opcode="partselect(1002) " fcode="partselect"/>
<opset="trunc_ln708_s/51 "/>
</bind>
</comp>

<comp id="353" class="1004" name="shl_ln_fu_353">
<pin_list>
<pin id="354" dir="0" index="0" bw="33" slack="0"/>
<pin id="355" dir="0" index="1" bw="18" slack="5"/>
<pin id="356" dir="0" index="2" bw="1" slack="0"/>
<pin id="357" dir="1" index="3" bw="33" slack="0"/>
</pin_list>
<bind>
<opcode="bitconcatenate(1004) " fcode="bitconcatenate"/>
<opset="shl_ln/51 "/>
</bind>
</comp>

<comp id="360" class="1004" name="sext_ln1118_fu_360">
<pin_list>
<pin id="361" dir="0" index="0" bw="33" slack="0"/>
<pin id="362" dir="1" index="1" bw="34" slack="0"/>
</pin_list>
<bind>
<opcode="sext(35) " fcode="sext"/>
<opset="sext_ln1118/51 "/>
</bind>
</comp>

<comp id="364" class="1004" name="shl_ln1118_1_fu_364">
<pin_list>
<pin id="365" dir="0" index="0" bw="19" slack="0"/>
<pin id="366" dir="0" index="1" bw="18" slack="5"/>
<pin id="367" dir="0" index="2" bw="1" slack="0"/>
<pin id="368" dir="1" index="3" bw="19" slack="0"/>
</pin_list>
<bind>
<opcode="bitconcatenate(1004) " fcode="bitconcatenate"/>
<opset="shl_ln1118_1/51 "/>
</bind>
</comp>

<comp id="371" class="1004" name="sext_ln1118_1_fu_371">
<pin_list>
<pin id="372" dir="0" index="0" bw="19" slack="0"/>
<pin id="373" dir="1" index="1" bw="34" slack="0"/>
</pin_list>
<bind>
<opcode="sext(35) " fcode="sext"/>
<opset="sext_ln1118_1/51 "/>
</bind>
</comp>

<comp id="375" class="1004" name="r_V_16_fu_375">
<pin_list>
<pin id="376" dir="0" index="0" bw="33" slack="0"/>
<pin id="377" dir="0" index="1" bw="19" slack="0"/>
<pin id="378" dir="1" index="2" bw="34" slack="0"/>
</pin_list>
<bind>
<opcode="sub(10) " fcode="sub"/>
<opset="r_V_16/51 "/>
</bind>
</comp>

<comp id="381" class="1004" name="A1T2_V_fu_381">
<pin_list>
<pin id="382" dir="0" index="0" bw="18" slack="0"/>
<pin id="383" dir="0" index="1" bw="34" slack="0"/>
<pin id="384" dir="0" index="2" bw="6" slack="0"/>
<pin id="385" dir="0" index="3" bw="7" slack="0"/>
<pin id="386" dir="1" index="4" bw="18" slack="0"/>
</pin_list>
<bind>
<opcode="partselect(1002) " fcode="partselect"/>
<opset="A1T2_V/51 "/>
</bind>
</comp>

<comp id="391" class="1004" name="shl_ln1118_2_fu_391">
<pin_list>
<pin id="392" dir="0" index="0" bw="33" slack="0"/>
<pin id="393" dir="0" index="1" bw="18" slack="3"/>
<pin id="394" dir="0" index="2" bw="1" slack="0"/>
<pin id="395" dir="1" index="3" bw="33" slack="0"/>
</pin_list>
<bind>
<opcode="bitconcatenate(1004) " fcode="bitconcatenate"/>
<opset="shl_ln1118_2/51 "/>
</bind>
</comp>

<comp id="398" class="1004" name="sext_ln1118_2_fu_398">
<pin_list>
<pin id="399" dir="0" index="0" bw="33" slack="0"/>
<pin id="400" dir="1" index="1" bw="34" slack="0"/>
</pin_list>
<bind>
<opcode="sext(35) " fcode="sext"/>
<opset="sext_ln1118_2/51 "/>
</bind>
</comp>

<comp id="402" class="1004" name="shl_ln1118_3_fu_402">
<pin_list>
<pin id="403" dir="0" index="0" bw="19" slack="0"/>
<pin id="404" dir="0" index="1" bw="18" slack="3"/>
<pin id="405" dir="0" index="2" bw="1" slack="0"/>
<pin id="406" dir="1" index="3" bw="19" slack="0"/>
</pin_list>
<bind>
<opcode="bitconcatenate(1004) " fcode="bitconcatenate"/>
<opset="shl_ln1118_3/51 "/>
</bind>
</comp>

<comp id="409" class="1004" name="sext_ln1118_3_fu_409">
<pin_list>
<pin id="410" dir="0" index="0" bw="19" slack="0"/>
<pin id="411" dir="1" index="1" bw="34" slack="0"/>
</pin_list>
<bind>
<opcode="sext(35) " fcode="sext"/>
<opset="sext_ln1118_3/51 "/>
</bind>
</comp>

<comp id="413" class="1004" name="r_V_17_fu_413">
<pin_list>
<pin id="414" dir="0" index="0" bw="33" slack="0"/>
<pin id="415" dir="0" index="1" bw="19" slack="0"/>
<pin id="416" dir="1" index="2" bw="34" slack="0"/>
</pin_list>
<bind>
<opcode="sub(10) " fcode="sub"/>
<opset="r_V_17/51 "/>
</bind>
</comp>

<comp id="419" class="1004" name="A1bT_V_fu_419">
<pin_list>
<pin id="420" dir="0" index="0" bw="18" slack="0"/>
<pin id="421" dir="0" index="1" bw="34" slack="0"/>
<pin id="422" dir="0" index="2" bw="6" slack="0"/>
<pin id="423" dir="0" index="3" bw="7" slack="0"/>
<pin id="424" dir="1" index="4" bw="18" slack="0"/>
</pin_list>
<bind>
<opcode="partselect(1002) " fcode="partselect"/>
<opset="A1bT_V/51 "/>
</bind>
</comp>

<comp id="429" class="1004" name="shl_ln1299_fu_429">
<pin_list>
<pin id="430" dir="0" index="0" bw="18" slack="50"/>
<pin id="431" dir="0" index="1" bw="1" slack="0"/>
<pin id="432" dir="1" index="2" bw="18" slack="0"/>
</pin_list>
<bind>
<opcode="shl(20) " fcode="shl"/>
<opset="shl_ln1299/51 "/>
</bind>
</comp>

<comp id="434" class="1004" name="sub_ln703_2_fu_434">
<pin_list>
<pin id="435" dir="0" index="0" bw="18" slack="0"/>
<pin id="436" dir="0" index="1" bw="18" slack="0"/>
<pin id="437" dir="1" index="2" bw="18" slack="0"/>
</pin_list>
<bind>
<opcode="sub(10) " fcode="sub"/>
<opset="sub_ln703_2/51 "/>
</bind>
</comp>

<comp id="440" class="1004" name="add_ln703_fu_440">
<pin_list>
<pin id="441" dir="0" index="0" bw="18" slack="0"/>
<pin id="442" dir="0" index="1" bw="18" slack="2"/>
<pin id="443" dir="1" index="2" bw="18" slack="0"/>
</pin_list>
<bind>
<opcode="add(8) " fcode="add"/>
<opset="add_ln703/51 "/>
</bind>
</comp>

<comp id="445" class="1004" name="sext_ln1118_9_fu_445">
<pin_list>
<pin id="446" dir="0" index="0" bw="18" slack="0"/>
<pin id="447" dir="1" index="1" bw="31" slack="0"/>
</pin_list>
<bind>
<opcode="sext(35) " fcode="sext"/>
<opset="sext_ln1118_9/51 "/>
</bind>
</comp>

<comp id="449" class="1004" name="sext_ln1118_12_fu_449">
<pin_list>
<pin id="450" dir="0" index="0" bw="18" slack="0"/>
<pin id="451" dir="1" index="1" bw="34" slack="0"/>
</pin_list>
<bind>
<opcode="sext(35) " fcode="sext"/>
<opset="sext_ln1118_12/51 "/>
</bind>
</comp>

<comp id="453" class="1004" name="sext_ln1118_13_fu_453">
<pin_list>
<pin id="454" dir="0" index="0" bw="16" slack="0"/>
<pin id="455" dir="1" index="1" bw="34" slack="0"/>
</pin_list>
<bind>
<opcode="sext(35) " fcode="sext"/>
<opset="sext_ln1118_13/51 "/>
</bind>
</comp>

<comp id="457" class="1004" name="sext_ln1118_16_fu_457">
<pin_list>
<pin id="458" dir="0" index="0" bw="18" slack="0"/>
<pin id="459" dir="1" index="1" bw="34" slack="0"/>
</pin_list>
<bind>
<opcode="sext(35) " fcode="sext"/>
<opset="sext_ln1118_16/51 "/>
</bind>
</comp>

<comp id="461" class="1004" name="sext_ln1118_19_fu_461">
<pin_list>
<pin id="462" dir="0" index="0" bw="18" slack="2"/>
<pin id="463" dir="1" index="1" bw="34" slack="0"/>
</pin_list>
<bind>
<opcode="sext(35) " fcode="sext"/>
<opset="sext_ln1118_19/51 "/>
</bind>
</comp>

<comp id="464" class="1004" name="sext_ln1118_20_fu_464">
<pin_list>
<pin id="465" dir="0" index="0" bw="18" slack="0"/>
<pin id="466" dir="1" index="1" bw="34" slack="0"/>
</pin_list>
<bind>
<opcode="sext(35) " fcode="sext"/>
<opset="sext_ln1118_20/51 "/>
</bind>
</comp>

<comp id="468" class="1004" name="shl_ln1299_1_fu_468">
<pin_list>
<pin id="469" dir="0" index="0" bw="18" slack="50"/>
<pin id="470" dir="0" index="1" bw="1" slack="0"/>
<pin id="471" dir="1" index="2" bw="18" slack="0"/>
</pin_list>
<bind>
<opcode="shl(20) " fcode="shl"/>
<opset="shl_ln1299_1/51 "/>
</bind>
</comp>

<comp id="473" class="1004" name="sub_ln703_6_fu_473">
<pin_list>
<pin id="474" dir="0" index="0" bw="18" slack="0"/>
<pin id="475" dir="0" index="1" bw="18" slack="0"/>
<pin id="476" dir="1" index="2" bw="18" slack="0"/>
</pin_list>
<bind>
<opcode="sub(10) " fcode="sub"/>
<opset="sub_ln703_6/51 "/>
</bind>
</comp>

<comp id="479" class="1004" name="add_ln703_5_fu_479">
<pin_list>
<pin id="480" dir="0" index="0" bw="18" slack="0"/>
<pin id="481" dir="0" index="1" bw="18" slack="1"/>
<pin id="482" dir="1" index="2" bw="18" slack="0"/>
</pin_list>
<bind>
<opcode="add(8) " fcode="add"/>
<opset="add_ln703_5/51 "/>
</bind>
</comp>

<comp id="484" class="1004" name="sext_ln1118_27_fu_484">
<pin_list>
<pin id="485" dir="0" index="0" bw="18" slack="0"/>
<pin id="486" dir="1" index="1" bw="31" slack="0"/>
</pin_list>
<bind>
<opcode="sext(35) " fcode="sext"/>
<opset="sext_ln1118_27/51 "/>
</bind>
</comp>

<comp id="488" class="1004" name="sext_ln1118_29_fu_488">
<pin_list>
<pin id="489" dir="0" index="0" bw="18" slack="0"/>
<pin id="490" dir="1" index="1" bw="34" slack="0"/>
</pin_list>
<bind>
<opcode="sext(35) " fcode="sext"/>
<opset="sext_ln1118_29/51 "/>
</bind>
</comp>

<comp id="492" class="1004" name="trunc_ln708_1_fu_492">
<pin_list>
<pin id="493" dir="0" index="0" bw="18" slack="0"/>
<pin id="494" dir="0" index="1" bw="34" slack="0"/>
<pin id="495" dir="0" index="2" bw="6" slack="0"/>
<pin id="496" dir="0" index="3" bw="7" slack="0"/>
<pin id="497" dir="1" index="4" bw="18" slack="0"/>
</pin_list>
<bind>
<opcode="partselect(1002) " fcode="partselect"/>
<opset="trunc_ln708_1/52 "/>
</bind>
</comp>

<comp id="501" class="1004" name="sext_ln1118_11_fu_501">
<pin_list>
<pin id="502" dir="0" index="0" bw="18" slack="2"/>
<pin id="503" dir="1" index="1" bw="32" slack="0"/>
</pin_list>
<bind>
<opcode="sext(35) " fcode="sext"/>
<opset="sext_ln1118_11/52 "/>
</bind>
</comp>

<comp id="504" class="1004" name="shl_ln703_6_fu_504">
<pin_list>
<pin id="505" dir="0" index="0" bw="33" slack="0"/>
<pin id="506" dir="0" index="1" bw="18" slack="51"/>
<pin id="507" dir="0" index="2" bw="1" slack="0"/>
<pin id="508" dir="1" index="3" bw="33" slack="0"/>
</pin_list>
<bind>
<opcode="bitconcatenate(1004) " fcode="bitconcatenate"/>
<opset="shl_ln703_6/52 "/>
</bind>
</comp>

<comp id="511" class="1004" name="tmp_s_fu_511">
<pin_list>
<pin id="512" dir="0" index="0" bw="18" slack="0"/>
<pin id="513" dir="0" index="1" bw="34" slack="0"/>
<pin id="514" dir="0" index="2" bw="6" slack="0"/>
<pin id="515" dir="0" index="3" bw="7" slack="0"/>
<pin id="516" dir="1" index="4" bw="18" slack="0"/>
</pin_list>
<bind>
<opcode="partselect(1002) " fcode="partselect"/>
<opset="tmp_s/52 "/>
</bind>
</comp>

<comp id="520" class="1004" name="shl_ln2_fu_520">
<pin_list>
<pin id="521" dir="0" index="0" bw="29" slack="0"/>
<pin id="522" dir="0" index="1" bw="18" slack="0"/>
<pin id="523" dir="0" index="2" bw="1" slack="0"/>
<pin id="524" dir="1" index="3" bw="29" slack="0"/>
</pin_list>
<bind>
<opcode="bitconcatenate(1004) " fcode="bitconcatenate"/>
<opset="shl_ln2/52 "/>
</bind>
</comp>

<comp id="528" class="1004" name="sext_ln1192_fu_528">
<pin_list>
<pin id="529" dir="0" index="0" bw="29" slack="0"/>
<pin id="530" dir="1" index="1" bw="33" slack="0"/>
</pin_list>
<bind>
<opcode="sext(35) " fcode="sext"/>
<opset="sext_ln1192/52 "/>
</bind>
</comp>

<comp id="532" class="1004" name="add_ln1192_7_fu_532">
<pin_list>
<pin id="533" dir="0" index="0" bw="29" slack="0"/>
<pin id="534" dir="0" index="1" bw="33" slack="0"/>
<pin id="535" dir="1" index="2" bw="33" slack="0"/>
</pin_list>
<bind>
<opcode="add(8) " fcode="add"/>
<opset="add_ln1192_7/52 "/>
</bind>
</comp>

<comp id="538" class="1004" name="trunc_ln708_9_fu_538">
<pin_list>
<pin id="539" dir="0" index="0" bw="18" slack="0"/>
<pin id="540" dir="0" index="1" bw="33" slack="0"/>
<pin id="541" dir="0" index="2" bw="5" slack="0"/>
<pin id="542" dir="0" index="3" bw="7" slack="0"/>
<pin id="543" dir="1" index="4" bw="18" slack="4"/>
</pin_list>
<bind>
<opcode="partselect(1002) " fcode="partselect"/>
<opset="trunc_ln708_9/52 "/>
</bind>
</comp>

<comp id="548" class="1004" name="sext_ln708_1_fu_548">
<pin_list>
<pin id="549" dir="0" index="0" bw="18" slack="0"/>
<pin id="550" dir="1" index="1" bw="33" slack="0"/>
</pin_list>
<bind>
<opcode="sext(35) " fcode="sext"/>
<opset="sext_ln708_1/52 "/>
</bind>
</comp>

<comp id="552" class="1004" name="sext_ln708_2_fu_552">
<pin_list>
<pin id="553" dir="0" index="0" bw="18" slack="51"/>
<pin id="554" dir="1" index="1" bw="33" slack="0"/>
</pin_list>
<bind>
<opcode="sext(35) " fcode="sext"/>
<opset="sext_ln708_2/52 "/>
</bind>
</comp>

<comp id="555" class="1004" name="sext_ln1118_28_fu_555">
<pin_list>
<pin id="556" dir="0" index="0" bw="18" slack="2"/>
<pin id="557" dir="1" index="1" bw="32" slack="0"/>
</pin_list>
<bind>
<opcode="sext(35) " fcode="sext"/>
<opset="sext_ln1118_28/52 "/>
</bind>
</comp>

<comp id="558" class="1004" name="tmp_3_fu_558">
<pin_list>
<pin id="559" dir="0" index="0" bw="18" slack="0"/>
<pin id="560" dir="0" index="1" bw="34" slack="0"/>
<pin id="561" dir="0" index="2" bw="6" slack="0"/>
<pin id="562" dir="0" index="3" bw="7" slack="0"/>
<pin id="563" dir="1" index="4" bw="18" slack="8"/>
</pin_list>
<bind>
<opcode="partselect(1002) " fcode="partselect"/>
<opset="tmp_3/52 "/>
</bind>
</comp>

<comp id="567" class="1004" name="shl_ln1118_4_fu_567">
<pin_list>
<pin id="568" dir="0" index="0" bw="33" slack="0"/>
<pin id="569" dir="0" index="1" bw="18" slack="3"/>
<pin id="570" dir="0" index="2" bw="1" slack="0"/>
<pin id="571" dir="1" index="3" bw="33" slack="0"/>
</pin_list>
<bind>
<opcode="bitconcatenate(1004) " fcode="bitconcatenate"/>
<opset="shl_ln1118_4/53 "/>
</bind>
</comp>

<comp id="574" class="1004" name="sext_ln1118_14_fu_574">
<pin_list>
<pin id="575" dir="0" index="0" bw="33" slack="0"/>
<pin id="576" dir="1" index="1" bw="34" slack="0"/>
</pin_list>
<bind>
<opcode="sext(35) " fcode="sext"/>
<opset="sext_ln1118_14/53 "/>
</bind>
</comp>

<comp id="578" class="1004" name="shl_ln1118_5_fu_578">
<pin_list>
<pin id="579" dir="0" index="0" bw="19" slack="0"/>
<pin id="580" dir="0" index="1" bw="18" slack="3"/>
<pin id="581" dir="0" index="2" bw="1" slack="0"/>
<pin id="582" dir="1" index="3" bw="19" slack="0"/>
</pin_list>
<bind>
<opcode="bitconcatenate(1004) " fcode="bitconcatenate"/>
<opset="shl_ln1118_5/53 "/>
</bind>
</comp>

<comp id="585" class="1004" name="sext_ln1118_15_fu_585">
<pin_list>
<pin id="586" dir="0" index="0" bw="19" slack="0"/>
<pin id="587" dir="1" index="1" bw="34" slack="0"/>
</pin_list>
<bind>
<opcode="sext(35) " fcode="sext"/>
<opset="sext_ln1118_15/53 "/>
</bind>
</comp>

<comp id="589" class="1004" name="sub_ln703_9_fu_589">
<pin_list>
<pin id="590" dir="0" index="0" bw="33" slack="0"/>
<pin id="591" dir="0" index="1" bw="19" slack="0"/>
<pin id="592" dir="1" index="2" bw="34" slack="0"/>
</pin_list>
<bind>
<opcode="sub(10) " fcode="sub"/>
<opset="sub_ln703_9/53 "/>
</bind>
</comp>

<comp id="595" class="1004" name="tmp_1_fu_595">
<pin_list>
<pin id="596" dir="0" index="0" bw="18" slack="0"/>
<pin id="597" dir="0" index="1" bw="34" slack="0"/>
<pin id="598" dir="0" index="2" bw="6" slack="0"/>
<pin id="599" dir="0" index="3" bw="7" slack="0"/>
<pin id="600" dir="1" index="4" bw="18" slack="6"/>
</pin_list>
<bind>
<opcode="partselect(1002) " fcode="partselect"/>
<opset="tmp_1/53 "/>
</bind>
</comp>

<comp id="604" class="1004" name="trunc_ln708_12_fu_604">
<pin_list>
<pin id="605" dir="0" index="0" bw="18" slack="0"/>
<pin id="606" dir="0" index="1" bw="34" slack="0"/>
<pin id="607" dir="0" index="2" bw="6" slack="0"/>
<pin id="608" dir="0" index="3" bw="7" slack="0"/>
<pin id="609" dir="1" index="4" bw="18" slack="6"/>
</pin_list>
<bind>
<opcode="partselect(1002) " fcode="partselect"/>
<opset="trunc_ln708_12/53 "/>
</bind>
</comp>

<comp id="613" class="1004" name="shl_ln1118_6_fu_613">
<pin_list>
<pin id="614" dir="0" index="0" bw="33" slack="0"/>
<pin id="615" dir="0" index="1" bw="18" slack="3"/>
<pin id="616" dir="0" index="2" bw="1" slack="0"/>
<pin id="617" dir="1" index="3" bw="33" slack="0"/>
</pin_list>
<bind>
<opcode="bitconcatenate(1004) " fcode="bitconcatenate"/>
<opset="shl_ln1118_6/53 "/>
</bind>
</comp>

<comp id="620" class="1004" name="sext_ln1118_30_fu_620">
<pin_list>
<pin id="621" dir="0" index="0" bw="33" slack="0"/>
<pin id="622" dir="1" index="1" bw="34" slack="0"/>
</pin_list>
<bind>
<opcode="sext(35) " fcode="sext"/>
<opset="sext_ln1118_30/53 "/>
</bind>
</comp>

<comp id="624" class="1004" name="shl_ln1118_7_fu_624">
<pin_list>
<pin id="625" dir="0" index="0" bw="19" slack="0"/>
<pin id="626" dir="0" index="1" bw="18" slack="3"/>
<pin id="627" dir="0" index="2" bw="1" slack="0"/>
<pin id="628" dir="1" index="3" bw="19" slack="0"/>
</pin_list>
<bind>
<opcode="bitconcatenate(1004) " fcode="bitconcatenate"/>
<opset="shl_ln1118_7/53 "/>
</bind>
</comp>

<comp id="631" class="1004" name="sext_ln1118_31_fu_631">
<pin_list>
<pin id="632" dir="0" index="0" bw="19" slack="0"/>
<pin id="633" dir="1" index="1" bw="34" slack="0"/>
</pin_list>
<bind>
<opcode="sext(35) " fcode="sext"/>
<opset="sext_ln1118_31/53 "/>
</bind>
</comp>

<comp id="635" class="1004" name="sub_ln703_10_fu_635">
<pin_list>
<pin id="636" dir="0" index="0" bw="33" slack="0"/>
<pin id="637" dir="0" index="1" bw="19" slack="0"/>
<pin id="638" dir="1" index="2" bw="34" slack="0"/>
</pin_list>
<bind>
<opcode="sub(10) " fcode="sub"/>
<opset="sub_ln703_10/53 "/>
</bind>
</comp>

<comp id="641" class="1004" name="tmp_4_fu_641">
<pin_list>
<pin id="642" dir="0" index="0" bw="18" slack="0"/>
<pin id="643" dir="0" index="1" bw="34" slack="0"/>
<pin id="644" dir="0" index="2" bw="6" slack="0"/>
<pin id="645" dir="0" index="3" bw="7" slack="0"/>
<pin id="646" dir="1" index="4" bw="18" slack="13"/>
</pin_list>
<bind>
<opcode="partselect(1002) " fcode="partselect"/>
<opset="tmp_4/53 "/>
</bind>
</comp>

<comp id="650" class="1004" name="trunc_ln708_2_fu_650">
<pin_list>
<pin id="651" dir="0" index="0" bw="15" slack="0"/>
<pin id="652" dir="0" index="1" bw="31" slack="0"/>
<pin id="653" dir="0" index="2" bw="6" slack="0"/>
<pin id="654" dir="0" index="3" bw="6" slack="0"/>
<pin id="655" dir="1" index="4" bw="15" slack="2"/>
</pin_list>
<bind>
<opcode="partselect(1002) " fcode="partselect"/>
<opset="trunc_ln708_2/54 "/>
</bind>
</comp>

<comp id="659" class="1004" name="trunc_ln708_5_fu_659">
<pin_list>
<pin id="660" dir="0" index="0" bw="18" slack="0"/>
<pin id="661" dir="0" index="1" bw="34" slack="0"/>
<pin id="662" dir="0" index="2" bw="6" slack="0"/>
<pin id="663" dir="0" index="3" bw="7" slack="0"/>
<pin id="664" dir="1" index="4" bw="18" slack="2"/>
</pin_list>
<bind>
<opcode="partselect(1002) " fcode="partselect"/>
<opset="trunc_ln708_5/54 "/>
</bind>
</comp>

<comp id="668" class="1004" name="trunc_ln708_6_fu_668">
<pin_list>
<pin id="669" dir="0" index="0" bw="18" slack="0"/>
<pin id="670" dir="0" index="1" bw="34" slack="0"/>
<pin id="671" dir="0" index="2" bw="6" slack="0"/>
<pin id="672" dir="0" index="3" bw="7" slack="0"/>
<pin id="673" dir="1" index="4" bw="18" slack="1"/>
</pin_list>
<bind>
<opcode="partselect(1002) " fcode="partselect"/>
<opset="trunc_ln708_6/54 "/>
</bind>
</comp>

<comp id="677" class="1004" name="tmp_2_fu_677">
<pin_list>
<pin id="678" dir="0" index="0" bw="18" slack="0"/>
<pin id="679" dir="0" index="1" bw="34" slack="0"/>
<pin id="680" dir="0" index="2" bw="6" slack="0"/>
<pin id="681" dir="0" index="3" bw="7" slack="0"/>
<pin id="682" dir="1" index="4" bw="18" slack="5"/>
</pin_list>
<bind>
<opcode="partselect(1002) " fcode="partselect"/>
<opset="tmp_2/54 "/>
</bind>
</comp>

<comp id="686" class="1004" name="trunc_ln708_13_fu_686">
<pin_list>
<pin id="687" dir="0" index="0" bw="15" slack="0"/>
<pin id="688" dir="0" index="1" bw="31" slack="0"/>
<pin id="689" dir="0" index="2" bw="6" slack="0"/>
<pin id="690" dir="0" index="3" bw="6" slack="0"/>
<pin id="691" dir="1" index="4" bw="15" slack="9"/>
</pin_list>
<bind>
<opcode="partselect(1002) " fcode="partselect"/>
<opset="trunc_ln708_13/54 "/>
</bind>
</comp>

<comp id="695" class="1004" name="trunc_ln708_15_fu_695">
<pin_list>
<pin id="696" dir="0" index="0" bw="18" slack="0"/>
<pin id="697" dir="0" index="1" bw="34" slack="0"/>
<pin id="698" dir="0" index="2" bw="6" slack="0"/>
<pin id="699" dir="0" index="3" bw="7" slack="0"/>
<pin id="700" dir="1" index="4" bw="18" slack="9"/>
</pin_list>
<bind>
<opcode="partselect(1002) " fcode="partselect"/>
<opset="trunc_ln708_15/54 "/>
</bind>
</comp>

<comp id="704" class="1004" name="trunc_ln708_16_fu_704">
<pin_list>
<pin id="705" dir="0" index="0" bw="18" slack="0"/>
<pin id="706" dir="0" index="1" bw="34" slack="0"/>
<pin id="707" dir="0" index="2" bw="6" slack="0"/>
<pin id="708" dir="0" index="3" bw="7" slack="0"/>
<pin id="709" dir="1" index="4" bw="18" slack="8"/>
</pin_list>
<bind>
<opcode="partselect(1002) " fcode="partselect"/>
<opset="trunc_ln708_16/54 "/>
</bind>
</comp>

<comp id="713" class="1004" name="tmp_5_fu_713">
<pin_list>
<pin id="714" dir="0" index="0" bw="18" slack="0"/>
<pin id="715" dir="0" index="1" bw="34" slack="0"/>
<pin id="716" dir="0" index="2" bw="6" slack="0"/>
<pin id="717" dir="0" index="3" bw="7" slack="0"/>
<pin id="718" dir="1" index="4" bw="18" slack="12"/>
</pin_list>
<bind>
<opcode="partselect(1002) " fcode="partselect"/>
<opset="tmp_5/54 "/>
</bind>
</comp>

<comp id="722" class="1004" name="trunc_ln708_4_fu_722">
<pin_list>
<pin id="723" dir="0" index="0" bw="18" slack="0"/>
<pin id="724" dir="0" index="1" bw="34" slack="0"/>
<pin id="725" dir="0" index="2" bw="6" slack="0"/>
<pin id="726" dir="0" index="3" bw="7" slack="0"/>
<pin id="727" dir="1" index="4" bw="18" slack="0"/>
</pin_list>
<bind>
<opcode="partselect(1002) " fcode="partselect"/>
<opset="trunc_ln708_4/55 "/>
</bind>
</comp>

<comp id="731" class="1004" name="trunc_ln708_3_fu_731">
<pin_list>
<pin id="732" dir="0" index="0" bw="18" slack="0"/>
<pin id="733" dir="0" index="1" bw="33" slack="0"/>
<pin id="734" dir="0" index="2" bw="5" slack="0"/>
<pin id="735" dir="0" index="3" bw="7" slack="0"/>
<pin id="736" dir="1" index="4" bw="18" slack="0"/>
</pin_list>
<bind>
<opcode="partselect(1002) " fcode="partselect"/>
<opset="trunc_ln708_3/55 "/>
</bind>
</comp>

<comp id="740" class="1004" name="sext_ln1118_21_fu_740">
<pin_list>
<pin id="741" dir="0" index="0" bw="18" slack="0"/>
<pin id="742" dir="1" index="1" bw="33" slack="0"/>
</pin_list>
<bind>
<opcode="sext(35) " fcode="sext"/>
<opset="sext_ln1118_21/55 "/>
</bind>
</comp>

<comp id="744" class="1004" name="sext_ln1118_22_fu_744">
<pin_list>
<pin id="745" dir="0" index="0" bw="18" slack="0"/>
<pin id="746" dir="1" index="1" bw="33" slack="0"/>
</pin_list>
<bind>
<opcode="sext(35) " fcode="sext"/>
<opset="sext_ln1118_22/55 "/>
</bind>
</comp>

<comp id="748" class="1004" name="sext_ln1118_23_fu_748">
<pin_list>
<pin id="749" dir="0" index="0" bw="18" slack="1"/>
<pin id="750" dir="1" index="1" bw="33" slack="0"/>
</pin_list>
<bind>
<opcode="sext(35) " fcode="sext"/>
<opset="sext_ln1118_23/55 "/>
</bind>
</comp>

<comp id="751" class="1004" name="trunc_ln708_14_fu_751">
<pin_list>
<pin id="752" dir="0" index="0" bw="18" slack="0"/>
<pin id="753" dir="0" index="1" bw="34" slack="0"/>
<pin id="754" dir="0" index="2" bw="6" slack="0"/>
<pin id="755" dir="0" index="3" bw="7" slack="0"/>
<pin id="756" dir="1" index="4" bw="18" slack="7"/>
</pin_list>
<bind>
<opcode="partselect(1002) " fcode="partselect"/>
<opset="trunc_ln708_14/55 "/>
</bind>
</comp>

<comp id="760" class="1004" name="sext_ln708_fu_760">
<pin_list>
<pin id="761" dir="0" index="0" bw="15" slack="2"/>
<pin id="762" dir="1" index="1" bw="16" slack="0"/>
</pin_list>
<bind>
<opcode="sext(35) " fcode="sext"/>
<opset="sext_ln708/56 "/>
</bind>
</comp>

<comp id="763" class="1004" name="xor_ln1116_fu_763">
<pin_list>
<pin id="764" dir="0" index="0" bw="16" slack="0"/>
<pin id="765" dir="0" index="1" bw="16" slack="0"/>
<pin id="766" dir="1" index="2" bw="16" slack="0"/>
</pin_list>
<bind>
<opcode="xor(25) " fcode="xor"/>
<opset="xor_ln1116/56 "/>
</bind>
</comp>

<comp id="769" class="1004" name="zext_ln703_fu_769">
<pin_list>
<pin id="770" dir="0" index="0" bw="16" slack="0"/>
<pin id="771" dir="1" index="1" bw="33" slack="0"/>
</pin_list>
<bind>
<opcode="zext(34) " fcode="zext"/>
<opset="zext_ln703/56 "/>
</bind>
</comp>

<comp id="773" class="1004" name="sext_ln703_11_fu_773">
<pin_list>
<pin id="774" dir="0" index="0" bw="18" slack="4"/>
<pin id="775" dir="1" index="1" bw="33" slack="0"/>
</pin_list>
<bind>
<opcode="sext(35) " fcode="sext"/>
<opset="sext_ln703_11/56 "/>
</bind>
</comp>

<comp id="776" class="1004" name="sext_ln703_12_fu_776">
<pin_list>
<pin id="777" dir="0" index="0" bw="18" slack="2"/>
<pin id="778" dir="1" index="1" bw="33" slack="0"/>
</pin_list>
<bind>
<opcode="sext(35) " fcode="sext"/>
<opset="sext_ln703_12/56 "/>
</bind>
</comp>

<comp id="779" class="1004" name="trunc_ln731_fu_779">
<pin_list>
<pin id="780" dir="0" index="0" bw="13" slack="1"/>
<pin id="781" dir="1" index="1" bw="13" slack="0"/>
</pin_list>
<bind>
<opcode="trunc(33) " fcode="trunc"/>
<opset="trunc_ln731/58 "/>
</bind>
</comp>

<comp id="782" class="1004" name="dTmp_fu_782">
<pin_list>
<pin id="783" dir="0" index="0" bw="18" slack="0"/>
<pin id="784" dir="0" index="1" bw="13" slack="0"/>
<pin id="785" dir="0" index="2" bw="1" slack="0"/>
<pin id="786" dir="1" index="3" bw="18" slack="0"/>
</pin_list>
<bind>
<opcode="bitconcatenate(1004) " fcode="bitconcatenate"/>
<opset="dTmp/58 "/>
</bind>
</comp>

<comp id="790" class="1004" name="add_ln703_1_fu_790">
<pin_list>
<pin id="791" dir="0" index="0" bw="18" slack="0"/>
<pin id="792" dir="0" index="1" bw="17" slack="0"/>
<pin id="793" dir="1" index="2" bw="18" slack="0"/>
</pin_list>
<bind>
<opcode="add(8) " fcode="add"/>
<opset="add_ln703_1/58 "/>
</bind>
</comp>

<comp id="796" class="1004" name="add_ln703_2_fu_796">
<pin_list>
<pin id="797" dir="0" index="0" bw="18" slack="0"/>
<pin id="798" dir="0" index="1" bw="18" slack="57"/>
<pin id="799" dir="1" index="2" bw="18" slack="0"/>
</pin_list>
<bind>
<opcode="add(8) " fcode="add"/>
<opset="add_ln703_2/58 "/>
</bind>
</comp>

<comp id="801" class="1004" name="sext_ln1116_1_fu_801">
<pin_list>
<pin id="802" dir="0" index="0" bw="18" slack="0"/>
<pin id="803" dir="1" index="1" bw="36" slack="0"/>
</pin_list>
<bind>
<opcode="sext(35) " fcode="sext"/>
<opset="sext_ln1116_1/58 "/>
</bind>
</comp>

<comp id="805" class="1004" name="add_ln703_6_fu_805">
<pin_list>
<pin id="806" dir="0" index="0" bw="18" slack="0"/>
<pin id="807" dir="0" index="1" bw="18" slack="57"/>
<pin id="808" dir="1" index="2" bw="18" slack="7"/>
</pin_list>
<bind>
<opcode="add(8) " fcode="add"/>
<opset="add_ln703_6/58 "/>
</bind>
</comp>

<comp id="810" class="1004" name="icmp_ln211_fu_810">
<pin_list>
<pin id="811" dir="0" index="0" bw="18" slack="57"/>
<pin id="812" dir="0" index="1" bw="18" slack="0"/>
<pin id="813" dir="1" index="2" bw="1" slack="13"/>
</pin_list>
<bind>
<opcode="icmp(45) " fcode="icmp"/>
<opset="icmp_ln211/58 "/>
</bind>
</comp>

<comp id="815" class="1004" name="icmp_ln211_1_fu_815">
<pin_list>
<pin id="816" dir="0" index="0" bw="18" slack="57"/>
<pin id="817" dir="0" index="1" bw="18" slack="0"/>
<pin id="818" dir="1" index="2" bw="1" slack="13"/>
</pin_list>
<bind>
<opcode="icmp(45) " fcode="icmp"/>
<opset="icmp_ln211_1/58 "/>
</bind>
</comp>

<comp id="820" class="1004" name="shl_ln728_1_fu_820">
<pin_list>
<pin id="821" dir="0" index="0" bw="29" slack="0"/>
<pin id="822" dir="0" index="1" bw="18" slack="6"/>
<pin id="823" dir="0" index="2" bw="1" slack="0"/>
<pin id="824" dir="1" index="3" bw="29" slack="0"/>
</pin_list>
<bind>
<opcode="bitconcatenate(1004) " fcode="bitconcatenate"/>
<opset="shl_ln728_1/59 "/>
</bind>
</comp>

<comp id="827" class="1004" name="sext_ln1192_1_fu_827">
<pin_list>
<pin id="828" dir="0" index="0" bw="29" slack="0"/>
<pin id="829" dir="1" index="1" bw="33" slack="0"/>
</pin_list>
<bind>
<opcode="sext(35) " fcode="sext"/>
<opset="sext_ln1192_1/59 "/>
</bind>
</comp>

<comp id="831" class="1004" name="add_ln1192_9_fu_831">
<pin_list>
<pin id="832" dir="0" index="0" bw="29" slack="0"/>
<pin id="833" dir="0" index="1" bw="33" slack="0"/>
<pin id="834" dir="1" index="2" bw="33" slack="0"/>
</pin_list>
<bind>
<opcode="add(8) " fcode="add"/>
<opset="add_ln1192_9/59 "/>
</bind>
</comp>

<comp id="836" class="1004" name="trunc_ln708_7_fu_836">
<pin_list>
<pin id="837" dir="0" index="0" bw="18" slack="0"/>
<pin id="838" dir="0" index="1" bw="33" slack="0"/>
<pin id="839" dir="0" index="2" bw="5" slack="0"/>
<pin id="840" dir="0" index="3" bw="7" slack="0"/>
<pin id="841" dir="1" index="4" bw="18" slack="1"/>
</pin_list>
<bind>
<opcode="partselect(1002) " fcode="partselect"/>
<opset="trunc_ln708_7/59 "/>
</bind>
</comp>

<comp id="846" class="1004" name="shl_ln728_2_fu_846">
<pin_list>
<pin id="847" dir="0" index="0" bw="29" slack="0"/>
<pin id="848" dir="0" index="1" bw="18" slack="5"/>
<pin id="849" dir="0" index="2" bw="1" slack="0"/>
<pin id="850" dir="1" index="3" bw="29" slack="0"/>
</pin_list>
<bind>
<opcode="bitconcatenate(1004) " fcode="bitconcatenate"/>
<opset="shl_ln728_2/59 "/>
</bind>
</comp>

<comp id="853" class="1004" name="sext_ln1192_2_fu_853">
<pin_list>
<pin id="854" dir="0" index="0" bw="29" slack="0"/>
<pin id="855" dir="1" index="1" bw="33" slack="0"/>
</pin_list>
<bind>
<opcode="sext(35) " fcode="sext"/>
<opset="sext_ln1192_2/59 "/>
</bind>
</comp>

<comp id="857" class="1004" name="add_ln1192_11_fu_857">
<pin_list>
<pin id="858" dir="0" index="0" bw="29" slack="0"/>
<pin id="859" dir="0" index="1" bw="33" slack="0"/>
<pin id="860" dir="1" index="2" bw="33" slack="0"/>
</pin_list>
<bind>
<opcode="add(8) " fcode="add"/>
<opset="add_ln1192_11/59 "/>
</bind>
</comp>

<comp id="862" class="1004" name="trunc_ln708_8_fu_862">
<pin_list>
<pin id="863" dir="0" index="0" bw="18" slack="0"/>
<pin id="864" dir="0" index="1" bw="33" slack="0"/>
<pin id="865" dir="0" index="2" bw="5" slack="0"/>
<pin id="866" dir="0" index="3" bw="7" slack="0"/>
<pin id="867" dir="1" index="4" bw="18" slack="0"/>
</pin_list>
<bind>
<opcode="partselect(1002) " fcode="partselect"/>
<opset="trunc_ln708_8/59 "/>
</bind>
</comp>

<comp id="872" class="1004" name="sext_ln703_2_fu_872">
<pin_list>
<pin id="873" dir="0" index="0" bw="18" slack="4"/>
<pin id="874" dir="1" index="1" bw="19" slack="0"/>
</pin_list>
<bind>
<opcode="sext(35) " fcode="sext"/>
<opset="sext_ln703_2/59 "/>
</bind>
</comp>

<comp id="875" class="1004" name="sext_ln703_3_fu_875">
<pin_list>
<pin id="876" dir="0" index="0" bw="18" slack="0"/>
<pin id="877" dir="1" index="1" bw="19" slack="0"/>
</pin_list>
<bind>
<opcode="sext(35) " fcode="sext"/>
<opset="sext_ln703_3/59 "/>
</bind>
</comp>

<comp id="879" class="1004" name="add_ln1192_13_fu_879">
<pin_list>
<pin id="880" dir="0" index="0" bw="18" slack="0"/>
<pin id="881" dir="0" index="1" bw="18" slack="0"/>
<pin id="882" dir="1" index="2" bw="19" slack="0"/>
</pin_list>
<bind>
<opcode="add(8) " fcode="add"/>
<opset="add_ln1192_13/59 "/>
</bind>
</comp>

<comp id="885" class="1004" name="trunc_ln703_1_fu_885">
<pin_list>
<pin id="886" dir="0" index="0" bw="18" slack="0"/>
<pin id="887" dir="0" index="1" bw="19" slack="0"/>
<pin id="888" dir="0" index="2" bw="1" slack="0"/>
<pin id="889" dir="0" index="3" bw="6" slack="0"/>
<pin id="890" dir="1" index="4" bw="18" slack="1"/>
</pin_list>
<bind>
<opcode="partselect(1002) " fcode="partselect"/>
<opset="trunc_ln703_1/59 "/>
</bind>
</comp>

<comp id="895" class="1004" name="sext_ln708_4_fu_895">
<pin_list>
<pin id="896" dir="0" index="0" bw="18" slack="6"/>
<pin id="897" dir="1" index="1" bw="33" slack="0"/>
</pin_list>
<bind>
<opcode="sext(35) " fcode="sext"/>
<opset="sext_ln708_4/59 "/>
</bind>
</comp>

<comp id="898" class="1004" name="sext_ln708_5_fu_898">
<pin_list>
<pin id="899" dir="0" index="0" bw="18" slack="0"/>
<pin id="900" dir="1" index="1" bw="33" slack="0"/>
</pin_list>
<bind>
<opcode="sext(35) " fcode="sext"/>
<opset="sext_ln708_5/59 "/>
</bind>
</comp>

<comp id="902" class="1004" name="iLRef_V_fu_902">
<pin_list>
<pin id="903" dir="0" index="0" bw="18" slack="0"/>
<pin id="904" dir="0" index="1" bw="47" slack="0"/>
<pin id="905" dir="0" index="2" bw="5" slack="0"/>
<pin id="906" dir="0" index="3" bw="6" slack="0"/>
<pin id="907" dir="1" index="4" bw="18" slack="1"/>
</pin_list>
<bind>
<opcode="partselect(1002) " fcode="partselect"/>
<opset="iLRef_V/60 "/>
</bind>
</comp>

<comp id="912" class="1004" name="sext_ln703_fu_912">
<pin_list>
<pin id="913" dir="0" index="0" bw="18" slack="8"/>
<pin id="914" dir="1" index="1" bw="19" slack="0"/>
</pin_list>
<bind>
<opcode="sext(35) " fcode="sext"/>
<opset="sext_ln703/60 "/>
</bind>
</comp>

<comp id="915" class="1004" name="sext_ln703_1_fu_915">
<pin_list>
<pin id="916" dir="0" index="0" bw="18" slack="1"/>
<pin id="917" dir="1" index="1" bw="19" slack="0"/>
</pin_list>
<bind>
<opcode="sext(35) " fcode="sext"/>
<opset="sext_ln703_1/60 "/>
</bind>
</comp>

<comp id="918" class="1004" name="add_ln1192_12_fu_918">
<pin_list>
<pin id="919" dir="0" index="0" bw="18" slack="0"/>
<pin id="920" dir="0" index="1" bw="18" slack="0"/>
<pin id="921" dir="1" index="2" bw="19" slack="0"/>
</pin_list>
<bind>
<opcode="add(8) " fcode="add"/>
<opset="add_ln1192_12/60 "/>
</bind>
</comp>

<comp id="924" class="1004" name="trunc_ln6_fu_924">
<pin_list>
<pin id="925" dir="0" index="0" bw="18" slack="0"/>
<pin id="926" dir="0" index="1" bw="19" slack="0"/>
<pin id="927" dir="0" index="2" bw="1" slack="0"/>
<pin id="928" dir="0" index="3" bw="6" slack="0"/>
<pin id="929" dir="1" index="4" bw="18" slack="1"/>
</pin_list>
<bind>
<opcode="partselect(1002) " fcode="partselect"/>
<opset="trunc_ln6/60 "/>
</bind>
</comp>

<comp id="934" class="1004" name="sub_ln703_4_fu_934">
<pin_list>
<pin id="935" dir="0" index="0" bw="18" slack="1"/>
<pin id="936" dir="0" index="1" bw="18" slack="59"/>
<pin id="937" dir="1" index="2" bw="18" slack="0"/>
</pin_list>
<bind>
<opcode="sub(10) " fcode="sub"/>
<opset="sub_ln703_4/60 "/>
</bind>
</comp>

<comp id="938" class="1004" name="sext_ln703_4_fu_938">
<pin_list>
<pin id="939" dir="0" index="0" bw="18" slack="0"/>
<pin id="940" dir="1" index="1" bw="31" slack="0"/>
</pin_list>
<bind>
<opcode="sext(35) " fcode="sext"/>
<opset="sext_ln703_4/60 "/>
</bind>
</comp>

<comp id="942" class="1004" name="shl_ln703_7_fu_942">
<pin_list>
<pin id="943" dir="0" index="0" bw="33" slack="0"/>
<pin id="944" dir="0" index="1" bw="18" slack="1"/>
<pin id="945" dir="0" index="2" bw="1" slack="0"/>
<pin id="946" dir="1" index="3" bw="33" slack="0"/>
</pin_list>
<bind>
<opcode="bitconcatenate(1004) " fcode="bitconcatenate"/>
<opset="shl_ln703_7/60 "/>
</bind>
</comp>

<comp id="949" class="1004" name="shl_ln728_4_fu_949">
<pin_list>
<pin id="950" dir="0" index="0" bw="29" slack="0"/>
<pin id="951" dir="0" index="1" bw="18" slack="8"/>
<pin id="952" dir="0" index="2" bw="1" slack="0"/>
<pin id="953" dir="1" index="3" bw="29" slack="0"/>
</pin_list>
<bind>
<opcode="bitconcatenate(1004) " fcode="bitconcatenate"/>
<opset="shl_ln728_4/60 "/>
</bind>
</comp>

<comp id="956" class="1004" name="sext_ln1192_4_fu_956">
<pin_list>
<pin id="957" dir="0" index="0" bw="29" slack="0"/>
<pin id="958" dir="1" index="1" bw="33" slack="0"/>
</pin_list>
<bind>
<opcode="sext(35) " fcode="sext"/>
<opset="sext_ln1192_4/60 "/>
</bind>
</comp>

<comp id="960" class="1004" name="add_ln1192_21_fu_960">
<pin_list>
<pin id="961" dir="0" index="0" bw="29" slack="0"/>
<pin id="962" dir="0" index="1" bw="33" slack="0"/>
<pin id="963" dir="1" index="2" bw="33" slack="0"/>
</pin_list>
<bind>
<opcode="add(8) " fcode="add"/>
<opset="add_ln1192_21/60 "/>
</bind>
</comp>

<comp id="966" class="1004" name="trunc_ln708_17_fu_966">
<pin_list>
<pin id="967" dir="0" index="0" bw="18" slack="0"/>
<pin id="968" dir="0" index="1" bw="33" slack="0"/>
<pin id="969" dir="0" index="2" bw="5" slack="0"/>
<pin id="970" dir="0" index="3" bw="7" slack="0"/>
<pin id="971" dir="1" index="4" bw="18" slack="3"/>
</pin_list>
<bind>
<opcode="partselect(1002) " fcode="partselect"/>
<opset="trunc_ln708_17/60 "/>
</bind>
</comp>

<comp id="976" class="1004" name="sub_ln703_3_fu_976">
<pin_list>
<pin id="977" dir="0" index="0" bw="18" slack="1"/>
<pin id="978" dir="0" index="1" bw="18" slack="1"/>
<pin id="979" dir="1" index="2" bw="18" slack="0"/>
</pin_list>
<bind>
<opcode="sub(10) " fcode="sub"/>
<opset="sub_ln703_3/61 "/>
</bind>
</comp>

<comp id="980" class="1004" name="sext_ln1118_10_fu_980">
<pin_list>
<pin id="981" dir="0" index="0" bw="18" slack="0"/>
<pin id="982" dir="1" index="1" bw="32" slack="0"/>
</pin_list>
<bind>
<opcode="sext(35) " fcode="sext"/>
<opset="sext_ln1118_10/61 "/>
</bind>
</comp>

<comp id="984" class="1004" name="shl_ln3_fu_984">
<pin_list>
<pin id="985" dir="0" index="0" bw="21" slack="0"/>
<pin id="986" dir="0" index="1" bw="18" slack="0"/>
<pin id="987" dir="0" index="2" bw="1" slack="0"/>
<pin id="988" dir="1" index="3" bw="21" slack="0"/>
</pin_list>
<bind>
<opcode="bitconcatenate(1004) " fcode="bitconcatenate"/>
<opset="shl_ln3/61 "/>
</bind>
</comp>

<comp id="992" class="1004" name="sext_ln703_13_fu_992">
<pin_list>
<pin id="993" dir="0" index="0" bw="21" slack="0"/>
<pin id="994" dir="1" index="1" bw="22" slack="0"/>
</pin_list>
<bind>
<opcode="sext(35) " fcode="sext"/>
<opset="sext_ln703_13/61 "/>
</bind>
</comp>

<comp id="996" class="1004" name="shl_ln703_1_fu_996">
<pin_list>
<pin id="997" dir="0" index="0" bw="19" slack="0"/>
<pin id="998" dir="0" index="1" bw="18" slack="0"/>
<pin id="999" dir="0" index="2" bw="1" slack="0"/>
<pin id="1000" dir="1" index="3" bw="19" slack="0"/>
</pin_list>
<bind>
<opcode="bitconcatenate(1004) " fcode="bitconcatenate"/>
<opset="shl_ln703_1/61 "/>
</bind>
</comp>

<comp id="1004" class="1004" name="sext_ln703_14_fu_1004">
<pin_list>
<pin id="1005" dir="0" index="0" bw="19" slack="0"/>
<pin id="1006" dir="1" index="1" bw="22" slack="0"/>
</pin_list>
<bind>
<opcode="sext(35) " fcode="sext"/>
<opset="sext_ln703_14/61 "/>
</bind>
</comp>

<comp id="1008" class="1004" name="sext_ln1118_24_fu_1008">
<pin_list>
<pin id="1009" dir="0" index="0" bw="36" slack="1"/>
<pin id="1010" dir="1" index="1" bw="47" slack="0"/>
</pin_list>
<bind>
<opcode="sext(35) " fcode="sext"/>
<opset="sext_ln1118_24/62 "/>
</bind>
</comp>

<comp id="1011" class="1004" name="grp_fu_1011">
<pin_list>
<pin id="1012" dir="0" index="0" bw="36" slack="0"/>
<pin id="1013" dir="0" index="1" bw="11" slack="0"/>
<pin id="1014" dir="1" index="2" bw="47" slack="1"/>
</pin_list>
<bind>
<opcode="mul(12) " fcode="mul"/>
<opset="mul_ln1118_3/62 "/>
</bind>
</comp>

<comp id="1017" class="1004" name="trunc_ln708_18_fu_1017">
<pin_list>
<pin id="1018" dir="0" index="0" bw="18" slack="0"/>
<pin id="1019" dir="0" index="1" bw="33" slack="0"/>
<pin id="1020" dir="0" index="2" bw="5" slack="0"/>
<pin id="1021" dir="0" index="3" bw="7" slack="0"/>
<pin id="1022" dir="1" index="4" bw="18" slack="0"/>
</pin_list>
<bind>
<opcode="partselect(1002) " fcode="partselect"/>
<opset="trunc_ln708_18/62 "/>
</bind>
</comp>

<comp id="1026" class="1004" name="sext_ln1118_33_fu_1026">
<pin_list>
<pin id="1027" dir="0" index="0" bw="18" slack="0"/>
<pin id="1028" dir="1" index="1" bw="33" slack="0"/>
</pin_list>
<bind>
<opcode="sext(35) " fcode="sext"/>
<opset="sext_ln1118_33/62 "/>
</bind>
</comp>

<comp id="1030" class="1004" name="sext_ln1118_34_fu_1030">
<pin_list>
<pin id="1031" dir="0" index="0" bw="18" slack="7"/>
<pin id="1032" dir="1" index="1" bw="33" slack="0"/>
</pin_list>
<bind>
<opcode="sext(35) " fcode="sext"/>
<opset="sext_ln1118_34/62 "/>
</bind>
</comp>

<comp id="1033" class="1004" name="sext_ln1118_35_fu_1033">
<pin_list>
<pin id="1034" dir="0" index="0" bw="18" slack="8"/>
<pin id="1035" dir="1" index="1" bw="33" slack="0"/>
</pin_list>
<bind>
<opcode="sext(35) " fcode="sext"/>
<opset="sext_ln1118_35/62 "/>
</bind>
</comp>

<comp id="1036" class="1004" name="shl_ln703_2_fu_1036">
<pin_list>
<pin id="1037" dir="0" index="0" bw="32" slack="0"/>
<pin id="1038" dir="0" index="1" bw="31" slack="0"/>
<pin id="1039" dir="0" index="2" bw="1" slack="0"/>
<pin id="1040" dir="1" index="3" bw="32" slack="0"/>
</pin_list>
<bind>
<opcode="bitconcatenate(1004) " fcode="bitconcatenate"/>
<opset="shl_ln703_2/63 "/>
</bind>
</comp>

<comp id="1043" class="1004" name="sext_ln708_3_fu_1043">
<pin_list>
<pin id="1044" dir="0" index="0" bw="15" slack="9"/>
<pin id="1045" dir="1" index="1" bw="16" slack="0"/>
</pin_list>
<bind>
<opcode="sext(35) " fcode="sext"/>
<opset="sext_ln708_3/63 "/>
</bind>
</comp>

<comp id="1046" class="1004" name="xor_ln1116_1_fu_1046">
<pin_list>
<pin id="1047" dir="0" index="0" bw="16" slack="0"/>
<pin id="1048" dir="0" index="1" bw="16" slack="0"/>
<pin id="1049" dir="1" index="2" bw="16" slack="0"/>
</pin_list>
<bind>
<opcode="xor(25) " fcode="xor"/>
<opset="xor_ln1116_1/63 "/>
</bind>
</comp>

<comp id="1052" class="1004" name="zext_ln703_1_fu_1052">
<pin_list>
<pin id="1053" dir="0" index="0" bw="16" slack="0"/>
<pin id="1054" dir="1" index="1" bw="33" slack="0"/>
</pin_list>
<bind>
<opcode="zext(34) " fcode="zext"/>
<opset="zext_ln703_1/63 "/>
</bind>
</comp>

<comp id="1056" class="1004" name="sext_ln703_17_fu_1056">
<pin_list>
<pin id="1057" dir="0" index="0" bw="18" slack="3"/>
<pin id="1058" dir="1" index="1" bw="33" slack="0"/>
</pin_list>
<bind>
<opcode="sext(35) " fcode="sext"/>
<opset="sext_ln703_17/63 "/>
</bind>
</comp>

<comp id="1059" class="1004" name="sext_ln703_18_fu_1059">
<pin_list>
<pin id="1060" dir="0" index="0" bw="18" slack="9"/>
<pin id="1061" dir="1" index="1" bw="33" slack="0"/>
</pin_list>
<bind>
<opcode="sext(35) " fcode="sext"/>
<opset="sext_ln703_18/63 "/>
</bind>
</comp>

<comp id="1062" class="1004" name="shl_ln728_3_fu_1062">
<pin_list>
<pin id="1063" dir="0" index="0" bw="54" slack="0"/>
<pin id="1064" dir="0" index="1" bw="32" slack="0"/>
<pin id="1065" dir="0" index="2" bw="1" slack="0"/>
<pin id="1066" dir="1" index="3" bw="54" slack="0"/>
</pin_list>
<bind>
<opcode="bitconcatenate(1004) " fcode="bitconcatenate"/>
<opset="shl_ln728_3/64 "/>
</bind>
</comp>

<comp id="1069" class="1004" name="sext_ln1192_3_fu_1069">
<pin_list>
<pin id="1070" dir="0" index="0" bw="47" slack="1"/>
<pin id="1071" dir="1" index="1" bw="49" slack="0"/>
</pin_list>
<bind>
<opcode="sext(35) " fcode="sext"/>
<opset="sext_ln1192_3/64 "/>
</bind>
</comp>

<comp id="1072" class="1004" name="zext_ln1192_fu_1072">
<pin_list>
<pin id="1073" dir="0" index="0" bw="47" slack="0"/>
<pin id="1074" dir="1" index="1" bw="54" slack="0"/>
</pin_list>
<bind>
<opcode="zext(34) " fcode="zext"/>
<opset="zext_ln1192/64 "/>
</bind>
</comp>

<comp id="1076" class="1004" name="add_ln1192_14_fu_1076">
<pin_list>
<pin id="1077" dir="0" index="0" bw="54" slack="0"/>
<pin id="1078" dir="0" index="1" bw="49" slack="0"/>
<pin id="1079" dir="1" index="2" bw="54" slack="0"/>
</pin_list>
<bind>
<opcode="add(8) " fcode="add"/>
<opset="add_ln1192_14/64 "/>
</bind>
</comp>

<comp id="1082" class="1004" name="trunc_ln708_10_fu_1082">
<pin_list>
<pin id="1083" dir="0" index="0" bw="32" slack="0"/>
<pin id="1084" dir="0" index="1" bw="54" slack="0"/>
<pin id="1085" dir="0" index="2" bw="6" slack="0"/>
<pin id="1086" dir="0" index="3" bw="7" slack="0"/>
<pin id="1087" dir="1" index="4" bw="32" slack="6"/>
</pin_list>
<bind>
<opcode="partselect(1002) " fcode="partselect"/>
<opset="trunc_ln708_10/64 "/>
</bind>
</comp>

<comp id="1092" class="1004" name="sext_ln1116_2_fu_1092">
<pin_list>
<pin id="1093" dir="0" index="0" bw="18" slack="7"/>
<pin id="1094" dir="1" index="1" bw="36" slack="0"/>
</pin_list>
<bind>
<opcode="sext(35) " fcode="sext"/>
<opset="sext_ln1116_2/65 "/>
</bind>
</comp>

<comp id="1095" class="1004" name="shl_ln728_5_fu_1095">
<pin_list>
<pin id="1096" dir="0" index="0" bw="29" slack="0"/>
<pin id="1097" dir="0" index="1" bw="18" slack="13"/>
<pin id="1098" dir="0" index="2" bw="1" slack="0"/>
<pin id="1099" dir="1" index="3" bw="29" slack="0"/>
</pin_list>
<bind>
<opcode="bitconcatenate(1004) " fcode="bitconcatenate"/>
<opset="shl_ln728_5/66 "/>
</bind>
</comp>

<comp id="1102" class="1004" name="sext_ln1192_5_fu_1102">
<pin_list>
<pin id="1103" dir="0" index="0" bw="29" slack="0"/>
<pin id="1104" dir="1" index="1" bw="33" slack="0"/>
</pin_list>
<bind>
<opcode="sext(35) " fcode="sext"/>
<opset="sext_ln1192_5/66 "/>
</bind>
</comp>

<comp id="1106" class="1004" name="add_ln1192_23_fu_1106">
<pin_list>
<pin id="1107" dir="0" index="0" bw="29" slack="0"/>
<pin id="1108" dir="0" index="1" bw="33" slack="0"/>
<pin id="1109" dir="1" index="2" bw="33" slack="0"/>
</pin_list>
<bind>
<opcode="add(8) " fcode="add"/>
<opset="add_ln1192_23/66 "/>
</bind>
</comp>

<comp id="1111" class="1004" name="trunc_ln708_19_fu_1111">
<pin_list>
<pin id="1112" dir="0" index="0" bw="18" slack="0"/>
<pin id="1113" dir="0" index="1" bw="33" slack="0"/>
<pin id="1114" dir="0" index="2" bw="5" slack="0"/>
<pin id="1115" dir="0" index="3" bw="7" slack="0"/>
<pin id="1116" dir="1" index="4" bw="18" slack="0"/>
</pin_list>
<bind>
<opcode="partselect(1002) " fcode="partselect"/>
<opset="trunc_ln708_19/66 "/>
</bind>
</comp>

<comp id="1121" class="1004" name="shl_ln728_6_fu_1121">
<pin_list>
<pin id="1122" dir="0" index="0" bw="29" slack="0"/>
<pin id="1123" dir="0" index="1" bw="18" slack="12"/>
<pin id="1124" dir="0" index="2" bw="1" slack="0"/>
<pin id="1125" dir="1" index="3" bw="29" slack="0"/>
</pin_list>
<bind>
<opcode="bitconcatenate(1004) " fcode="bitconcatenate"/>
<opset="shl_ln728_6/66 "/>
</bind>
</comp>

<comp id="1128" class="1004" name="sext_ln1192_6_fu_1128">
<pin_list>
<pin id="1129" dir="0" index="0" bw="29" slack="0"/>
<pin id="1130" dir="1" index="1" bw="33" slack="0"/>
</pin_list>
<bind>
<opcode="sext(35) " fcode="sext"/>
<opset="sext_ln1192_6/66 "/>
</bind>
</comp>

<comp id="1132" class="1004" name="add_ln1192_25_fu_1132">
<pin_list>
<pin id="1133" dir="0" index="0" bw="29" slack="0"/>
<pin id="1134" dir="0" index="1" bw="33" slack="0"/>
<pin id="1135" dir="1" index="2" bw="33" slack="0"/>
</pin_list>
<bind>
<opcode="add(8) " fcode="add"/>
<opset="add_ln1192_25/66 "/>
</bind>
</comp>

<comp id="1137" class="1004" name="trunc_ln708_20_fu_1137">
<pin_list>
<pin id="1138" dir="0" index="0" bw="18" slack="0"/>
<pin id="1139" dir="0" index="1" bw="33" slack="0"/>
<pin id="1140" dir="0" index="2" bw="5" slack="0"/>
<pin id="1141" dir="0" index="3" bw="7" slack="0"/>
<pin id="1142" dir="1" index="4" bw="18" slack="0"/>
</pin_list>
<bind>
<opcode="partselect(1002) " fcode="partselect"/>
<opset="trunc_ln708_20/66 "/>
</bind>
</comp>

<comp id="1147" class="1004" name="sext_ln703_5_fu_1147">
<pin_list>
<pin id="1148" dir="0" index="0" bw="18" slack="6"/>
<pin id="1149" dir="1" index="1" bw="19" slack="0"/>
</pin_list>
<bind>
<opcode="sext(35) " fcode="sext"/>
<opset="sext_ln703_5/66 "/>
</bind>
</comp>

<comp id="1150" class="1004" name="sext_ln703_6_fu_1150">
<pin_list>
<pin id="1151" dir="0" index="0" bw="18" slack="0"/>
<pin id="1152" dir="1" index="1" bw="19" slack="0"/>
</pin_list>
<bind>
<opcode="sext(35) " fcode="sext"/>
<opset="sext_ln703_6/66 "/>
</bind>
</comp>

<comp id="1154" class="1004" name="add_ln1192_26_fu_1154">
<pin_list>
<pin id="1155" dir="0" index="0" bw="18" slack="0"/>
<pin id="1156" dir="0" index="1" bw="18" slack="0"/>
<pin id="1157" dir="1" index="2" bw="19" slack="0"/>
</pin_list>
<bind>
<opcode="add(8) " fcode="add"/>
<opset="add_ln1192_26/66 "/>
</bind>
</comp>

<comp id="1160" class="1004" name="trunc_ln703_2_fu_1160">
<pin_list>
<pin id="1161" dir="0" index="0" bw="18" slack="0"/>
<pin id="1162" dir="0" index="1" bw="19" slack="0"/>
<pin id="1163" dir="0" index="2" bw="1" slack="0"/>
<pin id="1164" dir="0" index="3" bw="6" slack="0"/>
<pin id="1165" dir="1" index="4" bw="18" slack="1"/>
</pin_list>
<bind>
<opcode="partselect(1002) " fcode="partselect"/>
<opset="trunc_ln703_2/66 "/>
</bind>
</comp>

<comp id="1170" class="1004" name="sext_ln703_7_fu_1170">
<pin_list>
<pin id="1171" dir="0" index="0" bw="18" slack="4"/>
<pin id="1172" dir="1" index="1" bw="19" slack="0"/>
</pin_list>
<bind>
<opcode="sext(35) " fcode="sext"/>
<opset="sext_ln703_7/66 "/>
</bind>
</comp>

<comp id="1173" class="1004" name="sext_ln703_8_fu_1173">
<pin_list>
<pin id="1174" dir="0" index="0" bw="18" slack="0"/>
<pin id="1175" dir="1" index="1" bw="19" slack="0"/>
</pin_list>
<bind>
<opcode="sext(35) " fcode="sext"/>
<opset="sext_ln703_8/66 "/>
</bind>
</comp>

<comp id="1177" class="1004" name="add_ln1192_27_fu_1177">
<pin_list>
<pin id="1178" dir="0" index="0" bw="18" slack="0"/>
<pin id="1179" dir="0" index="1" bw="18" slack="0"/>
<pin id="1180" dir="1" index="2" bw="19" slack="0"/>
</pin_list>
<bind>
<opcode="add(8) " fcode="add"/>
<opset="add_ln1192_27/66 "/>
</bind>
</comp>

<comp id="1183" class="1004" name="trunc_ln703_3_fu_1183">
<pin_list>
<pin id="1184" dir="0" index="0" bw="18" slack="0"/>
<pin id="1185" dir="0" index="1" bw="19" slack="0"/>
<pin id="1186" dir="0" index="2" bw="1" slack="0"/>
<pin id="1187" dir="0" index="3" bw="6" slack="0"/>
<pin id="1188" dir="1" index="4" bw="18" slack="1"/>
</pin_list>
<bind>
<opcode="partselect(1002) " fcode="partselect"/>
<opset="trunc_ln703_3/66 "/>
</bind>
</comp>

<comp id="1193" class="1004" name="sub_ln703_7_fu_1193">
<pin_list>
<pin id="1194" dir="0" index="0" bw="18" slack="1"/>
<pin id="1195" dir="0" index="1" bw="18" slack="7"/>
<pin id="1196" dir="1" index="2" bw="18" slack="1"/>
</pin_list>
<bind>
<opcode="sub(10) " fcode="sub"/>
<opset="sub_ln703_7/67 "/>
</bind>
</comp>

<comp id="1197" class="1004" name="sub_ln703_8_fu_1197">
<pin_list>
<pin id="1198" dir="0" index="0" bw="18" slack="1"/>
<pin id="1199" dir="0" index="1" bw="18" slack="66"/>
<pin id="1200" dir="1" index="2" bw="18" slack="0"/>
</pin_list>
<bind>
<opcode="sub(10) " fcode="sub"/>
<opset="sub_ln703_8/67 "/>
</bind>
</comp>

<comp id="1201" class="1004" name="sext_ln703_9_fu_1201">
<pin_list>
<pin id="1202" dir="0" index="0" bw="18" slack="0"/>
<pin id="1203" dir="1" index="1" bw="31" slack="0"/>
</pin_list>
<bind>
<opcode="sext(35) " fcode="sext"/>
<opset="sext_ln703_9/67 "/>
</bind>
</comp>

<comp id="1205" class="1004" name="sext_ln1118_18_fu_1205">
<pin_list>
<pin id="1206" dir="0" index="0" bw="18" slack="1"/>
<pin id="1207" dir="1" index="1" bw="32" slack="0"/>
</pin_list>
<bind>
<opcode="sext(35) " fcode="sext"/>
<opset="sext_ln1118_18/68 "/>
</bind>
</comp>

<comp id="1208" class="1004" name="shl_ln703_3_fu_1208">
<pin_list>
<pin id="1209" dir="0" index="0" bw="21" slack="0"/>
<pin id="1210" dir="0" index="1" bw="18" slack="1"/>
<pin id="1211" dir="0" index="2" bw="1" slack="0"/>
<pin id="1212" dir="1" index="3" bw="21" slack="0"/>
</pin_list>
<bind>
<opcode="bitconcatenate(1004) " fcode="bitconcatenate"/>
<opset="shl_ln703_3/68 "/>
</bind>
</comp>

<comp id="1215" class="1004" name="sext_ln703_19_fu_1215">
<pin_list>
<pin id="1216" dir="0" index="0" bw="21" slack="0"/>
<pin id="1217" dir="1" index="1" bw="22" slack="0"/>
</pin_list>
<bind>
<opcode="sext(35) " fcode="sext"/>
<opset="sext_ln703_19/68 "/>
</bind>
</comp>

<comp id="1219" class="1004" name="shl_ln703_4_fu_1219">
<pin_list>
<pin id="1220" dir="0" index="0" bw="19" slack="0"/>
<pin id="1221" dir="0" index="1" bw="18" slack="1"/>
<pin id="1222" dir="0" index="2" bw="1" slack="0"/>
<pin id="1223" dir="1" index="3" bw="19" slack="0"/>
</pin_list>
<bind>
<opcode="bitconcatenate(1004) " fcode="bitconcatenate"/>
<opset="shl_ln703_4/68 "/>
</bind>
</comp>

<comp id="1226" class="1004" name="sext_ln703_20_fu_1226">
<pin_list>
<pin id="1227" dir="0" index="0" bw="19" slack="0"/>
<pin id="1228" dir="1" index="1" bw="22" slack="0"/>
</pin_list>
<bind>
<opcode="sext(35) " fcode="sext"/>
<opset="sext_ln703_20/68 "/>
</bind>
</comp>

<comp id="1230" class="1004" name="sext_ln1118_36_fu_1230">
<pin_list>
<pin id="1231" dir="0" index="0" bw="36" slack="1"/>
<pin id="1232" dir="1" index="1" bw="47" slack="0"/>
</pin_list>
<bind>
<opcode="sext(35) " fcode="sext"/>
<opset="sext_ln1118_36/69 "/>
</bind>
</comp>

<comp id="1233" class="1004" name="grp_fu_1233">
<pin_list>
<pin id="1234" dir="0" index="0" bw="36" slack="0"/>
<pin id="1235" dir="0" index="1" bw="11" slack="0"/>
<pin id="1236" dir="1" index="2" bw="47" slack="1"/>
</pin_list>
<bind>
<opcode="mul(12) " fcode="mul"/>
<opset="mul_ln1118_7/69 "/>
</bind>
</comp>

<comp id="1239" class="1004" name="shl_ln703_5_fu_1239">
<pin_list>
<pin id="1240" dir="0" index="0" bw="32" slack="0"/>
<pin id="1241" dir="0" index="1" bw="31" slack="0"/>
<pin id="1242" dir="0" index="2" bw="1" slack="0"/>
<pin id="1243" dir="1" index="3" bw="32" slack="0"/>
</pin_list>
<bind>
<opcode="bitconcatenate(1004) " fcode="bitconcatenate"/>
<opset="shl_ln703_5/70 "/>
</bind>
</comp>

<comp id="1246" class="1004" name="add_ln703_8_fu_1246">
<pin_list>
<pin id="1247" dir="0" index="0" bw="32" slack="6"/>
<pin id="1248" dir="0" index="1" bw="32" slack="0"/>
<pin id="1249" dir="1" index="2" bw="32" slack="0"/>
</pin_list>
<bind>
<opcode="add(8) " fcode="add"/>
<opset="add_ln703_8/70 "/>
</bind>
</comp>

<comp id="1251" class="1004" name="shl_ln728_7_fu_1251">
<pin_list>
<pin id="1252" dir="0" index="0" bw="54" slack="0"/>
<pin id="1253" dir="0" index="1" bw="32" slack="0"/>
<pin id="1254" dir="0" index="2" bw="1" slack="0"/>
<pin id="1255" dir="1" index="3" bw="54" slack="0"/>
</pin_list>
<bind>
<opcode="bitconcatenate(1004) " fcode="bitconcatenate"/>
<opset="shl_ln728_7/71 "/>
</bind>
</comp>

<comp id="1258" class="1004" name="sext_ln1192_7_fu_1258">
<pin_list>
<pin id="1259" dir="0" index="0" bw="47" slack="1"/>
<pin id="1260" dir="1" index="1" bw="49" slack="0"/>
</pin_list>
<bind>
<opcode="sext(35) " fcode="sext"/>
<opset="sext_ln1192_7/71 "/>
</bind>
</comp>

<comp id="1261" class="1004" name="zext_ln1192_1_fu_1261">
<pin_list>
<pin id="1262" dir="0" index="0" bw="47" slack="0"/>
<pin id="1263" dir="1" index="1" bw="54" slack="0"/>
</pin_list>
<bind>
<opcode="zext(34) " fcode="zext"/>
<opset="zext_ln1192_1/71 "/>
</bind>
</comp>

<comp id="1265" class="1004" name="add_ln1192_28_fu_1265">
<pin_list>
<pin id="1266" dir="0" index="0" bw="54" slack="0"/>
<pin id="1267" dir="0" index="1" bw="49" slack="0"/>
<pin id="1268" dir="1" index="2" bw="54" slack="0"/>
</pin_list>
<bind>
<opcode="add(8) " fcode="add"/>
<opset="add_ln1192_28/71 "/>
</bind>
</comp>

<comp id="1271" class="1004" name="cost_V_0_write_assign_fu_1271">
<pin_list>
<pin id="1272" dir="0" index="0" bw="32" slack="0"/>
<pin id="1273" dir="0" index="1" bw="54" slack="0"/>
<pin id="1274" dir="0" index="2" bw="6" slack="0"/>
<pin id="1275" dir="0" index="3" bw="7" slack="0"/>
<pin id="1276" dir="1" index="4" bw="32" slack="0"/>
</pin_list>
<bind>
<opcode="partselect(1002) " fcode="partselect"/>
<opset="cost_V_0_write_assign/71 "/>
</bind>
</comp>

<comp id="1281" class="1004" name="or_ln211_fu_1281">
<pin_list>
<pin id="1282" dir="0" index="0" bw="1" slack="13"/>
<pin id="1283" dir="0" index="1" bw="1" slack="13"/>
<pin id="1284" dir="1" index="2" bw="1" slack="0"/>
</pin_list>
<bind>
<opcode="or(24) " fcode="or"/>
<opset="or_ln211/71 "/>
</bind>
</comp>

<comp id="1285" class="1004" name="select_ln4_fu_1285">
<pin_list>
<pin id="1286" dir="0" index="0" bw="1" slack="0"/>
<pin id="1287" dir="0" index="1" bw="32" slack="0"/>
<pin id="1288" dir="0" index="2" bw="32" slack="0"/>
<pin id="1289" dir="1" index="3" bw="32" slack="0"/>
</pin_list>
<bind>
<opcode="select(49) " fcode="select"/>
<opset="select_ln4/71 "/>
</bind>
</comp>

<comp id="1293" class="1004" name="mrv_fu_1293">
<pin_list>
<pin id="1294" dir="0" index="0" bw="64" slack="0"/>
<pin id="1295" dir="0" index="1" bw="32" slack="0"/>
<pin id="1296" dir="1" index="2" bw="64" slack="0"/>
</pin_list>
<bind>
<opcode="insertvalue(57) " fcode="insertvalue"/>
<opset="mrv/71 "/>
</bind>
</comp>

<comp id="1299" class="1004" name="mrv_1_fu_1299">
<pin_list>
<pin id="1300" dir="0" index="0" bw="64" slack="0"/>
<pin id="1301" dir="0" index="1" bw="28" slack="0"/>
<pin id="1302" dir="1" index="2" bw="64" slack="2147483647"/>
</pin_list>
<bind>
<opcode="insertvalue(57) " fcode="insertvalue"/>
<opset="mrv_1/71 "/>
</bind>
</comp>

<comp id="1305" class="1007" name="grp_fu_1305">
<pin_list>
<pin id="1306" dir="0" index="0" bw="18" slack="0"/>
<pin id="1307" dir="0" index="1" bw="18" slack="0"/>
<pin id="1308" dir="1" index="2" bw="29" slack="0"/>
</pin_list>
<bind>
<opcode="mul(12) " fcode="mul"/>
<opset="mul_ln1115/6 "/>
</bind>
</comp>

<comp id="1312" class="1007" name="grp_fu_1312">
<pin_list>
<pin id="1313" dir="0" index="0" bw="18" slack="0"/>
<pin id="1314" dir="0" index="1" bw="18" slack="0"/>
<pin id="1315" dir="1" index="2" bw="36" slack="1"/>
</pin_list>
<bind>
<opcode="mul(12) " fcode="mul"/>
<opset="r_V/6 "/>
</bind>
</comp>

<comp id="1318" class="1007" name="grp_fu_1318">
<pin_list>
<pin id="1319" dir="0" index="0" bw="18" slack="0"/>
<pin id="1320" dir="0" index="1" bw="34" slack="0"/>
<pin id="1321" dir="1" index="2" bw="34" slack="1"/>
</pin_list>
<bind>
<opcode="mul(12) " fcode="mul"/>
<opset="r_V_14/43 "/>
</bind>
</comp>

<comp id="1324" class="1007" name="grp_fu_1324">
<pin_list>
<pin id="1325" dir="0" index="0" bw="18" slack="0"/>
<pin id="1326" dir="0" index="1" bw="18" slack="0"/>
<pin id="1327" dir="1" index="2" bw="34" slack="0"/>
</pin_list>
<bind>
<opcode="mul(12) " fcode="mul"/>
<opset="mul_ln1115_2/46 "/>
</bind>
</comp>

<comp id="1332" class="1007" name="grp_fu_1332">
<pin_list>
<pin id="1333" dir="0" index="0" bw="18" slack="0"/>
<pin id="1334" dir="0" index="1" bw="18" slack="0"/>
<pin id="1335" dir="1" index="2" bw="34" slack="0"/>
</pin_list>
<bind>
<opcode="mul(12) " fcode="mul"/>
<opset="mul_ln708/46 "/>
</bind>
</comp>

<comp id="1339" class="1007" name="grp_fu_1339">
<pin_list>
<pin id="1340" dir="0" index="0" bw="18" slack="0"/>
<pin id="1341" dir="0" index="1" bw="18" slack="0"/>
<pin id="1342" dir="1" index="2" bw="34" slack="0"/>
</pin_list>
<bind>
<opcode="mul(12) " fcode="mul"/>
<opset="mul_ln708_5/47 "/>
</bind>
</comp>

<comp id="1346" class="1007" name="grp_fu_1346">
<pin_list>
<pin id="1347" dir="0" index="0" bw="18" slack="0"/>
<pin id="1348" dir="0" index="1" bw="32" slack="0"/>
<pin id="1349" dir="1" index="2" bw="32" slack="0"/>
</pin_list>
<bind>
<opcode="mul(12) " fcode="mul"/>
<opset="r_V_15/48 "/>
</bind>
</comp>

<comp id="1353" class="1007" name="grp_fu_1353">
<pin_list>
<pin id="1354" dir="0" index="0" bw="18" slack="2"/>
<pin id="1355" dir="0" index="1" bw="18" slack="2"/>
<pin id="1356" dir="0" index="2" bw="34" slack="0"/>
<pin id="1357" dir="1" index="3" bw="34" slack="0"/>
</pin_list>
<bind>
<opcode="muladd(1172) " fcode="muladd"/>
<opset="mul_ln1192/48 add_ln1192/50 "/>
</bind>
</comp>

<comp id="1359" class="1007" name="grp_fu_1359">
<pin_list>
<pin id="1360" dir="0" index="0" bw="18" slack="0"/>
<pin id="1361" dir="0" index="1" bw="18" slack="0"/>
<pin id="1362" dir="0" index="2" bw="34" slack="0"/>
<pin id="1363" dir="1" index="3" bw="34" slack="0"/>
</pin_list>
<bind>
<opcode="muladd(1172) " fcode="muladd"/>
<opset="mul_ln1192_1/49 add_ln1192_1/51 "/>
</bind>
</comp>

<comp id="1368" class="1007" name="grp_fu_1368">
<pin_list>
<pin id="1369" dir="0" index="0" bw="18" slack="3"/>
<pin id="1370" dir="0" index="1" bw="18" slack="0"/>
<pin id="1371" dir="1" index="2" bw="34" slack="0"/>
</pin_list>
<bind>
<opcode="mul(12) " fcode="mul"/>
<opset="mul_ln708_1/49 "/>
</bind>
</comp>

<comp id="1374" class="1007" name="grp_fu_1374">
<pin_list>
<pin id="1375" dir="0" index="0" bw="18" slack="2"/>
<pin id="1376" dir="0" index="1" bw="18" slack="3"/>
<pin id="1377" dir="0" index="2" bw="34" slack="0"/>
<pin id="1378" dir="1" index="3" bw="34" slack="0"/>
</pin_list>
<bind>
<opcode="muladd(1172) " fcode="muladd"/>
<opset="mul_ln1192_8/49 add_ln1192_15/51 "/>
</bind>
</comp>

<comp id="1380" class="1007" name="grp_fu_1380">
<pin_list>
<pin id="1381" dir="0" index="0" bw="18" slack="2"/>
<pin id="1382" dir="0" index="1" bw="18" slack="0"/>
<pin id="1383" dir="1" index="2" bw="34" slack="0"/>
</pin_list>
<bind>
<opcode="mul(12) " fcode="mul"/>
<opset="mul_ln708_6/49 "/>
</bind>
</comp>

<comp id="1386" class="1007" name="grp_fu_1386">
<pin_list>
<pin id="1387" dir="0" index="0" bw="18" slack="0"/>
<pin id="1388" dir="0" index="1" bw="18" slack="4"/>
<pin id="1389" dir="0" index="2" bw="34" slack="0"/>
<pin id="1390" dir="1" index="3" bw="34" slack="0"/>
</pin_list>
<bind>
<opcode="muladd(1172) " fcode="muladd"/>
<opset="mul_ln1192_4/50 add_ln1192_5/52 "/>
</bind>
</comp>

<comp id="1393" class="1007" name="grp_fu_1393">
<pin_list>
<pin id="1394" dir="0" index="0" bw="18" slack="0"/>
<pin id="1395" dir="0" index="1" bw="18" slack="1"/>
<pin id="1396" dir="1" index="2" bw="34" slack="0"/>
</pin_list>
<bind>
<opcode="mul(12) " fcode="mul"/>
<opset="mul_ln708_2/50 "/>
</bind>
</comp>

<comp id="1399" class="1007" name="grp_fu_1399">
<pin_list>
<pin id="1400" dir="0" index="0" bw="18" slack="0"/>
<pin id="1401" dir="0" index="1" bw="18" slack="1"/>
<pin id="1402" dir="0" index="2" bw="34" slack="0"/>
<pin id="1403" dir="1" index="3" bw="34" slack="0"/>
</pin_list>
<bind>
<opcode="muladd(1172) " fcode="muladd"/>
<opset="mul_ln1192_9/50 add_ln1192_16/52 "/>
</bind>
</comp>

<comp id="1407" class="1007" name="grp_fu_1407">
<pin_list>
<pin id="1408" dir="0" index="0" bw="18" slack="0"/>
<pin id="1409" dir="0" index="1" bw="18" slack="4"/>
<pin id="1410" dir="0" index="2" bw="34" slack="0"/>
<pin id="1411" dir="1" index="3" bw="34" slack="0"/>
</pin_list>
<bind>
<opcode="muladd(1172) " fcode="muladd"/>
<opset="mul_ln1192_12/50 add_ln1192_19/52 "/>
</bind>
</comp>

<comp id="1414" class="1007" name="grp_fu_1414">
<pin_list>
<pin id="1415" dir="0" index="0" bw="18" slack="0"/>
<pin id="1416" dir="0" index="1" bw="18" slack="1"/>
<pin id="1417" dir="1" index="2" bw="34" slack="0"/>
</pin_list>
<bind>
<opcode="mul(12) " fcode="mul"/>
<opset="mul_ln708_7/50 "/>
</bind>
</comp>

<comp id="1420" class="1007" name="grp_fu_1420">
<pin_list>
<pin id="1421" dir="0" index="0" bw="18" slack="0"/>
<pin id="1422" dir="0" index="1" bw="31" slack="0"/>
<pin id="1423" dir="1" index="2" bw="31" slack="0"/>
</pin_list>
<bind>
<opcode="mul(12) " fcode="mul"/>
<opset="mul_ln1118/51 "/>
</bind>
</comp>

<comp id="1427" class="1007" name="grp_fu_1427">
<pin_list>
<pin id="1428" dir="0" index="0" bw="18" slack="0"/>
<pin id="1429" dir="0" index="1" bw="16" slack="0"/>
<pin id="1430" dir="1" index="2" bw="34" slack="0"/>
</pin_list>
<bind>
<opcode="mul(12) " fcode="mul"/>
<opset="mul_ln1192_2/51 "/>
</bind>
</comp>

<comp id="1433" class="1007" name="grp_fu_1433">
<pin_list>
<pin id="1434" dir="0" index="0" bw="18" slack="0"/>
<pin id="1435" dir="0" index="1" bw="18" slack="0"/>
<pin id="1436" dir="0" index="2" bw="34" slack="0"/>
<pin id="1437" dir="1" index="3" bw="34" slack="0"/>
</pin_list>
<bind>
<opcode="muladd(1172) " fcode="muladd"/>
<opset="mul_ln1192_3/51 add_ln1192_4/53 "/>
</bind>
</comp>

<comp id="1442" class="1007" name="grp_fu_1442">
<pin_list>
<pin id="1443" dir="0" index="0" bw="18" slack="0"/>
<pin id="1444" dir="0" index="1" bw="18" slack="0"/>
<pin id="1445" dir="0" index="2" bw="34" slack="0"/>
<pin id="1446" dir="1" index="3" bw="34" slack="0"/>
</pin_list>
<bind>
<opcode="muladd(1172) " fcode="muladd"/>
<opset="mul_ln1192_5/51 add_ln1192_6/53 "/>
</bind>
</comp>

<comp id="1451" class="1007" name="grp_fu_1451">
<pin_list>
<pin id="1452" dir="0" index="0" bw="18" slack="0"/>
<pin id="1453" dir="0" index="1" bw="18" slack="0"/>
<pin id="1454" dir="1" index="2" bw="34" slack="0"/>
</pin_list>
<bind>
<opcode="mul(12) " fcode="mul"/>
<opset="mul_ln708_3/51 "/>
</bind>
</comp>

<comp id="1458" class="1007" name="grp_fu_1458">
<pin_list>
<pin id="1459" dir="0" index="0" bw="18" slack="0"/>
<pin id="1460" dir="0" index="1" bw="31" slack="0"/>
<pin id="1461" dir="1" index="2" bw="31" slack="0"/>
</pin_list>
<bind>
<opcode="mul(12) " fcode="mul"/>
<opset="mul_ln1118_4/51 "/>
</bind>
</comp>

<comp id="1465" class="1007" name="grp_fu_1465">
<pin_list>
<pin id="1466" dir="0" index="0" bw="18" slack="0"/>
<pin id="1467" dir="0" index="1" bw="16" slack="0"/>
<pin id="1468" dir="1" index="2" bw="34" slack="0"/>
</pin_list>
<bind>
<opcode="mul(12) " fcode="mul"/>
<opset="mul_ln1192_10/51 "/>
</bind>
</comp>

<comp id="1471" class="1007" name="grp_fu_1471">
<pin_list>
<pin id="1472" dir="0" index="0" bw="18" slack="0"/>
<pin id="1473" dir="0" index="1" bw="18" slack="0"/>
<pin id="1474" dir="0" index="2" bw="34" slack="0"/>
<pin id="1475" dir="1" index="3" bw="34" slack="0"/>
</pin_list>
<bind>
<opcode="muladd(1172) " fcode="muladd"/>
<opset="mul_ln1192_11/51 add_ln1192_18/53 "/>
</bind>
</comp>

<comp id="1480" class="1007" name="grp_fu_1480">
<pin_list>
<pin id="1481" dir="0" index="0" bw="18" slack="0"/>
<pin id="1482" dir="0" index="1" bw="18" slack="0"/>
<pin id="1483" dir="0" index="2" bw="34" slack="0"/>
<pin id="1484" dir="1" index="3" bw="34" slack="0"/>
</pin_list>
<bind>
<opcode="muladd(1172) " fcode="muladd"/>
<opset="mul_ln1192_13/51 add_ln1192_20/53 "/>
</bind>
</comp>

<comp id="1489" class="1007" name="grp_fu_1489">
<pin_list>
<pin id="1490" dir="0" index="0" bw="18" slack="0"/>
<pin id="1491" dir="0" index="1" bw="18" slack="0"/>
<pin id="1492" dir="1" index="2" bw="34" slack="0"/>
</pin_list>
<bind>
<opcode="mul(12) " fcode="mul"/>
<opset="mul_ln708_8/51 "/>
</bind>
</comp>

<comp id="1496" class="1007" name="grp_fu_1496">
<pin_list>
<pin id="1497" dir="0" index="0" bw="18" slack="0"/>
<pin id="1498" dir="0" index="1" bw="32" slack="0"/>
<pin id="1499" dir="0" index="2" bw="34" slack="0"/>
<pin id="1500" dir="1" index="3" bw="34" slack="0"/>
</pin_list>
<bind>
<opcode="muladd(1172) " fcode="muladd"/>
<opset="mul_ln1118_1/52 sext_ln703_10/54 add_ln1192_3/54 "/>
</bind>
</comp>

<comp id="1505" class="1007" name="grp_fu_1505">
<pin_list>
<pin id="1506" dir="0" index="0" bw="18" slack="0"/>
<pin id="1507" dir="0" index="1" bw="18" slack="0"/>
<pin id="1508" dir="1" index="2" bw="33" slack="0"/>
</pin_list>
<bind>
<opcode="mul(12) " fcode="mul"/>
<opset="mul_ln708_4/52 "/>
</bind>
</comp>

<comp id="1512" class="1007" name="grp_fu_1512">
<pin_list>
<pin id="1513" dir="0" index="0" bw="18" slack="0"/>
<pin id="1514" dir="0" index="1" bw="32" slack="0"/>
<pin id="1515" dir="0" index="2" bw="34" slack="0"/>
<pin id="1516" dir="1" index="3" bw="34" slack="0"/>
</pin_list>
<bind>
<opcode="muladd(1172) " fcode="muladd"/>
<opset="mul_ln1118_5/52 sext_ln703_16/54 add_ln1192_17/54 "/>
</bind>
</comp>

<comp id="1521" class="1007" name="grp_fu_1521">
<pin_list>
<pin id="1522" dir="0" index="0" bw="18" slack="0"/>
<pin id="1523" dir="0" index="1" bw="18" slack="0"/>
<pin id="1524" dir="1" index="2" bw="33" slack="0"/>
</pin_list>
<bind>
<opcode="mul(12) " fcode="mul"/>
<opset="mul_ln1192_6/55 "/>
</bind>
</comp>

<comp id="1527" class="1007" name="grp_fu_1527">
<pin_list>
<pin id="1528" dir="0" index="0" bw="18" slack="0"/>
<pin id="1529" dir="0" index="1" bw="18" slack="0"/>
<pin id="1530" dir="1" index="2" bw="33" slack="0"/>
</pin_list>
<bind>
<opcode="mul(12) " fcode="mul"/>
<opset="mul_ln1192_7/55 "/>
</bind>
</comp>

<comp id="1533" class="1007" name="grp_fu_1533">
<pin_list>
<pin id="1534" dir="0" index="0" bw="16" slack="0"/>
<pin id="1535" dir="0" index="1" bw="18" slack="0"/>
<pin id="1536" dir="0" index="2" bw="33" slack="0"/>
<pin id="1537" dir="1" index="3" bw="33" slack="0"/>
</pin_list>
<bind>
<opcode="muladd(1172) " fcode="muladd"/>
<opset="mul_ln703_4/56 add_ln1192_8/58 "/>
</bind>
</comp>

<comp id="1542" class="1007" name="grp_fu_1542">
<pin_list>
<pin id="1543" dir="0" index="0" bw="18" slack="0"/>
<pin id="1544" dir="0" index="1" bw="18" slack="0"/>
<pin id="1545" dir="0" index="2" bw="33" slack="0"/>
<pin id="1546" dir="1" index="3" bw="33" slack="0"/>
</pin_list>
<bind>
<opcode="muladd(1172) " fcode="muladd"/>
<opset="mul_ln703_5/56 add_ln1192_10/58 "/>
</bind>
</comp>

<comp id="1551" class="1007" name="grp_fu_1551">
<pin_list>
<pin id="1552" dir="0" index="0" bw="18" slack="0"/>
<pin id="1553" dir="0" index="1" bw="18" slack="0"/>
<pin id="1554" dir="1" index="2" bw="36" slack="1"/>
</pin_list>
<bind>
<opcode="mul(12) " fcode="mul"/>
<opset="mul_ln1118_2/58 "/>
</bind>
</comp>

<comp id="1557" class="1007" name="grp_fu_1557">
<pin_list>
<pin id="1558" dir="0" index="0" bw="18" slack="0"/>
<pin id="1559" dir="0" index="1" bw="18" slack="0"/>
<pin id="1560" dir="1" index="2" bw="33" slack="0"/>
</pin_list>
<bind>
<opcode="mul(12) " fcode="mul"/>
<opset="mul_ln708_9/59 "/>
</bind>
</comp>

<comp id="1564" class="1007" name="grp_fu_1564">
<pin_list>
<pin id="1565" dir="0" index="0" bw="18" slack="0"/>
<pin id="1566" dir="0" index="1" bw="18" slack="0"/>
<pin id="1567" dir="1" index="2" bw="31" slack="0"/>
</pin_list>
<bind>
<opcode="mul(12) " fcode="mul"/>
<opset="mul_ln703_1/60 "/>
</bind>
</comp>

<comp id="1571" class="1007" name="grp_fu_1571">
<pin_list>
<pin id="1572" dir="0" index="0" bw="21" slack="0"/>
<pin id="1573" dir="0" index="1" bw="19" slack="0"/>
<pin id="1574" dir="0" index="2" bw="18" slack="0"/>
<pin id="1575" dir="0" index="3" bw="32" slack="0"/>
<pin id="1576" dir="1" index="4" bw="32" slack="0"/>
</pin_list>
<bind>
<opcode="addmuladd(1175) " fcode="addmuladd"/>
<opset="add_ln703_3/61 sext_ln703_15/61 mul_ln703/61 add_ln703_4/63 "/>
</bind>
</comp>

<comp id="1582" class="1007" name="grp_fu_1582">
<pin_list>
<pin id="1583" dir="0" index="0" bw="18" slack="0"/>
<pin id="1584" dir="0" index="1" bw="18" slack="0"/>
<pin id="1585" dir="1" index="2" bw="33" slack="0"/>
</pin_list>
<bind>
<opcode="mul(12) " fcode="mul"/>
<opset="mul_ln1192_14/62 "/>
</bind>
</comp>

<comp id="1588" class="1007" name="grp_fu_1588">
<pin_list>
<pin id="1589" dir="0" index="0" bw="18" slack="0"/>
<pin id="1590" dir="0" index="1" bw="18" slack="0"/>
<pin id="1591" dir="1" index="2" bw="33" slack="0"/>
</pin_list>
<bind>
<opcode="mul(12) " fcode="mul"/>
<opset="mul_ln1192_15/62 "/>
</bind>
</comp>

<comp id="1594" class="1007" name="grp_fu_1594">
<pin_list>
<pin id="1595" dir="0" index="0" bw="16" slack="0"/>
<pin id="1596" dir="0" index="1" bw="18" slack="0"/>
<pin id="1597" dir="0" index="2" bw="33" slack="0"/>
<pin id="1598" dir="1" index="3" bw="33" slack="0"/>
</pin_list>
<bind>
<opcode="muladd(1172) " fcode="muladd"/>
<opset="mul_ln703_6/63 add_ln1192_22/65 "/>
</bind>
</comp>

<comp id="1603" class="1007" name="grp_fu_1603">
<pin_list>
<pin id="1604" dir="0" index="0" bw="18" slack="0"/>
<pin id="1605" dir="0" index="1" bw="18" slack="0"/>
<pin id="1606" dir="0" index="2" bw="33" slack="0"/>
<pin id="1607" dir="1" index="3" bw="33" slack="0"/>
</pin_list>
<bind>
<opcode="muladd(1172) " fcode="muladd"/>
<opset="mul_ln703_7/63 add_ln1192_24/65 "/>
</bind>
</comp>

<comp id="1612" class="1007" name="grp_fu_1612">
<pin_list>
<pin id="1613" dir="0" index="0" bw="18" slack="0"/>
<pin id="1614" dir="0" index="1" bw="18" slack="0"/>
<pin id="1615" dir="1" index="2" bw="36" slack="1"/>
</pin_list>
<bind>
<opcode="mul(12) " fcode="mul"/>
<opset="mul_ln1118_6/65 "/>
</bind>
</comp>

<comp id="1618" class="1007" name="grp_fu_1618">
<pin_list>
<pin id="1619" dir="0" index="0" bw="18" slack="0"/>
<pin id="1620" dir="0" index="1" bw="18" slack="0"/>
<pin id="1621" dir="1" index="2" bw="31" slack="0"/>
</pin_list>
<bind>
<opcode="mul(12) " fcode="mul"/>
<opset="mul_ln703_3/67 "/>
</bind>
</comp>

<comp id="1625" class="1007" name="grp_fu_1625">
<pin_list>
<pin id="1626" dir="0" index="0" bw="21" slack="0"/>
<pin id="1627" dir="0" index="1" bw="19" slack="0"/>
<pin id="1628" dir="0" index="2" bw="18" slack="0"/>
<pin id="1629" dir="0" index="3" bw="32" slack="0"/>
<pin id="1630" dir="1" index="4" bw="32" slack="0"/>
</pin_list>
<bind>
<opcode="addmuladd(1175) " fcode="addmuladd"/>
<opset="add_ln703_7/68 sext_ln703_21/68 mul_ln703_2/68 add_ln703_9/70 "/>
</bind>
</comp>

<comp id="1636" class="1005" name="p_read_reg_1636">
<pin_list>
<pin id="1637" dir="0" index="0" bw="18" slack="5"/>
<pin id="1638" dir="1" index="1" bw="18" slack="5"/>
</pin_list>
<bind>
<opset="p_read "/>
</bind>
</comp>

<comp id="1644" class="1005" name="p_read_10_reg_1644">
<pin_list>
<pin id="1645" dir="0" index="0" bw="18" slack="5"/>
<pin id="1646" dir="1" index="1" bw="18" slack="5"/>
</pin_list>
<bind>
<opset="p_read_10 "/>
</bind>
</comp>

<comp id="1649" class="1005" name="p_read106_reg_1649">
<pin_list>
<pin id="1650" dir="0" index="0" bw="18" slack="5"/>
<pin id="1651" dir="1" index="1" bw="18" slack="5"/>
</pin_list>
<bind>
<opset="p_read106 "/>
</bind>
</comp>

<comp id="1656" class="1005" name="p_read95_reg_1656">
<pin_list>
<pin id="1657" dir="0" index="0" bw="18" slack="51"/>
<pin id="1658" dir="1" index="1" bw="18" slack="51"/>
</pin_list>
<bind>
<opset="p_read95 "/>
</bind>
</comp>

<comp id="1661" class="1005" name="p_read84_reg_1661">
<pin_list>
<pin id="1662" dir="0" index="0" bw="18" slack="51"/>
<pin id="1663" dir="1" index="1" bw="18" slack="51"/>
</pin_list>
<bind>
<opset="p_read84 "/>
</bind>
</comp>

<comp id="1666" class="1005" name="p_read73_reg_1666">
<pin_list>
<pin id="1667" dir="0" index="0" bw="18" slack="46"/>
<pin id="1668" dir="1" index="1" bw="18" slack="46"/>
</pin_list>
<bind>
<opset="p_read73 "/>
</bind>
</comp>

<comp id="1675" class="1005" name="p_read22_reg_1675">
<pin_list>
<pin id="1676" dir="0" index="0" bw="18" slack="45"/>
<pin id="1677" dir="1" index="1" bw="18" slack="45"/>
</pin_list>
<bind>
<opset="p_read22 "/>
</bind>
</comp>

<comp id="1684" class="1005" name="sext_ln1148_2_reg_1684">
<pin_list>
<pin id="1685" dir="0" index="0" bw="42" slack="1"/>
<pin id="1686" dir="1" index="1" bw="42" slack="1"/>
</pin_list>
<bind>
<opset="sext_ln1148_2 "/>
</bind>
</comp>

<comp id="1689" class="1005" name="sext_ln727_reg_1689">
<pin_list>
<pin id="1690" dir="0" index="0" bw="29" slack="1"/>
<pin id="1691" dir="1" index="1" bw="29" slack="1"/>
</pin_list>
<bind>
<opset="sext_ln727 "/>
</bind>
</comp>

<comp id="1694" class="1005" name="sext_ln1115_reg_1694">
<pin_list>
<pin id="1695" dir="0" index="0" bw="29" slack="1"/>
<pin id="1696" dir="1" index="1" bw="29" slack="1"/>
</pin_list>
<bind>
<opset="sext_ln1115 "/>
</bind>
</comp>

<comp id="1699" class="1005" name="sext_ln1116_reg_1699">
<pin_list>
<pin id="1700" dir="0" index="0" bw="36" slack="1"/>
<pin id="1701" dir="1" index="1" bw="36" slack="1"/>
</pin_list>
<bind>
<opset="sext_ln1116 "/>
</bind>
</comp>

<comp id="1705" class="1005" name="vTmp_reg_1705">
<pin_list>
<pin id="1706" dir="0" index="0" bw="18" slack="1"/>
<pin id="1707" dir="1" index="1" bw="18" slack="1"/>
</pin_list>
<bind>
<opset="vTmp "/>
</bind>
</comp>

<comp id="1710" class="1005" name="r_V_reg_1710">
<pin_list>
<pin id="1711" dir="0" index="0" bw="36" slack="1"/>
<pin id="1712" dir="1" index="1" bw="36" slack="1"/>
</pin_list>
<bind>
<opset="r_V "/>
</bind>
</comp>

<comp id="1715" class="1005" name="t_1_reg_1715">
<pin_list>
<pin id="1716" dir="0" index="0" bw="47" slack="1"/>
<pin id="1717" dir="1" index="1" bw="47" slack="1"/>
</pin_list>
<bind>
<opset="t_1 "/>
</bind>
</comp>

<comp id="1720" class="1005" name="sext_ln1148_1_reg_1720">
<pin_list>
<pin id="1721" dir="0" index="0" bw="47" slack="1"/>
<pin id="1722" dir="1" index="1" bw="47" slack="1"/>
</pin_list>
<bind>
<opset="sext_ln1148_1 "/>
</bind>
</comp>

<comp id="1725" class="1005" name="t_reg_1725">
<pin_list>
<pin id="1726" dir="0" index="0" bw="29" slack="1"/>
<pin id="1727" dir="1" index="1" bw="29" slack="1"/>
</pin_list>
<bind>
<opset="t "/>
</bind>
</comp>

<comp id="1730" class="1005" name="sext_ln1148_reg_1730">
<pin_list>
<pin id="1731" dir="0" index="0" bw="29" slack="1"/>
<pin id="1732" dir="1" index="1" bw="29" slack="1"/>
</pin_list>
<bind>
<opset="sext_ln1148 "/>
</bind>
</comp>

<comp id="1735" class="1005" name="sext_ln1115_3_reg_1735">
<pin_list>
<pin id="1736" dir="0" index="0" bw="34" slack="1"/>
<pin id="1737" dir="1" index="1" bw="34" slack="1"/>
</pin_list>
<bind>
<opset="sext_ln1115_3 "/>
</bind>
</comp>

<comp id="1740" class="1005" name="A0T_V_reg_1740">
<pin_list>
<pin id="1741" dir="0" index="0" bw="18" slack="2"/>
<pin id="1742" dir="1" index="1" bw="18" slack="2"/>
</pin_list>
<bind>
<opset="A0T_V "/>
</bind>
</comp>

<comp id="1747" class="1005" name="sext_ln1118_5_reg_1747">
<pin_list>
<pin id="1748" dir="0" index="0" bw="34" slack="1"/>
<pin id="1749" dir="1" index="1" bw="34" slack="1"/>
</pin_list>
<bind>
<opset="sext_ln1118_5 "/>
</bind>
</comp>

<comp id="1757" class="1005" name="r_V_14_reg_1757">
<pin_list>
<pin id="1758" dir="0" index="0" bw="34" slack="1"/>
<pin id="1759" dir="1" index="1" bw="34" slack="1"/>
</pin_list>
<bind>
<opset="r_V_14 "/>
</bind>
</comp>

<comp id="1762" class="1005" name="sext_ln1118_4_reg_1762">
<pin_list>
<pin id="1763" dir="0" index="0" bw="34" slack="1"/>
<pin id="1764" dir="1" index="1" bw="34" slack="1"/>
</pin_list>
<bind>
<opset="sext_ln1118_4 "/>
</bind>
</comp>

<comp id="1770" class="1005" name="sext_ln1115_4_reg_1770">
<pin_list>
<pin id="1771" dir="0" index="0" bw="44" slack="1"/>
<pin id="1772" dir="1" index="1" bw="44" slack="1"/>
</pin_list>
<bind>
<opset="sext_ln1115_4 "/>
</bind>
</comp>

<comp id="1775" class="1005" name="sext_ln1118_25_reg_1775">
<pin_list>
<pin id="1776" dir="0" index="0" bw="34" slack="1"/>
<pin id="1777" dir="1" index="1" bw="34" slack="1"/>
</pin_list>
<bind>
<opset="sext_ln1118_25 "/>
</bind>
</comp>

<comp id="1783" class="1005" name="sext_ln1115_2_reg_1783">
<pin_list>
<pin id="1784" dir="0" index="0" bw="32" slack="1"/>
<pin id="1785" dir="1" index="1" bw="32" slack="1"/>
</pin_list>
<bind>
<opset="sext_ln1115_2 "/>
</bind>
</comp>

<comp id="1788" class="1005" name="bT_V_reg_1788">
<pin_list>
<pin id="1789" dir="0" index="0" bw="18" slack="1"/>
<pin id="1790" dir="1" index="1" bw="18" slack="1"/>
</pin_list>
<bind>
<opset="bT_V "/>
</bind>
</comp>

<comp id="1795" class="1005" name="A1T2_V_2_reg_1795">
<pin_list>
<pin id="1796" dir="0" index="0" bw="18" slack="2"/>
<pin id="1797" dir="1" index="1" bw="18" slack="2"/>
</pin_list>
<bind>
<opset="A1T2_V_2 "/>
</bind>
</comp>

<comp id="1800" class="1005" name="trunc_ln_reg_1800">
<pin_list>
<pin id="1801" dir="0" index="0" bw="18" slack="2"/>
<pin id="1802" dir="1" index="1" bw="18" slack="2"/>
</pin_list>
<bind>
<opset="trunc_ln "/>
</bind>
</comp>

<comp id="1805" class="1005" name="sext_ln1118_6_reg_1805">
<pin_list>
<pin id="1806" dir="0" index="0" bw="34" slack="1"/>
<pin id="1807" dir="1" index="1" bw="34" slack="1"/>
</pin_list>
<bind>
<opset="sext_ln1118_6 "/>
</bind>
</comp>

<comp id="1810" class="1005" name="sext_ln1118_7_reg_1810">
<pin_list>
<pin id="1811" dir="0" index="0" bw="34" slack="1"/>
<pin id="1812" dir="1" index="1" bw="34" slack="1"/>
</pin_list>
<bind>
<opset="sext_ln1118_7 "/>
</bind>
</comp>

<comp id="1816" class="1005" name="sext_ln1118_8_reg_1816">
<pin_list>
<pin id="1817" dir="0" index="0" bw="34" slack="1"/>
<pin id="1818" dir="1" index="1" bw="34" slack="1"/>
</pin_list>
<bind>
<opset="sext_ln1118_8 "/>
</bind>
</comp>

<comp id="1824" class="1005" name="sub_ln703_reg_1824">
<pin_list>
<pin id="1825" dir="0" index="0" bw="18" slack="2"/>
<pin id="1826" dir="1" index="1" bw="18" slack="2"/>
</pin_list>
<bind>
<opset="sub_ln703 "/>
</bind>
</comp>

<comp id="1831" class="1005" name="sext_ln1118_17_reg_1831">
<pin_list>
<pin id="1832" dir="0" index="0" bw="34" slack="1"/>
<pin id="1833" dir="1" index="1" bw="34" slack="1"/>
</pin_list>
<bind>
<opset="sext_ln1118_17 "/>
</bind>
</comp>

<comp id="1837" class="1005" name="trunc_ln708_11_reg_1837">
<pin_list>
<pin id="1838" dir="0" index="0" bw="18" slack="1"/>
<pin id="1839" dir="1" index="1" bw="18" slack="1"/>
</pin_list>
<bind>
<opset="trunc_ln708_11 "/>
</bind>
</comp>

<comp id="1842" class="1005" name="sub_ln703_5_reg_1842">
<pin_list>
<pin id="1843" dir="0" index="0" bw="18" slack="2"/>
<pin id="1844" dir="1" index="1" bw="18" slack="2"/>
</pin_list>
<bind>
<opset="sub_ln703_5 "/>
</bind>
</comp>

<comp id="1849" class="1005" name="sext_ln1118_26_reg_1849">
<pin_list>
<pin id="1850" dir="0" index="0" bw="34" slack="1"/>
<pin id="1851" dir="1" index="1" bw="34" slack="1"/>
</pin_list>
<bind>
<opset="sext_ln1118_26 "/>
</bind>
</comp>

<comp id="1854" class="1005" name="sext_ln1118_32_reg_1854">
<pin_list>
<pin id="1855" dir="0" index="0" bw="34" slack="1"/>
<pin id="1856" dir="1" index="1" bw="34" slack="1"/>
</pin_list>
<bind>
<opset="sext_ln1118_32 "/>
</bind>
</comp>

<comp id="1860" class="1005" name="add_ln1192_reg_1860">
<pin_list>
<pin id="1861" dir="0" index="0" bw="34" slack="1"/>
<pin id="1862" dir="1" index="1" bw="34" slack="1"/>
</pin_list>
<bind>
<opset="add_ln1192 "/>
</bind>
</comp>

<comp id="1865" class="1005" name="sext_ln1118_9_reg_1865">
<pin_list>
<pin id="1866" dir="0" index="0" bw="31" slack="1"/>
<pin id="1867" dir="1" index="1" bw="31" slack="1"/>
</pin_list>
<bind>
<opset="sext_ln1118_9 "/>
</bind>
</comp>

<comp id="1870" class="1005" name="sext_ln1118_12_reg_1870">
<pin_list>
<pin id="1871" dir="0" index="0" bw="34" slack="1"/>
<pin id="1872" dir="1" index="1" bw="34" slack="1"/>
</pin_list>
<bind>
<opset="sext_ln1118_12 "/>
</bind>
</comp>

<comp id="1878" class="1005" name="sext_ln1118_13_reg_1878">
<pin_list>
<pin id="1879" dir="0" index="0" bw="34" slack="1"/>
<pin id="1880" dir="1" index="1" bw="34" slack="1"/>
</pin_list>
<bind>
<opset="sext_ln1118_13 "/>
</bind>
</comp>

<comp id="1884" class="1005" name="sext_ln1118_16_reg_1884">
<pin_list>
<pin id="1885" dir="0" index="0" bw="34" slack="1"/>
<pin id="1886" dir="1" index="1" bw="34" slack="1"/>
</pin_list>
<bind>
<opset="sext_ln1118_16 "/>
</bind>
</comp>

<comp id="1890" class="1005" name="sext_ln1118_19_reg_1890">
<pin_list>
<pin id="1891" dir="0" index="0" bw="34" slack="1"/>
<pin id="1892" dir="1" index="1" bw="34" slack="1"/>
</pin_list>
<bind>
<opset="sext_ln1118_19 "/>
</bind>
</comp>

<comp id="1896" class="1005" name="sext_ln1118_20_reg_1896">
<pin_list>
<pin id="1897" dir="0" index="0" bw="34" slack="1"/>
<pin id="1898" dir="1" index="1" bw="34" slack="1"/>
</pin_list>
<bind>
<opset="sext_ln1118_20 "/>
</bind>
</comp>

<comp id="1902" class="1005" name="sext_ln1118_27_reg_1902">
<pin_list>
<pin id="1903" dir="0" index="0" bw="31" slack="1"/>
<pin id="1904" dir="1" index="1" bw="31" slack="1"/>
</pin_list>
<bind>
<opset="sext_ln1118_27 "/>
</bind>
</comp>

<comp id="1907" class="1005" name="sext_ln1118_29_reg_1907">
<pin_list>
<pin id="1908" dir="0" index="0" bw="34" slack="1"/>
<pin id="1909" dir="1" index="1" bw="34" slack="1"/>
</pin_list>
<bind>
<opset="sext_ln1118_29 "/>
</bind>
</comp>

<comp id="1915" class="1005" name="sext_ln1118_11_reg_1915">
<pin_list>
<pin id="1916" dir="0" index="0" bw="32" slack="1"/>
<pin id="1917" dir="1" index="1" bw="32" slack="1"/>
</pin_list>
<bind>
<opset="sext_ln1118_11 "/>
</bind>
</comp>

<comp id="1920" class="1005" name="trunc_ln708_9_reg_1920">
<pin_list>
<pin id="1921" dir="0" index="0" bw="18" slack="4"/>
<pin id="1922" dir="1" index="1" bw="18" slack="4"/>
</pin_list>
<bind>
<opset="trunc_ln708_9 "/>
</bind>
</comp>

<comp id="1926" class="1005" name="sext_ln708_1_reg_1926">
<pin_list>
<pin id="1927" dir="0" index="0" bw="33" slack="1"/>
<pin id="1928" dir="1" index="1" bw="33" slack="1"/>
</pin_list>
<bind>
<opset="sext_ln708_1 "/>
</bind>
</comp>

<comp id="1931" class="1005" name="sext_ln708_2_reg_1931">
<pin_list>
<pin id="1932" dir="0" index="0" bw="33" slack="1"/>
<pin id="1933" dir="1" index="1" bw="33" slack="1"/>
</pin_list>
<bind>
<opset="sext_ln708_2 "/>
</bind>
</comp>

<comp id="1936" class="1005" name="add_ln1192_15_reg_1936">
<pin_list>
<pin id="1937" dir="0" index="0" bw="34" slack="1"/>
<pin id="1938" dir="1" index="1" bw="34" slack="1"/>
</pin_list>
<bind>
<opset="add_ln1192_15 "/>
</bind>
</comp>

<comp id="1941" class="1005" name="sext_ln1118_28_reg_1941">
<pin_list>
<pin id="1942" dir="0" index="0" bw="32" slack="1"/>
<pin id="1943" dir="1" index="1" bw="32" slack="1"/>
</pin_list>
<bind>
<opset="sext_ln1118_28 "/>
</bind>
</comp>

<comp id="1946" class="1005" name="tmp_3_reg_1946">
<pin_list>
<pin id="1947" dir="0" index="0" bw="18" slack="8"/>
<pin id="1948" dir="1" index="1" bw="18" slack="8"/>
</pin_list>
<bind>
<opset="tmp_3 "/>
</bind>
</comp>

<comp id="1951" class="1005" name="sub_ln703_9_reg_1951">
<pin_list>
<pin id="1952" dir="0" index="0" bw="34" slack="1"/>
<pin id="1953" dir="1" index="1" bw="34" slack="1"/>
</pin_list>
<bind>
<opset="sub_ln703_9 "/>
</bind>
</comp>

<comp id="1956" class="1005" name="add_ln1192_5_reg_1956">
<pin_list>
<pin id="1957" dir="0" index="0" bw="34" slack="1"/>
<pin id="1958" dir="1" index="1" bw="34" slack="1"/>
</pin_list>
<bind>
<opset="add_ln1192_5 "/>
</bind>
</comp>

<comp id="1961" class="1005" name="tmp_1_reg_1961">
<pin_list>
<pin id="1962" dir="0" index="0" bw="18" slack="6"/>
<pin id="1963" dir="1" index="1" bw="18" slack="6"/>
</pin_list>
<bind>
<opset="tmp_1 "/>
</bind>
</comp>

<comp id="1966" class="1005" name="trunc_ln708_12_reg_1966">
<pin_list>
<pin id="1967" dir="0" index="0" bw="18" slack="6"/>
<pin id="1968" dir="1" index="1" bw="18" slack="6"/>
</pin_list>
<bind>
<opset="trunc_ln708_12 "/>
</bind>
</comp>

<comp id="1971" class="1005" name="sub_ln703_10_reg_1971">
<pin_list>
<pin id="1972" dir="0" index="0" bw="34" slack="1"/>
<pin id="1973" dir="1" index="1" bw="34" slack="1"/>
</pin_list>
<bind>
<opset="sub_ln703_10 "/>
</bind>
</comp>

<comp id="1976" class="1005" name="add_ln1192_19_reg_1976">
<pin_list>
<pin id="1977" dir="0" index="0" bw="34" slack="1"/>
<pin id="1978" dir="1" index="1" bw="34" slack="1"/>
</pin_list>
<bind>
<opset="add_ln1192_19 "/>
</bind>
</comp>

<comp id="1981" class="1005" name="tmp_4_reg_1981">
<pin_list>
<pin id="1982" dir="0" index="0" bw="18" slack="13"/>
<pin id="1983" dir="1" index="1" bw="18" slack="13"/>
</pin_list>
<bind>
<opset="tmp_4 "/>
</bind>
</comp>

<comp id="1986" class="1005" name="trunc_ln708_2_reg_1986">
<pin_list>
<pin id="1987" dir="0" index="0" bw="15" slack="2"/>
<pin id="1988" dir="1" index="1" bw="15" slack="2"/>
</pin_list>
<bind>
<opset="trunc_ln708_2 "/>
</bind>
</comp>

<comp id="1991" class="1005" name="mul_ln1192_2_reg_1991">
<pin_list>
<pin id="1992" dir="0" index="0" bw="34" slack="1"/>
<pin id="1993" dir="1" index="1" bw="34" slack="1"/>
</pin_list>
<bind>
<opset="mul_ln1192_2 "/>
</bind>
</comp>

<comp id="1996" class="1005" name="trunc_ln708_5_reg_1996">
<pin_list>
<pin id="1997" dir="0" index="0" bw="18" slack="2"/>
<pin id="1998" dir="1" index="1" bw="18" slack="2"/>
</pin_list>
<bind>
<opset="trunc_ln708_5 "/>
</bind>
</comp>

<comp id="2001" class="1005" name="trunc_ln708_6_reg_2001">
<pin_list>
<pin id="2002" dir="0" index="0" bw="18" slack="1"/>
<pin id="2003" dir="1" index="1" bw="18" slack="1"/>
</pin_list>
<bind>
<opset="trunc_ln708_6 "/>
</bind>
</comp>

<comp id="2006" class="1005" name="tmp_2_reg_2006">
<pin_list>
<pin id="2007" dir="0" index="0" bw="18" slack="5"/>
<pin id="2008" dir="1" index="1" bw="18" slack="5"/>
</pin_list>
<bind>
<opset="tmp_2 "/>
</bind>
</comp>

<comp id="2011" class="1005" name="trunc_ln708_13_reg_2011">
<pin_list>
<pin id="2012" dir="0" index="0" bw="15" slack="9"/>
<pin id="2013" dir="1" index="1" bw="15" slack="9"/>
</pin_list>
<bind>
<opset="trunc_ln708_13 "/>
</bind>
</comp>

<comp id="2016" class="1005" name="mul_ln1192_10_reg_2016">
<pin_list>
<pin id="2017" dir="0" index="0" bw="34" slack="1"/>
<pin id="2018" dir="1" index="1" bw="34" slack="1"/>
</pin_list>
<bind>
<opset="mul_ln1192_10 "/>
</bind>
</comp>

<comp id="2021" class="1005" name="trunc_ln708_15_reg_2021">
<pin_list>
<pin id="2022" dir="0" index="0" bw="18" slack="9"/>
<pin id="2023" dir="1" index="1" bw="18" slack="9"/>
</pin_list>
<bind>
<opset="trunc_ln708_15 "/>
</bind>
</comp>

<comp id="2026" class="1005" name="trunc_ln708_16_reg_2026">
<pin_list>
<pin id="2027" dir="0" index="0" bw="18" slack="8"/>
<pin id="2028" dir="1" index="1" bw="18" slack="8"/>
</pin_list>
<bind>
<opset="trunc_ln708_16 "/>
</bind>
</comp>

<comp id="2031" class="1005" name="tmp_5_reg_2031">
<pin_list>
<pin id="2032" dir="0" index="0" bw="18" slack="12"/>
<pin id="2033" dir="1" index="1" bw="18" slack="12"/>
</pin_list>
<bind>
<opset="tmp_5 "/>
</bind>
</comp>

<comp id="2036" class="1005" name="trunc_ln708_3_reg_2036">
<pin_list>
<pin id="2037" dir="0" index="0" bw="18" slack="4"/>
<pin id="2038" dir="1" index="1" bw="18" slack="4"/>
</pin_list>
<bind>
<opset="trunc_ln708_3 "/>
</bind>
</comp>

<comp id="2041" class="1005" name="sext_ln1118_21_reg_2041">
<pin_list>
<pin id="2042" dir="0" index="0" bw="33" slack="1"/>
<pin id="2043" dir="1" index="1" bw="33" slack="1"/>
</pin_list>
<bind>
<opset="sext_ln1118_21 "/>
</bind>
</comp>

<comp id="2047" class="1005" name="sext_ln1118_22_reg_2047">
<pin_list>
<pin id="2048" dir="0" index="0" bw="33" slack="1"/>
<pin id="2049" dir="1" index="1" bw="33" slack="1"/>
</pin_list>
<bind>
<opset="sext_ln1118_22 "/>
</bind>
</comp>

<comp id="2052" class="1005" name="sext_ln1118_23_reg_2052">
<pin_list>
<pin id="2053" dir="0" index="0" bw="33" slack="1"/>
<pin id="2054" dir="1" index="1" bw="33" slack="1"/>
</pin_list>
<bind>
<opset="sext_ln1118_23 "/>
</bind>
</comp>

<comp id="2057" class="1005" name="trunc_ln708_14_reg_2057">
<pin_list>
<pin id="2058" dir="0" index="0" bw="18" slack="7"/>
<pin id="2059" dir="1" index="1" bw="18" slack="7"/>
</pin_list>
<bind>
<opset="trunc_ln708_14 "/>
</bind>
</comp>

<comp id="2062" class="1005" name="zext_ln703_reg_2062">
<pin_list>
<pin id="2063" dir="0" index="0" bw="33" slack="1"/>
<pin id="2064" dir="1" index="1" bw="33" slack="1"/>
</pin_list>
<bind>
<opset="zext_ln703 "/>
</bind>
</comp>

<comp id="2067" class="1005" name="sext_ln703_11_reg_2067">
<pin_list>
<pin id="2068" dir="0" index="0" bw="33" slack="1"/>
<pin id="2069" dir="1" index="1" bw="33" slack="1"/>
</pin_list>
<bind>
<opset="sext_ln703_11 "/>
</bind>
</comp>

<comp id="2073" class="1005" name="sext_ln703_12_reg_2073">
<pin_list>
<pin id="2074" dir="0" index="0" bw="33" slack="1"/>
<pin id="2075" dir="1" index="1" bw="33" slack="1"/>
</pin_list>
<bind>
<opset="sext_ln703_12 "/>
</bind>
</comp>

<comp id="2078" class="1005" name="sdiv_ln1148_reg_2078">
<pin_list>
<pin id="2079" dir="0" index="0" bw="13" slack="1"/>
<pin id="2080" dir="1" index="1" bw="13" slack="1"/>
</pin_list>
<bind>
<opset="sdiv_ln1148 "/>
</bind>
</comp>

<comp id="2083" class="1005" name="mul_ln1192_6_reg_2083">
<pin_list>
<pin id="2084" dir="0" index="0" bw="33" slack="1"/>
<pin id="2085" dir="1" index="1" bw="33" slack="1"/>
</pin_list>
<bind>
<opset="mul_ln1192_6 "/>
</bind>
</comp>

<comp id="2088" class="1005" name="mul_ln1192_7_reg_2088">
<pin_list>
<pin id="2089" dir="0" index="0" bw="33" slack="1"/>
<pin id="2090" dir="1" index="1" bw="33" slack="1"/>
</pin_list>
<bind>
<opset="mul_ln1192_7 "/>
</bind>
</comp>

<comp id="2093" class="1005" name="sext_ln1116_1_reg_2093">
<pin_list>
<pin id="2094" dir="0" index="0" bw="36" slack="1"/>
<pin id="2095" dir="1" index="1" bw="36" slack="1"/>
</pin_list>
<bind>
<opset="sext_ln1116_1 "/>
</bind>
</comp>

<comp id="2099" class="1005" name="add_ln703_6_reg_2099">
<pin_list>
<pin id="2100" dir="0" index="0" bw="18" slack="7"/>
<pin id="2101" dir="1" index="1" bw="18" slack="7"/>
</pin_list>
<bind>
<opset="add_ln703_6 "/>
</bind>
</comp>

<comp id="2104" class="1005" name="icmp_ln211_reg_2104">
<pin_list>
<pin id="2105" dir="0" index="0" bw="1" slack="13"/>
<pin id="2106" dir="1" index="1" bw="1" slack="13"/>
</pin_list>
<bind>
<opset="icmp_ln211 "/>
</bind>
</comp>

<comp id="2109" class="1005" name="icmp_ln211_1_reg_2109">
<pin_list>
<pin id="2110" dir="0" index="0" bw="1" slack="13"/>
<pin id="2111" dir="1" index="1" bw="1" slack="13"/>
</pin_list>
<bind>
<opset="icmp_ln211_1 "/>
</bind>
</comp>

<comp id="2114" class="1005" name="trunc_ln708_7_reg_2114">
<pin_list>
<pin id="2115" dir="0" index="0" bw="18" slack="1"/>
<pin id="2116" dir="1" index="1" bw="18" slack="1"/>
</pin_list>
<bind>
<opset="trunc_ln708_7 "/>
</bind>
</comp>

<comp id="2120" class="1005" name="trunc_ln703_1_reg_2120">
<pin_list>
<pin id="2121" dir="0" index="0" bw="18" slack="1"/>
<pin id="2122" dir="1" index="1" bw="18" slack="1"/>
</pin_list>
<bind>
<opset="trunc_ln703_1 "/>
</bind>
</comp>

<comp id="2125" class="1005" name="sext_ln708_4_reg_2125">
<pin_list>
<pin id="2126" dir="0" index="0" bw="33" slack="1"/>
<pin id="2127" dir="1" index="1" bw="33" slack="1"/>
</pin_list>
<bind>
<opset="sext_ln708_4 "/>
</bind>
</comp>

<comp id="2130" class="1005" name="sext_ln708_5_reg_2130">
<pin_list>
<pin id="2131" dir="0" index="0" bw="33" slack="1"/>
<pin id="2132" dir="1" index="1" bw="33" slack="1"/>
</pin_list>
<bind>
<opset="sext_ln708_5 "/>
</bind>
</comp>

<comp id="2135" class="1005" name="iLRef_V_reg_2135">
<pin_list>
<pin id="2136" dir="0" index="0" bw="18" slack="1"/>
<pin id="2137" dir="1" index="1" bw="18" slack="1"/>
</pin_list>
<bind>
<opset="iLRef_V "/>
</bind>
</comp>

<comp id="2141" class="1005" name="trunc_ln6_reg_2141">
<pin_list>
<pin id="2142" dir="0" index="0" bw="18" slack="1"/>
<pin id="2143" dir="1" index="1" bw="18" slack="1"/>
</pin_list>
<bind>
<opset="trunc_ln6 "/>
</bind>
</comp>

<comp id="2146" class="1005" name="sext_ln703_4_reg_2146">
<pin_list>
<pin id="2147" dir="0" index="0" bw="31" slack="1"/>
<pin id="2148" dir="1" index="1" bw="31" slack="1"/>
</pin_list>
<bind>
<opset="sext_ln703_4 "/>
</bind>
</comp>

<comp id="2152" class="1005" name="trunc_ln708_17_reg_2152">
<pin_list>
<pin id="2153" dir="0" index="0" bw="18" slack="3"/>
<pin id="2154" dir="1" index="1" bw="18" slack="3"/>
</pin_list>
<bind>
<opset="trunc_ln708_17 "/>
</bind>
</comp>

<comp id="2158" class="1005" name="sext_ln1118_10_reg_2158">
<pin_list>
<pin id="2159" dir="0" index="0" bw="32" slack="1"/>
<pin id="2160" dir="1" index="1" bw="32" slack="1"/>
</pin_list>
<bind>
<opset="sext_ln1118_10 "/>
</bind>
</comp>

<comp id="2163" class="1005" name="mul_ln1118_2_reg_2163">
<pin_list>
<pin id="2164" dir="0" index="0" bw="36" slack="1"/>
<pin id="2165" dir="1" index="1" bw="36" slack="1"/>
</pin_list>
<bind>
<opset="mul_ln1118_2 "/>
</bind>
</comp>

<comp id="2168" class="1005" name="sext_ln1118_24_reg_2168">
<pin_list>
<pin id="2169" dir="0" index="0" bw="47" slack="1"/>
<pin id="2170" dir="1" index="1" bw="47" slack="1"/>
</pin_list>
<bind>
<opset="sext_ln1118_24 "/>
</bind>
</comp>

<comp id="2173" class="1005" name="trunc_ln708_18_reg_2173">
<pin_list>
<pin id="2174" dir="0" index="0" bw="18" slack="4"/>
<pin id="2175" dir="1" index="1" bw="18" slack="4"/>
</pin_list>
<bind>
<opset="trunc_ln708_18 "/>
</bind>
</comp>

<comp id="2178" class="1005" name="sext_ln1118_33_reg_2178">
<pin_list>
<pin id="2179" dir="0" index="0" bw="33" slack="1"/>
<pin id="2180" dir="1" index="1" bw="33" slack="1"/>
</pin_list>
<bind>
<opset="sext_ln1118_33 "/>
</bind>
</comp>

<comp id="2184" class="1005" name="sext_ln1118_34_reg_2184">
<pin_list>
<pin id="2185" dir="0" index="0" bw="33" slack="1"/>
<pin id="2186" dir="1" index="1" bw="33" slack="1"/>
</pin_list>
<bind>
<opset="sext_ln1118_34 "/>
</bind>
</comp>

<comp id="2189" class="1005" name="sext_ln1118_35_reg_2189">
<pin_list>
<pin id="2190" dir="0" index="0" bw="33" slack="1"/>
<pin id="2191" dir="1" index="1" bw="33" slack="1"/>
</pin_list>
<bind>
<opset="sext_ln1118_35 "/>
</bind>
</comp>

<comp id="2194" class="1005" name="shl_ln703_2_reg_2194">
<pin_list>
<pin id="2195" dir="0" index="0" bw="32" slack="1"/>
<pin id="2196" dir="1" index="1" bw="32" slack="1"/>
</pin_list>
<bind>
<opset="shl_ln703_2 "/>
</bind>
</comp>

<comp id="2199" class="1005" name="mul_ln1118_3_reg_2199">
<pin_list>
<pin id="2200" dir="0" index="0" bw="47" slack="1"/>
<pin id="2201" dir="1" index="1" bw="47" slack="1"/>
</pin_list>
<bind>
<opset="mul_ln1118_3 "/>
</bind>
</comp>

<comp id="2204" class="1005" name="zext_ln703_1_reg_2204">
<pin_list>
<pin id="2205" dir="0" index="0" bw="33" slack="1"/>
<pin id="2206" dir="1" index="1" bw="33" slack="1"/>
</pin_list>
<bind>
<opset="zext_ln703_1 "/>
</bind>
</comp>

<comp id="2209" class="1005" name="sext_ln703_17_reg_2209">
<pin_list>
<pin id="2210" dir="0" index="0" bw="33" slack="1"/>
<pin id="2211" dir="1" index="1" bw="33" slack="1"/>
</pin_list>
<bind>
<opset="sext_ln703_17 "/>
</bind>
</comp>

<comp id="2215" class="1005" name="sext_ln703_18_reg_2215">
<pin_list>
<pin id="2216" dir="0" index="0" bw="33" slack="1"/>
<pin id="2217" dir="1" index="1" bw="33" slack="1"/>
</pin_list>
<bind>
<opset="sext_ln703_18 "/>
</bind>
</comp>

<comp id="2220" class="1005" name="trunc_ln708_10_reg_2220">
<pin_list>
<pin id="2221" dir="0" index="0" bw="32" slack="6"/>
<pin id="2222" dir="1" index="1" bw="32" slack="6"/>
</pin_list>
<bind>
<opset="trunc_ln708_10 "/>
</bind>
</comp>

<comp id="2225" class="1005" name="mul_ln1192_14_reg_2225">
<pin_list>
<pin id="2226" dir="0" index="0" bw="33" slack="1"/>
<pin id="2227" dir="1" index="1" bw="33" slack="1"/>
</pin_list>
<bind>
<opset="mul_ln1192_14 "/>
</bind>
</comp>

<comp id="2230" class="1005" name="mul_ln1192_15_reg_2230">
<pin_list>
<pin id="2231" dir="0" index="0" bw="33" slack="1"/>
<pin id="2232" dir="1" index="1" bw="33" slack="1"/>
</pin_list>
<bind>
<opset="mul_ln1192_15 "/>
</bind>
</comp>

<comp id="2235" class="1005" name="sext_ln1116_2_reg_2235">
<pin_list>
<pin id="2236" dir="0" index="0" bw="36" slack="1"/>
<pin id="2237" dir="1" index="1" bw="36" slack="1"/>
</pin_list>
<bind>
<opset="sext_ln1116_2 "/>
</bind>
</comp>

<comp id="2241" class="1005" name="trunc_ln703_2_reg_2241">
<pin_list>
<pin id="2242" dir="0" index="0" bw="18" slack="1"/>
<pin id="2243" dir="1" index="1" bw="18" slack="1"/>
</pin_list>
<bind>
<opset="trunc_ln703_2 "/>
</bind>
</comp>

<comp id="2246" class="1005" name="trunc_ln703_3_reg_2246">
<pin_list>
<pin id="2247" dir="0" index="0" bw="18" slack="1"/>
<pin id="2248" dir="1" index="1" bw="18" slack="1"/>
</pin_list>
<bind>
<opset="trunc_ln703_3 "/>
</bind>
</comp>

<comp id="2251" class="1005" name="sub_ln703_7_reg_2251">
<pin_list>
<pin id="2252" dir="0" index="0" bw="18" slack="1"/>
<pin id="2253" dir="1" index="1" bw="18" slack="1"/>
</pin_list>
<bind>
<opset="sub_ln703_7 "/>
</bind>
</comp>

<comp id="2258" class="1005" name="sext_ln703_9_reg_2258">
<pin_list>
<pin id="2259" dir="0" index="0" bw="31" slack="1"/>
<pin id="2260" dir="1" index="1" bw="31" slack="1"/>
</pin_list>
<bind>
<opset="sext_ln703_9 "/>
</bind>
</comp>

<comp id="2264" class="1005" name="sext_ln1118_18_reg_2264">
<pin_list>
<pin id="2265" dir="0" index="0" bw="32" slack="1"/>
<pin id="2266" dir="1" index="1" bw="32" slack="1"/>
</pin_list>
<bind>
<opset="sext_ln1118_18 "/>
</bind>
</comp>

<comp id="2269" class="1005" name="mul_ln1118_6_reg_2269">
<pin_list>
<pin id="2270" dir="0" index="0" bw="36" slack="1"/>
<pin id="2271" dir="1" index="1" bw="36" slack="1"/>
</pin_list>
<bind>
<opset="mul_ln1118_6 "/>
</bind>
</comp>

<comp id="2274" class="1005" name="sext_ln1118_36_reg_2274">
<pin_list>
<pin id="2275" dir="0" index="0" bw="47" slack="1"/>
<pin id="2276" dir="1" index="1" bw="47" slack="1"/>
</pin_list>
<bind>
<opset="sext_ln1118_36 "/>
</bind>
</comp>

<comp id="2279" class="1005" name="add_ln703_8_reg_2279">
<pin_list>
<pin id="2280" dir="0" index="0" bw="32" slack="1"/>
<pin id="2281" dir="1" index="1" bw="32" slack="1"/>
</pin_list>
<bind>
<opset="add_ln703_8 "/>
</bind>
</comp>

<comp id="2284" class="1005" name="mul_ln1118_7_reg_2284">
<pin_list>
<pin id="2285" dir="0" index="0" bw="47" slack="1"/>
<pin id="2286" dir="1" index="1" bw="47" slack="1"/>
</pin_list>
<bind>
<opset="mul_ln1118_7 "/>
</bind>
</comp>

</comp_list>

<net_list>
<net id="126"><net_src comp="14" pin="0"/><net_sink comp="122" pin=0"/></net>

<net id="127"><net_src comp="12" pin="0"/><net_sink comp="122" pin=1"/></net>

<net id="132"><net_src comp="14" pin="0"/><net_sink comp="128" pin=0"/></net>

<net id="133"><net_src comp="10" pin="0"/><net_sink comp="128" pin=1"/></net>

<net id="138"><net_src comp="14" pin="0"/><net_sink comp="134" pin=0"/></net>

<net id="139"><net_src comp="8" pin="0"/><net_sink comp="134" pin=1"/></net>

<net id="144"><net_src comp="14" pin="0"/><net_sink comp="140" pin=0"/></net>

<net id="145"><net_src comp="6" pin="0"/><net_sink comp="140" pin=1"/></net>

<net id="150"><net_src comp="14" pin="0"/><net_sink comp="146" pin=0"/></net>

<net id="151"><net_src comp="4" pin="0"/><net_sink comp="146" pin=1"/></net>

<net id="156"><net_src comp="14" pin="0"/><net_sink comp="152" pin=0"/></net>

<net id="157"><net_src comp="2" pin="0"/><net_sink comp="152" pin=1"/></net>

<net id="162"><net_src comp="14" pin="0"/><net_sink comp="158" pin=0"/></net>

<net id="163"><net_src comp="0" pin="0"/><net_sink comp="158" pin=1"/></net>

<net id="167"><net_src comp="128" pin="2"/><net_sink comp="164" pin=0"/></net>

<net id="172"><net_src comp="16" pin="0"/><net_sink comp="168" pin=0"/></net>

<net id="173"><net_src comp="164" pin="1"/><net_sink comp="168" pin=1"/></net>

<net id="189"><net_src comp="18" pin="0"/><net_sink comp="183" pin=0"/></net>

<net id="190"><net_src comp="20" pin="0"/><net_sink comp="183" pin=2"/></net>

<net id="191"><net_src comp="22" pin="0"/><net_sink comp="183" pin=3"/></net>

<net id="197"><net_src comp="24" pin="0"/><net_sink comp="192" pin=0"/></net>

<net id="198"><net_src comp="26" pin="0"/><net_sink comp="192" pin=2"/></net>

<net id="206"><net_src comp="192" pin="3"/><net_sink comp="202" pin=0"/></net>

<net id="207"><net_src comp="199" pin="1"/><net_sink comp="202" pin=1"/></net>

<net id="213"><net_src comp="28" pin="0"/><net_sink comp="208" pin=0"/></net>

<net id="214"><net_src comp="26" pin="0"/><net_sink comp="208" pin=2"/></net>

<net id="222"><net_src comp="208" pin="3"/><net_sink comp="218" pin=0"/></net>

<net id="223"><net_src comp="215" pin="1"/><net_sink comp="218" pin=1"/></net>

<net id="233"><net_src comp="32" pin="0"/><net_sink comp="227" pin=0"/></net>

<net id="234"><net_src comp="168" pin="2"/><net_sink comp="227" pin=1"/></net>

<net id="235"><net_src comp="34" pin="0"/><net_sink comp="227" pin=2"/></net>

<net id="236"><net_src comp="36" pin="0"/><net_sink comp="227" pin=3"/></net>

<net id="240"><net_src comp="227" pin="4"/><net_sink comp="237" pin=0"/></net>

<net id="251"><net_src comp="244" pin="1"/><net_sink comp="247" pin=0"/></net>

<net id="252"><net_src comp="38" pin="0"/><net_sink comp="247" pin=1"/></net>

<net id="265"><net_src comp="40" pin="0"/><net_sink comp="259" pin=0"/></net>

<net id="266"><net_src comp="247" pin="2"/><net_sink comp="259" pin=1"/></net>

<net id="267"><net_src comp="42" pin="0"/><net_sink comp="259" pin=2"/></net>

<net id="268"><net_src comp="44" pin="0"/><net_sink comp="259" pin=3"/></net>

<net id="275"><net_src comp="48" pin="0"/><net_sink comp="269" pin=0"/></net>

<net id="276"><net_src comp="50" pin="0"/><net_sink comp="269" pin=2"/></net>

<net id="277"><net_src comp="52" pin="0"/><net_sink comp="269" pin=3"/></net>

<net id="282"><net_src comp="54" pin="0"/><net_sink comp="278" pin=1"/></net>

<net id="289"><net_src comp="48" pin="0"/><net_sink comp="283" pin=0"/></net>

<net id="290"><net_src comp="278" pin="2"/><net_sink comp="283" pin=1"/></net>

<net id="291"><net_src comp="50" pin="0"/><net_sink comp="283" pin=2"/></net>

<net id="292"><net_src comp="52" pin="0"/><net_sink comp="283" pin=3"/></net>

<net id="299"><net_src comp="48" pin="0"/><net_sink comp="293" pin=0"/></net>

<net id="300"><net_src comp="50" pin="0"/><net_sink comp="293" pin=2"/></net>

<net id="301"><net_src comp="52" pin="0"/><net_sink comp="293" pin=3"/></net>

<net id="305"><net_src comp="293" pin="4"/><net_sink comp="302" pin=0"/></net>

<net id="309"><net_src comp="269" pin="4"/><net_sink comp="306" pin=0"/></net>

<net id="317"><net_src comp="56" pin="0"/><net_sink comp="313" pin=0"/></net>

<net id="321"><net_src comp="313" pin="2"/><net_sink comp="318" pin=0"/></net>

<net id="328"><net_src comp="48" pin="0"/><net_sink comp="322" pin=0"/></net>

<net id="329"><net_src comp="50" pin="0"/><net_sink comp="322" pin=2"/></net>

<net id="330"><net_src comp="52" pin="0"/><net_sink comp="322" pin=3"/></net>

<net id="335"><net_src comp="56" pin="0"/><net_sink comp="331" pin=0"/></net>

<net id="339"><net_src comp="322" pin="4"/><net_sink comp="336" pin=0"/></net>

<net id="343"><net_src comp="331" pin="2"/><net_sink comp="340" pin=0"/></net>

<net id="350"><net_src comp="60" pin="0"/><net_sink comp="344" pin=0"/></net>

<net id="351"><net_src comp="50" pin="0"/><net_sink comp="344" pin=2"/></net>

<net id="352"><net_src comp="62" pin="0"/><net_sink comp="344" pin=3"/></net>

<net id="358"><net_src comp="64" pin="0"/><net_sink comp="353" pin=0"/></net>

<net id="359"><net_src comp="66" pin="0"/><net_sink comp="353" pin=2"/></net>

<net id="363"><net_src comp="353" pin="3"/><net_sink comp="360" pin=0"/></net>

<net id="369"><net_src comp="68" pin="0"/><net_sink comp="364" pin=0"/></net>

<net id="370"><net_src comp="70" pin="0"/><net_sink comp="364" pin=2"/></net>

<net id="374"><net_src comp="364" pin="3"/><net_sink comp="371" pin=0"/></net>

<net id="379"><net_src comp="360" pin="1"/><net_sink comp="375" pin=0"/></net>

<net id="380"><net_src comp="371" pin="1"/><net_sink comp="375" pin=1"/></net>

<net id="387"><net_src comp="48" pin="0"/><net_sink comp="381" pin=0"/></net>

<net id="388"><net_src comp="375" pin="2"/><net_sink comp="381" pin=1"/></net>

<net id="389"><net_src comp="50" pin="0"/><net_sink comp="381" pin=2"/></net>

<net id="390"><net_src comp="52" pin="0"/><net_sink comp="381" pin=3"/></net>

<net id="396"><net_src comp="64" pin="0"/><net_sink comp="391" pin=0"/></net>

<net id="397"><net_src comp="66" pin="0"/><net_sink comp="391" pin=2"/></net>

<net id="401"><net_src comp="391" pin="3"/><net_sink comp="398" pin=0"/></net>

<net id="407"><net_src comp="68" pin="0"/><net_sink comp="402" pin=0"/></net>

<net id="408"><net_src comp="70" pin="0"/><net_sink comp="402" pin=2"/></net>

<net id="412"><net_src comp="402" pin="3"/><net_sink comp="409" pin=0"/></net>

<net id="417"><net_src comp="398" pin="1"/><net_sink comp="413" pin=0"/></net>

<net id="418"><net_src comp="409" pin="1"/><net_sink comp="413" pin=1"/></net>

<net id="425"><net_src comp="48" pin="0"/><net_sink comp="419" pin=0"/></net>

<net id="426"><net_src comp="413" pin="2"/><net_sink comp="419" pin=1"/></net>

<net id="427"><net_src comp="50" pin="0"/><net_sink comp="419" pin=2"/></net>

<net id="428"><net_src comp="52" pin="0"/><net_sink comp="419" pin=3"/></net>

<net id="433"><net_src comp="72" pin="0"/><net_sink comp="429" pin=1"/></net>

<net id="438"><net_src comp="56" pin="0"/><net_sink comp="434" pin=0"/></net>

<net id="439"><net_src comp="429" pin="2"/><net_sink comp="434" pin=1"/></net>

<net id="444"><net_src comp="434" pin="2"/><net_sink comp="440" pin=0"/></net>

<net id="448"><net_src comp="440" pin="2"/><net_sink comp="445" pin=0"/></net>

<net id="452"><net_src comp="440" pin="2"/><net_sink comp="449" pin=0"/></net>

<net id="456"><net_src comp="344" pin="4"/><net_sink comp="453" pin=0"/></net>

<net id="460"><net_src comp="381" pin="4"/><net_sink comp="457" pin=0"/></net>

<net id="467"><net_src comp="419" pin="4"/><net_sink comp="464" pin=0"/></net>

<net id="472"><net_src comp="72" pin="0"/><net_sink comp="468" pin=1"/></net>

<net id="477"><net_src comp="56" pin="0"/><net_sink comp="473" pin=0"/></net>

<net id="478"><net_src comp="468" pin="2"/><net_sink comp="473" pin=1"/></net>

<net id="483"><net_src comp="473" pin="2"/><net_sink comp="479" pin=0"/></net>

<net id="487"><net_src comp="479" pin="2"/><net_sink comp="484" pin=0"/></net>

<net id="491"><net_src comp="479" pin="2"/><net_sink comp="488" pin=0"/></net>

<net id="498"><net_src comp="48" pin="0"/><net_sink comp="492" pin=0"/></net>

<net id="499"><net_src comp="50" pin="0"/><net_sink comp="492" pin=2"/></net>

<net id="500"><net_src comp="52" pin="0"/><net_sink comp="492" pin=3"/></net>

<net id="509"><net_src comp="64" pin="0"/><net_sink comp="504" pin=0"/></net>

<net id="510"><net_src comp="66" pin="0"/><net_sink comp="504" pin=2"/></net>

<net id="517"><net_src comp="48" pin="0"/><net_sink comp="511" pin=0"/></net>

<net id="518"><net_src comp="50" pin="0"/><net_sink comp="511" pin=2"/></net>

<net id="519"><net_src comp="52" pin="0"/><net_sink comp="511" pin=3"/></net>

<net id="525"><net_src comp="28" pin="0"/><net_sink comp="520" pin=0"/></net>

<net id="526"><net_src comp="511" pin="4"/><net_sink comp="520" pin=1"/></net>

<net id="527"><net_src comp="26" pin="0"/><net_sink comp="520" pin=2"/></net>

<net id="531"><net_src comp="520" pin="3"/><net_sink comp="528" pin=0"/></net>

<net id="536"><net_src comp="528" pin="1"/><net_sink comp="532" pin=0"/></net>

<net id="537"><net_src comp="504" pin="3"/><net_sink comp="532" pin=1"/></net>

<net id="544"><net_src comp="76" pin="0"/><net_sink comp="538" pin=0"/></net>

<net id="545"><net_src comp="532" pin="2"/><net_sink comp="538" pin=1"/></net>

<net id="546"><net_src comp="34" pin="0"/><net_sink comp="538" pin=2"/></net>

<net id="547"><net_src comp="36" pin="0"/><net_sink comp="538" pin=3"/></net>

<net id="551"><net_src comp="492" pin="4"/><net_sink comp="548" pin=0"/></net>

<net id="564"><net_src comp="48" pin="0"/><net_sink comp="558" pin=0"/></net>

<net id="565"><net_src comp="50" pin="0"/><net_sink comp="558" pin=2"/></net>

<net id="566"><net_src comp="52" pin="0"/><net_sink comp="558" pin=3"/></net>

<net id="572"><net_src comp="64" pin="0"/><net_sink comp="567" pin=0"/></net>

<net id="573"><net_src comp="66" pin="0"/><net_sink comp="567" pin=2"/></net>

<net id="577"><net_src comp="567" pin="3"/><net_sink comp="574" pin=0"/></net>

<net id="583"><net_src comp="68" pin="0"/><net_sink comp="578" pin=0"/></net>

<net id="584"><net_src comp="70" pin="0"/><net_sink comp="578" pin=2"/></net>

<net id="588"><net_src comp="578" pin="3"/><net_sink comp="585" pin=0"/></net>

<net id="593"><net_src comp="574" pin="1"/><net_sink comp="589" pin=0"/></net>

<net id="594"><net_src comp="585" pin="1"/><net_sink comp="589" pin=1"/></net>

<net id="601"><net_src comp="48" pin="0"/><net_sink comp="595" pin=0"/></net>

<net id="602"><net_src comp="50" pin="0"/><net_sink comp="595" pin=2"/></net>

<net id="603"><net_src comp="52" pin="0"/><net_sink comp="595" pin=3"/></net>

<net id="610"><net_src comp="48" pin="0"/><net_sink comp="604" pin=0"/></net>

<net id="611"><net_src comp="50" pin="0"/><net_sink comp="604" pin=2"/></net>

<net id="612"><net_src comp="52" pin="0"/><net_sink comp="604" pin=3"/></net>

<net id="618"><net_src comp="64" pin="0"/><net_sink comp="613" pin=0"/></net>

<net id="619"><net_src comp="66" pin="0"/><net_sink comp="613" pin=2"/></net>

<net id="623"><net_src comp="613" pin="3"/><net_sink comp="620" pin=0"/></net>

<net id="629"><net_src comp="68" pin="0"/><net_sink comp="624" pin=0"/></net>

<net id="630"><net_src comp="70" pin="0"/><net_sink comp="624" pin=2"/></net>

<net id="634"><net_src comp="624" pin="3"/><net_sink comp="631" pin=0"/></net>

<net id="639"><net_src comp="620" pin="1"/><net_sink comp="635" pin=0"/></net>

<net id="640"><net_src comp="631" pin="1"/><net_sink comp="635" pin=1"/></net>

<net id="647"><net_src comp="48" pin="0"/><net_sink comp="641" pin=0"/></net>

<net id="648"><net_src comp="50" pin="0"/><net_sink comp="641" pin=2"/></net>

<net id="649"><net_src comp="52" pin="0"/><net_sink comp="641" pin=3"/></net>

<net id="656"><net_src comp="78" pin="0"/><net_sink comp="650" pin=0"/></net>

<net id="657"><net_src comp="50" pin="0"/><net_sink comp="650" pin=2"/></net>

<net id="658"><net_src comp="80" pin="0"/><net_sink comp="650" pin=3"/></net>

<net id="665"><net_src comp="48" pin="0"/><net_sink comp="659" pin=0"/></net>

<net id="666"><net_src comp="50" pin="0"/><net_sink comp="659" pin=2"/></net>

<net id="667"><net_src comp="52" pin="0"/><net_sink comp="659" pin=3"/></net>

<net id="674"><net_src comp="48" pin="0"/><net_sink comp="668" pin=0"/></net>

<net id="675"><net_src comp="50" pin="0"/><net_sink comp="668" pin=2"/></net>

<net id="676"><net_src comp="52" pin="0"/><net_sink comp="668" pin=3"/></net>

<net id="683"><net_src comp="48" pin="0"/><net_sink comp="677" pin=0"/></net>

<net id="684"><net_src comp="50" pin="0"/><net_sink comp="677" pin=2"/></net>

<net id="685"><net_src comp="52" pin="0"/><net_sink comp="677" pin=3"/></net>

<net id="692"><net_src comp="78" pin="0"/><net_sink comp="686" pin=0"/></net>

<net id="693"><net_src comp="50" pin="0"/><net_sink comp="686" pin=2"/></net>

<net id="694"><net_src comp="80" pin="0"/><net_sink comp="686" pin=3"/></net>

<net id="701"><net_src comp="48" pin="0"/><net_sink comp="695" pin=0"/></net>

<net id="702"><net_src comp="50" pin="0"/><net_sink comp="695" pin=2"/></net>

<net id="703"><net_src comp="52" pin="0"/><net_sink comp="695" pin=3"/></net>

<net id="710"><net_src comp="48" pin="0"/><net_sink comp="704" pin=0"/></net>

<net id="711"><net_src comp="50" pin="0"/><net_sink comp="704" pin=2"/></net>

<net id="712"><net_src comp="52" pin="0"/><net_sink comp="704" pin=3"/></net>

<net id="719"><net_src comp="48" pin="0"/><net_sink comp="713" pin=0"/></net>

<net id="720"><net_src comp="50" pin="0"/><net_sink comp="713" pin=2"/></net>

<net id="721"><net_src comp="52" pin="0"/><net_sink comp="713" pin=3"/></net>

<net id="728"><net_src comp="48" pin="0"/><net_sink comp="722" pin=0"/></net>

<net id="729"><net_src comp="50" pin="0"/><net_sink comp="722" pin=2"/></net>

<net id="730"><net_src comp="52" pin="0"/><net_sink comp="722" pin=3"/></net>

<net id="737"><net_src comp="76" pin="0"/><net_sink comp="731" pin=0"/></net>

<net id="738"><net_src comp="34" pin="0"/><net_sink comp="731" pin=2"/></net>

<net id="739"><net_src comp="36" pin="0"/><net_sink comp="731" pin=3"/></net>

<net id="743"><net_src comp="731" pin="4"/><net_sink comp="740" pin=0"/></net>

<net id="747"><net_src comp="722" pin="4"/><net_sink comp="744" pin=0"/></net>

<net id="757"><net_src comp="48" pin="0"/><net_sink comp="751" pin=0"/></net>

<net id="758"><net_src comp="50" pin="0"/><net_sink comp="751" pin=2"/></net>

<net id="759"><net_src comp="52" pin="0"/><net_sink comp="751" pin=3"/></net>

<net id="767"><net_src comp="760" pin="1"/><net_sink comp="763" pin=0"/></net>

<net id="768"><net_src comp="82" pin="0"/><net_sink comp="763" pin=1"/></net>

<net id="772"><net_src comp="763" pin="2"/><net_sink comp="769" pin=0"/></net>

<net id="787"><net_src comp="84" pin="0"/><net_sink comp="782" pin=0"/></net>

<net id="788"><net_src comp="779" pin="1"/><net_sink comp="782" pin=1"/></net>

<net id="789"><net_src comp="86" pin="0"/><net_sink comp="782" pin=2"/></net>

<net id="794"><net_src comp="782" pin="3"/><net_sink comp="790" pin=0"/></net>

<net id="795"><net_src comp="88" pin="0"/><net_sink comp="790" pin=1"/></net>

<net id="800"><net_src comp="790" pin="2"/><net_sink comp="796" pin=0"/></net>

<net id="804"><net_src comp="796" pin="2"/><net_sink comp="801" pin=0"/></net>

<net id="809"><net_src comp="790" pin="2"/><net_sink comp="805" pin=0"/></net>

<net id="814"><net_src comp="56" pin="0"/><net_sink comp="810" pin=1"/></net>

<net id="819"><net_src comp="56" pin="0"/><net_sink comp="815" pin=1"/></net>

<net id="825"><net_src comp="28" pin="0"/><net_sink comp="820" pin=0"/></net>

<net id="826"><net_src comp="26" pin="0"/><net_sink comp="820" pin=2"/></net>

<net id="830"><net_src comp="820" pin="3"/><net_sink comp="827" pin=0"/></net>

<net id="835"><net_src comp="827" pin="1"/><net_sink comp="831" pin=0"/></net>

<net id="842"><net_src comp="76" pin="0"/><net_sink comp="836" pin=0"/></net>

<net id="843"><net_src comp="831" pin="2"/><net_sink comp="836" pin=1"/></net>

<net id="844"><net_src comp="34" pin="0"/><net_sink comp="836" pin=2"/></net>

<net id="845"><net_src comp="36" pin="0"/><net_sink comp="836" pin=3"/></net>

<net id="851"><net_src comp="28" pin="0"/><net_sink comp="846" pin=0"/></net>

<net id="852"><net_src comp="26" pin="0"/><net_sink comp="846" pin=2"/></net>

<net id="856"><net_src comp="846" pin="3"/><net_sink comp="853" pin=0"/></net>

<net id="861"><net_src comp="853" pin="1"/><net_sink comp="857" pin=0"/></net>

<net id="868"><net_src comp="76" pin="0"/><net_sink comp="862" pin=0"/></net>

<net id="869"><net_src comp="857" pin="2"/><net_sink comp="862" pin=1"/></net>

<net id="870"><net_src comp="34" pin="0"/><net_sink comp="862" pin=2"/></net>

<net id="871"><net_src comp="36" pin="0"/><net_sink comp="862" pin=3"/></net>

<net id="878"><net_src comp="862" pin="4"/><net_sink comp="875" pin=0"/></net>

<net id="883"><net_src comp="875" pin="1"/><net_sink comp="879" pin=0"/></net>

<net id="884"><net_src comp="872" pin="1"/><net_sink comp="879" pin=1"/></net>

<net id="891"><net_src comp="90" pin="0"/><net_sink comp="885" pin=0"/></net>

<net id="892"><net_src comp="879" pin="2"/><net_sink comp="885" pin=1"/></net>

<net id="893"><net_src comp="92" pin="0"/><net_sink comp="885" pin=2"/></net>

<net id="894"><net_src comp="94" pin="0"/><net_sink comp="885" pin=3"/></net>

<net id="901"><net_src comp="862" pin="4"/><net_sink comp="898" pin=0"/></net>

<net id="908"><net_src comp="96" pin="0"/><net_sink comp="902" pin=0"/></net>

<net id="909"><net_src comp="202" pin="2"/><net_sink comp="902" pin=1"/></net>

<net id="910"><net_src comp="20" pin="0"/><net_sink comp="902" pin=2"/></net>

<net id="911"><net_src comp="22" pin="0"/><net_sink comp="902" pin=3"/></net>

<net id="922"><net_src comp="915" pin="1"/><net_sink comp="918" pin=0"/></net>

<net id="923"><net_src comp="912" pin="1"/><net_sink comp="918" pin=1"/></net>

<net id="930"><net_src comp="90" pin="0"/><net_sink comp="924" pin=0"/></net>

<net id="931"><net_src comp="918" pin="2"/><net_sink comp="924" pin=1"/></net>

<net id="932"><net_src comp="92" pin="0"/><net_sink comp="924" pin=2"/></net>

<net id="933"><net_src comp="94" pin="0"/><net_sink comp="924" pin=3"/></net>

<net id="941"><net_src comp="934" pin="2"/><net_sink comp="938" pin=0"/></net>

<net id="947"><net_src comp="64" pin="0"/><net_sink comp="942" pin=0"/></net>

<net id="948"><net_src comp="66" pin="0"/><net_sink comp="942" pin=2"/></net>

<net id="954"><net_src comp="28" pin="0"/><net_sink comp="949" pin=0"/></net>

<net id="955"><net_src comp="26" pin="0"/><net_sink comp="949" pin=2"/></net>

<net id="959"><net_src comp="949" pin="3"/><net_sink comp="956" pin=0"/></net>

<net id="964"><net_src comp="956" pin="1"/><net_sink comp="960" pin=0"/></net>

<net id="965"><net_src comp="942" pin="3"/><net_sink comp="960" pin=1"/></net>

<net id="972"><net_src comp="76" pin="0"/><net_sink comp="966" pin=0"/></net>

<net id="973"><net_src comp="960" pin="2"/><net_sink comp="966" pin=1"/></net>

<net id="974"><net_src comp="34" pin="0"/><net_sink comp="966" pin=2"/></net>

<net id="975"><net_src comp="36" pin="0"/><net_sink comp="966" pin=3"/></net>

<net id="983"><net_src comp="976" pin="2"/><net_sink comp="980" pin=0"/></net>

<net id="989"><net_src comp="98" pin="0"/><net_sink comp="984" pin=0"/></net>

<net id="990"><net_src comp="976" pin="2"/><net_sink comp="984" pin=1"/></net>

<net id="991"><net_src comp="100" pin="0"/><net_sink comp="984" pin=2"/></net>

<net id="995"><net_src comp="984" pin="3"/><net_sink comp="992" pin=0"/></net>

<net id="1001"><net_src comp="68" pin="0"/><net_sink comp="996" pin=0"/></net>

<net id="1002"><net_src comp="976" pin="2"/><net_sink comp="996" pin=1"/></net>

<net id="1003"><net_src comp="70" pin="0"/><net_sink comp="996" pin=2"/></net>

<net id="1007"><net_src comp="996" pin="3"/><net_sink comp="1004" pin=0"/></net>

<net id="1015"><net_src comp="1008" pin="1"/><net_sink comp="1011" pin=0"/></net>

<net id="1016"><net_src comp="102" pin="0"/><net_sink comp="1011" pin=1"/></net>

<net id="1023"><net_src comp="76" pin="0"/><net_sink comp="1017" pin=0"/></net>

<net id="1024"><net_src comp="34" pin="0"/><net_sink comp="1017" pin=2"/></net>

<net id="1025"><net_src comp="36" pin="0"/><net_sink comp="1017" pin=3"/></net>

<net id="1029"><net_src comp="1017" pin="4"/><net_sink comp="1026" pin=0"/></net>

<net id="1041"><net_src comp="104" pin="0"/><net_sink comp="1036" pin=0"/></net>

<net id="1042"><net_src comp="70" pin="0"/><net_sink comp="1036" pin=2"/></net>

<net id="1050"><net_src comp="1043" pin="1"/><net_sink comp="1046" pin=0"/></net>

<net id="1051"><net_src comp="82" pin="0"/><net_sink comp="1046" pin=1"/></net>

<net id="1055"><net_src comp="1046" pin="2"/><net_sink comp="1052" pin=0"/></net>

<net id="1067"><net_src comp="106" pin="0"/><net_sink comp="1062" pin=0"/></net>

<net id="1068"><net_src comp="108" pin="0"/><net_sink comp="1062" pin=2"/></net>

<net id="1075"><net_src comp="1069" pin="1"/><net_sink comp="1072" pin=0"/></net>

<net id="1080"><net_src comp="1062" pin="3"/><net_sink comp="1076" pin=0"/></net>

<net id="1081"><net_src comp="1072" pin="1"/><net_sink comp="1076" pin=1"/></net>

<net id="1088"><net_src comp="110" pin="0"/><net_sink comp="1082" pin=0"/></net>

<net id="1089"><net_src comp="1076" pin="2"/><net_sink comp="1082" pin=1"/></net>

<net id="1090"><net_src comp="112" pin="0"/><net_sink comp="1082" pin=2"/></net>

<net id="1091"><net_src comp="114" pin="0"/><net_sink comp="1082" pin=3"/></net>

<net id="1100"><net_src comp="28" pin="0"/><net_sink comp="1095" pin=0"/></net>

<net id="1101"><net_src comp="26" pin="0"/><net_sink comp="1095" pin=2"/></net>

<net id="1105"><net_src comp="1095" pin="3"/><net_sink comp="1102" pin=0"/></net>

<net id="1110"><net_src comp="1102" pin="1"/><net_sink comp="1106" pin=0"/></net>

<net id="1117"><net_src comp="76" pin="0"/><net_sink comp="1111" pin=0"/></net>

<net id="1118"><net_src comp="1106" pin="2"/><net_sink comp="1111" pin=1"/></net>

<net id="1119"><net_src comp="34" pin="0"/><net_sink comp="1111" pin=2"/></net>

<net id="1120"><net_src comp="36" pin="0"/><net_sink comp="1111" pin=3"/></net>

<net id="1126"><net_src comp="28" pin="0"/><net_sink comp="1121" pin=0"/></net>

<net id="1127"><net_src comp="26" pin="0"/><net_sink comp="1121" pin=2"/></net>

<net id="1131"><net_src comp="1121" pin="3"/><net_sink comp="1128" pin=0"/></net>

<net id="1136"><net_src comp="1128" pin="1"/><net_sink comp="1132" pin=0"/></net>

<net id="1143"><net_src comp="76" pin="0"/><net_sink comp="1137" pin=0"/></net>

<net id="1144"><net_src comp="1132" pin="2"/><net_sink comp="1137" pin=1"/></net>

<net id="1145"><net_src comp="34" pin="0"/><net_sink comp="1137" pin=2"/></net>

<net id="1146"><net_src comp="36" pin="0"/><net_sink comp="1137" pin=3"/></net>

<net id="1153"><net_src comp="1111" pin="4"/><net_sink comp="1150" pin=0"/></net>

<net id="1158"><net_src comp="1150" pin="1"/><net_sink comp="1154" pin=0"/></net>

<net id="1159"><net_src comp="1147" pin="1"/><net_sink comp="1154" pin=1"/></net>

<net id="1166"><net_src comp="90" pin="0"/><net_sink comp="1160" pin=0"/></net>

<net id="1167"><net_src comp="1154" pin="2"/><net_sink comp="1160" pin=1"/></net>

<net id="1168"><net_src comp="92" pin="0"/><net_sink comp="1160" pin=2"/></net>

<net id="1169"><net_src comp="94" pin="0"/><net_sink comp="1160" pin=3"/></net>

<net id="1176"><net_src comp="1137" pin="4"/><net_sink comp="1173" pin=0"/></net>

<net id="1181"><net_src comp="1173" pin="1"/><net_sink comp="1177" pin=0"/></net>

<net id="1182"><net_src comp="1170" pin="1"/><net_sink comp="1177" pin=1"/></net>

<net id="1189"><net_src comp="90" pin="0"/><net_sink comp="1183" pin=0"/></net>

<net id="1190"><net_src comp="1177" pin="2"/><net_sink comp="1183" pin=1"/></net>

<net id="1191"><net_src comp="92" pin="0"/><net_sink comp="1183" pin=2"/></net>

<net id="1192"><net_src comp="94" pin="0"/><net_sink comp="1183" pin=3"/></net>

<net id="1204"><net_src comp="1197" pin="2"/><net_sink comp="1201" pin=0"/></net>

<net id="1213"><net_src comp="98" pin="0"/><net_sink comp="1208" pin=0"/></net>

<net id="1214"><net_src comp="100" pin="0"/><net_sink comp="1208" pin=2"/></net>

<net id="1218"><net_src comp="1208" pin="3"/><net_sink comp="1215" pin=0"/></net>

<net id="1224"><net_src comp="68" pin="0"/><net_sink comp="1219" pin=0"/></net>

<net id="1225"><net_src comp="70" pin="0"/><net_sink comp="1219" pin=2"/></net>

<net id="1229"><net_src comp="1219" pin="3"/><net_sink comp="1226" pin=0"/></net>

<net id="1237"><net_src comp="1230" pin="1"/><net_sink comp="1233" pin=0"/></net>

<net id="1238"><net_src comp="102" pin="0"/><net_sink comp="1233" pin=1"/></net>

<net id="1244"><net_src comp="104" pin="0"/><net_sink comp="1239" pin=0"/></net>

<net id="1245"><net_src comp="70" pin="0"/><net_sink comp="1239" pin=2"/></net>

<net id="1250"><net_src comp="1239" pin="3"/><net_sink comp="1246" pin=1"/></net>

<net id="1256"><net_src comp="106" pin="0"/><net_sink comp="1251" pin=0"/></net>

<net id="1257"><net_src comp="108" pin="0"/><net_sink comp="1251" pin=2"/></net>

<net id="1264"><net_src comp="1258" pin="1"/><net_sink comp="1261" pin=0"/></net>

<net id="1269"><net_src comp="1251" pin="3"/><net_sink comp="1265" pin=0"/></net>

<net id="1270"><net_src comp="1261" pin="1"/><net_sink comp="1265" pin=1"/></net>

<net id="1277"><net_src comp="110" pin="0"/><net_sink comp="1271" pin=0"/></net>

<net id="1278"><net_src comp="1265" pin="2"/><net_sink comp="1271" pin=1"/></net>

<net id="1279"><net_src comp="112" pin="0"/><net_sink comp="1271" pin=2"/></net>

<net id="1280"><net_src comp="114" pin="0"/><net_sink comp="1271" pin=3"/></net>

<net id="1290"><net_src comp="1281" pin="2"/><net_sink comp="1285" pin=0"/></net>

<net id="1291"><net_src comp="116" pin="0"/><net_sink comp="1285" pin=1"/></net>

<net id="1292"><net_src comp="118" pin="0"/><net_sink comp="1285" pin=2"/></net>

<net id="1297"><net_src comp="120" pin="0"/><net_sink comp="1293" pin=0"/></net>

<net id="1298"><net_src comp="1271" pin="4"/><net_sink comp="1293" pin=1"/></net>

<net id="1303"><net_src comp="1293" pin="2"/><net_sink comp="1299" pin=0"/></net>

<net id="1304"><net_src comp="1285" pin="3"/><net_sink comp="1299" pin=1"/></net>

<net id="1309"><net_src comp="177" pin="1"/><net_sink comp="1305" pin=0"/></net>

<net id="1310"><net_src comp="174" pin="1"/><net_sink comp="1305" pin=1"/></net>

<net id="1311"><net_src comp="1305" pin="2"/><net_sink comp="183" pin=1"/></net>

<net id="1316"><net_src comp="180" pin="1"/><net_sink comp="1312" pin=0"/></net>

<net id="1317"><net_src comp="180" pin="1"/><net_sink comp="1312" pin=1"/></net>

<net id="1322"><net_src comp="224" pin="1"/><net_sink comp="1318" pin=0"/></net>

<net id="1323"><net_src comp="30" pin="0"/><net_sink comp="1318" pin=1"/></net>

<net id="1328"><net_src comp="237" pin="1"/><net_sink comp="1324" pin=0"/></net>

<net id="1329"><net_src comp="237" pin="1"/><net_sink comp="1324" pin=1"/></net>

<net id="1330"><net_src comp="1324" pin="2"/><net_sink comp="269" pin=1"/></net>

<net id="1331"><net_src comp="1324" pin="2"/><net_sink comp="278" pin=0"/></net>

<net id="1336"><net_src comp="241" pin="1"/><net_sink comp="1332" pin=0"/></net>

<net id="1337"><net_src comp="241" pin="1"/><net_sink comp="1332" pin=1"/></net>

<net id="1338"><net_src comp="1332" pin="2"/><net_sink comp="293" pin=1"/></net>

<net id="1343"><net_src comp="253" pin="1"/><net_sink comp="1339" pin=0"/></net>

<net id="1344"><net_src comp="253" pin="1"/><net_sink comp="1339" pin=1"/></net>

<net id="1345"><net_src comp="1339" pin="2"/><net_sink comp="322" pin=1"/></net>

<net id="1350"><net_src comp="256" pin="1"/><net_sink comp="1346" pin=0"/></net>

<net id="1351"><net_src comp="46" pin="0"/><net_sink comp="1346" pin=1"/></net>

<net id="1352"><net_src comp="1346" pin="2"/><net_sink comp="344" pin=1"/></net>

<net id="1358"><net_src comp="58" pin="0"/><net_sink comp="1353" pin=2"/></net>

<net id="1364"><net_src comp="302" pin="1"/><net_sink comp="1359" pin=0"/></net>

<net id="1365"><net_src comp="306" pin="1"/><net_sink comp="1359" pin=1"/></net>

<net id="1366"><net_src comp="1353" pin="3"/><net_sink comp="1359" pin=2"/></net>

<net id="1367"><net_src comp="1359" pin="3"/><net_sink comp="492" pin=1"/></net>

<net id="1372"><net_src comp="310" pin="1"/><net_sink comp="1368" pin=1"/></net>

<net id="1373"><net_src comp="1368" pin="2"/><net_sink comp="511" pin=1"/></net>

<net id="1379"><net_src comp="58" pin="0"/><net_sink comp="1374" pin=2"/></net>

<net id="1384"><net_src comp="310" pin="1"/><net_sink comp="1380" pin=1"/></net>

<net id="1385"><net_src comp="1380" pin="2"/><net_sink comp="558" pin=1"/></net>

<net id="1391"><net_src comp="318" pin="1"/><net_sink comp="1386" pin=0"/></net>

<net id="1392"><net_src comp="58" pin="0"/><net_sink comp="1386" pin=2"/></net>

<net id="1397"><net_src comp="318" pin="1"/><net_sink comp="1393" pin=0"/></net>

<net id="1398"><net_src comp="1393" pin="2"/><net_sink comp="595" pin=1"/></net>

<net id="1404"><net_src comp="336" pin="1"/><net_sink comp="1399" pin=0"/></net>

<net id="1405"><net_src comp="1374" pin="3"/><net_sink comp="1399" pin=2"/></net>

<net id="1406"><net_src comp="1399" pin="3"/><net_sink comp="604" pin=1"/></net>

<net id="1412"><net_src comp="340" pin="1"/><net_sink comp="1407" pin=0"/></net>

<net id="1413"><net_src comp="58" pin="0"/><net_sink comp="1407" pin=2"/></net>

<net id="1418"><net_src comp="340" pin="1"/><net_sink comp="1414" pin=0"/></net>

<net id="1419"><net_src comp="1414" pin="2"/><net_sink comp="641" pin=1"/></net>

<net id="1424"><net_src comp="445" pin="1"/><net_sink comp="1420" pin=0"/></net>

<net id="1425"><net_src comp="74" pin="0"/><net_sink comp="1420" pin=1"/></net>

<net id="1426"><net_src comp="1420" pin="2"/><net_sink comp="650" pin=1"/></net>

<net id="1431"><net_src comp="449" pin="1"/><net_sink comp="1427" pin=0"/></net>

<net id="1432"><net_src comp="453" pin="1"/><net_sink comp="1427" pin=1"/></net>

<net id="1438"><net_src comp="449" pin="1"/><net_sink comp="1433" pin=0"/></net>

<net id="1439"><net_src comp="457" pin="1"/><net_sink comp="1433" pin=1"/></net>

<net id="1440"><net_src comp="589" pin="2"/><net_sink comp="1433" pin=2"/></net>

<net id="1441"><net_src comp="1433" pin="3"/><net_sink comp="659" pin=1"/></net>

<net id="1447"><net_src comp="449" pin="1"/><net_sink comp="1442" pin=0"/></net>

<net id="1448"><net_src comp="461" pin="1"/><net_sink comp="1442" pin=1"/></net>

<net id="1449"><net_src comp="1386" pin="3"/><net_sink comp="1442" pin=2"/></net>

<net id="1450"><net_src comp="1442" pin="3"/><net_sink comp="668" pin=1"/></net>

<net id="1455"><net_src comp="449" pin="1"/><net_sink comp="1451" pin=0"/></net>

<net id="1456"><net_src comp="464" pin="1"/><net_sink comp="1451" pin=1"/></net>

<net id="1457"><net_src comp="1451" pin="2"/><net_sink comp="677" pin=1"/></net>

<net id="1462"><net_src comp="484" pin="1"/><net_sink comp="1458" pin=0"/></net>

<net id="1463"><net_src comp="74" pin="0"/><net_sink comp="1458" pin=1"/></net>

<net id="1464"><net_src comp="1458" pin="2"/><net_sink comp="686" pin=1"/></net>

<net id="1469"><net_src comp="488" pin="1"/><net_sink comp="1465" pin=0"/></net>

<net id="1470"><net_src comp="453" pin="1"/><net_sink comp="1465" pin=1"/></net>

<net id="1476"><net_src comp="488" pin="1"/><net_sink comp="1471" pin=0"/></net>

<net id="1477"><net_src comp="457" pin="1"/><net_sink comp="1471" pin=1"/></net>

<net id="1478"><net_src comp="635" pin="2"/><net_sink comp="1471" pin=2"/></net>

<net id="1479"><net_src comp="1471" pin="3"/><net_sink comp="695" pin=1"/></net>

<net id="1485"><net_src comp="488" pin="1"/><net_sink comp="1480" pin=0"/></net>

<net id="1486"><net_src comp="461" pin="1"/><net_sink comp="1480" pin=1"/></net>

<net id="1487"><net_src comp="1407" pin="3"/><net_sink comp="1480" pin=2"/></net>

<net id="1488"><net_src comp="1480" pin="3"/><net_sink comp="704" pin=1"/></net>

<net id="1493"><net_src comp="488" pin="1"/><net_sink comp="1489" pin=0"/></net>

<net id="1494"><net_src comp="464" pin="1"/><net_sink comp="1489" pin=1"/></net>

<net id="1495"><net_src comp="1489" pin="2"/><net_sink comp="713" pin=1"/></net>

<net id="1501"><net_src comp="501" pin="1"/><net_sink comp="1496" pin=0"/></net>

<net id="1502"><net_src comp="46" pin="0"/><net_sink comp="1496" pin=1"/></net>

<net id="1503"><net_src comp="1427" pin="2"/><net_sink comp="1496" pin=2"/></net>

<net id="1504"><net_src comp="1496" pin="3"/><net_sink comp="722" pin=1"/></net>

<net id="1509"><net_src comp="548" pin="1"/><net_sink comp="1505" pin=0"/></net>

<net id="1510"><net_src comp="552" pin="1"/><net_sink comp="1505" pin=1"/></net>

<net id="1511"><net_src comp="1505" pin="2"/><net_sink comp="731" pin=1"/></net>

<net id="1517"><net_src comp="555" pin="1"/><net_sink comp="1512" pin=0"/></net>

<net id="1518"><net_src comp="46" pin="0"/><net_sink comp="1512" pin=1"/></net>

<net id="1519"><net_src comp="1465" pin="2"/><net_sink comp="1512" pin=2"/></net>

<net id="1520"><net_src comp="1512" pin="3"/><net_sink comp="751" pin=1"/></net>

<net id="1525"><net_src comp="740" pin="1"/><net_sink comp="1521" pin=0"/></net>

<net id="1526"><net_src comp="744" pin="1"/><net_sink comp="1521" pin=1"/></net>

<net id="1531"><net_src comp="740" pin="1"/><net_sink comp="1527" pin=0"/></net>

<net id="1532"><net_src comp="748" pin="1"/><net_sink comp="1527" pin=1"/></net>

<net id="1538"><net_src comp="769" pin="1"/><net_sink comp="1533" pin=0"/></net>

<net id="1539"><net_src comp="773" pin="1"/><net_sink comp="1533" pin=1"/></net>

<net id="1540"><net_src comp="1521" pin="2"/><net_sink comp="1533" pin=2"/></net>

<net id="1541"><net_src comp="1533" pin="3"/><net_sink comp="831" pin=1"/></net>

<net id="1547"><net_src comp="776" pin="1"/><net_sink comp="1542" pin=0"/></net>

<net id="1548"><net_src comp="773" pin="1"/><net_sink comp="1542" pin=1"/></net>

<net id="1549"><net_src comp="1527" pin="2"/><net_sink comp="1542" pin=2"/></net>

<net id="1550"><net_src comp="1542" pin="3"/><net_sink comp="857" pin=1"/></net>

<net id="1555"><net_src comp="801" pin="1"/><net_sink comp="1551" pin=0"/></net>

<net id="1556"><net_src comp="801" pin="1"/><net_sink comp="1551" pin=1"/></net>

<net id="1561"><net_src comp="895" pin="1"/><net_sink comp="1557" pin=0"/></net>

<net id="1562"><net_src comp="898" pin="1"/><net_sink comp="1557" pin=1"/></net>

<net id="1563"><net_src comp="1557" pin="2"/><net_sink comp="1017" pin=1"/></net>

<net id="1568"><net_src comp="938" pin="1"/><net_sink comp="1564" pin=0"/></net>

<net id="1569"><net_src comp="938" pin="1"/><net_sink comp="1564" pin=1"/></net>

<net id="1570"><net_src comp="1564" pin="2"/><net_sink comp="1036" pin=1"/></net>

<net id="1577"><net_src comp="992" pin="1"/><net_sink comp="1571" pin=0"/></net>

<net id="1578"><net_src comp="1004" pin="1"/><net_sink comp="1571" pin=1"/></net>

<net id="1579"><net_src comp="980" pin="1"/><net_sink comp="1571" pin=2"/></net>

<net id="1580"><net_src comp="1036" pin="3"/><net_sink comp="1571" pin=3"/></net>

<net id="1581"><net_src comp="1571" pin="4"/><net_sink comp="1062" pin=1"/></net>

<net id="1586"><net_src comp="1026" pin="1"/><net_sink comp="1582" pin=0"/></net>

<net id="1587"><net_src comp="1030" pin="1"/><net_sink comp="1582" pin=1"/></net>

<net id="1592"><net_src comp="1026" pin="1"/><net_sink comp="1588" pin=0"/></net>

<net id="1593"><net_src comp="1033" pin="1"/><net_sink comp="1588" pin=1"/></net>

<net id="1599"><net_src comp="1052" pin="1"/><net_sink comp="1594" pin=0"/></net>

<net id="1600"><net_src comp="1056" pin="1"/><net_sink comp="1594" pin=1"/></net>

<net id="1601"><net_src comp="1582" pin="2"/><net_sink comp="1594" pin=2"/></net>

<net id="1602"><net_src comp="1594" pin="3"/><net_sink comp="1106" pin=1"/></net>

<net id="1608"><net_src comp="1059" pin="1"/><net_sink comp="1603" pin=0"/></net>

<net id="1609"><net_src comp="1056" pin="1"/><net_sink comp="1603" pin=1"/></net>

<net id="1610"><net_src comp="1588" pin="2"/><net_sink comp="1603" pin=2"/></net>

<net id="1611"><net_src comp="1603" pin="3"/><net_sink comp="1132" pin=1"/></net>

<net id="1616"><net_src comp="1092" pin="1"/><net_sink comp="1612" pin=0"/></net>

<net id="1617"><net_src comp="1092" pin="1"/><net_sink comp="1612" pin=1"/></net>

<net id="1622"><net_src comp="1201" pin="1"/><net_sink comp="1618" pin=0"/></net>

<net id="1623"><net_src comp="1201" pin="1"/><net_sink comp="1618" pin=1"/></net>

<net id="1624"><net_src comp="1618" pin="2"/><net_sink comp="1239" pin=1"/></net>

<net id="1631"><net_src comp="1215" pin="1"/><net_sink comp="1625" pin=0"/></net>

<net id="1632"><net_src comp="1226" pin="1"/><net_sink comp="1625" pin=1"/></net>

<net id="1633"><net_src comp="1205" pin="1"/><net_sink comp="1625" pin=2"/></net>

<net id="1634"><net_src comp="1246" pin="2"/><net_sink comp="1625" pin=3"/></net>

<net id="1635"><net_src comp="1625" pin="4"/><net_sink comp="1251" pin=1"/></net>

<net id="1639"><net_src comp="122" pin="2"/><net_sink comp="1636" pin=0"/></net>

<net id="1640"><net_src comp="1636" pin="1"/><net_sink comp="180" pin=0"/></net>

<net id="1641"><net_src comp="1636" pin="1"/><net_sink comp="215" pin=0"/></net>

<net id="1642"><net_src comp="1636" pin="1"/><net_sink comp="934" pin=1"/></net>

<net id="1643"><net_src comp="1636" pin="1"/><net_sink comp="1197" pin=1"/></net>

<net id="1647"><net_src comp="128" pin="2"/><net_sink comp="1644" pin=0"/></net>

<net id="1648"><net_src comp="1644" pin="1"/><net_sink comp="177" pin=0"/></net>

<net id="1652"><net_src comp="134" pin="2"/><net_sink comp="1649" pin=0"/></net>

<net id="1653"><net_src comp="1649" pin="1"/><net_sink comp="174" pin=0"/></net>

<net id="1654"><net_src comp="1649" pin="1"/><net_sink comp="208" pin=1"/></net>

<net id="1655"><net_src comp="1649" pin="1"/><net_sink comp="224" pin=0"/></net>

<net id="1659"><net_src comp="140" pin="2"/><net_sink comp="1656" pin=0"/></net>

<net id="1660"><net_src comp="1656" pin="1"/><net_sink comp="552" pin=0"/></net>

<net id="1664"><net_src comp="146" pin="2"/><net_sink comp="1661" pin=0"/></net>

<net id="1665"><net_src comp="1661" pin="1"/><net_sink comp="504" pin=1"/></net>

<net id="1669"><net_src comp="152" pin="2"/><net_sink comp="1666" pin=0"/></net>

<net id="1670"><net_src comp="1666" pin="1"/><net_sink comp="253" pin=0"/></net>

<net id="1671"><net_src comp="1666" pin="1"/><net_sink comp="331" pin=1"/></net>

<net id="1672"><net_src comp="1666" pin="1"/><net_sink comp="468" pin=0"/></net>

<net id="1673"><net_src comp="1666" pin="1"/><net_sink comp="805" pin=1"/></net>

<net id="1674"><net_src comp="1666" pin="1"/><net_sink comp="815" pin=0"/></net>

<net id="1678"><net_src comp="158" pin="2"/><net_sink comp="1675" pin=0"/></net>

<net id="1679"><net_src comp="1675" pin="1"/><net_sink comp="241" pin=0"/></net>

<net id="1680"><net_src comp="1675" pin="1"/><net_sink comp="313" pin=1"/></net>

<net id="1681"><net_src comp="1675" pin="1"/><net_sink comp="429" pin=0"/></net>

<net id="1682"><net_src comp="1675" pin="1"/><net_sink comp="796" pin=1"/></net>

<net id="1683"><net_src comp="1675" pin="1"/><net_sink comp="810" pin=0"/></net>

<net id="1687"><net_src comp="164" pin="1"/><net_sink comp="1684" pin=0"/></net>

<net id="1688"><net_src comp="1684" pin="1"/><net_sink comp="168" pin=1"/></net>

<net id="1692"><net_src comp="174" pin="1"/><net_sink comp="1689" pin=0"/></net>

<net id="1693"><net_src comp="1689" pin="1"/><net_sink comp="1305" pin=1"/></net>

<net id="1697"><net_src comp="177" pin="1"/><net_sink comp="1694" pin=0"/></net>

<net id="1698"><net_src comp="1694" pin="1"/><net_sink comp="1305" pin=0"/></net>

<net id="1702"><net_src comp="180" pin="1"/><net_sink comp="1699" pin=0"/></net>

<net id="1703"><net_src comp="1699" pin="1"/><net_sink comp="1312" pin=0"/></net>

<net id="1704"><net_src comp="1699" pin="1"/><net_sink comp="1312" pin=1"/></net>

<net id="1708"><net_src comp="183" pin="4"/><net_sink comp="1705" pin=0"/></net>

<net id="1709"><net_src comp="1705" pin="1"/><net_sink comp="199" pin=0"/></net>

<net id="1713"><net_src comp="1312" pin="2"/><net_sink comp="1710" pin=0"/></net>

<net id="1714"><net_src comp="1710" pin="1"/><net_sink comp="192" pin=1"/></net>

<net id="1718"><net_src comp="192" pin="3"/><net_sink comp="1715" pin=0"/></net>

<net id="1719"><net_src comp="1715" pin="1"/><net_sink comp="202" pin=0"/></net>

<net id="1723"><net_src comp="199" pin="1"/><net_sink comp="1720" pin=0"/></net>

<net id="1724"><net_src comp="1720" pin="1"/><net_sink comp="202" pin=1"/></net>

<net id="1728"><net_src comp="208" pin="3"/><net_sink comp="1725" pin=0"/></net>

<net id="1729"><net_src comp="1725" pin="1"/><net_sink comp="218" pin=0"/></net>

<net id="1733"><net_src comp="215" pin="1"/><net_sink comp="1730" pin=0"/></net>

<net id="1734"><net_src comp="1730" pin="1"/><net_sink comp="218" pin=1"/></net>

<net id="1738"><net_src comp="224" pin="1"/><net_sink comp="1735" pin=0"/></net>

<net id="1739"><net_src comp="1735" pin="1"/><net_sink comp="1318" pin=0"/></net>

<net id="1743"><net_src comp="227" pin="4"/><net_sink comp="1740" pin=0"/></net>

<net id="1744"><net_src comp="1740" pin="1"/><net_sink comp="256" pin=0"/></net>

<net id="1745"><net_src comp="1740" pin="1"/><net_sink comp="353" pin=1"/></net>

<net id="1746"><net_src comp="1740" pin="1"/><net_sink comp="364" pin=1"/></net>

<net id="1750"><net_src comp="237" pin="1"/><net_sink comp="1747" pin=0"/></net>

<net id="1751"><net_src comp="1747" pin="1"/><net_sink comp="1324" pin=0"/></net>

<net id="1752"><net_src comp="1747" pin="1"/><net_sink comp="1324" pin=1"/></net>

<net id="1753"><net_src comp="1747" pin="1"/><net_sink comp="1353" pin=1"/></net>

<net id="1754"><net_src comp="1747" pin="1"/><net_sink comp="1374" pin=1"/></net>

<net id="1755"><net_src comp="1747" pin="1"/><net_sink comp="1386" pin=1"/></net>

<net id="1756"><net_src comp="1747" pin="1"/><net_sink comp="1407" pin=1"/></net>

<net id="1760"><net_src comp="1318" pin="2"/><net_sink comp="1757" pin=0"/></net>

<net id="1761"><net_src comp="1757" pin="1"/><net_sink comp="244" pin=0"/></net>

<net id="1765"><net_src comp="241" pin="1"/><net_sink comp="1762" pin=0"/></net>

<net id="1766"><net_src comp="1762" pin="1"/><net_sink comp="1332" pin=0"/></net>

<net id="1767"><net_src comp="1762" pin="1"/><net_sink comp="1332" pin=1"/></net>

<net id="1768"><net_src comp="1762" pin="1"/><net_sink comp="1353" pin=0"/></net>

<net id="1769"><net_src comp="1762" pin="1"/><net_sink comp="1368" pin=0"/></net>

<net id="1773"><net_src comp="244" pin="1"/><net_sink comp="1770" pin=0"/></net>

<net id="1774"><net_src comp="1770" pin="1"/><net_sink comp="247" pin=0"/></net>

<net id="1778"><net_src comp="253" pin="1"/><net_sink comp="1775" pin=0"/></net>

<net id="1779"><net_src comp="1775" pin="1"/><net_sink comp="1339" pin=0"/></net>

<net id="1780"><net_src comp="1775" pin="1"/><net_sink comp="1339" pin=1"/></net>

<net id="1781"><net_src comp="1775" pin="1"/><net_sink comp="1374" pin=0"/></net>

<net id="1782"><net_src comp="1775" pin="1"/><net_sink comp="1380" pin=0"/></net>

<net id="1786"><net_src comp="256" pin="1"/><net_sink comp="1783" pin=0"/></net>

<net id="1787"><net_src comp="1783" pin="1"/><net_sink comp="1346" pin=0"/></net>

<net id="1791"><net_src comp="259" pin="4"/><net_sink comp="1788" pin=0"/></net>

<net id="1792"><net_src comp="1788" pin="1"/><net_sink comp="310" pin=0"/></net>

<net id="1793"><net_src comp="1788" pin="1"/><net_sink comp="391" pin=1"/></net>

<net id="1794"><net_src comp="1788" pin="1"/><net_sink comp="402" pin=1"/></net>

<net id="1798"><net_src comp="283" pin="4"/><net_sink comp="1795" pin=0"/></net>

<net id="1799"><net_src comp="1795" pin="1"/><net_sink comp="461" pin=0"/></net>

<net id="1803"><net_src comp="293" pin="4"/><net_sink comp="1800" pin=0"/></net>

<net id="1804"><net_src comp="1800" pin="1"/><net_sink comp="440" pin=1"/></net>

<net id="1808"><net_src comp="302" pin="1"/><net_sink comp="1805" pin=0"/></net>

<net id="1809"><net_src comp="1805" pin="1"/><net_sink comp="1359" pin=0"/></net>

<net id="1813"><net_src comp="306" pin="1"/><net_sink comp="1810" pin=0"/></net>

<net id="1814"><net_src comp="1810" pin="1"/><net_sink comp="1359" pin=1"/></net>

<net id="1815"><net_src comp="1810" pin="1"/><net_sink comp="1399" pin=1"/></net>

<net id="1819"><net_src comp="310" pin="1"/><net_sink comp="1816" pin=0"/></net>

<net id="1820"><net_src comp="1816" pin="1"/><net_sink comp="1368" pin=1"/></net>

<net id="1821"><net_src comp="1816" pin="1"/><net_sink comp="1393" pin=1"/></net>

<net id="1822"><net_src comp="1816" pin="1"/><net_sink comp="1380" pin=1"/></net>

<net id="1823"><net_src comp="1816" pin="1"/><net_sink comp="1414" pin=1"/></net>

<net id="1827"><net_src comp="313" pin="2"/><net_sink comp="1824" pin=0"/></net>

<net id="1828"><net_src comp="1824" pin="1"/><net_sink comp="501" pin=0"/></net>

<net id="1829"><net_src comp="1824" pin="1"/><net_sink comp="567" pin=1"/></net>

<net id="1830"><net_src comp="1824" pin="1"/><net_sink comp="578" pin=1"/></net>

<net id="1834"><net_src comp="318" pin="1"/><net_sink comp="1831" pin=0"/></net>

<net id="1835"><net_src comp="1831" pin="1"/><net_sink comp="1386" pin=0"/></net>

<net id="1836"><net_src comp="1831" pin="1"/><net_sink comp="1393" pin=0"/></net>

<net id="1840"><net_src comp="322" pin="4"/><net_sink comp="1837" pin=0"/></net>

<net id="1841"><net_src comp="1837" pin="1"/><net_sink comp="479" pin=1"/></net>

<net id="1845"><net_src comp="331" pin="2"/><net_sink comp="1842" pin=0"/></net>

<net id="1846"><net_src comp="1842" pin="1"/><net_sink comp="555" pin=0"/></net>

<net id="1847"><net_src comp="1842" pin="1"/><net_sink comp="613" pin=1"/></net>

<net id="1848"><net_src comp="1842" pin="1"/><net_sink comp="624" pin=1"/></net>

<net id="1852"><net_src comp="336" pin="1"/><net_sink comp="1849" pin=0"/></net>

<net id="1853"><net_src comp="1849" pin="1"/><net_sink comp="1399" pin=0"/></net>

<net id="1857"><net_src comp="340" pin="1"/><net_sink comp="1854" pin=0"/></net>

<net id="1858"><net_src comp="1854" pin="1"/><net_sink comp="1407" pin=0"/></net>

<net id="1859"><net_src comp="1854" pin="1"/><net_sink comp="1414" pin=0"/></net>

<net id="1863"><net_src comp="1353" pin="3"/><net_sink comp="1860" pin=0"/></net>

<net id="1864"><net_src comp="1860" pin="1"/><net_sink comp="1359" pin=0"/></net>

<net id="1868"><net_src comp="445" pin="1"/><net_sink comp="1865" pin=0"/></net>

<net id="1869"><net_src comp="1865" pin="1"/><net_sink comp="1420" pin=0"/></net>

<net id="1873"><net_src comp="449" pin="1"/><net_sink comp="1870" pin=0"/></net>

<net id="1874"><net_src comp="1870" pin="1"/><net_sink comp="1427" pin=0"/></net>

<net id="1875"><net_src comp="1870" pin="1"/><net_sink comp="1433" pin=0"/></net>

<net id="1876"><net_src comp="1870" pin="1"/><net_sink comp="1442" pin=0"/></net>

<net id="1877"><net_src comp="1870" pin="1"/><net_sink comp="1451" pin=0"/></net>

<net id="1881"><net_src comp="453" pin="1"/><net_sink comp="1878" pin=0"/></net>

<net id="1882"><net_src comp="1878" pin="1"/><net_sink comp="1427" pin=1"/></net>

<net id="1883"><net_src comp="1878" pin="1"/><net_sink comp="1465" pin=1"/></net>

<net id="1887"><net_src comp="457" pin="1"/><net_sink comp="1884" pin=0"/></net>

<net id="1888"><net_src comp="1884" pin="1"/><net_sink comp="1433" pin=1"/></net>

<net id="1889"><net_src comp="1884" pin="1"/><net_sink comp="1471" pin=1"/></net>

<net id="1893"><net_src comp="461" pin="1"/><net_sink comp="1890" pin=0"/></net>

<net id="1894"><net_src comp="1890" pin="1"/><net_sink comp="1442" pin=1"/></net>

<net id="1895"><net_src comp="1890" pin="1"/><net_sink comp="1480" pin=1"/></net>

<net id="1899"><net_src comp="464" pin="1"/><net_sink comp="1896" pin=0"/></net>

<net id="1900"><net_src comp="1896" pin="1"/><net_sink comp="1451" pin=1"/></net>

<net id="1901"><net_src comp="1896" pin="1"/><net_sink comp="1489" pin=1"/></net>

<net id="1905"><net_src comp="484" pin="1"/><net_sink comp="1902" pin=0"/></net>

<net id="1906"><net_src comp="1902" pin="1"/><net_sink comp="1458" pin=0"/></net>

<net id="1910"><net_src comp="488" pin="1"/><net_sink comp="1907" pin=0"/></net>

<net id="1911"><net_src comp="1907" pin="1"/><net_sink comp="1465" pin=0"/></net>

<net id="1912"><net_src comp="1907" pin="1"/><net_sink comp="1471" pin=0"/></net>

<net id="1913"><net_src comp="1907" pin="1"/><net_sink comp="1480" pin=0"/></net>

<net id="1914"><net_src comp="1907" pin="1"/><net_sink comp="1489" pin=0"/></net>

<net id="1918"><net_src comp="501" pin="1"/><net_sink comp="1915" pin=0"/></net>

<net id="1919"><net_src comp="1915" pin="1"/><net_sink comp="1496" pin=0"/></net>

<net id="1923"><net_src comp="538" pin="4"/><net_sink comp="1920" pin=0"/></net>

<net id="1924"><net_src comp="1920" pin="1"/><net_sink comp="773" pin=0"/></net>

<net id="1925"><net_src comp="1920" pin="1"/><net_sink comp="912" pin=0"/></net>

<net id="1929"><net_src comp="548" pin="1"/><net_sink comp="1926" pin=0"/></net>

<net id="1930"><net_src comp="1926" pin="1"/><net_sink comp="1505" pin=0"/></net>

<net id="1934"><net_src comp="552" pin="1"/><net_sink comp="1931" pin=0"/></net>

<net id="1935"><net_src comp="1931" pin="1"/><net_sink comp="1505" pin=1"/></net>

<net id="1939"><net_src comp="1374" pin="3"/><net_sink comp="1936" pin=0"/></net>

<net id="1940"><net_src comp="1936" pin="1"/><net_sink comp="1399" pin=0"/></net>

<net id="1944"><net_src comp="555" pin="1"/><net_sink comp="1941" pin=0"/></net>

<net id="1945"><net_src comp="1941" pin="1"/><net_sink comp="1512" pin=0"/></net>

<net id="1949"><net_src comp="558" pin="4"/><net_sink comp="1946" pin=0"/></net>

<net id="1950"><net_src comp="1946" pin="1"/><net_sink comp="949" pin=1"/></net>

<net id="1954"><net_src comp="589" pin="2"/><net_sink comp="1951" pin=0"/></net>

<net id="1955"><net_src comp="1951" pin="1"/><net_sink comp="1433" pin=1"/></net>

<net id="1959"><net_src comp="1386" pin="3"/><net_sink comp="1956" pin=0"/></net>

<net id="1960"><net_src comp="1956" pin="1"/><net_sink comp="1442" pin=0"/></net>

<net id="1964"><net_src comp="595" pin="4"/><net_sink comp="1961" pin=0"/></net>

<net id="1965"><net_src comp="1961" pin="1"/><net_sink comp="820" pin=1"/></net>

<net id="1969"><net_src comp="604" pin="4"/><net_sink comp="1966" pin=0"/></net>

<net id="1970"><net_src comp="1966" pin="1"/><net_sink comp="895" pin=0"/></net>

<net id="1974"><net_src comp="635" pin="2"/><net_sink comp="1971" pin=0"/></net>

<net id="1975"><net_src comp="1971" pin="1"/><net_sink comp="1471" pin=1"/></net>

<net id="1979"><net_src comp="1407" pin="3"/><net_sink comp="1976" pin=0"/></net>

<net id="1980"><net_src comp="1976" pin="1"/><net_sink comp="1480" pin=0"/></net>

<net id="1984"><net_src comp="641" pin="4"/><net_sink comp="1981" pin=0"/></net>

<net id="1985"><net_src comp="1981" pin="1"/><net_sink comp="1095" pin=1"/></net>

<net id="1989"><net_src comp="650" pin="4"/><net_sink comp="1986" pin=0"/></net>

<net id="1990"><net_src comp="1986" pin="1"/><net_sink comp="760" pin=0"/></net>

<net id="1994"><net_src comp="1427" pin="2"/><net_sink comp="1991" pin=0"/></net>

<net id="1995"><net_src comp="1991" pin="1"/><net_sink comp="1496" pin=0"/></net>

<net id="1999"><net_src comp="659" pin="4"/><net_sink comp="1996" pin=0"/></net>

<net id="2000"><net_src comp="1996" pin="1"/><net_sink comp="776" pin=0"/></net>

<net id="2004"><net_src comp="668" pin="4"/><net_sink comp="2001" pin=0"/></net>

<net id="2005"><net_src comp="2001" pin="1"/><net_sink comp="748" pin=0"/></net>

<net id="2009"><net_src comp="677" pin="4"/><net_sink comp="2006" pin=0"/></net>

<net id="2010"><net_src comp="2006" pin="1"/><net_sink comp="846" pin=1"/></net>

<net id="2014"><net_src comp="686" pin="4"/><net_sink comp="2011" pin=0"/></net>

<net id="2015"><net_src comp="2011" pin="1"/><net_sink comp="1043" pin=0"/></net>

<net id="2019"><net_src comp="1465" pin="2"/><net_sink comp="2016" pin=0"/></net>

<net id="2020"><net_src comp="2016" pin="1"/><net_sink comp="1512" pin=0"/></net>

<net id="2024"><net_src comp="695" pin="4"/><net_sink comp="2021" pin=0"/></net>

<net id="2025"><net_src comp="2021" pin="1"/><net_sink comp="1059" pin=0"/></net>

<net id="2029"><net_src comp="704" pin="4"/><net_sink comp="2026" pin=0"/></net>

<net id="2030"><net_src comp="2026" pin="1"/><net_sink comp="1033" pin=0"/></net>

<net id="2034"><net_src comp="713" pin="4"/><net_sink comp="2031" pin=0"/></net>

<net id="2035"><net_src comp="2031" pin="1"/><net_sink comp="1121" pin=1"/></net>

<net id="2039"><net_src comp="731" pin="4"/><net_sink comp="2036" pin=0"/></net>

<net id="2040"><net_src comp="2036" pin="1"/><net_sink comp="872" pin=0"/></net>

<net id="2044"><net_src comp="740" pin="1"/><net_sink comp="2041" pin=0"/></net>

<net id="2045"><net_src comp="2041" pin="1"/><net_sink comp="1521" pin=0"/></net>

<net id="2046"><net_src comp="2041" pin="1"/><net_sink comp="1527" pin=0"/></net>

<net id="2050"><net_src comp="744" pin="1"/><net_sink comp="2047" pin=0"/></net>

<net id="2051"><net_src comp="2047" pin="1"/><net_sink comp="1521" pin=1"/></net>

<net id="2055"><net_src comp="748" pin="1"/><net_sink comp="2052" pin=0"/></net>

<net id="2056"><net_src comp="2052" pin="1"/><net_sink comp="1527" pin=1"/></net>

<net id="2060"><net_src comp="751" pin="4"/><net_sink comp="2057" pin=0"/></net>

<net id="2061"><net_src comp="2057" pin="1"/><net_sink comp="1030" pin=0"/></net>

<net id="2065"><net_src comp="769" pin="1"/><net_sink comp="2062" pin=0"/></net>

<net id="2066"><net_src comp="2062" pin="1"/><net_sink comp="1533" pin=0"/></net>

<net id="2070"><net_src comp="773" pin="1"/><net_sink comp="2067" pin=0"/></net>

<net id="2071"><net_src comp="2067" pin="1"/><net_sink comp="1533" pin=1"/></net>

<net id="2072"><net_src comp="2067" pin="1"/><net_sink comp="1542" pin=1"/></net>

<net id="2076"><net_src comp="776" pin="1"/><net_sink comp="2073" pin=0"/></net>

<net id="2077"><net_src comp="2073" pin="1"/><net_sink comp="1542" pin=0"/></net>

<net id="2081"><net_src comp="218" pin="2"/><net_sink comp="2078" pin=0"/></net>

<net id="2082"><net_src comp="2078" pin="1"/><net_sink comp="779" pin=0"/></net>

<net id="2086"><net_src comp="1521" pin="2"/><net_sink comp="2083" pin=0"/></net>

<net id="2087"><net_src comp="2083" pin="1"/><net_sink comp="1533" pin=0"/></net>

<net id="2091"><net_src comp="1527" pin="2"/><net_sink comp="2088" pin=0"/></net>

<net id="2092"><net_src comp="2088" pin="1"/><net_sink comp="1542" pin=0"/></net>

<net id="2096"><net_src comp="801" pin="1"/><net_sink comp="2093" pin=0"/></net>

<net id="2097"><net_src comp="2093" pin="1"/><net_sink comp="1551" pin=0"/></net>

<net id="2098"><net_src comp="2093" pin="1"/><net_sink comp="1551" pin=1"/></net>

<net id="2102"><net_src comp="805" pin="2"/><net_sink comp="2099" pin=0"/></net>

<net id="2103"><net_src comp="2099" pin="1"/><net_sink comp="1092" pin=0"/></net>

<net id="2107"><net_src comp="810" pin="2"/><net_sink comp="2104" pin=0"/></net>

<net id="2108"><net_src comp="2104" pin="1"/><net_sink comp="1281" pin=0"/></net>

<net id="2112"><net_src comp="815" pin="2"/><net_sink comp="2109" pin=0"/></net>

<net id="2113"><net_src comp="2109" pin="1"/><net_sink comp="1281" pin=1"/></net>

<net id="2117"><net_src comp="836" pin="4"/><net_sink comp="2114" pin=0"/></net>

<net id="2118"><net_src comp="2114" pin="1"/><net_sink comp="915" pin=0"/></net>

<net id="2119"><net_src comp="2114" pin="1"/><net_sink comp="942" pin=1"/></net>

<net id="2123"><net_src comp="885" pin="4"/><net_sink comp="2120" pin=0"/></net>

<net id="2124"><net_src comp="2120" pin="1"/><net_sink comp="934" pin=0"/></net>

<net id="2128"><net_src comp="895" pin="1"/><net_sink comp="2125" pin=0"/></net>

<net id="2129"><net_src comp="2125" pin="1"/><net_sink comp="1557" pin=0"/></net>

<net id="2133"><net_src comp="898" pin="1"/><net_sink comp="2130" pin=0"/></net>

<net id="2134"><net_src comp="2130" pin="1"/><net_sink comp="1557" pin=1"/></net>

<net id="2138"><net_src comp="902" pin="4"/><net_sink comp="2135" pin=0"/></net>

<net id="2139"><net_src comp="2135" pin="1"/><net_sink comp="976" pin=1"/></net>

<net id="2140"><net_src comp="2135" pin="1"/><net_sink comp="1193" pin=1"/></net>

<net id="2144"><net_src comp="924" pin="4"/><net_sink comp="2141" pin=0"/></net>

<net id="2145"><net_src comp="2141" pin="1"/><net_sink comp="976" pin=0"/></net>

<net id="2149"><net_src comp="938" pin="1"/><net_sink comp="2146" pin=0"/></net>

<net id="2150"><net_src comp="2146" pin="1"/><net_sink comp="1564" pin=0"/></net>

<net id="2151"><net_src comp="2146" pin="1"/><net_sink comp="1564" pin=1"/></net>

<net id="2155"><net_src comp="966" pin="4"/><net_sink comp="2152" pin=0"/></net>

<net id="2156"><net_src comp="2152" pin="1"/><net_sink comp="1056" pin=0"/></net>

<net id="2157"><net_src comp="2152" pin="1"/><net_sink comp="1147" pin=0"/></net>

<net id="2161"><net_src comp="980" pin="1"/><net_sink comp="2158" pin=0"/></net>

<net id="2162"><net_src comp="2158" pin="1"/><net_sink comp="1571" pin=1"/></net>

<net id="2166"><net_src comp="1551" pin="2"/><net_sink comp="2163" pin=0"/></net>

<net id="2167"><net_src comp="2163" pin="1"/><net_sink comp="1008" pin=0"/></net>

<net id="2171"><net_src comp="1008" pin="1"/><net_sink comp="2168" pin=0"/></net>

<net id="2172"><net_src comp="2168" pin="1"/><net_sink comp="1011" pin=0"/></net>

<net id="2176"><net_src comp="1017" pin="4"/><net_sink comp="2173" pin=0"/></net>

<net id="2177"><net_src comp="2173" pin="1"/><net_sink comp="1170" pin=0"/></net>

<net id="2181"><net_src comp="1026" pin="1"/><net_sink comp="2178" pin=0"/></net>

<net id="2182"><net_src comp="2178" pin="1"/><net_sink comp="1582" pin=0"/></net>

<net id="2183"><net_src comp="2178" pin="1"/><net_sink comp="1588" pin=0"/></net>

<net id="2187"><net_src comp="1030" pin="1"/><net_sink comp="2184" pin=0"/></net>

<net id="2188"><net_src comp="2184" pin="1"/><net_sink comp="1582" pin=1"/></net>

<net id="2192"><net_src comp="1033" pin="1"/><net_sink comp="2189" pin=0"/></net>

<net id="2193"><net_src comp="2189" pin="1"/><net_sink comp="1588" pin=1"/></net>

<net id="2197"><net_src comp="1036" pin="3"/><net_sink comp="2194" pin=0"/></net>

<net id="2198"><net_src comp="2194" pin="1"/><net_sink comp="1571" pin=1"/></net>

<net id="2202"><net_src comp="1011" pin="2"/><net_sink comp="2199" pin=0"/></net>

<net id="2203"><net_src comp="2199" pin="1"/><net_sink comp="1069" pin=0"/></net>

<net id="2207"><net_src comp="1052" pin="1"/><net_sink comp="2204" pin=0"/></net>

<net id="2208"><net_src comp="2204" pin="1"/><net_sink comp="1594" pin=0"/></net>

<net id="2212"><net_src comp="1056" pin="1"/><net_sink comp="2209" pin=0"/></net>

<net id="2213"><net_src comp="2209" pin="1"/><net_sink comp="1594" pin=1"/></net>

<net id="2214"><net_src comp="2209" pin="1"/><net_sink comp="1603" pin=1"/></net>

<net id="2218"><net_src comp="1059" pin="1"/><net_sink comp="2215" pin=0"/></net>

<net id="2219"><net_src comp="2215" pin="1"/><net_sink comp="1603" pin=0"/></net>

<net id="2223"><net_src comp="1082" pin="4"/><net_sink comp="2220" pin=0"/></net>

<net id="2224"><net_src comp="2220" pin="1"/><net_sink comp="1246" pin=0"/></net>

<net id="2228"><net_src comp="1582" pin="2"/><net_sink comp="2225" pin=0"/></net>

<net id="2229"><net_src comp="2225" pin="1"/><net_sink comp="1594" pin=0"/></net>

<net id="2233"><net_src comp="1588" pin="2"/><net_sink comp="2230" pin=0"/></net>

<net id="2234"><net_src comp="2230" pin="1"/><net_sink comp="1603" pin=0"/></net>

<net id="2238"><net_src comp="1092" pin="1"/><net_sink comp="2235" pin=0"/></net>

<net id="2239"><net_src comp="2235" pin="1"/><net_sink comp="1612" pin=0"/></net>

<net id="2240"><net_src comp="2235" pin="1"/><net_sink comp="1612" pin=1"/></net>

<net id="2244"><net_src comp="1160" pin="4"/><net_sink comp="2241" pin=0"/></net>

<net id="2245"><net_src comp="2241" pin="1"/><net_sink comp="1193" pin=0"/></net>

<net id="2249"><net_src comp="1183" pin="4"/><net_sink comp="2246" pin=0"/></net>

<net id="2250"><net_src comp="2246" pin="1"/><net_sink comp="1197" pin=0"/></net>

<net id="2254"><net_src comp="1193" pin="2"/><net_sink comp="2251" pin=0"/></net>

<net id="2255"><net_src comp="2251" pin="1"/><net_sink comp="1205" pin=0"/></net>

<net id="2256"><net_src comp="2251" pin="1"/><net_sink comp="1208" pin=1"/></net>

<net id="2257"><net_src comp="2251" pin="1"/><net_sink comp="1219" pin=1"/></net>

<net id="2261"><net_src comp="1201" pin="1"/><net_sink comp="2258" pin=0"/></net>

<net id="2262"><net_src comp="2258" pin="1"/><net_sink comp="1618" pin=0"/></net>

<net id="2263"><net_src comp="2258" pin="1"/><net_sink comp="1618" pin=1"/></net>

<net id="2267"><net_src comp="1205" pin="1"/><net_sink comp="2264" pin=0"/></net>

<net id="2268"><net_src comp="2264" pin="1"/><net_sink comp="1625" pin=1"/></net>

<net id="2272"><net_src comp="1612" pin="2"/><net_sink comp="2269" pin=0"/></net>

<net id="2273"><net_src comp="2269" pin="1"/><net_sink comp="1230" pin=0"/></net>

<net id="2277"><net_src comp="1230" pin="1"/><net_sink comp="2274" pin=0"/></net>

<net id="2278"><net_src comp="2274" pin="1"/><net_sink comp="1233" pin=0"/></net>

<net id="2282"><net_src comp="1246" pin="2"/><net_sink comp="2279" pin=0"/></net>

<net id="2283"><net_src comp="2279" pin="1"/><net_sink comp="1625" pin=0"/></net>

<net id="2287"><net_src comp="1233" pin="2"/><net_sink comp="2284" pin=0"/></net>

<net id="2288"><net_src comp="2284" pin="1"/><net_sink comp="1258" pin=0"/></net>

</net_list>

</model> 
---------------- Datapath Model END ------------------

* FSMD analyzer results:
  - Output states:
	Port: p_read2 | {}
	Port: p_read7 | {}
	Port: p_read8 | {}
	Port: p_read9 | {}
	Port: p_read10 | {}
	Port: p_read11 | {}
	Port: p_read12 | {}
 - Input state : 
	Port: costFunction : p_read2 | {1 }
	Port: costFunction : p_read7 | {1 }
	Port: costFunction : p_read8 | {1 }
	Port: costFunction : p_read9 | {1 }
	Port: costFunction : p_read10 | {1 }
	Port: costFunction : p_read11 | {1 }
	Port: costFunction : p_read12 | {1 }
  - Chain level:
	State 1
		sdiv_ln1148_2 : 1
	State 2
	State 3
	State 4
	State 5
	State 6
		mul_ln1115 : 1
		r_V : 1
	State 7
	State 8
	State 9
		vTmp : 1
	State 10
		sdiv_ln1148_1 : 1
	State 11
	State 12
	State 13
	State 14
	State 15
	State 16
	State 17
	State 18
	State 19
	State 20
	State 21
	State 22
	State 23
	State 24
	State 25
		sdiv_ln1148 : 1
	State 26
	State 27
	State 28
	State 29
	State 30
	State 31
	State 32
	State 33
	State 34
	State 35
	State 36
	State 37
	State 38
	State 39
	State 40
	State 41
	State 42
	State 43
		r_V_14 : 1
	State 44
	State 45
	State 46
		A0T_V : 1
		sext_ln1118_5 : 2
		mul_ln1115_2 : 3
		mul_ln708 : 1
	State 47
		mul_ln1115_1 : 1
		mul_ln708_5 : 1
	State 48
		bT_V : 1
		r_V_15 : 1
	State 49
		A0T2_V : 1
		ret_V : 1
		A1T2_V_2 : 2
		trunc_ln : 1
		sext_ln1118_6 : 2
		sext_ln1118_7 : 2
		mul_ln1192_1 : 3
		mul_ln708_1 : 1
		mul_ln708_6 : 1
	State 50
		add_ln1192 : 1
		sext_ln1118_17 : 1
		mul_ln1192_4 : 2
		mul_ln708_2 : 2
		trunc_ln708_11 : 1
		sext_ln1118_26 : 2
		mul_ln1192_9 : 3
		sext_ln1118_32 : 1
		mul_ln1192_12 : 2
		mul_ln708_7 : 2
	State 51
		trunc_ln708_s : 1
		sext_ln1118 : 1
		sext_ln1118_1 : 1
		r_V_16 : 2
		A1T2_V : 3
		sext_ln1118_2 : 1
		sext_ln1118_3 : 1
		r_V_17 : 2
		A1bT_V : 3
		add_ln703 : 1
		add_ln1192_1 : 1
		sext_ln1118_9 : 2
		mul_ln1118 : 3
		sext_ln1118_12 : 2
		sext_ln1118_13 : 2
		mul_ln1192_2 : 3
		sext_ln1118_16 : 4
		mul_ln1192_3 : 5
		mul_ln1192_5 : 3
		sext_ln1118_20 : 4
		mul_ln708_3 : 5
		add_ln703_5 : 1
		add_ln1192_15 : 1
		sext_ln1118_27 : 2
		mul_ln1118_4 : 3
		sext_ln1118_29 : 2
		mul_ln1192_10 : 3
		mul_ln1192_11 : 5
		mul_ln1192_13 : 3
		mul_ln708_8 : 5
	State 52
		trunc_ln708_1 : 1
		mul_ln1118_1 : 1
		add_ln1192_5 : 1
		tmp_s : 1
		shl_ln2 : 2
		sext_ln1192 : 3
		add_ln1192_7 : 4
		trunc_ln708_9 : 5
		sext_ln708_1 : 2
		mul_ln708_4 : 3
		add_ln1192_16 : 1
		mul_ln1118_5 : 1
		add_ln1192_19 : 1
		tmp_3 : 1
	State 53
		sext_ln1118_14 : 1
		sext_ln1118_15 : 1
		sub_ln703_9 : 2
		add_ln1192_4 : 3
		add_ln1192_6 : 1
		tmp_1 : 1
		trunc_ln708_12 : 1
		sext_ln1118_30 : 1
		sext_ln1118_31 : 1
		sub_ln703_10 : 2
		add_ln1192_18 : 3
		add_ln1192_20 : 1
		tmp_4 : 1
	State 54
		trunc_ln708_2 : 1
		sext_ln703_10 : 1
		add_ln1192_3 : 2
		trunc_ln708_5 : 1
		trunc_ln708_6 : 1
		tmp_2 : 1
		trunc_ln708_13 : 1
		sext_ln703_16 : 1
		add_ln1192_17 : 2
		trunc_ln708_15 : 1
		trunc_ln708_16 : 1
		tmp_5 : 1
	State 55
		trunc_ln708_4 : 1
		trunc_ln708_3 : 1
		sext_ln1118_21 : 2
		sext_ln1118_22 : 2
		mul_ln1192_6 : 3
		mul_ln1192_7 : 3
		trunc_ln708_14 : 1
	State 56
		xor_ln1116 : 1
		zext_ln703 : 1
		mul_ln703_4 : 2
		mul_ln703_5 : 1
	State 57
	State 58
		dTmp : 1
		add_ln1192_8 : 1
		add_ln1192_10 : 1
		add_ln703_1 : 2
		add_ln703_2 : 3
		sext_ln1116_1 : 4
		mul_ln1118_2 : 5
		add_ln703_6 : 3
	State 59
		sext_ln1192_1 : 1
		add_ln1192_9 : 2
		trunc_ln708_7 : 3
		sext_ln1192_2 : 1
		add_ln1192_11 : 2
		trunc_ln708_8 : 3
		sext_ln703_3 : 4
		add_ln1192_13 : 5
		trunc_ln703_1 : 6
		sext_ln708_5 : 4
		mul_ln708_9 : 5
	State 60
		iLRef_V : 1
		add_ln1192_12 : 1
		trunc_ln6 : 2
		sext_ln703_4 : 1
		mul_ln703_1 : 2
		sext_ln1192_4 : 1
		add_ln1192_21 : 2
		trunc_ln708_17 : 3
	State 61
		sext_ln1118_10 : 1
		shl_ln3 : 1
		sext_ln703_13 : 2
		shl_ln703_1 : 1
		sext_ln703_14 : 2
		add_ln703_3 : 3
		sext_ln703_15 : 4
		mul_ln703 : 5
	State 62
		mul_ln1118_3 : 1
		trunc_ln708_18 : 1
		sext_ln1118_33 : 2
		mul_ln1192_14 : 3
		mul_ln1192_15 : 3
	State 63
		shl_ln703_2 : 1
		add_ln703_4 : 2
		xor_ln1116_1 : 1
		zext_ln703_1 : 1
		mul_ln703_6 : 2
		mul_ln703_7 : 1
	State 64
		shl_ln728_3 : 1
		zext_ln1192 : 1
		add_ln1192_14 : 2
		trunc_ln708_10 : 3
	State 65
		add_ln1192_22 : 1
		add_ln1192_24 : 1
		mul_ln1118_6 : 1
	State 66
		sext_ln1192_5 : 1
		add_ln1192_23 : 2
		trunc_ln708_19 : 3
		sext_ln1192_6 : 1
		add_ln1192_25 : 2
		trunc_ln708_20 : 3
		sext_ln703_6 : 4
		add_ln1192_26 : 5
		trunc_ln703_2 : 6
		sext_ln703_8 : 4
		add_ln1192_27 : 5
		trunc_ln703_3 : 6
	State 67
		sext_ln703_9 : 1
		mul_ln703_3 : 2
	State 68
		sext_ln703_19 : 1
		sext_ln703_20 : 1
		add_ln703_7 : 2
		sext_ln703_21 : 3
		mul_ln703_2 : 4
	State 69
		mul_ln1118_7 : 1
	State 70
		shl_ln703_5 : 1
		add_ln703_8 : 2
		add_ln703_9 : 3
	State 71
		shl_ln728_7 : 1
		zext_ln1192_1 : 1
		add_ln1192_28 : 2
		cost_V_0_write_assign : 3
		mrv : 4
		mrv_1 : 5
		ret_ln220 : 6


============================================================
+ Verbose Summary: Datapath Resource usage 
============================================================

* Functional unit list:
|----------|-------------------------------|---------|---------|---------|
| Operation|        Functional Unit        |   DSP   |    FF   |   LUT   |
|----------|-------------------------------|---------|---------|---------|
|          |           grp_fu_168          |    0    |   3865  |   2952  |
|   sdiv   |           grp_fu_202          |    0    |   4800  |   3668  |
|          |           grp_fu_218          |    0    |   1974  |   1503  |
|----------|-------------------------------|---------|---------|---------|
|          |           grp_fu_247          |    1    |   173   |    54   |
|          |          grp_fu_1011          |    1    |   202   |    85   |
|          |          grp_fu_1233          |    1    |   202   |    85   |
|          |          grp_fu_1305          |    1    |    0    |    0    |
|          |          grp_fu_1312          |    1    |    0    |    0    |
|          |          grp_fu_1318          |    1    |    0    |    0    |
|          |          grp_fu_1324          |    1    |    0    |    0    |
|          |          grp_fu_1332          |    1    |    0    |    0    |
|          |          grp_fu_1339          |    1    |    0    |    0    |
|          |          grp_fu_1346          |    1    |    0    |    0    |
|          |          grp_fu_1368          |    1    |    0    |    0    |
|          |          grp_fu_1380          |    1    |    0    |    0    |
|          |          grp_fu_1393          |    1    |    0    |    0    |
|          |          grp_fu_1414          |    1    |    0    |    0    |
|    mul   |          grp_fu_1420          |    1    |    0    |    0    |
|          |          grp_fu_1427          |    1    |    0    |    0    |
|          |          grp_fu_1451          |    1    |    0    |    0    |
|          |          grp_fu_1458          |    1    |    0    |    0    |
|          |          grp_fu_1465          |    1    |    0    |    0    |
|          |          grp_fu_1489          |    1    |    0    |    0    |
|          |          grp_fu_1505          |    1    |    0    |    0    |
|          |          grp_fu_1521          |    1    |    0    |    0    |
|          |          grp_fu_1527          |    1    |    0    |    0    |
|          |          grp_fu_1551          |    1    |    0    |    0    |
|          |          grp_fu_1557          |    1    |    0    |    0    |
|          |          grp_fu_1564          |    1    |    0    |    0    |
|          |          grp_fu_1582          |    1    |    0    |    0    |
|          |          grp_fu_1588          |    1    |    0    |    0    |
|          |          grp_fu_1612          |    1    |    0    |    0    |
|          |          grp_fu_1618          |    1    |    0    |    0    |
|----------|-------------------------------|---------|---------|---------|
|          |          ret_V_fu_278         |    0    |    0    |    41   |
|          |        add_ln703_fu_440       |    0    |    0    |    18   |
|          |       add_ln703_5_fu_479      |    0    |    0    |    18   |
|          |      add_ln1192_7_fu_532      |    0    |    0    |    40   |
|          |       add_ln703_1_fu_790      |    0    |    0    |    25   |
|          |       add_ln703_2_fu_796      |    0    |    0    |    25   |
|          |       add_ln703_6_fu_805      |    0    |    0    |    25   |
|          |      add_ln1192_9_fu_831      |    0    |    0    |    40   |
|          |      add_ln1192_11_fu_857     |    0    |    0    |    40   |
|    add   |      add_ln1192_13_fu_879     |    0    |    0    |    25   |
|          |      add_ln1192_12_fu_918     |    0    |    0    |    25   |
|          |      add_ln1192_21_fu_960     |    0    |    0    |    40   |
|          |     add_ln1192_14_fu_1076     |    0    |    0    |    61   |
|          |     add_ln1192_23_fu_1106     |    0    |    0    |    40   |
|          |     add_ln1192_25_fu_1132     |    0    |    0    |    40   |
|          |     add_ln1192_26_fu_1154     |    0    |    0    |    25   |
|          |     add_ln1192_27_fu_1177     |    0    |    0    |    25   |
|          |      add_ln703_8_fu_1246      |    0    |    0    |    39   |
|          |     add_ln1192_28_fu_1265     |    0    |    0    |    61   |
|----------|-------------------------------|---------|---------|---------|
|          |        sub_ln703_fu_313       |    0    |    0    |    25   |
|          |       sub_ln703_5_fu_331      |    0    |    0    |    25   |
|          |         r_V_16_fu_375         |    0    |    0    |    40   |
|          |         r_V_17_fu_413         |    0    |    0    |    40   |
|          |       sub_ln703_2_fu_434      |    0    |    0    |    18   |
|    sub   |       sub_ln703_6_fu_473      |    0    |    0    |    18   |
|          |       sub_ln703_9_fu_589      |    0    |    0    |    40   |
|          |      sub_ln703_10_fu_635      |    0    |    0    |    40   |
|          |       sub_ln703_4_fu_934      |    0    |    0    |    25   |
|          |       sub_ln703_3_fu_976      |    0    |    0    |    25   |
|          |      sub_ln703_7_fu_1193      |    0    |    0    |    25   |
|          |      sub_ln703_8_fu_1197      |    0    |    0    |    25   |
|----------|-------------------------------|---------|---------|---------|
|    xor   |       xor_ln1116_fu_763       |    0    |    0    |    16   |
|          |      xor_ln1116_1_fu_1046     |    0    |    0    |    16   |
|----------|-------------------------------|---------|---------|---------|
|  select  |       select_ln4_fu_1285      |    0    |    0    |    32   |
|----------|-------------------------------|---------|---------|---------|
|   icmp   |       icmp_ln211_fu_810       |    0    |    0    |    13   |
|          |      icmp_ln211_1_fu_815      |    0    |    0    |    13   |
|----------|-------------------------------|---------|---------|---------|
|          |          grp_fu_1353          |    1    |    0    |    0    |
|          |          grp_fu_1359          |    1    |    0    |    0    |
|          |          grp_fu_1374          |    1    |    0    |    0    |
|          |          grp_fu_1386          |    1    |    0    |    0    |
|          |          grp_fu_1399          |    1    |    0    |    0    |
|          |          grp_fu_1407          |    1    |    0    |    0    |
|          |          grp_fu_1433          |    1    |    0    |    0    |
|  muladd  |          grp_fu_1442          |    1    |    0    |    0    |
|          |          grp_fu_1471          |    1    |    0    |    0    |
|          |          grp_fu_1480          |    1    |    0    |    0    |
|          |          grp_fu_1496          |    1    |    0    |    0    |
|          |          grp_fu_1512          |    1    |    0    |    0    |
|          |          grp_fu_1533          |    1    |    0    |    0    |
|          |          grp_fu_1542          |    1    |    0    |    0    |
|          |          grp_fu_1594          |    1    |    0    |    0    |
|          |          grp_fu_1603          |    1    |    0    |    0    |
|----------|-------------------------------|---------|---------|---------|
|    or    |        or_ln211_fu_1281       |    0    |    0    |    2    |
|----------|-------------------------------|---------|---------|---------|
| addmuladd|          grp_fu_1571          |    1    |    0    |    0    |
|          |          grp_fu_1625          |    1    |    0    |    0    |
|----------|-------------------------------|---------|---------|---------|
|          |       p_read_read_fu_122      |    0    |    0    |    0    |
|          |     p_read_10_read_fu_128     |    0    |    0    |    0    |
|          |     p_read106_read_fu_134     |    0    |    0    |    0    |
|   read   |      p_read95_read_fu_140     |    0    |    0    |    0    |
|          |      p_read84_read_fu_146     |    0    |    0    |    0    |
|          |      p_read73_read_fu_152     |    0    |    0    |    0    |
|          |      p_read22_read_fu_158     |    0    |    0    |    0    |
|----------|-------------------------------|---------|---------|---------|
|          |      sext_ln1148_2_fu_164     |    0    |    0    |    0    |
|          |       sext_ln727_fu_174       |    0    |    0    |    0    |
|          |       sext_ln1115_fu_177      |    0    |    0    |    0    |
|          |       sext_ln1116_fu_180      |    0    |    0    |    0    |
|          |      sext_ln1148_1_fu_199     |    0    |    0    |    0    |
|          |       sext_ln1148_fu_215      |    0    |    0    |    0    |
|          |      sext_ln1115_3_fu_224     |    0    |    0    |    0    |
|          |      sext_ln1118_5_fu_237     |    0    |    0    |    0    |
|          |      sext_ln1118_4_fu_241     |    0    |    0    |    0    |
|          |      sext_ln1115_4_fu_244     |    0    |    0    |    0    |
|          |     sext_ln1118_25_fu_253     |    0    |    0    |    0    |
|          |      sext_ln1115_2_fu_256     |    0    |    0    |    0    |
|          |      sext_ln1118_6_fu_302     |    0    |    0    |    0    |
|          |      sext_ln1118_7_fu_306     |    0    |    0    |    0    |
|          |      sext_ln1118_8_fu_310     |    0    |    0    |    0    |
|          |     sext_ln1118_17_fu_318     |    0    |    0    |    0    |
|          |     sext_ln1118_26_fu_336     |    0    |    0    |    0    |
|          |     sext_ln1118_32_fu_340     |    0    |    0    |    0    |
|          |       sext_ln1118_fu_360      |    0    |    0    |    0    |
|          |      sext_ln1118_1_fu_371     |    0    |    0    |    0    |
|          |      sext_ln1118_2_fu_398     |    0    |    0    |    0    |
|          |      sext_ln1118_3_fu_409     |    0    |    0    |    0    |
|          |      sext_ln1118_9_fu_445     |    0    |    0    |    0    |
|          |     sext_ln1118_12_fu_449     |    0    |    0    |    0    |
|          |     sext_ln1118_13_fu_453     |    0    |    0    |    0    |
|          |     sext_ln1118_16_fu_457     |    0    |    0    |    0    |
|          |     sext_ln1118_19_fu_461     |    0    |    0    |    0    |
|          |     sext_ln1118_20_fu_464     |    0    |    0    |    0    |
|          |     sext_ln1118_27_fu_484     |    0    |    0    |    0    |
|          |     sext_ln1118_29_fu_488     |    0    |    0    |    0    |
|          |     sext_ln1118_11_fu_501     |    0    |    0    |    0    |
|          |       sext_ln1192_fu_528      |    0    |    0    |    0    |
|          |      sext_ln708_1_fu_548      |    0    |    0    |    0    |
|          |      sext_ln708_2_fu_552      |    0    |    0    |    0    |
|          |     sext_ln1118_28_fu_555     |    0    |    0    |    0    |
|          |     sext_ln1118_14_fu_574     |    0    |    0    |    0    |
|          |     sext_ln1118_15_fu_585     |    0    |    0    |    0    |
|          |     sext_ln1118_30_fu_620     |    0    |    0    |    0    |
|          |     sext_ln1118_31_fu_631     |    0    |    0    |    0    |
|   sext   |     sext_ln1118_21_fu_740     |    0    |    0    |    0    |
|          |     sext_ln1118_22_fu_744     |    0    |    0    |    0    |
|          |     sext_ln1118_23_fu_748     |    0    |    0    |    0    |
|          |       sext_ln708_fu_760       |    0    |    0    |    0    |
|          |      sext_ln703_11_fu_773     |    0    |    0    |    0    |
|          |      sext_ln703_12_fu_776     |    0    |    0    |    0    |
|          |      sext_ln1116_1_fu_801     |    0    |    0    |    0    |
|          |      sext_ln1192_1_fu_827     |    0    |    0    |    0    |
|          |      sext_ln1192_2_fu_853     |    0    |    0    |    0    |
|          |      sext_ln703_2_fu_872      |    0    |    0    |    0    |
|          |      sext_ln703_3_fu_875      |    0    |    0    |    0    |
|          |      sext_ln708_4_fu_895      |    0    |    0    |    0    |
|          |      sext_ln708_5_fu_898      |    0    |    0    |    0    |
|          |       sext_ln703_fu_912       |    0    |    0    |    0    |
|          |      sext_ln703_1_fu_915      |    0    |    0    |    0    |
|          |      sext_ln703_4_fu_938      |    0    |    0    |    0    |
|          |      sext_ln1192_4_fu_956     |    0    |    0    |    0    |
|          |     sext_ln1118_10_fu_980     |    0    |    0    |    0    |
|          |      sext_ln703_13_fu_992     |    0    |    0    |    0    |
|          |     sext_ln703_14_fu_1004     |    0    |    0    |    0    |
|          |     sext_ln1118_24_fu_1008    |    0    |    0    |    0    |
|          |     sext_ln1118_33_fu_1026    |    0    |    0    |    0    |
|          |     sext_ln1118_34_fu_1030    |    0    |    0    |    0    |
|          |     sext_ln1118_35_fu_1033    |    0    |    0    |    0    |
|          |      sext_ln708_3_fu_1043     |    0    |    0    |    0    |
|          |     sext_ln703_17_fu_1056     |    0    |    0    |    0    |
|          |     sext_ln703_18_fu_1059     |    0    |    0    |    0    |
|          |     sext_ln1192_3_fu_1069     |    0    |    0    |    0    |
|          |     sext_ln1116_2_fu_1092     |    0    |    0    |    0    |
|          |     sext_ln1192_5_fu_1102     |    0    |    0    |    0    |
|          |     sext_ln1192_6_fu_1128     |    0    |    0    |    0    |
|          |      sext_ln703_5_fu_1147     |    0    |    0    |    0    |
|          |      sext_ln703_6_fu_1150     |    0    |    0    |    0    |
|          |      sext_ln703_7_fu_1170     |    0    |    0    |    0    |
|          |      sext_ln703_8_fu_1173     |    0    |    0    |    0    |
|          |      sext_ln703_9_fu_1201     |    0    |    0    |    0    |
|          |     sext_ln1118_18_fu_1205    |    0    |    0    |    0    |
|          |     sext_ln703_19_fu_1215     |    0    |    0    |    0    |
|          |     sext_ln703_20_fu_1226     |    0    |    0    |    0    |
|          |     sext_ln1118_36_fu_1230    |    0    |    0    |    0    |
|          |     sext_ln1192_7_fu_1258     |    0    |    0    |    0    |
|----------|-------------------------------|---------|---------|---------|
|          |          vTmp_fu_183          |    0    |    0    |    0    |
|          |          A0T_V_fu_227         |    0    |    0    |    0    |
|          |          bT_V_fu_259          |    0    |    0    |    0    |
|          |         A0T2_V_fu_269         |    0    |    0    |    0    |
|          |        A1T2_V_2_fu_283        |    0    |    0    |    0    |
|          |        trunc_ln_fu_293        |    0    |    0    |    0    |
|          |     trunc_ln708_11_fu_322     |    0    |    0    |    0    |
|          |      trunc_ln708_s_fu_344     |    0    |    0    |    0    |
|          |         A1T2_V_fu_381         |    0    |    0    |    0    |
|          |         A1bT_V_fu_419         |    0    |    0    |    0    |
|          |      trunc_ln708_1_fu_492     |    0    |    0    |    0    |
|          |          tmp_s_fu_511         |    0    |    0    |    0    |
|          |      trunc_ln708_9_fu_538     |    0    |    0    |    0    |
|          |          tmp_3_fu_558         |    0    |    0    |    0    |
|          |          tmp_1_fu_595         |    0    |    0    |    0    |
|          |     trunc_ln708_12_fu_604     |    0    |    0    |    0    |
|          |          tmp_4_fu_641         |    0    |    0    |    0    |
|          |      trunc_ln708_2_fu_650     |    0    |    0    |    0    |
|          |      trunc_ln708_5_fu_659     |    0    |    0    |    0    |
|          |      trunc_ln708_6_fu_668     |    0    |    0    |    0    |
|partselect|          tmp_2_fu_677         |    0    |    0    |    0    |
|          |     trunc_ln708_13_fu_686     |    0    |    0    |    0    |
|          |     trunc_ln708_15_fu_695     |    0    |    0    |    0    |
|          |     trunc_ln708_16_fu_704     |    0    |    0    |    0    |
|          |          tmp_5_fu_713         |    0    |    0    |    0    |
|          |      trunc_ln708_4_fu_722     |    0    |    0    |    0    |
|          |      trunc_ln708_3_fu_731     |    0    |    0    |    0    |
|          |     trunc_ln708_14_fu_751     |    0    |    0    |    0    |
|          |      trunc_ln708_7_fu_836     |    0    |    0    |    0    |
|          |      trunc_ln708_8_fu_862     |    0    |    0    |    0    |
|          |      trunc_ln703_1_fu_885     |    0    |    0    |    0    |
|          |         iLRef_V_fu_902        |    0    |    0    |    0    |
|          |        trunc_ln6_fu_924       |    0    |    0    |    0    |
|          |     trunc_ln708_17_fu_966     |    0    |    0    |    0    |
|          |     trunc_ln708_18_fu_1017    |    0    |    0    |    0    |
|          |     trunc_ln708_10_fu_1082    |    0    |    0    |    0    |
|          |     trunc_ln708_19_fu_1111    |    0    |    0    |    0    |
|          |     trunc_ln708_20_fu_1137    |    0    |    0    |    0    |
|          |     trunc_ln703_2_fu_1160     |    0    |    0    |    0    |
|          |     trunc_ln703_3_fu_1183     |    0    |    0    |    0    |
|          | cost_V_0_write_assign_fu_1271 |    0    |    0    |    0    |
|----------|-------------------------------|---------|---------|---------|
|          |           t_1_fu_192          |    0    |    0    |    0    |
|          |            t_fu_208           |    0    |    0    |    0    |
|          |         shl_ln_fu_353         |    0    |    0    |    0    |
|          |      shl_ln1118_1_fu_364      |    0    |    0    |    0    |
|          |      shl_ln1118_2_fu_391      |    0    |    0    |    0    |
|          |      shl_ln1118_3_fu_402      |    0    |    0    |    0    |
|          |       shl_ln703_6_fu_504      |    0    |    0    |    0    |
|          |         shl_ln2_fu_520        |    0    |    0    |    0    |
|          |      shl_ln1118_4_fu_567      |    0    |    0    |    0    |
|          |      shl_ln1118_5_fu_578      |    0    |    0    |    0    |
|          |      shl_ln1118_6_fu_613      |    0    |    0    |    0    |
|          |      shl_ln1118_7_fu_624      |    0    |    0    |    0    |
|          |          dTmp_fu_782          |    0    |    0    |    0    |
|bitconcatenate|       shl_ln728_1_fu_820      |    0    |    0    |    0    |
|          |       shl_ln728_2_fu_846      |    0    |    0    |    0    |
|          |       shl_ln703_7_fu_942      |    0    |    0    |    0    |
|          |       shl_ln728_4_fu_949      |    0    |    0    |    0    |
|          |         shl_ln3_fu_984        |    0    |    0    |    0    |
|          |       shl_ln703_1_fu_996      |    0    |    0    |    0    |
|          |      shl_ln703_2_fu_1036      |    0    |    0    |    0    |
|          |      shl_ln728_3_fu_1062      |    0    |    0    |    0    |
|          |      shl_ln728_5_fu_1095      |    0    |    0    |    0    |
|          |      shl_ln728_6_fu_1121      |    0    |    0    |    0    |
|          |      shl_ln703_3_fu_1208      |    0    |    0    |    0    |
|          |      shl_ln703_4_fu_1219      |    0    |    0    |    0    |
|          |      shl_ln703_5_fu_1239      |    0    |    0    |    0    |
|          |      shl_ln728_7_fu_1251      |    0    |    0    |    0    |
|----------|-------------------------------|---------|---------|---------|
|    shl   |       shl_ln1299_fu_429       |    0    |    0    |    0    |
|          |      shl_ln1299_1_fu_468      |    0    |    0    |    0    |
|----------|-------------------------------|---------|---------|---------|
|          |       zext_ln703_fu_769       |    0    |    0    |    0    |
|   zext   |      zext_ln703_1_fu_1052     |    0    |    0    |    0    |
|          |      zext_ln1192_fu_1072      |    0    |    0    |    0    |
|          |     zext_ln1192_1_fu_1261     |    0    |    0    |    0    |
|----------|-------------------------------|---------|---------|---------|
|   trunc  |       trunc_ln731_fu_779      |    0    |    0    |    0    |
|----------|-------------------------------|---------|---------|---------|
|insertvalue|          mrv_fu_1293          |    0    |    0    |    0    |
|          |         mrv_1_fu_1299         |    0    |    0    |    0    |
|----------|-------------------------------|---------|---------|---------|
|   Total  |                               |    48   |  11216  |   9438  |
|----------|-------------------------------|---------|---------|---------|

Memories:
N/A

* Register list:
+-----------------------+--------+
|                       |   FF   |
+-----------------------+--------+
|     A0T_V_reg_1740    |   18   |
|   A1T2_V_2_reg_1795   |   18   |
| add_ln1192_15_reg_1936|   34   |
| add_ln1192_19_reg_1976|   34   |
| add_ln1192_5_reg_1956 |   34   |
|  add_ln1192_reg_1860  |   34   |
|  add_ln703_6_reg_2099 |   18   |
|  add_ln703_8_reg_2279 |   32   |
|     bT_V_reg_1788     |   18   |
|    iLRef_V_reg_2135   |   18   |
| icmp_ln211_1_reg_2109 |    1   |
|  icmp_ln211_reg_2104  |    1   |
| mul_ln1118_2_reg_2163 |   36   |
| mul_ln1118_3_reg_2199 |   47   |
| mul_ln1118_6_reg_2269 |   36   |
| mul_ln1118_7_reg_2284 |   47   |
| mul_ln1192_10_reg_2016|   34   |
| mul_ln1192_14_reg_2225|   33   |
| mul_ln1192_15_reg_2230|   33   |
| mul_ln1192_2_reg_1991 |   34   |
| mul_ln1192_6_reg_2083 |   33   |
| mul_ln1192_7_reg_2088 |   33   |
|   p_read106_reg_1649  |   18   |
|   p_read22_reg_1675   |   18   |
|   p_read73_reg_1666   |   18   |
|   p_read84_reg_1661   |   18   |
|   p_read95_reg_1656   |   18   |
|   p_read_10_reg_1644  |   18   |
|    p_read_reg_1636    |   18   |
|    r_V_14_reg_1757    |   34   |
|      r_V_reg_1710     |   36   |
|  sdiv_ln1148_reg_2078 |   13   |
| sext_ln1115_2_reg_1783|   32   |
| sext_ln1115_3_reg_1735|   34   |
| sext_ln1115_4_reg_1770|   44   |
|  sext_ln1115_reg_1694 |   29   |
| sext_ln1116_1_reg_2093|   36   |
| sext_ln1116_2_reg_2235|   36   |
|  sext_ln1116_reg_1699 |   36   |
|sext_ln1118_10_reg_2158|   32   |
|sext_ln1118_11_reg_1915|   32   |
|sext_ln1118_12_reg_1870|   34   |
|sext_ln1118_13_reg_1878|   34   |
|sext_ln1118_16_reg_1884|   34   |
|sext_ln1118_17_reg_1831|   34   |
|sext_ln1118_18_reg_2264|   32   |
|sext_ln1118_19_reg_1890|   34   |
|sext_ln1118_20_reg_1896|   34   |
|sext_ln1118_21_reg_2041|   33   |
|sext_ln1118_22_reg_2047|   33   |
|sext_ln1118_23_reg_2052|   33   |
|sext_ln1118_24_reg_2168|   47   |
|sext_ln1118_25_reg_1775|   34   |
|sext_ln1118_26_reg_1849|   34   |
|sext_ln1118_27_reg_1902|   31   |
|sext_ln1118_28_reg_1941|   32   |
|sext_ln1118_29_reg_1907|   34   |
|sext_ln1118_32_reg_1854|   34   |
|sext_ln1118_33_reg_2178|   33   |
|sext_ln1118_34_reg_2184|   33   |
|sext_ln1118_35_reg_2189|   33   |
|sext_ln1118_36_reg_2274|   47   |
| sext_ln1118_4_reg_1762|   34   |
| sext_ln1118_5_reg_1747|   34   |
| sext_ln1118_6_reg_1805|   34   |
| sext_ln1118_7_reg_1810|   34   |
| sext_ln1118_8_reg_1816|   34   |
| sext_ln1118_9_reg_1865|   31   |
| sext_ln1148_1_reg_1720|   47   |
| sext_ln1148_2_reg_1684|   42   |
|  sext_ln1148_reg_1730 |   29   |
| sext_ln703_11_reg_2067|   33   |
| sext_ln703_12_reg_2073|   33   |
| sext_ln703_17_reg_2209|   33   |
| sext_ln703_18_reg_2215|   33   |
| sext_ln703_4_reg_2146 |   31   |
| sext_ln703_9_reg_2258 |   31   |
| sext_ln708_1_reg_1926 |   33   |
| sext_ln708_2_reg_1931 |   33   |
| sext_ln708_4_reg_2125 |   33   |
| sext_ln708_5_reg_2130 |   33   |
|  sext_ln727_reg_1689  |   29   |
|  shl_ln703_2_reg_2194 |   32   |
| sub_ln703_10_reg_1971 |   34   |
|  sub_ln703_5_reg_1842 |   18   |
|  sub_ln703_7_reg_2251 |   18   |
|  sub_ln703_9_reg_1951 |   34   |
|   sub_ln703_reg_1824  |   18   |
|      t_1_reg_1715     |   47   |
|       t_reg_1725      |   29   |
|     tmp_1_reg_1961    |   18   |
|     tmp_2_reg_2006    |   18   |
|     tmp_3_reg_1946    |   18   |
|     tmp_4_reg_1981    |   18   |
|     tmp_5_reg_2031    |   18   |
|   trunc_ln6_reg_2141  |   18   |
| trunc_ln703_1_reg_2120|   18   |
| trunc_ln703_2_reg_2241|   18   |
| trunc_ln703_3_reg_2246|   18   |
|trunc_ln708_10_reg_2220|   32   |
|trunc_ln708_11_reg_1837|   18   |
|trunc_ln708_12_reg_1966|   18   |
|trunc_ln708_13_reg_2011|   15   |
|trunc_ln708_14_reg_2057|   18   |
|trunc_ln708_15_reg_2021|   18   |
|trunc_ln708_16_reg_2026|   18   |
|trunc_ln708_17_reg_2152|   18   |
|trunc_ln708_18_reg_2173|   18   |
| trunc_ln708_2_reg_1986|   15   |
| trunc_ln708_3_reg_2036|   18   |
| trunc_ln708_5_reg_1996|   18   |
| trunc_ln708_6_reg_2001|   18   |
| trunc_ln708_7_reg_2114|   18   |
| trunc_ln708_9_reg_1920|   18   |
|   trunc_ln_reg_1800   |   18   |
|     vTmp_reg_1705     |   18   |
| zext_ln703_1_reg_2204 |   33   |
|  zext_ln703_reg_2062  |   33   |
+-----------------------+--------+
|         Total         |  3319  |
+-----------------------+--------+

* Multiplexer (MUX) list: 
|-------------|------|------|------|--------||---------||---------|
|     Comp    |  Pin | Size |  BW  | S x BW ||  Delay  ||   LUT   |
|-------------|------|------|------|--------||---------||---------|
|  grp_fu_168 |  p1  |   2  |  18  |   36   ||    9    |
|  grp_fu_202 |  p0  |   2  |  47  |   94   ||    9    |
|  grp_fu_202 |  p1  |   2  |  18  |   36   ||    9    |
|  grp_fu_218 |  p0  |   2  |  29  |   58   ||    9    |
|  grp_fu_218 |  p1  |   2  |  18  |   36   ||    9    |
|  grp_fu_247 |  p0  |   2  |  34  |   68   ||    9    |
| grp_fu_1011 |  p0  |   2  |  36  |   72   ||    9    |
| grp_fu_1233 |  p0  |   2  |  36  |   72   ||    9    |
| grp_fu_1305 |  p0  |   2  |  18  |   36   ||    9    |
| grp_fu_1305 |  p1  |   2  |  18  |   36   ||    9    |
| grp_fu_1312 |  p0  |   2  |  18  |   36   ||    9    |
| grp_fu_1312 |  p1  |   2  |  18  |   36   ||    9    |
| grp_fu_1318 |  p0  |   2  |  18  |   36   ||    9    |
| grp_fu_1324 |  p0  |   2  |  18  |   36   ||    9    |
| grp_fu_1324 |  p1  |   2  |  18  |   36   ||    9    |
| grp_fu_1332 |  p0  |   2  |  18  |   36   ||    9    |
| grp_fu_1332 |  p1  |   2  |  18  |   36   ||    9    |
| grp_fu_1339 |  p0  |   2  |  18  |   36   ||    9    |
| grp_fu_1339 |  p1  |   2  |  18  |   36   ||    9    |
| grp_fu_1346 |  p0  |   2  |  18  |   36   ||    9    |
| grp_fu_1359 |  p0  |   3  |  18  |   54   ||    14   |
| grp_fu_1359 |  p1  |   2  |  18  |   36   ||    9    |
| grp_fu_1368 |  p1  |   2  |  18  |   36   ||    9    |
| grp_fu_1380 |  p1  |   2  |  18  |   36   ||    9    |
| grp_fu_1386 |  p0  |   2  |  18  |   36   ||    9    |
| grp_fu_1393 |  p0  |   2  |  18  |   36   ||    9    |
| grp_fu_1399 |  p0  |   3  |  18  |   54   ||    14   |
| grp_fu_1407 |  p0  |   2  |  18  |   36   ||    9    |
| grp_fu_1414 |  p0  |   2  |  18  |   36   ||    9    |
| grp_fu_1420 |  p0  |   2  |  18  |   36   ||    9    |
| grp_fu_1427 |  p0  |   2  |  18  |   36   ||    9    |
| grp_fu_1427 |  p1  |   2  |  16  |   32   ||    9    |
| grp_fu_1433 |  p0  |   2  |  18  |   36   ||    9    |
| grp_fu_1433 |  p1  |   3  |  18  |   54   ||    14   |
| grp_fu_1442 |  p0  |   3  |  18  |   54   ||    14   |
| grp_fu_1442 |  p1  |   2  |  18  |   36   ||    9    |
| grp_fu_1451 |  p0  |   2  |  18  |   36   ||    9    |
| grp_fu_1451 |  p1  |   2  |  18  |   36   ||    9    |
| grp_fu_1458 |  p0  |   2  |  18  |   36   ||    9    |
| grp_fu_1465 |  p0  |   2  |  18  |   36   ||    9    |
| grp_fu_1465 |  p1  |   2  |  16  |   32   ||    9    |
| grp_fu_1471 |  p0  |   2  |  18  |   36   ||    9    |
| grp_fu_1471 |  p1  |   3  |  18  |   54   ||    14   |
| grp_fu_1480 |  p0  |   3  |  18  |   54   ||    14   |
| grp_fu_1480 |  p1  |   2  |  18  |   36   ||    9    |
| grp_fu_1489 |  p0  |   2  |  18  |   36   ||    9    |
| grp_fu_1489 |  p1  |   2  |  18  |   36   ||    9    |
| grp_fu_1496 |  p0  |   3  |  18  |   54   ||    14   |
| grp_fu_1505 |  p0  |   2  |  18  |   36   ||    9    |
| grp_fu_1505 |  p1  |   2  |  18  |   36   ||    9    |
| grp_fu_1512 |  p0  |   3  |  18  |   54   ||    14   |
| grp_fu_1521 |  p0  |   2  |  18  |   36   ||    9    |
| grp_fu_1521 |  p1  |   2  |  18  |   36   ||    9    |
| grp_fu_1527 |  p0  |   2  |  18  |   36   ||    9    |
| grp_fu_1527 |  p1  |   2  |  18  |   36   ||    9    |
| grp_fu_1533 |  p0  |   3  |  16  |   48   ||    14   |
| grp_fu_1533 |  p1  |   2  |  18  |   36   ||    9    |
| grp_fu_1542 |  p0  |   3  |  18  |   54   ||    14   |
| grp_fu_1542 |  p1  |   2  |  18  |   36   ||    9    |
| grp_fu_1551 |  p0  |   2  |  18  |   36   ||    9    |
| grp_fu_1551 |  p1  |   2  |  18  |   36   ||    9    |
| grp_fu_1557 |  p0  |   2  |  18  |   36   ||    9    |
| grp_fu_1557 |  p1  |   2  |  18  |   36   ||    9    |
| grp_fu_1564 |  p0  |   2  |  18  |   36   ||    9    |
| grp_fu_1564 |  p1  |   2  |  18  |   36   ||    9    |
| grp_fu_1571 |  p1  |   3  |  19  |   57   ||    14   |
| grp_fu_1582 |  p0  |   2  |  18  |   36   ||    9    |
| grp_fu_1582 |  p1  |   2  |  18  |   36   ||    9    |
| grp_fu_1588 |  p0  |   2  |  18  |   36   ||    9    |
| grp_fu_1588 |  p1  |   2  |  18  |   36   ||    9    |
| grp_fu_1594 |  p0  |   3  |  16  |   48   ||    14   |
| grp_fu_1594 |  p1  |   2  |  18  |   36   ||    9    |
| grp_fu_1603 |  p0  |   3  |  18  |   54   ||    14   |
| grp_fu_1603 |  p1  |   2  |  18  |   36   ||    9    |
| grp_fu_1612 |  p0  |   2  |  18  |   36   ||    9    |
| grp_fu_1612 |  p1  |   2  |  18  |   36   ||    9    |
| grp_fu_1618 |  p0  |   2  |  18  |   36   ||    9    |
| grp_fu_1618 |  p1  |   2  |  18  |   36   ||    9    |
| grp_fu_1625 |  p0  |   2  |  21  |   42   ||    9    |
| grp_fu_1625 |  p1  |   2  |  19  |   38   ||    9    |
|-------------|------|------|------|--------||---------||---------|
|    Total    |      |      |      |  3289  || 128.591 ||   785   |
|-------------|------|------|------|--------||---------||---------|



* Summary:
+-----------+--------+--------+--------+--------+
|           |   DSP  |  Delay |   FF   |   LUT  |
+-----------+--------+--------+--------+--------+
|  Function |   48   |    -   |  11216 |  9438  |
|   Memory  |    -   |    -   |    -   |    -   |
|Multiplexer|    -   |   128  |    -   |   785  |
|  Register |    -   |    -   |  3319  |    -   |
+-----------+--------+--------+--------+--------+
|   Total   |   48   |   128  |  14535 |  10223 |
+-----------+--------+--------+--------+--------+
