

================================================================
== Vitis HLS Report for 'generatePollMatrix'
================================================================
* Date:           Wed Oct 19 10:42:21 2022

* Version:        2020.2 (Build 3064766 on Wed Nov 18 09:12:45 MST 2020)
* Project:        MPCwithMADS_fxd
* Solution:       solution1 (Vivado IP Flow Target)
* Product family: zynq
* Target device:  xc7z020-clg484-1


================================================================
== Performance Estimates
================================================================
+ Timing: 
    * Summary: 
    +--------+----------+----------+------------+
    |  Clock |  Target  | Estimated| Uncertainty|
    +--------+----------+----------+------------+
    |ap_clk  |  10.00 ns|  7.195 ns|     2.70 ns|
    +--------+----------+----------+------------+

+ Latency: 
    * Summary: 
    +---------+---------+----------+----------+-----+-----+---------+
    |  Latency (cycles) |  Latency (absolute) |  Interval | Pipeline|
    |   min   |   max   |    min   |    max   | min | max |   Type  |
    +---------+---------+----------+----------+-----+-----+---------+
    |      117|      117|  1.170 us|  1.170 us|  117|  117|     none|
    +---------+---------+----------+----------+-----+-----+---------+

    + Detail: 
        * Instance: 
        +-----------------------------------+------------------------+---------+---------+----------+----------+-----+-----+---------+
        |                                   |                        |  Latency (cycles) |  Latency (absolute) |  Interval | Pipeline|
        |              Instance             |         Module         |   min   |   max   |    min   |    max   | min | max |   Type  |
        +-----------------------------------+------------------------+---------+---------+----------+----------+-----+-----+---------+
        |grp_generatePollDirections_fu_256  |generatePollDirections  |       68|       68|  0.680 us|  0.680 us|   68|   68|     none|
        +-----------------------------------+------------------------+---------+---------+----------+----------+-----+-----+---------+

        * Loop: 
        +--------------------+---------+---------+----------+-----------+-----------+------+----------+
        |                    |  Latency (cycles) | Iteration|  Initiation Interval  | Trip |          |
        |      Loop Name     |   min   |   max   |  Latency |  achieved |   target  | Count| Pipelined|
        +--------------------+---------+---------+----------+-----------+-----------+------+----------+
        |- VITIS_LOOP_19_1   |        4|        4|         2|          -|          -|     2|        no|
        |- VITIS_LOOP_42_1   |        2|        2|         1|          -|          -|     2|        no|
        |- VITIS_LOOP_44_2   |       36|       36|        18|          -|          -|     2|        no|
        | + VITIS_LOOP_45_3  |       16|       16|         4|          -|          -|     4|        no|
        +--------------------+---------+---------+----------+-----------+-----------+------+----------+

============================================================
+ Verbose Summary: Synthesis Manager
============================================================
InlineROM: 1
ExposeGlobal: 0
============================================================
+ Verbose Summary: CDFG Model
============================================================
IsTopModel: 0
ResetActiveHigh: 1
IsCombinational: 0
IsDatapathOnly: 0
HasWiredReturn: 1
HasMFsm: 0
HasVarLatency: 1
IsPipeline: 0
IsRtlPipelined: 0
IsInstanceOverlapped: 0
IsDontTouch: 0
HasImplIP: 0
IsGatedGlobalClock: 0


============================================================
+ Verbose Summary: Schedule
============================================================
* Number of FSM states : 13
* Pipeline : 0
* Dataflow Pipeline: 0

* FSM state transitions: 
1 --> 2 
2 --> 3 4 
3 --> 2 
4 --> 5 
5 --> 6 
6 --> 7 
7 --> 8 7 
8 --> 9 
9 --> 10 
10 --> 11 9 
11 --> 12 
12 --> 13 
13 --> 10 

* FSM state operations: 

State 1 <SV = 0> <Delay = 2.32>
ST_1 : Operation 14 [1/1] (0.00ns)   --->   "%p_read_1 = read i6 @_ssdm_op_Read.ap_auto.i6, i6 %p_read3"   --->   Operation 14 'read' 'p_read_1' <Predicate = true> <Delay = 0.00>
ST_1 : Operation 15 [1/1] (0.00ns)   --->   "%p_read_2 = read i6 @_ssdm_op_Read.ap_auto.i6, i6 %p_read2"   --->   Operation 15 'read' 'p_read_2' <Predicate = true> <Delay = 0.00>
ST_1 : Operation 16 [1/1] (0.00ns)   --->   "%p_read_3 = read i6 @_ssdm_op_Read.ap_auto.i6, i6 %p_read1"   --->   Operation 16 'read' 'p_read_3' <Predicate = true> <Delay = 0.00>
ST_1 : Operation 17 [1/1] (0.00ns)   --->   "%p_read_4 = read i6 @_ssdm_op_Read.ap_auto.i6, i6 %p_read"   --->   Operation 17 'read' 'p_read_4' <Predicate = true> <Delay = 0.00>
ST_1 : Operation 18 [1/1] (2.32ns)   --->   "%directions = alloca i64 1"   --->   Operation 18 'alloca' 'directions' <Predicate = true> <Delay = 2.32> <CoreInst = "RAM">   --->   Core 82 'RAM' <Latency = 1> <II = 1> <Delay = 2.32> <Storage> <Opcode : 'load' 'store'> <Ports = 2> <Width = 12> <Depth = 8> <RAM>
ST_1 : Operation 19 [1/1] (0.00ns)   --->   "%optimum_V_0_load = load i18 %optimum_V_0" [MPCwithMADS_fxd/generatePollMatrix.cpp:20]   --->   Operation 19 'load' 'optimum_V_0_load' <Predicate = true> <Delay = 0.00>
ST_1 : Operation 20 [1/1] (0.00ns)   --->   "%optimum_V_1_load = load i18 %optimum_V_1" [MPCwithMADS_fxd/generatePollMatrix.cpp:20]   --->   Operation 20 'load' 'optimum_V_1_load' <Predicate = true> <Delay = 0.00>
ST_1 : Operation 21 [1/1] (1.58ns)   --->   "%br_ln19 = br void %_ZN9ap_ufixedILi36ELi12EL9ap_q_mode5EL9ap_o_mode3ELi0EEC2Ei.exit" [MPCwithMADS_fxd/generatePollMatrix.cpp:19]   --->   Operation 21 'br' 'br_ln19' <Predicate = true> <Delay = 1.58>

State 2 <SV = 1> <Delay = 3.01>
ST_2 : Operation 22 [1/1] (0.00ns)   --->   "%mesh_V_1_09 = phi i36 0, void, i36 %mesh_V_1_1, void %_ZN9ap_ufixedILi36ELi12EL9ap_q_mode5EL9ap_o_mode3ELi0EEC2Ei.exit.split_ifconv"   --->   Operation 22 'phi' 'mesh_V_1_09' <Predicate = true> <Delay = 0.00>
ST_2 : Operation 23 [1/1] (0.00ns)   --->   "%mesh_V_0_08 = phi i36 0, void, i36 %mesh_V_1_2, void %_ZN9ap_ufixedILi36ELi12EL9ap_q_mode5EL9ap_o_mode3ELi0EEC2Ei.exit.split_ifconv"   --->   Operation 23 'phi' 'mesh_V_0_08' <Predicate = true> <Delay = 0.00>
ST_2 : Operation 24 [1/1] (0.00ns)   --->   "%currentPoint_int_V_1_07 = phi i18 0, void, i18 %currentPoint_int_V_1, void %_ZN9ap_ufixedILi36ELi12EL9ap_q_mode5EL9ap_o_mode3ELi0EEC2Ei.exit.split_ifconv"   --->   Operation 24 'phi' 'currentPoint_int_V_1_07' <Predicate = true> <Delay = 0.00>
ST_2 : Operation 25 [1/1] (0.00ns)   --->   "%currentPoint_int_V_0_06 = phi i18 0, void, i18 %currentPoint_int_V_1_1, void %_ZN9ap_ufixedILi36ELi12EL9ap_q_mode5EL9ap_o_mode3ELi0EEC2Ei.exit.split_ifconv"   --->   Operation 25 'phi' 'currentPoint_int_V_0_06' <Predicate = true> <Delay = 0.00>
ST_2 : Operation 26 [1/1] (0.00ns)   --->   "%i = phi i2 0, void, i2 %add_ln19, void %_ZN9ap_ufixedILi36ELi12EL9ap_q_mode5EL9ap_o_mode3ELi0EEC2Ei.exit.split_ifconv" [MPCwithMADS_fxd/generatePollMatrix.cpp:19]   --->   Operation 26 'phi' 'i' <Predicate = true> <Delay = 0.00>
ST_2 : Operation 27 [1/1] (1.56ns)   --->   "%add_ln19 = add i2 %i, i2 1" [MPCwithMADS_fxd/generatePollMatrix.cpp:19]   --->   Operation 27 'add' 'add_ln19' <Predicate = true> <Delay = 1.56> <CoreInst = "Adder">   --->   Core 1 'Adder' <Latency = 0> <II = 1> <Delay = 2.37> <FuncUnit> <Opcode : 'add' 'sub'> <InPorts = 2> <OutPorts = 1>
ST_2 : Operation 28 [1/1] (0.95ns)   --->   "%icmp_ln19 = icmp_eq  i2 %i, i2 2" [MPCwithMADS_fxd/generatePollMatrix.cpp:19]   --->   Operation 28 'icmp' 'icmp_ln19' <Predicate = true> <Delay = 0.95> <CoreInst = "Cmp">   --->   Core 9 'Cmp' <Latency = 0> <II = 1> <Delay = 1.13> <FuncUnit> <Opcode : 'icmp'> <InPorts = 2> <OutPorts = 1>
ST_2 : Operation 29 [1/1] (0.00ns)   --->   "%empty = speclooptripcount i32 @_ssdm_op_SpecLoopTripCount, i64 2, i64 2, i64 2"   --->   Operation 29 'speclooptripcount' 'empty' <Predicate = true> <Delay = 0.00>
ST_2 : Operation 30 [1/1] (0.00ns)   --->   "%br_ln19 = br i1 %icmp_ln19, void %_ZN9ap_ufixedILi36ELi12EL9ap_q_mode5EL9ap_o_mode3ELi0EEC2Ei.exit.split_ifconv, void %_ZN9ap_ufixedILi45ELi25EL9ap_q_mode5EL9ap_o_mode3ELi0EEC2ILi25ELb0EEERK11ap_int_baseIXT_EXT0_EE.exit80.i" [MPCwithMADS_fxd/generatePollMatrix.cpp:19]   --->   Operation 30 'br' 'br_ln19' <Predicate = true> <Delay = 0.00>
ST_2 : Operation 31 [1/1] (0.00ns)   --->   "%trunc_ln20 = trunc i2 %i" [MPCwithMADS_fxd/generatePollMatrix.cpp:20]   --->   Operation 31 'trunc' 'trunc_ln20' <Predicate = (!icmp_ln19)> <Delay = 0.00>
ST_2 : Operation 32 [1/1] (0.75ns)   --->   "%currentPoint_int_V_1 = select i1 %trunc_ln20, i18 %optimum_V_1_load, i18 %currentPoint_int_V_1_07" [MPCwithMADS_fxd/generatePollMatrix.cpp:20]   --->   Operation 32 'select' 'currentPoint_int_V_1' <Predicate = (!icmp_ln19)> <Delay = 0.75> <CoreInst = "Sel">   --->   Core 73 'Sel' <Latency = 0> <II = 1> <Delay = 0.75> <FuncUnit> <Opcode : 'select'> <InPorts = 3> <OutPorts = 1>
ST_2 : Operation 33 [1/1] (0.75ns)   --->   "%currentPoint_int_V_1_1 = select i1 %trunc_ln20, i18 %currentPoint_int_V_0_06, i18 %optimum_V_0_load" [MPCwithMADS_fxd/generatePollMatrix.cpp:20]   --->   Operation 33 'select' 'currentPoint_int_V_1_1' <Predicate = (!icmp_ln19)> <Delay = 0.75> <CoreInst = "Sel">   --->   Core 73 'Sel' <Latency = 0> <II = 1> <Delay = 0.75> <FuncUnit> <Opcode : 'select'> <InPorts = 3> <OutPorts = 1>
ST_2 : Operation 34 [1/1] (1.18ns)   --->   "%rhs = select i1 %trunc_ln20, i6 %p_read_1, i6 %p_read_2"   --->   Operation 34 'select' 'rhs' <Predicate = (!icmp_ln19)> <Delay = 1.18> <CoreInst = "Sel">   --->   Core 73 'Sel' <Latency = 0> <II = 1> <Delay = 0.75> <FuncUnit> <Opcode : 'select'> <InPorts = 3> <OutPorts = 1>
ST_2 : Operation 35 [1/1] (0.00ns)   --->   "%sext_ln215 = sext i6 %rhs"   --->   Operation 35 'sext' 'sext_ln215' <Predicate = (!icmp_ln19)> <Delay = 0.00>
ST_2 : Operation 36 [1/1] (1.82ns)   --->   "%ret = sub i7 0, i7 %sext_ln215"   --->   Operation 36 'sub' 'ret' <Predicate = (!icmp_ln19)> <Delay = 1.82> <CoreInst = "Adder">   --->   Core 1 'Adder' <Latency = 0> <II = 1> <Delay = 2.37> <FuncUnit> <Opcode : 'add' 'sub'> <InPorts = 2> <OutPorts = 1>
ST_2 : Operation 37 [1/1] (0.00ns)   --->   "%R1_V_load = load i20 %R1_V"   --->   Operation 37 'load' 'R1_V_load' <Predicate = (icmp_ln19)> <Delay = 0.00>
ST_2 : Operation 38 [4/4] (2.15ns) (root node of the DSP)   --->   "%ret_3 = mul i20 %R1_V_load, i20 27"   --->   Operation 38 'mul' 'ret_3' <Predicate = (icmp_ln19)> <Delay = 2.15> <CoreInst = "DSP48">   --->   Core 119 'DSP48' <Latency = 3> <II = 1> <Delay = 2.15> <IPBlock> <Opcode : 'mul' 'add' 'sub' 'select'> <InPorts = 0> <OutPorts = 1> <Sync> <CReg>
ST_2 : Operation 39 [1/1] (0.00ns)   --->   "%R2_V_load = load i20 %R2_V"   --->   Operation 39 'load' 'R2_V_load' <Predicate = (icmp_ln19)> <Delay = 0.00>
ST_2 : Operation 40 [4/4] (2.15ns) (root node of the DSP)   --->   "%ret_4 = mul i20 %R2_V_load, i20 27"   --->   Operation 40 'mul' 'ret_4' <Predicate = (icmp_ln19)> <Delay = 2.15> <CoreInst = "DSP48">   --->   Core 119 'DSP48' <Latency = 3> <II = 1> <Delay = 2.15> <IPBlock> <Opcode : 'mul' 'add' 'sub' 'select'> <InPorts = 0> <OutPorts = 1> <Sync> <CReg>

State 3 <SV = 2> <Delay = 5.54>
ST_3 : Operation 41 [1/1] (0.00ns)   --->   "%specloopname_ln19 = specloopname void @_ssdm_op_SpecLoopName, void @empty_16" [MPCwithMADS_fxd/generatePollMatrix.cpp:19]   --->   Operation 41 'specloopname' 'specloopname_ln19' <Predicate = true> <Delay = 0.00>
ST_3 : Operation 42 [1/1] (0.00ns) (grouped into LUT with out node r_V_5)   --->   "%tmp_2 = bitselect i1 @_ssdm_op_BitSelect.i1.i6.i32, i6 %rhs, i32 5"   --->   Operation 42 'bitselect' 'tmp_2' <Predicate = true> <Delay = 0.00>
ST_3 : Operation 43 [1/1] (0.00ns) (grouped into LUT with out node r_V_5)   --->   "%sh_prom_i_i_i54 = zext i7 %ret"   --->   Operation 43 'zext' 'sh_prom_i_i_i54' <Predicate = true> <Delay = 0.00>
ST_3 : Operation 44 [1/1] (0.00ns) (grouped into LUT with out node r_V_5)   --->   "%r_V = lshr i36 16777216, i36 %sh_prom_i_i_i54"   --->   Operation 44 'lshr' 'r_V' <Predicate = true> <Delay = 0.00> <CoreInst = "Shifter">   --->   Core 75 'Shifter' <Latency = 0> <II = 1> <Delay = 4.42> <FuncUnit> <Opcode : 'shl' 'lshr' 'ashr'> <InPorts = 2> <OutPorts = 1>
ST_3 : Operation 45 [1/1] (0.00ns) (grouped into LUT with out node r_V_5)   --->   "%sh_prom_i_i_i_cast_cast_cast = sext i6 %rhs"   --->   Operation 45 'sext' 'sh_prom_i_i_i_cast_cast_cast' <Predicate = true> <Delay = 0.00>
ST_3 : Operation 46 [1/1] (0.00ns) (grouped into LUT with out node r_V_5)   --->   "%sh_prom_i_i_i_cast_cast_cast_cast = zext i32 %sh_prom_i_i_i_cast_cast_cast"   --->   Operation 46 'zext' 'sh_prom_i_i_i_cast_cast_cast_cast' <Predicate = true> <Delay = 0.00>
ST_3 : Operation 47 [1/1] (0.00ns) (grouped into LUT with out node r_V_5)   --->   "%r_V_1 = shl i36 16777216, i36 %sh_prom_i_i_i_cast_cast_cast_cast"   --->   Operation 47 'shl' 'r_V_1' <Predicate = true> <Delay = 0.00> <CoreInst = "Shifter">   --->   Core 75 'Shifter' <Latency = 0> <II = 1> <Delay = 4.42> <FuncUnit> <Opcode : 'shl' 'lshr' 'ashr'> <InPorts = 2> <OutPorts = 1>
ST_3 : Operation 48 [1/1] (4.42ns) (out node of the LUT)   --->   "%r_V_5 = select i1 %tmp_2, i36 %r_V, i36 %r_V_1"   --->   Operation 48 'select' 'r_V_5' <Predicate = true> <Delay = 4.42> <CoreInst = "Sel">   --->   Core 73 'Sel' <Latency = 0> <II = 1> <Delay = 0.75> <FuncUnit> <Opcode : 'select'> <InPorts = 3> <OutPorts = 1>
ST_3 : Operation 49 [1/1] (1.12ns)   --->   "%mesh_V_1_1 = select i1 %trunc_ln20, i36 %r_V_5, i36 %mesh_V_1_09" [MPCwithMADS_fxd/generatePollMatrix.cpp:25]   --->   Operation 49 'select' 'mesh_V_1_1' <Predicate = true> <Delay = 1.12> <CoreInst = "Sel">   --->   Core 73 'Sel' <Latency = 0> <II = 1> <Delay = 0.75> <FuncUnit> <Opcode : 'select'> <InPorts = 3> <OutPorts = 1>
ST_3 : Operation 50 [1/1] (1.12ns)   --->   "%mesh_V_1_2 = select i1 %trunc_ln20, i36 %mesh_V_0_08, i36 %r_V_5" [MPCwithMADS_fxd/generatePollMatrix.cpp:25]   --->   Operation 50 'select' 'mesh_V_1_2' <Predicate = true> <Delay = 1.12> <CoreInst = "Sel">   --->   Core 73 'Sel' <Latency = 0> <II = 1> <Delay = 0.75> <FuncUnit> <Opcode : 'select'> <InPorts = 3> <OutPorts = 1>
ST_3 : Operation 51 [1/1] (0.00ns)   --->   "%br_ln0 = br void %_ZN9ap_ufixedILi36ELi12EL9ap_q_mode5EL9ap_o_mode3ELi0EEC2Ei.exit"   --->   Operation 51 'br' 'br_ln0' <Predicate = true> <Delay = 0.00>

State 4 <SV = 2> <Delay = 2.15>
ST_4 : Operation 52 [3/4] (2.15ns) (root node of the DSP)   --->   "%ret_3 = mul i20 %R1_V_load, i20 27"   --->   Operation 52 'mul' 'ret_3' <Predicate = true> <Delay = 2.15> <CoreInst = "DSP48">   --->   Core 119 'DSP48' <Latency = 3> <II = 1> <Delay = 2.15> <IPBlock> <Opcode : 'mul' 'add' 'sub' 'select'> <InPorts = 0> <OutPorts = 1> <Sync> <CReg>
ST_4 : Operation 53 [3/4] (2.15ns) (root node of the DSP)   --->   "%ret_4 = mul i20 %R2_V_load, i20 27"   --->   Operation 53 'mul' 'ret_4' <Predicate = true> <Delay = 2.15> <CoreInst = "DSP48">   --->   Core 119 'DSP48' <Latency = 3> <II = 1> <Delay = 2.15> <IPBlock> <Opcode : 'mul' 'add' 'sub' 'select'> <InPorts = 0> <OutPorts = 1> <Sync> <CReg>

State 5 <SV = 3> <Delay = 2.15>
ST_5 : Operation 54 [2/4] (2.15ns) (root node of the DSP)   --->   "%ret_3 = mul i20 %R1_V_load, i20 27"   --->   Operation 54 'mul' 'ret_3' <Predicate = true> <Delay = 2.15> <CoreInst = "DSP48">   --->   Core 119 'DSP48' <Latency = 3> <II = 1> <Delay = 2.15> <IPBlock> <Opcode : 'mul' 'add' 'sub' 'select'> <InPorts = 0> <OutPorts = 1> <Sync> <CReg>
ST_5 : Operation 55 [2/4] (2.15ns) (root node of the DSP)   --->   "%ret_4 = mul i20 %R2_V_load, i20 27"   --->   Operation 55 'mul' 'ret_4' <Predicate = true> <Delay = 2.15> <CoreInst = "DSP48">   --->   Core 119 'DSP48' <Latency = 3> <II = 1> <Delay = 2.15> <IPBlock> <Opcode : 'mul' 'add' 'sub' 'select'> <InPorts = 0> <OutPorts = 1> <Sync> <CReg>

State 6 <SV = 4> <Delay = 1.58>
ST_6 : Operation 56 [1/4] (0.00ns) (root node of the DSP)   --->   "%ret_3 = mul i20 %R1_V_load, i20 27"   --->   Operation 56 'mul' 'ret_3' <Predicate = true> <Delay = 0.00> <CoreInst = "DSP48">   --->   Core 119 'DSP48' <Latency = 3> <II = 1> <Delay = 2.15> <IPBlock> <Opcode : 'mul' 'add' 'sub' 'select'> <InPorts = 0> <OutPorts = 1> <Sync> <CReg>
ST_6 : Operation 57 [1/1] (0.00ns)   --->   "%store_ln26 = store i20 %ret_3, i20 %R1_V" [MPCwithMADS_fxd/pseudoRand.cpp:26]   --->   Operation 57 'store' 'store_ln26' <Predicate = true> <Delay = 0.00>
ST_6 : Operation 58 [1/1] (0.00ns)   --->   "%trunc_ln708_1 = partselect i16 @_ssdm_op_PartSelect.i16.i20.i32.i32, i20 %ret_3, i32 4, i32 19"   --->   Operation 58 'partselect' 'trunc_ln708_1' <Predicate = true> <Delay = 0.00>
ST_6 : Operation 59 [1/1] (0.99ns)   --->   "%v_V_0 = xor i16 %trunc_ln708_1, i16 32768"   --->   Operation 59 'xor' 'v_V_0' <Predicate = true> <Delay = 0.99> <CoreInst = "LogicGate">   --->   Core 74 'LogicGate' <Latency = 0> <II = 1> <Delay = 0.99> <FuncUnit> <Opcode : 'and' 'or' 'xor'> <InPorts = 2> <OutPorts = 1>
ST_6 : Operation 60 [1/1] (0.00ns)   --->   "%sext_ln708 = sext i16 %v_V_0"   --->   Operation 60 'sext' 'sext_ln708' <Predicate = true> <Delay = 0.00>
ST_6 : Operation 61 [1/4] (0.00ns) (root node of the DSP)   --->   "%ret_4 = mul i20 %R2_V_load, i20 27"   --->   Operation 61 'mul' 'ret_4' <Predicate = true> <Delay = 0.00> <CoreInst = "DSP48">   --->   Core 119 'DSP48' <Latency = 3> <II = 1> <Delay = 2.15> <IPBlock> <Opcode : 'mul' 'add' 'sub' 'select'> <InPorts = 0> <OutPorts = 1> <Sync> <CReg>
ST_6 : Operation 62 [1/1] (0.00ns)   --->   "%store_ln31 = store i20 %ret_4, i20 %R2_V" [MPCwithMADS_fxd/pseudoRand.cpp:31]   --->   Operation 62 'store' 'store_ln31' <Predicate = true> <Delay = 0.00>
ST_6 : Operation 63 [1/1] (0.00ns)   --->   "%trunc_ln708_2 = partselect i16 @_ssdm_op_PartSelect.i16.i20.i32.i32, i20 %ret_4, i32 4, i32 19"   --->   Operation 63 'partselect' 'trunc_ln708_2' <Predicate = true> <Delay = 0.00>
ST_6 : Operation 64 [1/1] (0.99ns)   --->   "%v_V_1 = xor i16 %trunc_ln708_2, i16 32768"   --->   Operation 64 'xor' 'v_V_1' <Predicate = true> <Delay = 0.99> <CoreInst = "LogicGate">   --->   Core 74 'LogicGate' <Latency = 0> <II = 1> <Delay = 0.99> <FuncUnit> <Opcode : 'and' 'or' 'xor'> <InPorts = 2> <OutPorts = 1>
ST_6 : Operation 65 [1/1] (0.00ns)   --->   "%sext_ln708_1 = sext i16 %v_V_1"   --->   Operation 65 'sext' 'sext_ln708_1' <Predicate = true> <Delay = 0.00>
ST_6 : Operation 66 [1/1] (1.58ns)   --->   "%br_ln42 = br void" [MPCwithMADS_fxd/pseudoRand.cpp:42]   --->   Operation 66 'br' 'br_ln42' <Predicate = true> <Delay = 1.58>

State 7 <SV = 5> <Delay = 1.56>
ST_7 : Operation 67 [1/1] (0.00ns)   --->   "%randomVector_V_0_05 = phi i18 0, void %_ZN9ap_ufixedILi45ELi25EL9ap_q_mode5EL9ap_o_mode3ELi0EEC2ILi25ELb0EEERK11ap_int_baseIXT_EXT0_EE.exit80.i, i18 %randomVector_V_1, void %.split3"   --->   Operation 67 'phi' 'randomVector_V_0_05' <Predicate = true> <Delay = 0.00>
ST_7 : Operation 68 [1/1] (0.00ns)   --->   "%randomVector_V_1_04 = phi i18 0, void %_ZN9ap_ufixedILi45ELi25EL9ap_q_mode5EL9ap_o_mode3ELi0EEC2ILi25ELb0EEERK11ap_int_baseIXT_EXT0_EE.exit80.i, i18 %randomVector_V_1_1, void %.split3"   --->   Operation 68 'phi' 'randomVector_V_1_04' <Predicate = true> <Delay = 0.00>
ST_7 : Operation 69 [1/1] (0.00ns)   --->   "%i_1 = phi i2 0, void %_ZN9ap_ufixedILi45ELi25EL9ap_q_mode5EL9ap_o_mode3ELi0EEC2ILi25ELb0EEERK11ap_int_baseIXT_EXT0_EE.exit80.i, i2 %add_ln42, void %.split3" [MPCwithMADS_fxd/pseudoRand.cpp:42]   --->   Operation 69 'phi' 'i_1' <Predicate = true> <Delay = 0.00>
ST_7 : Operation 70 [1/1] (1.56ns)   --->   "%add_ln42 = add i2 %i_1, i2 1" [MPCwithMADS_fxd/pseudoRand.cpp:42]   --->   Operation 70 'add' 'add_ln42' <Predicate = true> <Delay = 1.56> <CoreInst = "Adder">   --->   Core 1 'Adder' <Latency = 0> <II = 1> <Delay = 2.37> <FuncUnit> <Opcode : 'add' 'sub'> <InPorts = 2> <OutPorts = 1>
ST_7 : Operation 71 [1/1] (0.95ns)   --->   "%icmp_ln42 = icmp_eq  i2 %i_1, i2 2" [MPCwithMADS_fxd/pseudoRand.cpp:42]   --->   Operation 71 'icmp' 'icmp_ln42' <Predicate = true> <Delay = 0.95> <CoreInst = "Cmp">   --->   Core 9 'Cmp' <Latency = 0> <II = 1> <Delay = 1.13> <FuncUnit> <Opcode : 'icmp'> <InPorts = 2> <OutPorts = 1>
ST_7 : Operation 72 [1/1] (0.00ns)   --->   "%empty_51 = speclooptripcount i32 @_ssdm_op_SpecLoopTripCount, i64 2, i64 2, i64 2"   --->   Operation 72 'speclooptripcount' 'empty_51' <Predicate = true> <Delay = 0.00>
ST_7 : Operation 73 [1/1] (0.00ns)   --->   "%br_ln42 = br i1 %icmp_ln42, void %.split3, void %_Z10pseudoRandP8ap_fixedILi18ELi3EL9ap_q_mode5EL9ap_o_mode3ELi0EE.exit" [MPCwithMADS_fxd/pseudoRand.cpp:42]   --->   Operation 73 'br' 'br_ln42' <Predicate = true> <Delay = 0.00>
ST_7 : Operation 74 [1/1] (0.00ns)   --->   "%specloopname_ln42 = specloopname void @_ssdm_op_SpecLoopName, void @empty_15" [MPCwithMADS_fxd/pseudoRand.cpp:42]   --->   Operation 74 'specloopname' 'specloopname_ln42' <Predicate = (!icmp_ln42)> <Delay = 0.00>
ST_7 : Operation 75 [1/1] (0.00ns)   --->   "%trunc_ln43 = trunc i2 %i_1" [MPCwithMADS_fxd/pseudoRand.cpp:43]   --->   Operation 75 'trunc' 'trunc_ln43' <Predicate = (!icmp_ln42)> <Delay = 0.00>
ST_7 : Operation 76 [1/1] (0.75ns)   --->   "%randomVector_V_1 = select i1 %trunc_ln43, i18 %randomVector_V_0_05, i18 %sext_ln708" [MPCwithMADS_fxd/pseudoRand.cpp:43]   --->   Operation 76 'select' 'randomVector_V_1' <Predicate = (!icmp_ln42)> <Delay = 0.75> <CoreInst = "Sel">   --->   Core 73 'Sel' <Latency = 0> <II = 1> <Delay = 0.75> <FuncUnit> <Opcode : 'select'> <InPorts = 3> <OutPorts = 1>
ST_7 : Operation 77 [1/1] (0.75ns)   --->   "%randomVector_V_1_1 = select i1 %trunc_ln43, i18 %sext_ln708_1, i18 %randomVector_V_1_04" [MPCwithMADS_fxd/pseudoRand.cpp:43]   --->   Operation 77 'select' 'randomVector_V_1_1' <Predicate = (!icmp_ln42)> <Delay = 0.75> <CoreInst = "Sel">   --->   Core 73 'Sel' <Latency = 0> <II = 1> <Delay = 0.75> <FuncUnit> <Opcode : 'select'> <InPorts = 3> <OutPorts = 1>
ST_7 : Operation 78 [1/1] (0.00ns)   --->   "%br_ln0 = br void"   --->   Operation 78 'br' 'br_ln0' <Predicate = (!icmp_ln42)> <Delay = 0.00>
ST_7 : Operation 79 [2/2] (0.00ns)   --->   "%call_ln41 = call void @generatePollDirections, i18 %randomVector_V_0_05, i18 %randomVector_V_1_04, i6 %p_read_4, i6 %p_read_3, i6 %p_read_2, i6 %p_read_1, i12 %directions" [MPCwithMADS_fxd/generatePollMatrix.cpp:41]   --->   Operation 79 'call' 'call_ln41' <Predicate = (icmp_ln42)> <Delay = 0.00> <CoreType = "Generic">   --->   Core 0 '' <Latency = 0> <II = 1> <Delay = 1.00> <Generic> <Opcode : >

State 8 <SV = 6> <Delay = 1.58>
ST_8 : Operation 80 [1/2] (0.00ns)   --->   "%call_ln41 = call void @generatePollDirections, i18 %randomVector_V_0_05, i18 %randomVector_V_1_04, i6 %p_read_4, i6 %p_read_3, i6 %p_read_2, i6 %p_read_1, i12 %directions" [MPCwithMADS_fxd/generatePollMatrix.cpp:41]   --->   Operation 80 'call' 'call_ln41' <Predicate = true> <Delay = 0.00> <CoreType = "Generic">   --->   Core 0 '' <Latency = 0> <II = 1> <Delay = 1.00> <Generic> <Opcode : >
ST_8 : Operation 81 [1/1] (1.58ns)   --->   "%br_ln44 = br void" [MPCwithMADS_fxd/generatePollMatrix.cpp:44]   --->   Operation 81 'br' 'br_ln44' <Predicate = true> <Delay = 1.58>

State 9 <SV = 7> <Delay = 1.58>
ST_9 : Operation 82 [1/1] (0.00ns)   --->   "%i_2 = phi i2 %add_ln44, void, i2 0, void %_Z10pseudoRandP8ap_fixedILi18ELi3EL9ap_q_mode5EL9ap_o_mode3ELi0EE.exit" [MPCwithMADS_fxd/generatePollMatrix.cpp:44]   --->   Operation 82 'phi' 'i_2' <Predicate = true> <Delay = 0.00>
ST_9 : Operation 83 [1/1] (1.56ns)   --->   "%add_ln44 = add i2 %i_2, i2 1" [MPCwithMADS_fxd/generatePollMatrix.cpp:44]   --->   Operation 83 'add' 'add_ln44' <Predicate = true> <Delay = 1.56> <CoreInst = "Adder">   --->   Core 1 'Adder' <Latency = 0> <II = 1> <Delay = 2.37> <FuncUnit> <Opcode : 'add' 'sub'> <InPorts = 2> <OutPorts = 1>
ST_9 : Operation 84 [1/1] (0.00ns)   --->   "%trunc_ln46 = trunc i2 %i_2" [MPCwithMADS_fxd/generatePollMatrix.cpp:46]   --->   Operation 84 'trunc' 'trunc_ln46' <Predicate = true> <Delay = 0.00>
ST_9 : Operation 85 [1/1] (0.00ns)   --->   "%tmp_3_cast = bitconcatenate i3 @_ssdm_op_BitConcatenate.i3.i1.i2, i1 %trunc_ln46, i2 0" [MPCwithMADS_fxd/generatePollMatrix.cpp:44]   --->   Operation 85 'bitconcatenate' 'tmp_3_cast' <Predicate = true> <Delay = 0.00>
ST_9 : Operation 86 [1/1] (0.95ns)   --->   "%icmp_ln44 = icmp_eq  i2 %i_2, i2 2" [MPCwithMADS_fxd/generatePollMatrix.cpp:44]   --->   Operation 86 'icmp' 'icmp_ln44' <Predicate = true> <Delay = 0.95> <CoreInst = "Cmp">   --->   Core 9 'Cmp' <Latency = 0> <II = 1> <Delay = 1.13> <FuncUnit> <Opcode : 'icmp'> <InPorts = 2> <OutPorts = 1>
ST_9 : Operation 87 [1/1] (0.00ns)   --->   "%empty_52 = speclooptripcount i32 @_ssdm_op_SpecLoopTripCount, i64 2, i64 2, i64 2"   --->   Operation 87 'speclooptripcount' 'empty_52' <Predicate = true> <Delay = 0.00>
ST_9 : Operation 88 [1/1] (0.00ns)   --->   "%br_ln44 = br i1 %icmp_ln44, void %.split, void" [MPCwithMADS_fxd/generatePollMatrix.cpp:44]   --->   Operation 88 'br' 'br_ln44' <Predicate = true> <Delay = 0.00>
ST_9 : Operation 89 [1/1] (0.00ns)   --->   "%specloopname_ln44 = specloopname void @_ssdm_op_SpecLoopName, void @empty_14" [MPCwithMADS_fxd/generatePollMatrix.cpp:44]   --->   Operation 89 'specloopname' 'specloopname_ln44' <Predicate = (!icmp_ln44)> <Delay = 0.00>
ST_9 : Operation 90 [1/1] (0.00ns)   --->   "%empty_53 = trunc i36 %mesh_V_1_09" [MPCwithMADS_fxd/generatePollMatrix.cpp:25]   --->   Operation 90 'trunc' 'empty_53' <Predicate = (!icmp_ln44)> <Delay = 0.00>
ST_9 : Operation 91 [1/1] (0.00ns)   --->   "%empty_54 = trunc i36 %mesh_V_0_08" [MPCwithMADS_fxd/generatePollMatrix.cpp:25]   --->   Operation 91 'trunc' 'empty_54' <Predicate = (!icmp_ln44)> <Delay = 0.00>
ST_9 : Operation 92 [1/1] (0.76ns)   --->   "%r_V_3 = select i1 %trunc_ln46, i26 %empty_53, i26 %empty_54" [MPCwithMADS_fxd/generatePollMatrix.cpp:46]   --->   Operation 92 'select' 'r_V_3' <Predicate = (!icmp_ln44)> <Delay = 0.76> <CoreInst = "Sel">   --->   Core 73 'Sel' <Latency = 0> <II = 1> <Delay = 0.75> <FuncUnit> <Opcode : 'select'> <InPorts = 3> <OutPorts = 1>
ST_9 : Operation 93 [1/1] (0.75ns)   --->   "%empty_55 = select i1 %trunc_ln46, i18 %currentPoint_int_V_1_07, i18 %currentPoint_int_V_0_06" [MPCwithMADS_fxd/generatePollMatrix.cpp:46]   --->   Operation 93 'select' 'empty_55' <Predicate = (!icmp_ln44)> <Delay = 0.75> <CoreInst = "Sel">   --->   Core 73 'Sel' <Latency = 0> <II = 1> <Delay = 0.75> <FuncUnit> <Opcode : 'select'> <InPorts = 3> <OutPorts = 1>
ST_9 : Operation 94 [1/1] (0.00ns)   --->   "%lhs = bitconcatenate i26 @_ssdm_op_BitConcatenate.i26.i18.i8, i18 %empty_55, i8 0" [MPCwithMADS_fxd/generatePollMatrix.cpp:46]   --->   Operation 94 'bitconcatenate' 'lhs' <Predicate = (!icmp_ln44)> <Delay = 0.00>
ST_9 : Operation 95 [1/1] (1.58ns)   --->   "%br_ln45 = br void %_ZmlILi36ELi12ELb0EL9ap_q_mode5EL9ap_o_mode3ELi0ELi12ELb1EEN13ap_fixed_baseIXT_EXT0_EXT1_ELS0_5ELS1_3ELi0EE5RTypeIXT5_EXT5_EXT6_EE4multERKS2_IXT_EXT0_EXT1_EXT2_EXT3_EXT4_EERK11ap_int_baseIXT5_EXT6_EE.exit" [MPCwithMADS_fxd/generatePollMatrix.cpp:45]   --->   Operation 95 'br' 'br_ln45' <Predicate = (!icmp_ln44)> <Delay = 1.58>
ST_9 : Operation 96 [1/1] (0.00ns)   --->   "%ret_ln50 = ret" [MPCwithMADS_fxd/generatePollMatrix.cpp:50]   --->   Operation 96 'ret' 'ret_ln50' <Predicate = (icmp_ln44)> <Delay = 0.00>

State 10 <SV = 8> <Delay = 3.97>
ST_10 : Operation 97 [1/1] (0.00ns)   --->   "%j = phi i3 0, void %.split, i3 %add_ln45, void %_ZmlILi36ELi12ELb0EL9ap_q_mode5EL9ap_o_mode3ELi0ELi12ELb1EEN13ap_fixed_baseIXT_EXT0_EXT1_ELS0_5ELS1_3ELi0EE5RTypeIXT5_EXT5_EXT6_EE4multERKS2_IXT_EXT0_EXT1_EXT2_EXT3_EXT4_EERK11ap_int_baseIXT5_EXT6_EE.exit.split" [MPCwithMADS_fxd/generatePollMatrix.cpp:45]   --->   Operation 97 'phi' 'j' <Predicate = true> <Delay = 0.00>
ST_10 : Operation 98 [1/1] (1.65ns)   --->   "%add_ln45 = add i3 %j, i3 1" [MPCwithMADS_fxd/generatePollMatrix.cpp:45]   --->   Operation 98 'add' 'add_ln45' <Predicate = true> <Delay = 1.65> <CoreInst = "Adder">   --->   Core 1 'Adder' <Latency = 0> <II = 1> <Delay = 2.37> <FuncUnit> <Opcode : 'add' 'sub'> <InPorts = 2> <OutPorts = 1>
ST_10 : Operation 99 [1/1] (1.65ns)   --->   "%add_ln46 = add i3 %tmp_3_cast, i3 %j" [MPCwithMADS_fxd/generatePollMatrix.cpp:46]   --->   Operation 99 'add' 'add_ln46' <Predicate = true> <Delay = 1.65> <CoreInst = "Adder">   --->   Core 1 'Adder' <Latency = 0> <II = 1> <Delay = 2.37> <FuncUnit> <Opcode : 'add' 'sub'> <InPorts = 2> <OutPorts = 1>
ST_10 : Operation 100 [1/1] (0.00ns)   --->   "%zext_ln46 = zext i3 %add_ln46" [MPCwithMADS_fxd/generatePollMatrix.cpp:46]   --->   Operation 100 'zext' 'zext_ln46' <Predicate = true> <Delay = 0.00>
ST_10 : Operation 101 [1/1] (0.00ns)   --->   "%pollMatrix_addr = getelementptr i18 %pollMatrix, i64 0, i64 %zext_ln46" [MPCwithMADS_fxd/generatePollMatrix.cpp:46]   --->   Operation 101 'getelementptr' 'pollMatrix_addr' <Predicate = true> <Delay = 0.00>
ST_10 : Operation 102 [1/1] (0.00ns)   --->   "%directions_addr = getelementptr i12 %directions, i64 0, i64 %zext_ln46"   --->   Operation 102 'getelementptr' 'directions_addr' <Predicate = true> <Delay = 0.00>
ST_10 : Operation 103 [1/1] (1.13ns)   --->   "%icmp_ln45 = icmp_eq  i3 %j, i3 4" [MPCwithMADS_fxd/generatePollMatrix.cpp:45]   --->   Operation 103 'icmp' 'icmp_ln45' <Predicate = true> <Delay = 1.13> <CoreInst = "Cmp">   --->   Core 9 'Cmp' <Latency = 0> <II = 1> <Delay = 1.13> <FuncUnit> <Opcode : 'icmp'> <InPorts = 2> <OutPorts = 1>
ST_10 : Operation 104 [1/1] (0.00ns)   --->   "%empty_56 = speclooptripcount i32 @_ssdm_op_SpecLoopTripCount, i64 4, i64 4, i64 4"   --->   Operation 104 'speclooptripcount' 'empty_56' <Predicate = true> <Delay = 0.00>
ST_10 : Operation 105 [1/1] (0.00ns)   --->   "%br_ln45 = br i1 %icmp_ln45, void %_ZmlILi36ELi12ELb0EL9ap_q_mode5EL9ap_o_mode3ELi0ELi12ELb1EEN13ap_fixed_baseIXT_EXT0_EXT1_ELS0_5ELS1_3ELi0EE5RTypeIXT5_EXT5_EXT6_EE4multERKS2_IXT_EXT0_EXT1_EXT2_EXT3_EXT4_EERK11ap_int_baseIXT5_EXT6_EE.exit.split, void" [MPCwithMADS_fxd/generatePollMatrix.cpp:45]   --->   Operation 105 'br' 'br_ln45' <Predicate = true> <Delay = 0.00>
ST_10 : Operation 106 [2/2] (2.32ns)   --->   "%tmp_3 = load i3 %directions_addr"   --->   Operation 106 'load' 'tmp_3' <Predicate = (!icmp_ln45)> <Delay = 2.32> <CoreInst = "RAM">   --->   Core 82 'RAM' <Latency = 1> <II = 1> <Delay = 2.32> <Storage> <Opcode : 'load' 'store'> <Ports = 2> <Width = 12> <Depth = 8> <RAM>
ST_10 : Operation 107 [1/1] (0.00ns)   --->   "%br_ln0 = br void"   --->   Operation 107 'br' 'br_ln0' <Predicate = (icmp_ln45)> <Delay = 0.00>

State 11 <SV = 9> <Delay = 2.32>
ST_11 : Operation 108 [1/2] (2.32ns)   --->   "%tmp_3 = load i3 %directions_addr"   --->   Operation 108 'load' 'tmp_3' <Predicate = true> <Delay = 2.32> <CoreInst = "RAM">   --->   Core 82 'RAM' <Latency = 1> <II = 1> <Delay = 2.32> <Storage> <Opcode : 'load' 'store'> <Ports = 2> <Width = 12> <Depth = 8> <RAM>

State 12 <SV = 10> <Delay = 6.91>
ST_12 : Operation 109 [1/1] (0.00ns)   --->   "%sext_ln1118 = sext i12 %tmp_3"   --->   Operation 109 'sext' 'sext_ln1118' <Predicate = true> <Delay = 0.00>
ST_12 : Operation 110 [1/1] (6.91ns)   --->   "%r_V_4 = mul i26 %r_V_3, i26 %sext_ln1118"   --->   Operation 110 'mul' 'r_V_4' <Predicate = true> <Delay = 6.91> <CoreInst = "Multiplier">   --->   Core 3 'Multiplier' <Latency = 0> <II = 1> <Delay = 6.91> <FuncUnit> <Opcode : 'mul'> <InPorts = 2> <OutPorts = 1>

State 13 <SV = 11> <Delay = 4.69>
ST_13 : Operation 111 [1/1] (0.00ns)   --->   "%specloopname_ln45 = specloopname void @_ssdm_op_SpecLoopName, void @empty_13" [MPCwithMADS_fxd/generatePollMatrix.cpp:45]   --->   Operation 111 'specloopname' 'specloopname_ln45' <Predicate = true> <Delay = 0.00>
ST_13 : Operation 112 [1/1] (2.37ns)   --->   "%ret_V = add i26 %lhs, i26 %r_V_4"   --->   Operation 112 'add' 'ret_V' <Predicate = true> <Delay = 2.37> <CoreInst = "Adder">   --->   Core 1 'Adder' <Latency = 0> <II = 1> <Delay = 2.37> <FuncUnit> <Opcode : 'add' 'sub'> <InPorts = 2> <OutPorts = 1>
ST_13 : Operation 113 [1/1] (0.00ns)   --->   "%trunc_ln2 = partselect i18 @_ssdm_op_PartSelect.i18.i26.i32.i32, i26 %ret_V, i32 8, i32 25"   --->   Operation 113 'partselect' 'trunc_ln2' <Predicate = true> <Delay = 0.00>
ST_13 : Operation 114 [1/1] (2.32ns)   --->   "%store_ln46 = store i18 %trunc_ln2, i3 %pollMatrix_addr" [MPCwithMADS_fxd/generatePollMatrix.cpp:46]   --->   Operation 114 'store' 'store_ln46' <Predicate = true> <Delay = 2.32> <CoreInst = "RAM">   --->   Core 82 'RAM' <Latency = 1> <II = 1> <Delay = 2.32> <Storage> <Opcode : 'load' 'store'> <Ports = 2> <Width = 18> <Depth = 8> <RAM>
ST_13 : Operation 115 [1/1] (0.00ns)   --->   "%br_ln0 = br void %_ZmlILi36ELi12ELb0EL9ap_q_mode5EL9ap_o_mode3ELi0ELi12ELb1EEN13ap_fixed_baseIXT_EXT0_EXT1_ELS0_5ELS1_3ELi0EE5RTypeIXT5_EXT5_EXT6_EE4multERKS2_IXT_EXT0_EXT1_EXT2_EXT3_EXT4_EERK11ap_int_baseIXT5_EXT6_EE.exit"   --->   Operation 115 'br' 'br_ln0' <Predicate = true> <Delay = 0.00>


============================================================
+ Verbose Summary: Binding
============================================================
STG Binding: 
---------------- STG Properties BEGIN ----------------
- Is combinational: 0
- Is one-state seq: 0
- Is datapath-only: 0
- Is pipelined: 0
- Is top level: 0
Port [ Return ] is wired: 1; IO mode=ap_ctrl_hs:ce=0
Port [ p_read]:  wired=1; compound=0; hidden=0; nouse=0; global=0; static=0; extern=0; dir=0; type=0; pingpong=0; private_global=0; IO mode=ap_none:ce=0
Port [ p_read1]:  wired=1; compound=0; hidden=0; nouse=0; global=0; static=0; extern=0; dir=0; type=0; pingpong=0; private_global=0; IO mode=ap_none:ce=0
Port [ p_read2]:  wired=1; compound=0; hidden=0; nouse=0; global=0; static=0; extern=0; dir=0; type=0; pingpong=0; private_global=0; IO mode=ap_none:ce=0
Port [ p_read3]:  wired=1; compound=0; hidden=0; nouse=0; global=0; static=0; extern=0; dir=0; type=0; pingpong=0; private_global=0; IO mode=ap_none:ce=0
Port [ pollMatrix]:  wired=1; compound=1; hidden=0; nouse=0; global=0; static=0; extern=0; dir=1; type=1; pingpong=0; private_global=0; MemPort=[03]; IO mode=ap_memory:ce=0
Port [ optimum_V_0]:  wired=1; compound=0; hidden=0; nouse=0; global=1; static=1; extern=0; dir=0; type=0; pingpong=0; private_global=0; IO mode=ap_none:ce=0
Port [ optimum_V_1]:  wired=1; compound=0; hidden=0; nouse=0; global=1; static=1; extern=0; dir=0; type=0; pingpong=0; private_global=0; IO mode=ap_none:ce=0
Port [ R1_V]:  wired=0; compound=0; hidden=1; nouse=0; global=1; static=1; extern=0; dir=2; type=0; pingpong=0; private_global=1; IO mode=ap_ovld:ce=0
Port [ R2_V]:  wired=0; compound=0; hidden=1; nouse=0; global=1; static=1; extern=0; dir=2; type=0; pingpong=0; private_global=1; IO mode=ap_ovld:ce=0
---------------- STG Properties END ------------------

---------------- Datapath Model BEGIN ----------------

<LifeTime>
<method=bitvector/>
p_read_1                          (read             ) [ 00111111100000]
p_read_2                          (read             ) [ 00111111100000]
p_read_3                          (read             ) [ 00111111100000]
p_read_4                          (read             ) [ 00111111100000]
directions                        (alloca           ) [ 00111111111111]
optimum_V_0_load                  (load             ) [ 00110000000000]
optimum_V_1_load                  (load             ) [ 00110000000000]
br_ln19                           (br               ) [ 01110000000000]
mesh_V_1_09                       (phi              ) [ 00111111111111]
mesh_V_0_08                       (phi              ) [ 00111111111111]
currentPoint_int_V_1_07           (phi              ) [ 00101111111111]
currentPoint_int_V_0_06           (phi              ) [ 00101111111111]
i                                 (phi              ) [ 00100000000000]
add_ln19                          (add              ) [ 01110000000000]
icmp_ln19                         (icmp             ) [ 00110000000000]
empty                             (speclooptripcount) [ 00000000000000]
br_ln19                           (br               ) [ 00000000000000]
trunc_ln20                        (trunc            ) [ 00010000000000]
currentPoint_int_V_1              (select           ) [ 01110000000000]
currentPoint_int_V_1_1            (select           ) [ 01110000000000]
rhs                               (select           ) [ 00010000000000]
sext_ln215                        (sext             ) [ 00000000000000]
ret                               (sub              ) [ 00010000000000]
R1_V_load                         (load             ) [ 00001110000000]
R2_V_load                         (load             ) [ 00001110000000]
specloopname_ln19                 (specloopname     ) [ 00000000000000]
tmp_2                             (bitselect        ) [ 00000000000000]
sh_prom_i_i_i54                   (zext             ) [ 00000000000000]
r_V                               (lshr             ) [ 00000000000000]
sh_prom_i_i_i_cast_cast_cast      (sext             ) [ 00000000000000]
sh_prom_i_i_i_cast_cast_cast_cast (zext             ) [ 00000000000000]
r_V_1                             (shl              ) [ 00000000000000]
r_V_5                             (select           ) [ 00000000000000]
mesh_V_1_1                        (select           ) [ 01110000000000]
mesh_V_1_2                        (select           ) [ 01110000000000]
br_ln0                            (br               ) [ 01110000000000]
ret_3                             (mul              ) [ 00000000000000]
store_ln26                        (store            ) [ 00000000000000]
trunc_ln708_1                     (partselect       ) [ 00000000000000]
v_V_0                             (xor              ) [ 00000000000000]
sext_ln708                        (sext             ) [ 00000001000000]
ret_4                             (mul              ) [ 00000000000000]
store_ln31                        (store            ) [ 00000000000000]
trunc_ln708_2                     (partselect       ) [ 00000000000000]
v_V_1                             (xor              ) [ 00000000000000]
sext_ln708_1                      (sext             ) [ 00000001000000]
br_ln42                           (br               ) [ 00000011000000]
randomVector_V_0_05               (phi              ) [ 00000001100000]
randomVector_V_1_04               (phi              ) [ 00000001100000]
i_1                               (phi              ) [ 00000001000000]
add_ln42                          (add              ) [ 00000011000000]
icmp_ln42                         (icmp             ) [ 00000001000000]
empty_51                          (speclooptripcount) [ 00000000000000]
br_ln42                           (br               ) [ 00000000000000]
specloopname_ln42                 (specloopname     ) [ 00000000000000]
trunc_ln43                        (trunc            ) [ 00000000000000]
randomVector_V_1                  (select           ) [ 00000011000000]
randomVector_V_1_1                (select           ) [ 00000011000000]
br_ln0                            (br               ) [ 00000011000000]
call_ln41                         (call             ) [ 00000000000000]
br_ln44                           (br               ) [ 00000000111111]
i_2                               (phi              ) [ 00000000010000]
add_ln44                          (add              ) [ 00000000111111]
trunc_ln46                        (trunc            ) [ 00000000000000]
tmp_3_cast                        (bitconcatenate   ) [ 00000000001111]
icmp_ln44                         (icmp             ) [ 00000000011111]
empty_52                          (speclooptripcount) [ 00000000000000]
br_ln44                           (br               ) [ 00000000000000]
specloopname_ln44                 (specloopname     ) [ 00000000000000]
empty_53                          (trunc            ) [ 00000000000000]
empty_54                          (trunc            ) [ 00000000000000]
r_V_3                             (select           ) [ 00000000001111]
empty_55                          (select           ) [ 00000000000000]
lhs                               (bitconcatenate   ) [ 00000000001111]
br_ln45                           (br               ) [ 00000000011111]
ret_ln50                          (ret              ) [ 00000000000000]
j                                 (phi              ) [ 00000000001000]
add_ln45                          (add              ) [ 00000000011111]
add_ln46                          (add              ) [ 00000000000000]
zext_ln46                         (zext             ) [ 00000000000000]
pollMatrix_addr                   (getelementptr    ) [ 00000000000111]
directions_addr                   (getelementptr    ) [ 00000000000100]
icmp_ln45                         (icmp             ) [ 00000000011111]
empty_56                          (speclooptripcount) [ 00000000000000]
br_ln45                           (br               ) [ 00000000000000]
br_ln0                            (br               ) [ 00000000111111]
tmp_3                             (load             ) [ 00000000000010]
sext_ln1118                       (sext             ) [ 00000000000000]
r_V_4                             (mul              ) [ 00000000000001]
specloopname_ln45                 (specloopname     ) [ 00000000000000]
ret_V                             (add              ) [ 00000000000000]
trunc_ln2                         (partselect       ) [ 00000000000000]
store_ln46                        (store            ) [ 00000000000000]
br_ln0                            (br               ) [ 00000000011111]
</LifeTime>

<model>

<comp_list>
<comp id="0" class="1000" name="p_read">
<pin_list>
<pin id="1" dir="1" index="0" bw="1" slack="0"/>
</pin_list>
<bind>
<StgValue><ssdm name="p_read"/></StgValue>
</bind>
</comp>

<comp id="2" class="1000" name="p_read1">
<pin_list>
<pin id="3" dir="1" index="0" bw="1" slack="0"/>
</pin_list>
<bind>
<StgValue><ssdm name="p_read1"/></StgValue>
</bind>
</comp>

<comp id="4" class="1000" name="p_read2">
<pin_list>
<pin id="5" dir="1" index="0" bw="1" slack="0"/>
</pin_list>
<bind>
<StgValue><ssdm name="p_read2"/></StgValue>
</bind>
</comp>

<comp id="6" class="1000" name="p_read3">
<pin_list>
<pin id="7" dir="1" index="0" bw="1" slack="0"/>
</pin_list>
<bind>
<StgValue><ssdm name="p_read3"/></StgValue>
</bind>
</comp>

<comp id="8" class="1000" name="pollMatrix">
<pin_list>
<pin id="9" dir="1" index="0" bw="1" slack="0"/>
</pin_list>
<bind>
<StgValue><ssdm name="pollMatrix"/><MemPortTyVec>0 3 </MemPortTyVec>
</StgValue>
</bind>
</comp>

<comp id="10" class="1000" name="optimum_V_0">
<pin_list>
<pin id="11" dir="1" index="0" bw="1" slack="0"/>
</pin_list>
<bind>
<StgValue><ssdm name="optimum_V_0"/></StgValue>
</bind>
</comp>

<comp id="12" class="1000" name="optimum_V_1">
<pin_list>
<pin id="13" dir="1" index="0" bw="1" slack="0"/>
</pin_list>
<bind>
<StgValue><ssdm name="optimum_V_1"/></StgValue>
</bind>
</comp>

<comp id="14" class="1000" name="R1_V">
<pin_list>
<pin id="15" dir="1" index="0" bw="1" slack="0"/>
</pin_list>
<bind>
<StgValue><ssdm name="R1_V"/></StgValue>
</bind>
</comp>

<comp id="16" class="1000" name="R2_V">
<pin_list>
<pin id="17" dir="1" index="0" bw="1" slack="0"/>
</pin_list>
<bind>
<StgValue><ssdm name="R2_V"/></StgValue>
</bind>
</comp>

<comp id="18" class="1001" name="const_18">
<pin_list>
<pin id="19" dir="1" index="0" bw="1" slack="0"/>
</pin_list>
<bind>
<StgValue><ssdm name="_ssdm_op_Read.ap_auto.i6"/></StgValue>
</bind>
</comp>

<comp id="20" class="1001" name="const_20">
<pin_list>
<pin id="21" dir="1" index="0" bw="1" slack="0"/>
</pin_list>
<bind>
<StgValue><ssdm name=""/></StgValue>
</bind>
</comp>

<comp id="22" class="1001" name="const_22">
<pin_list>
<pin id="23" dir="1" index="0" bw="1" slack="1"/>
</pin_list>
<bind>
<StgValue><ssdm name=""/></StgValue>
</bind>
</comp>

<comp id="24" class="1001" name="const_24">
<pin_list>
<pin id="25" dir="1" index="0" bw="1" slack="1"/>
</pin_list>
<bind>
<StgValue><ssdm name=""/></StgValue>
</bind>
</comp>

<comp id="26" class="1001" name="const_26">
<pin_list>
<pin id="27" dir="1" index="0" bw="1" slack="0"/>
</pin_list>
<bind>
<StgValue><ssdm name=""/></StgValue>
</bind>
</comp>

<comp id="28" class="1001" name="const_28">
<pin_list>
<pin id="29" dir="1" index="0" bw="1" slack="0"/>
</pin_list>
<bind>
<StgValue><ssdm name=""/></StgValue>
</bind>
</comp>

<comp id="30" class="1001" name="const_30">
<pin_list>
<pin id="31" dir="1" index="0" bw="1" slack="0"/>
</pin_list>
<bind>
<StgValue><ssdm name=""/></StgValue>
</bind>
</comp>

<comp id="32" class="1001" name="const_32">
<pin_list>
<pin id="33" dir="1" index="0" bw="1" slack="2147483647"/>
</pin_list>
<bind>
<StgValue><ssdm name="_ssdm_op_SpecLoopTripCount"/></StgValue>
</bind>
</comp>

<comp id="34" class="1001" name="const_34">
<pin_list>
<pin id="35" dir="1" index="0" bw="1" slack="2147483647"/>
</pin_list>
<bind>
<StgValue><ssdm name=""/></StgValue>
</bind>
</comp>

<comp id="36" class="1001" name="const_36">
<pin_list>
<pin id="37" dir="1" index="0" bw="1" slack="0"/>
</pin_list>
<bind>
<StgValue><ssdm name=""/></StgValue>
</bind>
</comp>

<comp id="38" class="1001" name="const_38">
<pin_list>
<pin id="39" dir="1" index="0" bw="1" slack="0"/>
</pin_list>
<bind>
<StgValue><ssdm name=""/></StgValue>
</bind>
</comp>

<comp id="40" class="1001" name="const_40">
<pin_list>
<pin id="41" dir="1" index="0" bw="1" slack="2147483647"/>
</pin_list>
<bind>
<StgValue><ssdm name="_ssdm_op_SpecLoopName"/></StgValue>
</bind>
</comp>

<comp id="42" class="1001" name="const_42">
<pin_list>
<pin id="43" dir="1" index="0" bw="1" slack="2147483647"/>
</pin_list>
<bind>
<StgValue><ssdm name="empty_16"/></StgValue>
</bind>
</comp>

<comp id="44" class="1001" name="const_44">
<pin_list>
<pin id="45" dir="1" index="0" bw="1" slack="0"/>
</pin_list>
<bind>
<StgValue><ssdm name="_ssdm_op_BitSelect.i1.i6.i32"/></StgValue>
</bind>
</comp>

<comp id="46" class="1001" name="const_46">
<pin_list>
<pin id="47" dir="1" index="0" bw="1" slack="0"/>
</pin_list>
<bind>
<StgValue><ssdm name=""/></StgValue>
</bind>
</comp>

<comp id="48" class="1001" name="const_48">
<pin_list>
<pin id="49" dir="1" index="0" bw="1" slack="0"/>
</pin_list>
<bind>
<StgValue><ssdm name=""/></StgValue>
</bind>
</comp>

<comp id="50" class="1001" name="const_50">
<pin_list>
<pin id="51" dir="1" index="0" bw="1" slack="0"/>
</pin_list>
<bind>
<StgValue><ssdm name="_ssdm_op_PartSelect.i16.i20.i32.i32"/></StgValue>
</bind>
</comp>

<comp id="52" class="1001" name="const_52">
<pin_list>
<pin id="53" dir="1" index="0" bw="1" slack="0"/>
</pin_list>
<bind>
<StgValue><ssdm name=""/></StgValue>
</bind>
</comp>

<comp id="54" class="1001" name="const_54">
<pin_list>
<pin id="55" dir="1" index="0" bw="1" slack="0"/>
</pin_list>
<bind>
<StgValue><ssdm name=""/></StgValue>
</bind>
</comp>

<comp id="56" class="1001" name="const_56">
<pin_list>
<pin id="57" dir="1" index="0" bw="1" slack="0"/>
</pin_list>
<bind>
<StgValue><ssdm name=""/></StgValue>
</bind>
</comp>

<comp id="58" class="1001" name="const_58">
<pin_list>
<pin id="59" dir="1" index="0" bw="1" slack="2147483647"/>
</pin_list>
<bind>
<StgValue><ssdm name="empty_15"/></StgValue>
</bind>
</comp>

<comp id="60" class="1001" name="const_60">
<pin_list>
<pin id="61" dir="1" index="0" bw="1" slack="0"/>
</pin_list>
<bind>
<StgValue><ssdm name="generatePollDirections"/></StgValue>
</bind>
</comp>

<comp id="62" class="1001" name="const_62">
<pin_list>
<pin id="63" dir="1" index="0" bw="1" slack="0"/>
</pin_list>
<bind>
<StgValue><ssdm name="_ssdm_op_BitConcatenate.i3.i1.i2"/></StgValue>
</bind>
</comp>

<comp id="64" class="1001" name="const_64">
<pin_list>
<pin id="65" dir="1" index="0" bw="1" slack="2147483647"/>
</pin_list>
<bind>
<StgValue><ssdm name="empty_14"/></StgValue>
</bind>
</comp>

<comp id="66" class="1001" name="const_66">
<pin_list>
<pin id="67" dir="1" index="0" bw="1" slack="0"/>
</pin_list>
<bind>
<StgValue><ssdm name="_ssdm_op_BitConcatenate.i26.i18.i8"/></StgValue>
</bind>
</comp>

<comp id="68" class="1001" name="const_68">
<pin_list>
<pin id="69" dir="1" index="0" bw="1" slack="0"/>
</pin_list>
<bind>
<StgValue><ssdm name=""/></StgValue>
</bind>
</comp>

<comp id="70" class="1001" name="const_70">
<pin_list>
<pin id="71" dir="1" index="0" bw="1" slack="1"/>
</pin_list>
<bind>
<StgValue><ssdm name=""/></StgValue>
</bind>
</comp>

<comp id="72" class="1001" name="const_72">
<pin_list>
<pin id="73" dir="1" index="0" bw="1" slack="0"/>
</pin_list>
<bind>
<StgValue><ssdm name=""/></StgValue>
</bind>
</comp>

<comp id="74" class="1001" name="const_74">
<pin_list>
<pin id="75" dir="1" index="0" bw="1" slack="0"/>
</pin_list>
<bind>
<StgValue><ssdm name=""/></StgValue>
</bind>
</comp>

<comp id="76" class="1001" name="const_76">
<pin_list>
<pin id="77" dir="1" index="0" bw="1" slack="0"/>
</pin_list>
<bind>
<StgValue><ssdm name=""/></StgValue>
</bind>
</comp>

<comp id="78" class="1001" name="const_78">
<pin_list>
<pin id="79" dir="1" index="0" bw="1" slack="2147483647"/>
</pin_list>
<bind>
<StgValue><ssdm name=""/></StgValue>
</bind>
</comp>

<comp id="80" class="1001" name="const_80">
<pin_list>
<pin id="81" dir="1" index="0" bw="1" slack="2147483647"/>
</pin_list>
<bind>
<StgValue><ssdm name="empty_13"/></StgValue>
</bind>
</comp>

<comp id="82" class="1001" name="const_82">
<pin_list>
<pin id="83" dir="1" index="0" bw="1" slack="0"/>
</pin_list>
<bind>
<StgValue><ssdm name="_ssdm_op_PartSelect.i18.i26.i32.i32"/></StgValue>
</bind>
</comp>

<comp id="84" class="1001" name="const_84">
<pin_list>
<pin id="85" dir="1" index="0" bw="1" slack="0"/>
</pin_list>
<bind>
<StgValue><ssdm name=""/></StgValue>
</bind>
</comp>

<comp id="86" class="1001" name="const_86">
<pin_list>
<pin id="87" dir="1" index="0" bw="1" slack="0"/>
</pin_list>
<bind>
<StgValue><ssdm name=""/></StgValue>
</bind>
</comp>

<comp id="88" class="1004" name="directions_alloca_fu_88">
<pin_list>
<pin id="89" dir="0" index="0" bw="1" slack="0"/>
<pin id="90" dir="1" index="1" bw="12" slack="2147483647"/>
</pin_list>
<bind>
<opcode="alloca(26) " fcode="alloca"/>
<opset="directions/1 "/>
</bind>
</comp>

<comp id="92" class="1004" name="p_read_1_read_fu_92">
<pin_list>
<pin id="93" dir="0" index="0" bw="6" slack="0"/>
<pin id="94" dir="0" index="1" bw="6" slack="0"/>
<pin id="95" dir="1" index="2" bw="6" slack="1"/>
</pin_list>
<bind>
<opcode="read(1150) " fcode="read"/>
<opset="p_read_1/1 "/>
</bind>
</comp>

<comp id="98" class="1004" name="p_read_2_read_fu_98">
<pin_list>
<pin id="99" dir="0" index="0" bw="6" slack="0"/>
<pin id="100" dir="0" index="1" bw="6" slack="0"/>
<pin id="101" dir="1" index="2" bw="6" slack="1"/>
</pin_list>
<bind>
<opcode="read(1150) " fcode="read"/>
<opset="p_read_2/1 "/>
</bind>
</comp>

<comp id="104" class="1004" name="p_read_3_read_fu_104">
<pin_list>
<pin id="105" dir="0" index="0" bw="6" slack="0"/>
<pin id="106" dir="0" index="1" bw="6" slack="0"/>
<pin id="107" dir="1" index="2" bw="6" slack="5"/>
</pin_list>
<bind>
<opcode="read(1150) " fcode="read"/>
<opset="p_read_3/1 "/>
</bind>
</comp>

<comp id="110" class="1004" name="p_read_4_read_fu_110">
<pin_list>
<pin id="111" dir="0" index="0" bw="6" slack="0"/>
<pin id="112" dir="0" index="1" bw="6" slack="0"/>
<pin id="113" dir="1" index="2" bw="6" slack="5"/>
</pin_list>
<bind>
<opcode="read(1150) " fcode="read"/>
<opset="p_read_4/1 "/>
</bind>
</comp>

<comp id="116" class="1004" name="pollMatrix_addr_gep_fu_116">
<pin_list>
<pin id="117" dir="0" index="0" bw="18" slack="0"/>
<pin id="118" dir="0" index="1" bw="1" slack="0"/>
<pin id="119" dir="0" index="2" bw="3" slack="0"/>
<pin id="120" dir="1" index="3" bw="3" slack="3"/>
</pin_list>
<bind>
<opcode="getelementptr(29) " fcode="getelementptr"/>
<opset="pollMatrix_addr/10 "/>
</bind>
</comp>

<comp id="123" class="1004" name="directions_addr_gep_fu_123">
<pin_list>
<pin id="124" dir="0" index="0" bw="12" slack="2147483647"/>
<pin id="125" dir="0" index="1" bw="1" slack="0"/>
<pin id="126" dir="0" index="2" bw="3" slack="0"/>
<pin id="127" dir="1" index="3" bw="3" slack="0"/>
</pin_list>
<bind>
<opcode="getelementptr(29) " fcode="getelementptr"/>
<opset="directions_addr/10 "/>
</bind>
</comp>

<comp id="129" class="1004" name="grp_access_fu_129">
<pin_list>
<pin id="130" dir="0" index="0" bw="3" slack="0"/>
<pin id="131" dir="0" index="1" bw="12" slack="2147483647"/>
<pin id="132" dir="0" index="2" bw="0" slack="2147483647"/>
<pin id="133" dir="1" index="3" bw="12" slack="1"/>
</pin_list>
<bind>
<opcode="load(27) " fcode="load"/>
<opset="tmp_3/10 "/>
</bind>
</comp>

<comp id="135" class="1004" name="store_ln46_access_fu_135">
<pin_list>
<pin id="136" dir="0" index="0" bw="3" slack="3"/>
<pin id="137" dir="0" index="1" bw="18" slack="0"/>
<pin id="138" dir="0" index="2" bw="0" slack="2147483647"/>
<pin id="139" dir="1" index="3" bw="18" slack="2147483647"/>
</pin_list>
<bind>
<opcode="store(28) " fcode="store"/>
<opset="store_ln46/13 "/>
</bind>
</comp>

<comp id="140" class="1005" name="mesh_V_1_09_reg_140">
<pin_list>
<pin id="141" dir="0" index="0" bw="36" slack="1"/>
<pin id="142" dir="1" index="1" bw="36" slack="1"/>
</pin_list>
<bind>
<opset="mesh_V_1_09 (phireg) "/>
</bind>
</comp>

<comp id="144" class="1004" name="mesh_V_1_09_phi_fu_144">
<pin_list>
<pin id="145" dir="0" index="0" bw="1" slack="1"/>
<pin id="146" dir="0" index="1" bw="0" slack="2147483647"/>
<pin id="147" dir="0" index="2" bw="36" slack="1"/>
<pin id="148" dir="0" index="3" bw="0" slack="2147483647"/>
<pin id="149" dir="1" index="4" bw="36" slack="1"/>
</pin_list>
<bind>
<opcode="phi(47) " fcode="phi"/>
<opset="mesh_V_1_09/2 "/>
</bind>
</comp>

<comp id="152" class="1005" name="mesh_V_0_08_reg_152">
<pin_list>
<pin id="153" dir="0" index="0" bw="36" slack="1"/>
<pin id="154" dir="1" index="1" bw="36" slack="1"/>
</pin_list>
<bind>
<opset="mesh_V_0_08 (phireg) "/>
</bind>
</comp>

<comp id="156" class="1004" name="mesh_V_0_08_phi_fu_156">
<pin_list>
<pin id="157" dir="0" index="0" bw="1" slack="1"/>
<pin id="158" dir="0" index="1" bw="0" slack="2147483647"/>
<pin id="159" dir="0" index="2" bw="36" slack="1"/>
<pin id="160" dir="0" index="3" bw="0" slack="2147483647"/>
<pin id="161" dir="1" index="4" bw="36" slack="1"/>
</pin_list>
<bind>
<opcode="phi(47) " fcode="phi"/>
<opset="mesh_V_0_08/2 "/>
</bind>
</comp>

<comp id="164" class="1005" name="currentPoint_int_V_1_07_reg_164">
<pin_list>
<pin id="165" dir="0" index="0" bw="18" slack="1"/>
<pin id="166" dir="1" index="1" bw="18" slack="1"/>
</pin_list>
<bind>
<opset="currentPoint_int_V_1_07 (phireg) "/>
</bind>
</comp>

<comp id="168" class="1004" name="currentPoint_int_V_1_07_phi_fu_168">
<pin_list>
<pin id="169" dir="0" index="0" bw="1" slack="1"/>
<pin id="170" dir="0" index="1" bw="0" slack="2147483647"/>
<pin id="171" dir="0" index="2" bw="18" slack="0"/>
<pin id="172" dir="0" index="3" bw="0" slack="2147483647"/>
<pin id="173" dir="1" index="4" bw="18" slack="0"/>
</pin_list>
<bind>
<opcode="phi(47) " fcode="phi"/>
<opset="currentPoint_int_V_1_07/2 "/>
</bind>
</comp>

<comp id="176" class="1005" name="currentPoint_int_V_0_06_reg_176">
<pin_list>
<pin id="177" dir="0" index="0" bw="18" slack="1"/>
<pin id="178" dir="1" index="1" bw="18" slack="1"/>
</pin_list>
<bind>
<opset="currentPoint_int_V_0_06 (phireg) "/>
</bind>
</comp>

<comp id="180" class="1004" name="currentPoint_int_V_0_06_phi_fu_180">
<pin_list>
<pin id="181" dir="0" index="0" bw="1" slack="1"/>
<pin id="182" dir="0" index="1" bw="0" slack="2147483647"/>
<pin id="183" dir="0" index="2" bw="18" slack="0"/>
<pin id="184" dir="0" index="3" bw="0" slack="2147483647"/>
<pin id="185" dir="1" index="4" bw="18" slack="0"/>
</pin_list>
<bind>
<opcode="phi(47) " fcode="phi"/>
<opset="currentPoint_int_V_0_06/2 "/>
</bind>
</comp>

<comp id="188" class="1005" name="i_reg_188">
<pin_list>
<pin id="189" dir="0" index="0" bw="2" slack="1"/>
<pin id="190" dir="1" index="1" bw="2" slack="1"/>
</pin_list>
<bind>
<opset="i (phireg) "/>
</bind>
</comp>

<comp id="192" class="1004" name="i_phi_fu_192">
<pin_list>
<pin id="193" dir="0" index="0" bw="1" slack="1"/>
<pin id="194" dir="0" index="1" bw="0" slack="2147483647"/>
<pin id="195" dir="0" index="2" bw="2" slack="0"/>
<pin id="196" dir="0" index="3" bw="0" slack="2147483647"/>
<pin id="197" dir="1" index="4" bw="2" slack="0"/>
</pin_list>
<bind>
<opcode="phi(47) " fcode="phi"/>
<opset="i/2 "/>
</bind>
</comp>

<comp id="199" class="1005" name="randomVector_V_0_05_reg_199">
<pin_list>
<pin id="200" dir="0" index="0" bw="18" slack="1"/>
<pin id="201" dir="1" index="1" bw="18" slack="1"/>
</pin_list>
<bind>
<opset="randomVector_V_0_05 (phireg) "/>
</bind>
</comp>

<comp id="203" class="1004" name="randomVector_V_0_05_phi_fu_203">
<pin_list>
<pin id="204" dir="0" index="0" bw="1" slack="1"/>
<pin id="205" dir="0" index="1" bw="0" slack="2147483647"/>
<pin id="206" dir="0" index="2" bw="18" slack="0"/>
<pin id="207" dir="0" index="3" bw="0" slack="2147483647"/>
<pin id="208" dir="1" index="4" bw="18" slack="0"/>
</pin_list>
<bind>
<opcode="phi(47) " fcode="phi"/>
<opset="randomVector_V_0_05/7 "/>
</bind>
</comp>

<comp id="211" class="1005" name="randomVector_V_1_04_reg_211">
<pin_list>
<pin id="212" dir="0" index="0" bw="18" slack="1"/>
<pin id="213" dir="1" index="1" bw="18" slack="1"/>
</pin_list>
<bind>
<opset="randomVector_V_1_04 (phireg) "/>
</bind>
</comp>

<comp id="215" class="1004" name="randomVector_V_1_04_phi_fu_215">
<pin_list>
<pin id="216" dir="0" index="0" bw="1" slack="1"/>
<pin id="217" dir="0" index="1" bw="0" slack="2147483647"/>
<pin id="218" dir="0" index="2" bw="18" slack="0"/>
<pin id="219" dir="0" index="3" bw="0" slack="2147483647"/>
<pin id="220" dir="1" index="4" bw="18" slack="0"/>
</pin_list>
<bind>
<opcode="phi(47) " fcode="phi"/>
<opset="randomVector_V_1_04/7 "/>
</bind>
</comp>

<comp id="223" class="1005" name="i_1_reg_223">
<pin_list>
<pin id="224" dir="0" index="0" bw="2" slack="1"/>
<pin id="225" dir="1" index="1" bw="2" slack="1"/>
</pin_list>
<bind>
<opset="i_1 (phireg) "/>
</bind>
</comp>

<comp id="227" class="1004" name="i_1_phi_fu_227">
<pin_list>
<pin id="228" dir="0" index="0" bw="1" slack="1"/>
<pin id="229" dir="0" index="1" bw="0" slack="2147483647"/>
<pin id="230" dir="0" index="2" bw="2" slack="0"/>
<pin id="231" dir="0" index="3" bw="0" slack="2147483647"/>
<pin id="232" dir="1" index="4" bw="2" slack="0"/>
</pin_list>
<bind>
<opcode="phi(47) " fcode="phi"/>
<opset="i_1/7 "/>
</bind>
</comp>

<comp id="234" class="1005" name="i_2_reg_234">
<pin_list>
<pin id="235" dir="0" index="0" bw="2" slack="1"/>
<pin id="236" dir="1" index="1" bw="2" slack="1"/>
</pin_list>
<bind>
<opset="i_2 (phireg) "/>
</bind>
</comp>

<comp id="238" class="1004" name="i_2_phi_fu_238">
<pin_list>
<pin id="239" dir="0" index="0" bw="2" slack="0"/>
<pin id="240" dir="0" index="1" bw="0" slack="2147483647"/>
<pin id="241" dir="0" index="2" bw="1" slack="1"/>
<pin id="242" dir="0" index="3" bw="0" slack="2147483647"/>
<pin id="243" dir="1" index="4" bw="2" slack="0"/>
</pin_list>
<bind>
<opcode="phi(47) " fcode="phi"/>
<opset="i_2/9 "/>
</bind>
</comp>

<comp id="245" class="1005" name="j_reg_245">
<pin_list>
<pin id="246" dir="0" index="0" bw="3" slack="1"/>
<pin id="247" dir="1" index="1" bw="3" slack="1"/>
</pin_list>
<bind>
<opset="j (phireg) "/>
</bind>
</comp>

<comp id="249" class="1004" name="j_phi_fu_249">
<pin_list>
<pin id="250" dir="0" index="0" bw="1" slack="1"/>
<pin id="251" dir="0" index="1" bw="0" slack="2147483647"/>
<pin id="252" dir="0" index="2" bw="3" slack="0"/>
<pin id="253" dir="0" index="3" bw="0" slack="2147483647"/>
<pin id="254" dir="1" index="4" bw="3" slack="0"/>
</pin_list>
<bind>
<opcode="phi(47) " fcode="phi"/>
<opset="j/10 "/>
</bind>
</comp>

<comp id="256" class="1004" name="grp_generatePollDirections_fu_256">
<pin_list>
<pin id="257" dir="0" index="0" bw="0" slack="0"/>
<pin id="258" dir="0" index="1" bw="18" slack="0"/>
<pin id="259" dir="0" index="2" bw="18" slack="0"/>
<pin id="260" dir="0" index="3" bw="6" slack="5"/>
<pin id="261" dir="0" index="4" bw="6" slack="5"/>
<pin id="262" dir="0" index="5" bw="6" slack="5"/>
<pin id="263" dir="0" index="6" bw="6" slack="5"/>
<pin id="264" dir="0" index="7" bw="12" slack="2147483647"/>
<pin id="265" dir="1" index="8" bw="0" slack="2147483647"/>
</pin_list>
<bind>
<opcode="call(48) " fcode="call"/>
<opset="call_ln41/7 "/>
</bind>
</comp>

<comp id="269" class="1004" name="optimum_V_0_load_load_fu_269">
<pin_list>
<pin id="270" dir="0" index="0" bw="18" slack="0"/>
<pin id="271" dir="1" index="1" bw="18" slack="2147483647"/>
</pin_list>
<bind>
<opcode="load(27) " fcode="load"/>
<opset="optimum_V_0_load/1 "/>
</bind>
</comp>

<comp id="273" class="1004" name="optimum_V_1_load_load_fu_273">
<pin_list>
<pin id="274" dir="0" index="0" bw="18" slack="0"/>
<pin id="275" dir="1" index="1" bw="18" slack="2147483647"/>
</pin_list>
<bind>
<opcode="load(27) " fcode="load"/>
<opset="optimum_V_1_load/1 "/>
</bind>
</comp>

<comp id="277" class="1004" name="add_ln19_fu_277">
<pin_list>
<pin id="278" dir="0" index="0" bw="2" slack="0"/>
<pin id="279" dir="0" index="1" bw="1" slack="0"/>
<pin id="280" dir="1" index="2" bw="2" slack="0"/>
</pin_list>
<bind>
<opcode="add(8) " fcode="add"/>
<opset="add_ln19/2 "/>
</bind>
</comp>

<comp id="283" class="1004" name="icmp_ln19_fu_283">
<pin_list>
<pin id="284" dir="0" index="0" bw="2" slack="0"/>
<pin id="285" dir="0" index="1" bw="2" slack="0"/>
<pin id="286" dir="1" index="2" bw="1" slack="2147483647"/>
</pin_list>
<bind>
<opcode="icmp(45) " fcode="icmp"/>
<opset="icmp_ln19/2 "/>
</bind>
</comp>

<comp id="289" class="1004" name="trunc_ln20_fu_289">
<pin_list>
<pin id="290" dir="0" index="0" bw="2" slack="0"/>
<pin id="291" dir="1" index="1" bw="1" slack="0"/>
</pin_list>
<bind>
<opcode="trunc(33) " fcode="trunc"/>
<opset="trunc_ln20/2 "/>
</bind>
</comp>

<comp id="293" class="1004" name="currentPoint_int_V_1_fu_293">
<pin_list>
<pin id="294" dir="0" index="0" bw="1" slack="0"/>
<pin id="295" dir="0" index="1" bw="18" slack="2147483647"/>
<pin id="296" dir="0" index="2" bw="18" slack="0"/>
<pin id="297" dir="1" index="3" bw="18" slack="0"/>
</pin_list>
<bind>
<opcode="select(49) " fcode="select"/>
<opset="currentPoint_int_V_1/2 "/>
</bind>
</comp>

<comp id="300" class="1004" name="currentPoint_int_V_1_1_fu_300">
<pin_list>
<pin id="301" dir="0" index="0" bw="1" slack="0"/>
<pin id="302" dir="0" index="1" bw="18" slack="0"/>
<pin id="303" dir="0" index="2" bw="18" slack="2147483647"/>
<pin id="304" dir="1" index="3" bw="18" slack="0"/>
</pin_list>
<bind>
<opcode="select(49) " fcode="select"/>
<opset="currentPoint_int_V_1_1/2 "/>
</bind>
</comp>

<comp id="307" class="1004" name="rhs_fu_307">
<pin_list>
<pin id="308" dir="0" index="0" bw="1" slack="0"/>
<pin id="309" dir="0" index="1" bw="6" slack="1"/>
<pin id="310" dir="0" index="2" bw="6" slack="1"/>
<pin id="311" dir="1" index="3" bw="6" slack="0"/>
</pin_list>
<bind>
<opcode="select(49) " fcode="select"/>
<opset="rhs/2 "/>
</bind>
</comp>

<comp id="313" class="1004" name="sext_ln215_fu_313">
<pin_list>
<pin id="314" dir="0" index="0" bw="6" slack="0"/>
<pin id="315" dir="1" index="1" bw="7" slack="0"/>
</pin_list>
<bind>
<opcode="sext(35) " fcode="sext"/>
<opset="sext_ln215/2 "/>
</bind>
</comp>

<comp id="317" class="1004" name="ret_fu_317">
<pin_list>
<pin id="318" dir="0" index="0" bw="1" slack="0"/>
<pin id="319" dir="0" index="1" bw="6" slack="0"/>
<pin id="320" dir="1" index="2" bw="7" slack="1"/>
</pin_list>
<bind>
<opcode="sub(10) " fcode="sub"/>
<opset="ret/2 "/>
</bind>
</comp>

<comp id="323" class="1004" name="R1_V_load_load_fu_323">
<pin_list>
<pin id="324" dir="0" index="0" bw="20" slack="0"/>
<pin id="325" dir="1" index="1" bw="20" slack="0"/>
</pin_list>
<bind>
<opcode="load(27) " fcode="load"/>
<opset="R1_V_load/2 "/>
</bind>
</comp>

<comp id="327" class="1004" name="R2_V_load_load_fu_327">
<pin_list>
<pin id="328" dir="0" index="0" bw="20" slack="0"/>
<pin id="329" dir="1" index="1" bw="20" slack="0"/>
</pin_list>
<bind>
<opcode="load(27) " fcode="load"/>
<opset="R2_V_load/2 "/>
</bind>
</comp>

<comp id="331" class="1004" name="tmp_2_fu_331">
<pin_list>
<pin id="332" dir="0" index="0" bw="1" slack="0"/>
<pin id="333" dir="0" index="1" bw="6" slack="1"/>
<pin id="334" dir="0" index="2" bw="4" slack="0"/>
<pin id="335" dir="1" index="3" bw="1" slack="0"/>
</pin_list>
<bind>
<opcode="bitselect(1000) " fcode="bitselect"/>
<opset="tmp_2/3 "/>
</bind>
</comp>

<comp id="338" class="1004" name="sh_prom_i_i_i54_fu_338">
<pin_list>
<pin id="339" dir="0" index="0" bw="7" slack="1"/>
<pin id="340" dir="1" index="1" bw="36" slack="0"/>
</pin_list>
<bind>
<opcode="zext(34) " fcode="zext"/>
<opset="sh_prom_i_i_i54/3 "/>
</bind>
</comp>

<comp id="341" class="1004" name="r_V_fu_341">
<pin_list>
<pin id="342" dir="0" index="0" bw="26" slack="0"/>
<pin id="343" dir="0" index="1" bw="7" slack="0"/>
<pin id="344" dir="1" index="2" bw="36" slack="0"/>
</pin_list>
<bind>
<opcode="lshr(21) " fcode="lshr"/>
<opset="r_V/3 "/>
</bind>
</comp>

<comp id="347" class="1004" name="sh_prom_i_i_i_cast_cast_cast_fu_347">
<pin_list>
<pin id="348" dir="0" index="0" bw="6" slack="1"/>
<pin id="349" dir="1" index="1" bw="32" slack="0"/>
</pin_list>
<bind>
<opcode="sext(35) " fcode="sext"/>
<opset="sh_prom_i_i_i_cast_cast_cast/3 "/>
</bind>
</comp>

<comp id="350" class="1004" name="sh_prom_i_i_i_cast_cast_cast_cast_fu_350">
<pin_list>
<pin id="351" dir="0" index="0" bw="6" slack="0"/>
<pin id="352" dir="1" index="1" bw="36" slack="0"/>
</pin_list>
<bind>
<opcode="zext(34) " fcode="zext"/>
<opset="sh_prom_i_i_i_cast_cast_cast_cast/3 "/>
</bind>
</comp>

<comp id="354" class="1004" name="r_V_1_fu_354">
<pin_list>
<pin id="355" dir="0" index="0" bw="26" slack="0"/>
<pin id="356" dir="0" index="1" bw="32" slack="0"/>
<pin id="357" dir="1" index="2" bw="36" slack="0"/>
</pin_list>
<bind>
<opcode="shl(20) " fcode="shl"/>
<opset="r_V_1/3 "/>
</bind>
</comp>

<comp id="360" class="1004" name="r_V_5_fu_360">
<pin_list>
<pin id="361" dir="0" index="0" bw="1" slack="0"/>
<pin id="362" dir="0" index="1" bw="36" slack="0"/>
<pin id="363" dir="0" index="2" bw="36" slack="0"/>
<pin id="364" dir="1" index="3" bw="36" slack="0"/>
</pin_list>
<bind>
<opcode="select(49) " fcode="select"/>
<opset="r_V_5/3 "/>
</bind>
</comp>

<comp id="368" class="1004" name="mesh_V_1_1_fu_368">
<pin_list>
<pin id="369" dir="0" index="0" bw="1" slack="1"/>
<pin id="370" dir="0" index="1" bw="36" slack="0"/>
<pin id="371" dir="0" index="2" bw="36" slack="1"/>
<pin id="372" dir="1" index="3" bw="36" slack="1"/>
</pin_list>
<bind>
<opcode="select(49) " fcode="select"/>
<opset="mesh_V_1_1/3 "/>
</bind>
</comp>

<comp id="375" class="1004" name="mesh_V_1_2_fu_375">
<pin_list>
<pin id="376" dir="0" index="0" bw="1" slack="1"/>
<pin id="377" dir="0" index="1" bw="36" slack="1"/>
<pin id="378" dir="0" index="2" bw="36" slack="0"/>
<pin id="379" dir="1" index="3" bw="36" slack="1"/>
</pin_list>
<bind>
<opcode="select(49) " fcode="select"/>
<opset="mesh_V_1_2/3 "/>
</bind>
</comp>

<comp id="382" class="1004" name="store_ln26_store_fu_382">
<pin_list>
<pin id="383" dir="0" index="0" bw="20" slack="0"/>
<pin id="384" dir="0" index="1" bw="20" slack="0"/>
<pin id="385" dir="1" index="2" bw="0" slack="2147483647"/>
</pin_list>
<bind>
<opcode="store(28) " fcode="store"/>
<opset="store_ln26/6 "/>
</bind>
</comp>

<comp id="387" class="1004" name="trunc_ln708_1_fu_387">
<pin_list>
<pin id="388" dir="0" index="0" bw="16" slack="0"/>
<pin id="389" dir="0" index="1" bw="20" slack="0"/>
<pin id="390" dir="0" index="2" bw="4" slack="0"/>
<pin id="391" dir="0" index="3" bw="6" slack="0"/>
<pin id="392" dir="1" index="4" bw="16" slack="0"/>
</pin_list>
<bind>
<opcode="partselect(1002) " fcode="partselect"/>
<opset="trunc_ln708_1/6 "/>
</bind>
</comp>

<comp id="396" class="1004" name="v_V_0_fu_396">
<pin_list>
<pin id="397" dir="0" index="0" bw="16" slack="0"/>
<pin id="398" dir="0" index="1" bw="16" slack="0"/>
<pin id="399" dir="1" index="2" bw="16" slack="0"/>
</pin_list>
<bind>
<opcode="xor(25) " fcode="xor"/>
<opset="v_V_0/6 "/>
</bind>
</comp>

<comp id="402" class="1004" name="sext_ln708_fu_402">
<pin_list>
<pin id="403" dir="0" index="0" bw="16" slack="0"/>
<pin id="404" dir="1" index="1" bw="18" slack="1"/>
</pin_list>
<bind>
<opcode="sext(35) " fcode="sext"/>
<opset="sext_ln708/6 "/>
</bind>
</comp>

<comp id="406" class="1004" name="store_ln31_store_fu_406">
<pin_list>
<pin id="407" dir="0" index="0" bw="20" slack="0"/>
<pin id="408" dir="0" index="1" bw="20" slack="0"/>
<pin id="409" dir="1" index="2" bw="0" slack="2147483647"/>
</pin_list>
<bind>
<opcode="store(28) " fcode="store"/>
<opset="store_ln31/6 "/>
</bind>
</comp>

<comp id="411" class="1004" name="trunc_ln708_2_fu_411">
<pin_list>
<pin id="412" dir="0" index="0" bw="16" slack="0"/>
<pin id="413" dir="0" index="1" bw="20" slack="0"/>
<pin id="414" dir="0" index="2" bw="4" slack="0"/>
<pin id="415" dir="0" index="3" bw="6" slack="0"/>
<pin id="416" dir="1" index="4" bw="16" slack="0"/>
</pin_list>
<bind>
<opcode="partselect(1002) " fcode="partselect"/>
<opset="trunc_ln708_2/6 "/>
</bind>
</comp>

<comp id="420" class="1004" name="v_V_1_fu_420">
<pin_list>
<pin id="421" dir="0" index="0" bw="16" slack="0"/>
<pin id="422" dir="0" index="1" bw="16" slack="0"/>
<pin id="423" dir="1" index="2" bw="16" slack="0"/>
</pin_list>
<bind>
<opcode="xor(25) " fcode="xor"/>
<opset="v_V_1/6 "/>
</bind>
</comp>

<comp id="426" class="1004" name="sext_ln708_1_fu_426">
<pin_list>
<pin id="427" dir="0" index="0" bw="16" slack="0"/>
<pin id="428" dir="1" index="1" bw="18" slack="1"/>
</pin_list>
<bind>
<opcode="sext(35) " fcode="sext"/>
<opset="sext_ln708_1/6 "/>
</bind>
</comp>

<comp id="430" class="1004" name="add_ln42_fu_430">
<pin_list>
<pin id="431" dir="0" index="0" bw="2" slack="0"/>
<pin id="432" dir="0" index="1" bw="1" slack="0"/>
<pin id="433" dir="1" index="2" bw="2" slack="0"/>
</pin_list>
<bind>
<opcode="add(8) " fcode="add"/>
<opset="add_ln42/7 "/>
</bind>
</comp>

<comp id="436" class="1004" name="icmp_ln42_fu_436">
<pin_list>
<pin id="437" dir="0" index="0" bw="2" slack="0"/>
<pin id="438" dir="0" index="1" bw="2" slack="0"/>
<pin id="439" dir="1" index="2" bw="1" slack="2147483647"/>
</pin_list>
<bind>
<opcode="icmp(45) " fcode="icmp"/>
<opset="icmp_ln42/7 "/>
</bind>
</comp>

<comp id="442" class="1004" name="trunc_ln43_fu_442">
<pin_list>
<pin id="443" dir="0" index="0" bw="2" slack="0"/>
<pin id="444" dir="1" index="1" bw="1" slack="0"/>
</pin_list>
<bind>
<opcode="trunc(33) " fcode="trunc"/>
<opset="trunc_ln43/7 "/>
</bind>
</comp>

<comp id="446" class="1004" name="randomVector_V_1_fu_446">
<pin_list>
<pin id="447" dir="0" index="0" bw="1" slack="0"/>
<pin id="448" dir="0" index="1" bw="18" slack="0"/>
<pin id="449" dir="0" index="2" bw="16" slack="1"/>
<pin id="450" dir="1" index="3" bw="18" slack="0"/>
</pin_list>
<bind>
<opcode="select(49) " fcode="select"/>
<opset="randomVector_V_1/7 "/>
</bind>
</comp>

<comp id="453" class="1004" name="randomVector_V_1_1_fu_453">
<pin_list>
<pin id="454" dir="0" index="0" bw="1" slack="0"/>
<pin id="455" dir="0" index="1" bw="16" slack="1"/>
<pin id="456" dir="0" index="2" bw="18" slack="0"/>
<pin id="457" dir="1" index="3" bw="18" slack="0"/>
</pin_list>
<bind>
<opcode="select(49) " fcode="select"/>
<opset="randomVector_V_1_1/7 "/>
</bind>
</comp>

<comp id="460" class="1004" name="add_ln44_fu_460">
<pin_list>
<pin id="461" dir="0" index="0" bw="2" slack="0"/>
<pin id="462" dir="0" index="1" bw="1" slack="0"/>
<pin id="463" dir="1" index="2" bw="2" slack="0"/>
</pin_list>
<bind>
<opcode="add(8) " fcode="add"/>
<opset="add_ln44/9 "/>
</bind>
</comp>

<comp id="466" class="1004" name="trunc_ln46_fu_466">
<pin_list>
<pin id="467" dir="0" index="0" bw="2" slack="0"/>
<pin id="468" dir="1" index="1" bw="1" slack="0"/>
</pin_list>
<bind>
<opcode="trunc(33) " fcode="trunc"/>
<opset="trunc_ln46/9 "/>
</bind>
</comp>

<comp id="470" class="1004" name="tmp_3_cast_fu_470">
<pin_list>
<pin id="471" dir="0" index="0" bw="3" slack="0"/>
<pin id="472" dir="0" index="1" bw="1" slack="0"/>
<pin id="473" dir="0" index="2" bw="1" slack="0"/>
<pin id="474" dir="1" index="3" bw="3" slack="1"/>
</pin_list>
<bind>
<opcode="bitconcatenate(1004) " fcode="bitconcatenate"/>
<opset="tmp_3_cast/9 "/>
</bind>
</comp>

<comp id="478" class="1004" name="icmp_ln44_fu_478">
<pin_list>
<pin id="479" dir="0" index="0" bw="2" slack="0"/>
<pin id="480" dir="0" index="1" bw="2" slack="0"/>
<pin id="481" dir="1" index="2" bw="1" slack="2147483647"/>
</pin_list>
<bind>
<opcode="icmp(45) " fcode="icmp"/>
<opset="icmp_ln44/9 "/>
</bind>
</comp>

<comp id="484" class="1004" name="empty_53_fu_484">
<pin_list>
<pin id="485" dir="0" index="0" bw="36" slack="6"/>
<pin id="486" dir="1" index="1" bw="26" slack="0"/>
</pin_list>
<bind>
<opcode="trunc(33) " fcode="trunc"/>
<opset="empty_53/9 "/>
</bind>
</comp>

<comp id="488" class="1004" name="empty_54_fu_488">
<pin_list>
<pin id="489" dir="0" index="0" bw="36" slack="6"/>
<pin id="490" dir="1" index="1" bw="26" slack="0"/>
</pin_list>
<bind>
<opcode="trunc(33) " fcode="trunc"/>
<opset="empty_54/9 "/>
</bind>
</comp>

<comp id="492" class="1004" name="r_V_3_fu_492">
<pin_list>
<pin id="493" dir="0" index="0" bw="1" slack="0"/>
<pin id="494" dir="0" index="1" bw="26" slack="0"/>
<pin id="495" dir="0" index="2" bw="26" slack="0"/>
<pin id="496" dir="1" index="3" bw="26" slack="3"/>
</pin_list>
<bind>
<opcode="select(49) " fcode="select"/>
<opset="r_V_3/9 "/>
</bind>
</comp>

<comp id="500" class="1004" name="empty_55_fu_500">
<pin_list>
<pin id="501" dir="0" index="0" bw="1" slack="0"/>
<pin id="502" dir="0" index="1" bw="18" slack="6"/>
<pin id="503" dir="0" index="2" bw="18" slack="6"/>
<pin id="504" dir="1" index="3" bw="18" slack="0"/>
</pin_list>
<bind>
<opcode="select(49) " fcode="select"/>
<opset="empty_55/9 "/>
</bind>
</comp>

<comp id="508" class="1004" name="lhs_fu_508">
<pin_list>
<pin id="509" dir="0" index="0" bw="26" slack="0"/>
<pin id="510" dir="0" index="1" bw="18" slack="0"/>
<pin id="511" dir="0" index="2" bw="1" slack="0"/>
<pin id="512" dir="1" index="3" bw="26" slack="4"/>
</pin_list>
<bind>
<opcode="bitconcatenate(1004) " fcode="bitconcatenate"/>
<opset="lhs/9 "/>
</bind>
</comp>

<comp id="516" class="1004" name="add_ln45_fu_516">
<pin_list>
<pin id="517" dir="0" index="0" bw="3" slack="0"/>
<pin id="518" dir="0" index="1" bw="1" slack="0"/>
<pin id="519" dir="1" index="2" bw="3" slack="0"/>
</pin_list>
<bind>
<opcode="add(8) " fcode="add"/>
<opset="add_ln45/10 "/>
</bind>
</comp>

<comp id="522" class="1004" name="add_ln46_fu_522">
<pin_list>
<pin id="523" dir="0" index="0" bw="3" slack="1"/>
<pin id="524" dir="0" index="1" bw="3" slack="0"/>
<pin id="525" dir="1" index="2" bw="3" slack="0"/>
</pin_list>
<bind>
<opcode="add(8) " fcode="add"/>
<opset="add_ln46/10 "/>
</bind>
</comp>

<comp id="527" class="1004" name="zext_ln46_fu_527">
<pin_list>
<pin id="528" dir="0" index="0" bw="3" slack="0"/>
<pin id="529" dir="1" index="1" bw="64" slack="0"/>
</pin_list>
<bind>
<opcode="zext(34) " fcode="zext"/>
<opset="zext_ln46/10 "/>
</bind>
</comp>

<comp id="533" class="1004" name="icmp_ln45_fu_533">
<pin_list>
<pin id="534" dir="0" index="0" bw="3" slack="0"/>
<pin id="535" dir="0" index="1" bw="3" slack="0"/>
<pin id="536" dir="1" index="2" bw="1" slack="2147483647"/>
</pin_list>
<bind>
<opcode="icmp(45) " fcode="icmp"/>
<opset="icmp_ln45/10 "/>
</bind>
</comp>

<comp id="539" class="1004" name="sext_ln1118_fu_539">
<pin_list>
<pin id="540" dir="0" index="0" bw="12" slack="1"/>
<pin id="541" dir="1" index="1" bw="26" slack="0"/>
</pin_list>
<bind>
<opcode="sext(35) " fcode="sext"/>
<opset="sext_ln1118/12 "/>
</bind>
</comp>

<comp id="542" class="1004" name="r_V_4_fu_542">
<pin_list>
<pin id="543" dir="0" index="0" bw="26" slack="3"/>
<pin id="544" dir="0" index="1" bw="12" slack="0"/>
<pin id="545" dir="1" index="2" bw="26" slack="1"/>
</pin_list>
<bind>
<opcode="mul(12) " fcode="mul"/>
<opset="r_V_4/12 "/>
</bind>
</comp>

<comp id="547" class="1004" name="ret_V_fu_547">
<pin_list>
<pin id="548" dir="0" index="0" bw="26" slack="4"/>
<pin id="549" dir="0" index="1" bw="26" slack="1"/>
<pin id="550" dir="1" index="2" bw="26" slack="0"/>
</pin_list>
<bind>
<opcode="add(8) " fcode="add"/>
<opset="ret_V/13 "/>
</bind>
</comp>

<comp id="551" class="1004" name="trunc_ln2_fu_551">
<pin_list>
<pin id="552" dir="0" index="0" bw="18" slack="0"/>
<pin id="553" dir="0" index="1" bw="26" slack="0"/>
<pin id="554" dir="0" index="2" bw="5" slack="0"/>
<pin id="555" dir="0" index="3" bw="6" slack="0"/>
<pin id="556" dir="1" index="4" bw="18" slack="0"/>
</pin_list>
<bind>
<opcode="partselect(1002) " fcode="partselect"/>
<opset="trunc_ln2/13 "/>
</bind>
</comp>

<comp id="562" class="1007" name="grp_fu_562">
<pin_list>
<pin id="563" dir="0" index="0" bw="20" slack="0"/>
<pin id="564" dir="0" index="1" bw="20" slack="0"/>
<pin id="565" dir="1" index="2" bw="20" slack="0"/>
</pin_list>
<bind>
<opcode="mul(12) " fcode="mul"/>
<opset="ret_3/2 "/>
</bind>
</comp>

<comp id="570" class="1007" name="grp_fu_570">
<pin_list>
<pin id="571" dir="0" index="0" bw="20" slack="0"/>
<pin id="572" dir="0" index="1" bw="20" slack="0"/>
<pin id="573" dir="1" index="2" bw="20" slack="0"/>
</pin_list>
<bind>
<opcode="mul(12) " fcode="mul"/>
<opset="ret_4/2 "/>
</bind>
</comp>

<comp id="578" class="1005" name="p_read_1_reg_578">
<pin_list>
<pin id="579" dir="0" index="0" bw="6" slack="1"/>
<pin id="580" dir="1" index="1" bw="6" slack="1"/>
</pin_list>
<bind>
<opset="p_read_1 "/>
</bind>
</comp>

<comp id="584" class="1005" name="p_read_2_reg_584">
<pin_list>
<pin id="585" dir="0" index="0" bw="6" slack="1"/>
<pin id="586" dir="1" index="1" bw="6" slack="1"/>
</pin_list>
<bind>
<opset="p_read_2 "/>
</bind>
</comp>

<comp id="590" class="1005" name="p_read_3_reg_590">
<pin_list>
<pin id="591" dir="0" index="0" bw="6" slack="5"/>
<pin id="592" dir="1" index="1" bw="6" slack="5"/>
</pin_list>
<bind>
<opset="p_read_3 "/>
</bind>
</comp>

<comp id="595" class="1005" name="p_read_4_reg_595">
<pin_list>
<pin id="596" dir="0" index="0" bw="6" slack="5"/>
<pin id="597" dir="1" index="1" bw="6" slack="5"/>
</pin_list>
<bind>
<opset="p_read_4 "/>
</bind>
</comp>

<comp id="606" class="1005" name="add_ln19_reg_606">
<pin_list>
<pin id="607" dir="0" index="0" bw="2" slack="0"/>
<pin id="608" dir="1" index="1" bw="2" slack="0"/>
</pin_list>
<bind>
<opset="add_ln19 "/>
</bind>
</comp>

<comp id="614" class="1005" name="trunc_ln20_reg_614">
<pin_list>
<pin id="615" dir="0" index="0" bw="1" slack="1"/>
<pin id="616" dir="1" index="1" bw="1" slack="1"/>
</pin_list>
<bind>
<opset="trunc_ln20 "/>
</bind>
</comp>

<comp id="620" class="1005" name="currentPoint_int_V_1_reg_620">
<pin_list>
<pin id="621" dir="0" index="0" bw="18" slack="0"/>
<pin id="622" dir="1" index="1" bw="18" slack="0"/>
</pin_list>
<bind>
<opset="currentPoint_int_V_1 "/>
</bind>
</comp>

<comp id="625" class="1005" name="currentPoint_int_V_1_1_reg_625">
<pin_list>
<pin id="626" dir="0" index="0" bw="18" slack="0"/>
<pin id="627" dir="1" index="1" bw="18" slack="0"/>
</pin_list>
<bind>
<opset="currentPoint_int_V_1_1 "/>
</bind>
</comp>

<comp id="630" class="1005" name="rhs_reg_630">
<pin_list>
<pin id="631" dir="0" index="0" bw="6" slack="1"/>
<pin id="632" dir="1" index="1" bw="6" slack="1"/>
</pin_list>
<bind>
<opset="rhs "/>
</bind>
</comp>

<comp id="636" class="1005" name="ret_reg_636">
<pin_list>
<pin id="637" dir="0" index="0" bw="7" slack="1"/>
<pin id="638" dir="1" index="1" bw="7" slack="1"/>
</pin_list>
<bind>
<opset="ret "/>
</bind>
</comp>

<comp id="647" class="1005" name="mesh_V_1_1_reg_647">
<pin_list>
<pin id="648" dir="0" index="0" bw="36" slack="1"/>
<pin id="649" dir="1" index="1" bw="36" slack="1"/>
</pin_list>
<bind>
<opset="mesh_V_1_1 "/>
</bind>
</comp>

<comp id="652" class="1005" name="mesh_V_1_2_reg_652">
<pin_list>
<pin id="653" dir="0" index="0" bw="36" slack="1"/>
<pin id="654" dir="1" index="1" bw="36" slack="1"/>
</pin_list>
<bind>
<opset="mesh_V_1_2 "/>
</bind>
</comp>

<comp id="657" class="1005" name="sext_ln708_reg_657">
<pin_list>
<pin id="658" dir="0" index="0" bw="18" slack="1"/>
<pin id="659" dir="1" index="1" bw="18" slack="1"/>
</pin_list>
<bind>
<opset="sext_ln708 "/>
</bind>
</comp>

<comp id="662" class="1005" name="sext_ln708_1_reg_662">
<pin_list>
<pin id="663" dir="0" index="0" bw="18" slack="1"/>
<pin id="664" dir="1" index="1" bw="18" slack="1"/>
</pin_list>
<bind>
<opset="sext_ln708_1 "/>
</bind>
</comp>

<comp id="667" class="1005" name="add_ln42_reg_667">
<pin_list>
<pin id="668" dir="0" index="0" bw="2" slack="0"/>
<pin id="669" dir="1" index="1" bw="2" slack="0"/>
</pin_list>
<bind>
<opset="add_ln42 "/>
</bind>
</comp>

<comp id="675" class="1005" name="randomVector_V_1_reg_675">
<pin_list>
<pin id="676" dir="0" index="0" bw="18" slack="0"/>
<pin id="677" dir="1" index="1" bw="18" slack="0"/>
</pin_list>
<bind>
<opset="randomVector_V_1 "/>
</bind>
</comp>

<comp id="680" class="1005" name="randomVector_V_1_1_reg_680">
<pin_list>
<pin id="681" dir="0" index="0" bw="18" slack="0"/>
<pin id="682" dir="1" index="1" bw="18" slack="0"/>
</pin_list>
<bind>
<opset="randomVector_V_1_1 "/>
</bind>
</comp>

<comp id="685" class="1005" name="add_ln44_reg_685">
<pin_list>
<pin id="686" dir="0" index="0" bw="2" slack="0"/>
<pin id="687" dir="1" index="1" bw="2" slack="0"/>
</pin_list>
<bind>
<opset="add_ln44 "/>
</bind>
</comp>

<comp id="690" class="1005" name="tmp_3_cast_reg_690">
<pin_list>
<pin id="691" dir="0" index="0" bw="3" slack="1"/>
<pin id="692" dir="1" index="1" bw="3" slack="1"/>
</pin_list>
<bind>
<opset="tmp_3_cast "/>
</bind>
</comp>

<comp id="698" class="1005" name="r_V_3_reg_698">
<pin_list>
<pin id="699" dir="0" index="0" bw="26" slack="3"/>
<pin id="700" dir="1" index="1" bw="26" slack="3"/>
</pin_list>
<bind>
<opset="r_V_3 "/>
</bind>
</comp>

<comp id="703" class="1005" name="lhs_reg_703">
<pin_list>
<pin id="704" dir="0" index="0" bw="26" slack="4"/>
<pin id="705" dir="1" index="1" bw="26" slack="4"/>
</pin_list>
<bind>
<opset="lhs "/>
</bind>
</comp>

<comp id="708" class="1005" name="add_ln45_reg_708">
<pin_list>
<pin id="709" dir="0" index="0" bw="3" slack="0"/>
<pin id="710" dir="1" index="1" bw="3" slack="0"/>
</pin_list>
<bind>
<opset="add_ln45 "/>
</bind>
</comp>

<comp id="713" class="1005" name="pollMatrix_addr_reg_713">
<pin_list>
<pin id="714" dir="0" index="0" bw="3" slack="3"/>
<pin id="715" dir="1" index="1" bw="3" slack="3"/>
</pin_list>
<bind>
<opset="pollMatrix_addr "/>
</bind>
</comp>

<comp id="718" class="1005" name="directions_addr_reg_718">
<pin_list>
<pin id="719" dir="0" index="0" bw="3" slack="1"/>
<pin id="720" dir="1" index="1" bw="3" slack="1"/>
</pin_list>
<bind>
<opset="directions_addr "/>
</bind>
</comp>

<comp id="726" class="1005" name="tmp_3_reg_726">
<pin_list>
<pin id="727" dir="0" index="0" bw="12" slack="1"/>
<pin id="728" dir="1" index="1" bw="12" slack="1"/>
</pin_list>
<bind>
<opset="tmp_3 "/>
</bind>
</comp>

<comp id="731" class="1005" name="r_V_4_reg_731">
<pin_list>
<pin id="732" dir="0" index="0" bw="26" slack="1"/>
<pin id="733" dir="1" index="1" bw="26" slack="1"/>
</pin_list>
<bind>
<opset="r_V_4 "/>
</bind>
</comp>

</comp_list>

<net_list>
<net id="91"><net_src comp="20" pin="0"/><net_sink comp="88" pin=0"/></net>

<net id="96"><net_src comp="18" pin="0"/><net_sink comp="92" pin=0"/></net>

<net id="97"><net_src comp="6" pin="0"/><net_sink comp="92" pin=1"/></net>

<net id="102"><net_src comp="18" pin="0"/><net_sink comp="98" pin=0"/></net>

<net id="103"><net_src comp="4" pin="0"/><net_sink comp="98" pin=1"/></net>

<net id="108"><net_src comp="18" pin="0"/><net_sink comp="104" pin=0"/></net>

<net id="109"><net_src comp="2" pin="0"/><net_sink comp="104" pin=1"/></net>

<net id="114"><net_src comp="18" pin="0"/><net_sink comp="110" pin=0"/></net>

<net id="115"><net_src comp="0" pin="0"/><net_sink comp="110" pin=1"/></net>

<net id="121"><net_src comp="8" pin="0"/><net_sink comp="116" pin=0"/></net>

<net id="122"><net_src comp="74" pin="0"/><net_sink comp="116" pin=1"/></net>

<net id="128"><net_src comp="74" pin="0"/><net_sink comp="123" pin=1"/></net>

<net id="134"><net_src comp="123" pin="3"/><net_sink comp="129" pin=0"/></net>

<net id="143"><net_src comp="22" pin="0"/><net_sink comp="140" pin=0"/></net>

<net id="150"><net_src comp="140" pin="1"/><net_sink comp="144" pin=0"/></net>

<net id="151"><net_src comp="144" pin="4"/><net_sink comp="140" pin=0"/></net>

<net id="155"><net_src comp="22" pin="0"/><net_sink comp="152" pin=0"/></net>

<net id="162"><net_src comp="152" pin="1"/><net_sink comp="156" pin=0"/></net>

<net id="163"><net_src comp="156" pin="4"/><net_sink comp="152" pin=0"/></net>

<net id="167"><net_src comp="24" pin="0"/><net_sink comp="164" pin=0"/></net>

<net id="174"><net_src comp="164" pin="1"/><net_sink comp="168" pin=0"/></net>

<net id="175"><net_src comp="168" pin="4"/><net_sink comp="164" pin=0"/></net>

<net id="179"><net_src comp="24" pin="0"/><net_sink comp="176" pin=0"/></net>

<net id="186"><net_src comp="176" pin="1"/><net_sink comp="180" pin=0"/></net>

<net id="187"><net_src comp="180" pin="4"/><net_sink comp="176" pin=0"/></net>

<net id="191"><net_src comp="26" pin="0"/><net_sink comp="188" pin=0"/></net>

<net id="198"><net_src comp="188" pin="1"/><net_sink comp="192" pin=0"/></net>

<net id="202"><net_src comp="24" pin="0"/><net_sink comp="199" pin=0"/></net>

<net id="209"><net_src comp="199" pin="1"/><net_sink comp="203" pin=0"/></net>

<net id="210"><net_src comp="203" pin="4"/><net_sink comp="199" pin=0"/></net>

<net id="214"><net_src comp="24" pin="0"/><net_sink comp="211" pin=0"/></net>

<net id="221"><net_src comp="211" pin="1"/><net_sink comp="215" pin=0"/></net>

<net id="222"><net_src comp="215" pin="4"/><net_sink comp="211" pin=0"/></net>

<net id="226"><net_src comp="26" pin="0"/><net_sink comp="223" pin=0"/></net>

<net id="233"><net_src comp="223" pin="1"/><net_sink comp="227" pin=0"/></net>

<net id="237"><net_src comp="26" pin="0"/><net_sink comp="234" pin=0"/></net>

<net id="244"><net_src comp="234" pin="1"/><net_sink comp="238" pin=2"/></net>

<net id="248"><net_src comp="70" pin="0"/><net_sink comp="245" pin=0"/></net>

<net id="255"><net_src comp="245" pin="1"/><net_sink comp="249" pin=0"/></net>

<net id="266"><net_src comp="60" pin="0"/><net_sink comp="256" pin=0"/></net>

<net id="267"><net_src comp="203" pin="4"/><net_sink comp="256" pin=1"/></net>

<net id="268"><net_src comp="215" pin="4"/><net_sink comp="256" pin=2"/></net>

<net id="272"><net_src comp="10" pin="0"/><net_sink comp="269" pin=0"/></net>

<net id="276"><net_src comp="12" pin="0"/><net_sink comp="273" pin=0"/></net>

<net id="281"><net_src comp="192" pin="4"/><net_sink comp="277" pin=0"/></net>

<net id="282"><net_src comp="28" pin="0"/><net_sink comp="277" pin=1"/></net>

<net id="287"><net_src comp="192" pin="4"/><net_sink comp="283" pin=0"/></net>

<net id="288"><net_src comp="30" pin="0"/><net_sink comp="283" pin=1"/></net>

<net id="292"><net_src comp="192" pin="4"/><net_sink comp="289" pin=0"/></net>

<net id="298"><net_src comp="289" pin="1"/><net_sink comp="293" pin=0"/></net>

<net id="299"><net_src comp="168" pin="4"/><net_sink comp="293" pin=2"/></net>

<net id="305"><net_src comp="289" pin="1"/><net_sink comp="300" pin=0"/></net>

<net id="306"><net_src comp="180" pin="4"/><net_sink comp="300" pin=1"/></net>

<net id="312"><net_src comp="289" pin="1"/><net_sink comp="307" pin=0"/></net>

<net id="316"><net_src comp="307" pin="3"/><net_sink comp="313" pin=0"/></net>

<net id="321"><net_src comp="36" pin="0"/><net_sink comp="317" pin=0"/></net>

<net id="322"><net_src comp="313" pin="1"/><net_sink comp="317" pin=1"/></net>

<net id="326"><net_src comp="14" pin="0"/><net_sink comp="323" pin=0"/></net>

<net id="330"><net_src comp="16" pin="0"/><net_sink comp="327" pin=0"/></net>

<net id="336"><net_src comp="44" pin="0"/><net_sink comp="331" pin=0"/></net>

<net id="337"><net_src comp="46" pin="0"/><net_sink comp="331" pin=2"/></net>

<net id="345"><net_src comp="48" pin="0"/><net_sink comp="341" pin=0"/></net>

<net id="346"><net_src comp="338" pin="1"/><net_sink comp="341" pin=1"/></net>

<net id="353"><net_src comp="347" pin="1"/><net_sink comp="350" pin=0"/></net>

<net id="358"><net_src comp="48" pin="0"/><net_sink comp="354" pin=0"/></net>

<net id="359"><net_src comp="350" pin="1"/><net_sink comp="354" pin=1"/></net>

<net id="365"><net_src comp="331" pin="3"/><net_sink comp="360" pin=0"/></net>

<net id="366"><net_src comp="341" pin="2"/><net_sink comp="360" pin=1"/></net>

<net id="367"><net_src comp="354" pin="2"/><net_sink comp="360" pin=2"/></net>

<net id="373"><net_src comp="360" pin="3"/><net_sink comp="368" pin=1"/></net>

<net id="374"><net_src comp="140" pin="1"/><net_sink comp="368" pin=2"/></net>

<net id="380"><net_src comp="152" pin="1"/><net_sink comp="375" pin=1"/></net>

<net id="381"><net_src comp="360" pin="3"/><net_sink comp="375" pin=2"/></net>

<net id="386"><net_src comp="14" pin="0"/><net_sink comp="382" pin=1"/></net>

<net id="393"><net_src comp="50" pin="0"/><net_sink comp="387" pin=0"/></net>

<net id="394"><net_src comp="52" pin="0"/><net_sink comp="387" pin=2"/></net>

<net id="395"><net_src comp="54" pin="0"/><net_sink comp="387" pin=3"/></net>

<net id="400"><net_src comp="387" pin="4"/><net_sink comp="396" pin=0"/></net>

<net id="401"><net_src comp="56" pin="0"/><net_sink comp="396" pin=1"/></net>

<net id="405"><net_src comp="396" pin="2"/><net_sink comp="402" pin=0"/></net>

<net id="410"><net_src comp="16" pin="0"/><net_sink comp="406" pin=1"/></net>

<net id="417"><net_src comp="50" pin="0"/><net_sink comp="411" pin=0"/></net>

<net id="418"><net_src comp="52" pin="0"/><net_sink comp="411" pin=2"/></net>

<net id="419"><net_src comp="54" pin="0"/><net_sink comp="411" pin=3"/></net>

<net id="424"><net_src comp="411" pin="4"/><net_sink comp="420" pin=0"/></net>

<net id="425"><net_src comp="56" pin="0"/><net_sink comp="420" pin=1"/></net>

<net id="429"><net_src comp="420" pin="2"/><net_sink comp="426" pin=0"/></net>

<net id="434"><net_src comp="227" pin="4"/><net_sink comp="430" pin=0"/></net>

<net id="435"><net_src comp="28" pin="0"/><net_sink comp="430" pin=1"/></net>

<net id="440"><net_src comp="227" pin="4"/><net_sink comp="436" pin=0"/></net>

<net id="441"><net_src comp="30" pin="0"/><net_sink comp="436" pin=1"/></net>

<net id="445"><net_src comp="227" pin="4"/><net_sink comp="442" pin=0"/></net>

<net id="451"><net_src comp="442" pin="1"/><net_sink comp="446" pin=0"/></net>

<net id="452"><net_src comp="203" pin="4"/><net_sink comp="446" pin=1"/></net>

<net id="458"><net_src comp="442" pin="1"/><net_sink comp="453" pin=0"/></net>

<net id="459"><net_src comp="215" pin="4"/><net_sink comp="453" pin=2"/></net>

<net id="464"><net_src comp="238" pin="4"/><net_sink comp="460" pin=0"/></net>

<net id="465"><net_src comp="28" pin="0"/><net_sink comp="460" pin=1"/></net>

<net id="469"><net_src comp="238" pin="4"/><net_sink comp="466" pin=0"/></net>

<net id="475"><net_src comp="62" pin="0"/><net_sink comp="470" pin=0"/></net>

<net id="476"><net_src comp="466" pin="1"/><net_sink comp="470" pin=1"/></net>

<net id="477"><net_src comp="26" pin="0"/><net_sink comp="470" pin=2"/></net>

<net id="482"><net_src comp="238" pin="4"/><net_sink comp="478" pin=0"/></net>

<net id="483"><net_src comp="30" pin="0"/><net_sink comp="478" pin=1"/></net>

<net id="487"><net_src comp="140" pin="1"/><net_sink comp="484" pin=0"/></net>

<net id="491"><net_src comp="152" pin="1"/><net_sink comp="488" pin=0"/></net>

<net id="497"><net_src comp="466" pin="1"/><net_sink comp="492" pin=0"/></net>

<net id="498"><net_src comp="484" pin="1"/><net_sink comp="492" pin=1"/></net>

<net id="499"><net_src comp="488" pin="1"/><net_sink comp="492" pin=2"/></net>

<net id="505"><net_src comp="466" pin="1"/><net_sink comp="500" pin=0"/></net>

<net id="506"><net_src comp="164" pin="1"/><net_sink comp="500" pin=1"/></net>

<net id="507"><net_src comp="176" pin="1"/><net_sink comp="500" pin=2"/></net>

<net id="513"><net_src comp="66" pin="0"/><net_sink comp="508" pin=0"/></net>

<net id="514"><net_src comp="500" pin="3"/><net_sink comp="508" pin=1"/></net>

<net id="515"><net_src comp="68" pin="0"/><net_sink comp="508" pin=2"/></net>

<net id="520"><net_src comp="249" pin="4"/><net_sink comp="516" pin=0"/></net>

<net id="521"><net_src comp="72" pin="0"/><net_sink comp="516" pin=1"/></net>

<net id="526"><net_src comp="249" pin="4"/><net_sink comp="522" pin=1"/></net>

<net id="530"><net_src comp="522" pin="2"/><net_sink comp="527" pin=0"/></net>

<net id="531"><net_src comp="527" pin="1"/><net_sink comp="116" pin=2"/></net>

<net id="532"><net_src comp="527" pin="1"/><net_sink comp="123" pin=2"/></net>

<net id="537"><net_src comp="249" pin="4"/><net_sink comp="533" pin=0"/></net>

<net id="538"><net_src comp="76" pin="0"/><net_sink comp="533" pin=1"/></net>

<net id="546"><net_src comp="539" pin="1"/><net_sink comp="542" pin=1"/></net>

<net id="557"><net_src comp="82" pin="0"/><net_sink comp="551" pin=0"/></net>

<net id="558"><net_src comp="547" pin="2"/><net_sink comp="551" pin=1"/></net>

<net id="559"><net_src comp="84" pin="0"/><net_sink comp="551" pin=2"/></net>

<net id="560"><net_src comp="86" pin="0"/><net_sink comp="551" pin=3"/></net>

<net id="561"><net_src comp="551" pin="4"/><net_sink comp="135" pin=1"/></net>

<net id="566"><net_src comp="323" pin="1"/><net_sink comp="562" pin=0"/></net>

<net id="567"><net_src comp="38" pin="0"/><net_sink comp="562" pin=1"/></net>

<net id="568"><net_src comp="562" pin="2"/><net_sink comp="382" pin=0"/></net>

<net id="569"><net_src comp="562" pin="2"/><net_sink comp="387" pin=1"/></net>

<net id="574"><net_src comp="327" pin="1"/><net_sink comp="570" pin=0"/></net>

<net id="575"><net_src comp="38" pin="0"/><net_sink comp="570" pin=1"/></net>

<net id="576"><net_src comp="570" pin="2"/><net_sink comp="406" pin=0"/></net>

<net id="577"><net_src comp="570" pin="2"/><net_sink comp="411" pin=1"/></net>

<net id="581"><net_src comp="92" pin="2"/><net_sink comp="578" pin=0"/></net>

<net id="582"><net_src comp="578" pin="1"/><net_sink comp="307" pin=1"/></net>

<net id="583"><net_src comp="578" pin="1"/><net_sink comp="256" pin=6"/></net>

<net id="587"><net_src comp="98" pin="2"/><net_sink comp="584" pin=0"/></net>

<net id="588"><net_src comp="584" pin="1"/><net_sink comp="307" pin=2"/></net>

<net id="589"><net_src comp="584" pin="1"/><net_sink comp="256" pin=5"/></net>

<net id="593"><net_src comp="104" pin="2"/><net_sink comp="590" pin=0"/></net>

<net id="594"><net_src comp="590" pin="1"/><net_sink comp="256" pin=4"/></net>

<net id="598"><net_src comp="110" pin="2"/><net_sink comp="595" pin=0"/></net>

<net id="599"><net_src comp="595" pin="1"/><net_sink comp="256" pin=3"/></net>

<net id="609"><net_src comp="277" pin="2"/><net_sink comp="606" pin=0"/></net>

<net id="610"><net_src comp="606" pin="1"/><net_sink comp="192" pin=2"/></net>

<net id="617"><net_src comp="289" pin="1"/><net_sink comp="614" pin=0"/></net>

<net id="618"><net_src comp="614" pin="1"/><net_sink comp="368" pin=0"/></net>

<net id="619"><net_src comp="614" pin="1"/><net_sink comp="375" pin=0"/></net>

<net id="623"><net_src comp="293" pin="3"/><net_sink comp="620" pin=0"/></net>

<net id="624"><net_src comp="620" pin="1"/><net_sink comp="168" pin=2"/></net>

<net id="628"><net_src comp="300" pin="3"/><net_sink comp="625" pin=0"/></net>

<net id="629"><net_src comp="625" pin="1"/><net_sink comp="180" pin=2"/></net>

<net id="633"><net_src comp="307" pin="3"/><net_sink comp="630" pin=0"/></net>

<net id="634"><net_src comp="630" pin="1"/><net_sink comp="331" pin=1"/></net>

<net id="635"><net_src comp="630" pin="1"/><net_sink comp="347" pin=0"/></net>

<net id="639"><net_src comp="317" pin="2"/><net_sink comp="636" pin=0"/></net>

<net id="640"><net_src comp="636" pin="1"/><net_sink comp="338" pin=0"/></net>

<net id="650"><net_src comp="368" pin="3"/><net_sink comp="647" pin=0"/></net>

<net id="651"><net_src comp="647" pin="1"/><net_sink comp="144" pin=2"/></net>

<net id="655"><net_src comp="375" pin="3"/><net_sink comp="652" pin=0"/></net>

<net id="656"><net_src comp="652" pin="1"/><net_sink comp="156" pin=2"/></net>

<net id="660"><net_src comp="402" pin="1"/><net_sink comp="657" pin=0"/></net>

<net id="661"><net_src comp="657" pin="1"/><net_sink comp="446" pin=2"/></net>

<net id="665"><net_src comp="426" pin="1"/><net_sink comp="662" pin=0"/></net>

<net id="666"><net_src comp="662" pin="1"/><net_sink comp="453" pin=1"/></net>

<net id="670"><net_src comp="430" pin="2"/><net_sink comp="667" pin=0"/></net>

<net id="671"><net_src comp="667" pin="1"/><net_sink comp="227" pin=2"/></net>

<net id="678"><net_src comp="446" pin="3"/><net_sink comp="675" pin=0"/></net>

<net id="679"><net_src comp="675" pin="1"/><net_sink comp="203" pin=2"/></net>

<net id="683"><net_src comp="453" pin="3"/><net_sink comp="680" pin=0"/></net>

<net id="684"><net_src comp="680" pin="1"/><net_sink comp="215" pin=2"/></net>

<net id="688"><net_src comp="460" pin="2"/><net_sink comp="685" pin=0"/></net>

<net id="689"><net_src comp="685" pin="1"/><net_sink comp="238" pin=0"/></net>

<net id="693"><net_src comp="470" pin="3"/><net_sink comp="690" pin=0"/></net>

<net id="694"><net_src comp="690" pin="1"/><net_sink comp="522" pin=0"/></net>

<net id="701"><net_src comp="492" pin="3"/><net_sink comp="698" pin=0"/></net>

<net id="702"><net_src comp="698" pin="1"/><net_sink comp="542" pin=0"/></net>

<net id="706"><net_src comp="508" pin="3"/><net_sink comp="703" pin=0"/></net>

<net id="707"><net_src comp="703" pin="1"/><net_sink comp="547" pin=0"/></net>

<net id="711"><net_src comp="516" pin="2"/><net_sink comp="708" pin=0"/></net>

<net id="712"><net_src comp="708" pin="1"/><net_sink comp="249" pin=2"/></net>

<net id="716"><net_src comp="116" pin="3"/><net_sink comp="713" pin=0"/></net>

<net id="717"><net_src comp="713" pin="1"/><net_sink comp="135" pin=0"/></net>

<net id="721"><net_src comp="123" pin="3"/><net_sink comp="718" pin=0"/></net>

<net id="722"><net_src comp="718" pin="1"/><net_sink comp="129" pin=0"/></net>

<net id="729"><net_src comp="129" pin="3"/><net_sink comp="726" pin=0"/></net>

<net id="730"><net_src comp="726" pin="1"/><net_sink comp="539" pin=0"/></net>

<net id="734"><net_src comp="542" pin="2"/><net_sink comp="731" pin=0"/></net>

<net id="735"><net_src comp="731" pin="1"/><net_sink comp="547" pin=1"/></net>

</net_list>

</model> 
---------------- Datapath Model END ------------------

* FSMD analyzer results:
  - Output states:
	Port: pollMatrix | {13 }
	Port: R1_V | {6 }
	Port: R2_V | {6 }
 - Input state : 
	Port: generatePollMatrix : p_read | {1 }
	Port: generatePollMatrix : p_read1 | {1 }
	Port: generatePollMatrix : p_read2 | {1 }
	Port: generatePollMatrix : p_read3 | {1 }
	Port: generatePollMatrix : optimum_V_0 | {1 }
	Port: generatePollMatrix : optimum_V_1 | {1 }
	Port: generatePollMatrix : R1_V | {2 }
	Port: generatePollMatrix : R2_V | {2 }
  - Chain level:
	State 1
	State 2
		add_ln19 : 1
		icmp_ln19 : 1
		br_ln19 : 2
		trunc_ln20 : 1
		currentPoint_int_V_1 : 2
		currentPoint_int_V_1_1 : 2
		rhs : 2
		sext_ln215 : 3
		ret : 4
		ret_3 : 1
		ret_4 : 1
	State 3
		r_V : 1
		sh_prom_i_i_i_cast_cast_cast_cast : 1
		r_V_1 : 2
		r_V_5 : 3
		mesh_V_1_1 : 4
		mesh_V_1_2 : 4
	State 4
	State 5
	State 6
		store_ln26 : 1
		trunc_ln708_1 : 1
		v_V_0 : 2
		sext_ln708 : 2
		store_ln31 : 1
		trunc_ln708_2 : 1
		v_V_1 : 2
		sext_ln708_1 : 2
	State 7
		add_ln42 : 1
		icmp_ln42 : 1
		br_ln42 : 2
		trunc_ln43 : 1
		randomVector_V_1 : 2
		randomVector_V_1_1 : 2
		call_ln41 : 1
	State 8
	State 9
		add_ln44 : 1
		trunc_ln46 : 1
		tmp_3_cast : 2
		icmp_ln44 : 1
		br_ln44 : 2
		r_V_3 : 2
		empty_55 : 2
		lhs : 3
	State 10
		add_ln45 : 1
		add_ln46 : 1
		zext_ln46 : 2
		pollMatrix_addr : 3
		directions_addr : 3
		icmp_ln45 : 1
		br_ln45 : 2
		tmp_3 : 4
	State 11
	State 12
		r_V_4 : 1
	State 13
		trunc_ln2 : 1
		store_ln46 : 2


============================================================
+ Verbose Summary: Datapath Resource usage 
============================================================

* Functional unit list:
|----------|------------------------------------------|---------|---------|---------|---------|
| Operation|              Functional Unit             |   DSP   |  Delay  |    FF   |   LUT   |
|----------|------------------------------------------|---------|---------|---------|---------|
|   call   |     grp_generatePollDirections_fu_256    |    2    |  9.528  |   1096  |   1995  |
|----------|------------------------------------------|---------|---------|---------|---------|
|          |        currentPoint_int_V_1_fu_293       |    0    |    0    |    0    |    18   |
|          |       currentPoint_int_V_1_1_fu_300      |    0    |    0    |    0    |    18   |
|          |                rhs_fu_307                |    0    |    0    |    0    |    6    |
|          |               r_V_5_fu_360               |    0    |    0    |    0    |    36   |
|  select  |             mesh_V_1_1_fu_368            |    0    |    0    |    0    |    36   |
|          |             mesh_V_1_2_fu_375            |    0    |    0    |    0    |    36   |
|          |          randomVector_V_1_fu_446         |    0    |    0    |    0    |    18   |
|          |         randomVector_V_1_1_fu_453        |    0    |    0    |    0    |    18   |
|          |               r_V_3_fu_492               |    0    |    0    |    0    |    26   |
|          |              empty_55_fu_500             |    0    |    0    |    0    |    18   |
|----------|------------------------------------------|---------|---------|---------|---------|
|    shl   |               r_V_1_fu_354               |    0    |    0    |    0    |   100   |
|----------|------------------------------------------|---------|---------|---------|---------|
|          |              add_ln19_fu_277             |    0    |    0    |    0    |    10   |
|          |              add_ln42_fu_430             |    0    |    0    |    0    |    10   |
|    add   |              add_ln44_fu_460             |    0    |    0    |    0    |    10   |
|          |              add_ln45_fu_516             |    0    |    0    |    0    |    11   |
|          |              add_ln46_fu_522             |    0    |    0    |    0    |    11   |
|          |               ret_V_fu_547               |    0    |    0    |    0    |    33   |
|----------|------------------------------------------|---------|---------|---------|---------|
|   lshr   |                r_V_fu_341                |    0    |    0    |    0    |    75   |
|----------|------------------------------------------|---------|---------|---------|---------|
|          |               r_V_4_fu_542               |    1    |    0    |    0    |    43   |
|    mul   |                grp_fu_562                |    1    |    0    |    0    |    0    |
|          |                grp_fu_570                |    1    |    0    |    0    |    0    |
|----------|------------------------------------------|---------|---------|---------|---------|
|          |             icmp_ln19_fu_283             |    0    |    0    |    0    |    8    |
|   icmp   |             icmp_ln42_fu_436             |    0    |    0    |    0    |    8    |
|          |             icmp_ln44_fu_478             |    0    |    0    |    0    |    8    |
|          |             icmp_ln45_fu_533             |    0    |    0    |    0    |    8    |
|----------|------------------------------------------|---------|---------|---------|---------|
|    xor   |               v_V_0_fu_396               |    0    |    0    |    0    |    16   |
|          |               v_V_1_fu_420               |    0    |    0    |    0    |    16   |
|----------|------------------------------------------|---------|---------|---------|---------|
|    sub   |                ret_fu_317                |    0    |    0    |    0    |    14   |
|----------|------------------------------------------|---------|---------|---------|---------|
|          |            p_read_1_read_fu_92           |    0    |    0    |    0    |    0    |
|   read   |            p_read_2_read_fu_98           |    0    |    0    |    0    |    0    |
|          |           p_read_3_read_fu_104           |    0    |    0    |    0    |    0    |
|          |           p_read_4_read_fu_110           |    0    |    0    |    0    |    0    |
|----------|------------------------------------------|---------|---------|---------|---------|
|          |             trunc_ln20_fu_289            |    0    |    0    |    0    |    0    |
|          |             trunc_ln43_fu_442            |    0    |    0    |    0    |    0    |
|   trunc  |             trunc_ln46_fu_466            |    0    |    0    |    0    |    0    |
|          |              empty_53_fu_484             |    0    |    0    |    0    |    0    |
|          |              empty_54_fu_488             |    0    |    0    |    0    |    0    |
|----------|------------------------------------------|---------|---------|---------|---------|
|          |             sext_ln215_fu_313            |    0    |    0    |    0    |    0    |
|          |    sh_prom_i_i_i_cast_cast_cast_fu_347   |    0    |    0    |    0    |    0    |
|   sext   |             sext_ln708_fu_402            |    0    |    0    |    0    |    0    |
|          |            sext_ln708_1_fu_426           |    0    |    0    |    0    |    0    |
|          |            sext_ln1118_fu_539            |    0    |    0    |    0    |    0    |
|----------|------------------------------------------|---------|---------|---------|---------|
| bitselect|               tmp_2_fu_331               |    0    |    0    |    0    |    0    |
|----------|------------------------------------------|---------|---------|---------|---------|
|          |          sh_prom_i_i_i54_fu_338          |    0    |    0    |    0    |    0    |
|   zext   | sh_prom_i_i_i_cast_cast_cast_cast_fu_350 |    0    |    0    |    0    |    0    |
|          |             zext_ln46_fu_527             |    0    |    0    |    0    |    0    |
|----------|------------------------------------------|---------|---------|---------|---------|
|          |           trunc_ln708_1_fu_387           |    0    |    0    |    0    |    0    |
|partselect|           trunc_ln708_2_fu_411           |    0    |    0    |    0    |    0    |
|          |             trunc_ln2_fu_551             |    0    |    0    |    0    |    0    |
|----------|------------------------------------------|---------|---------|---------|---------|
|bitconcatenate|             tmp_3_cast_fu_470            |    0    |    0    |    0    |    0    |
|          |                lhs_fu_508                |    0    |    0    |    0    |    0    |
|----------|------------------------------------------|---------|---------|---------|---------|
|   Total  |                                          |    5    |  9.528  |   1096  |   2606  |
|----------|------------------------------------------|---------|---------|---------|---------|

Memories:
+----------+--------+--------+--------+
|          |  BRAM  |   FF   |   LUT  |
+----------+--------+--------+--------+
|directions|    0   |   24   |    2   |
+----------+--------+--------+--------+
|   Total  |    0   |   24   |    2   |
+----------+--------+--------+--------+

* Register list:
+-------------------------------+--------+
|                               |   FF   |
+-------------------------------+--------+
|        add_ln19_reg_606       |    2   |
|        add_ln42_reg_667       |    2   |
|        add_ln44_reg_685       |    2   |
|        add_ln45_reg_708       |    3   |
|currentPoint_int_V_0_06_reg_176|   18   |
|currentPoint_int_V_1_07_reg_164|   18   |
| currentPoint_int_V_1_1_reg_625|   18   |
|  currentPoint_int_V_1_reg_620 |   18   |
|    directions_addr_reg_718    |    3   |
|          i_1_reg_223          |    2   |
|          i_2_reg_234          |    2   |
|           i_reg_188           |    2   |
|           j_reg_245           |    3   |
|          lhs_reg_703          |   26   |
|      mesh_V_0_08_reg_152      |   36   |
|      mesh_V_1_09_reg_140      |   36   |
|       mesh_V_1_1_reg_647      |   36   |
|       mesh_V_1_2_reg_652      |   36   |
|        p_read_1_reg_578       |    6   |
|        p_read_2_reg_584       |    6   |
|        p_read_3_reg_590       |    6   |
|        p_read_4_reg_595       |    6   |
|    pollMatrix_addr_reg_713    |    3   |
|         r_V_3_reg_698         |   26   |
|         r_V_4_reg_731         |   26   |
|  randomVector_V_0_05_reg_199  |   18   |
|  randomVector_V_1_04_reg_211  |   18   |
|   randomVector_V_1_1_reg_680  |   18   |
|    randomVector_V_1_reg_675   |   18   |
|          ret_reg_636          |    7   |
|          rhs_reg_630          |    6   |
|      sext_ln708_1_reg_662     |   18   |
|       sext_ln708_reg_657      |   18   |
|       tmp_3_cast_reg_690      |    3   |
|         tmp_3_reg_726         |   12   |
|       trunc_ln20_reg_614      |    1   |
+-------------------------------+--------+
|             Total             |   479  |
+-------------------------------+--------+

* Multiplexer (MUX) list: 
|---------------------------------|------|------|------|--------||---------||---------|
|               Comp              |  Pin | Size |  BW  | S x BW ||  Delay  ||   LUT   |
|---------------------------------|------|------|------|--------||---------||---------|
|        grp_access_fu_129        |  p0  |   2  |   3  |    6   ||    9    |
|       mesh_V_1_09_reg_140       |  p0  |   2  |  36  |   72   ||    9    |
|       mesh_V_0_08_reg_152       |  p0  |   2  |  36  |   72   ||    9    |
| currentPoint_int_V_1_07_reg_164 |  p0  |   2  |  18  |   36   ||    9    |
| currentPoint_int_V_0_06_reg_176 |  p0  |   2  |  18  |   36   ||    9    |
|   randomVector_V_0_05_reg_199   |  p0  |   2  |  18  |   36   ||    9    |
|   randomVector_V_1_04_reg_211   |  p0  |   2  |  18  |   36   ||    9    |
|---------------------------------|------|------|------|--------||---------||---------|
|              Total              |      |      |      |   294  ||  11.116 ||    63   |
|---------------------------------|------|------|------|--------||---------||---------|



* Summary:
+-----------+--------+--------+--------+--------+--------+
|           |  BRAM  |   DSP  |  Delay |   FF   |   LUT  |
+-----------+--------+--------+--------+--------+--------+
|  Function |    -   |    5   |    9   |  1096  |  2606  |
|   Memory  |    0   |    -   |    -   |   24   |    2   |
|Multiplexer|    -   |    -   |   11   |    -   |   63   |
|  Register |    -   |    -   |    -   |   479  |    -   |
+-----------+--------+--------+--------+--------+--------+
|   Total   |    0   |    5   |   20   |  1599  |  2671  |
+-----------+--------+--------+--------+--------+--------+
