

================================================================
== Vitis HLS Report for 'generatePollDirections'
================================================================
* Date:           Wed Oct 19 10:42:31 2022

* Version:        2020.2 (Build 3064766 on Wed Nov 18 09:12:45 MST 2020)
* Project:        MPCwithMADS_fxd
* Solution:       solution1 (Vivado IP Flow Target)
* Product family: zynq
* Target device:  xc7z020-clg484-1


================================================================
== Performance Estimates
================================================================
+ Timing: 
    * Summary: 
    +--------+----------+----------+------------+
    |  Clock |  Target  | Estimated| Uncertainty|
    +--------+----------+----------+------------+
    |ap_clk  |  10.00 ns|  7.195 ns|     2.70 ns|
    +--------+----------+----------+------------+

+ Latency: 
    * Summary: 
    +---------+---------+----------+----------+-----+-----+---------+
    |  Latency (cycles) |  Latency (absolute) |  Interval | Pipeline|
    |   min   |   max   |    min   |    max   | min | max |   Type  |
    +---------+---------+----------+----------+-----+-----+---------+
    |       68|       68|  0.680 us|  0.680 us|   68|   68|     none|
    +---------+---------+----------+----------+-----+-----+---------+

    + Detail: 
        * Instance: 
        +--------------------------------+---------------------+---------+---------+-----------+-----------+-----+-----+---------+
        |                                |                     |  Latency (cycles) |   Latency (absolute)  |  Interval | Pipeline|
        |            Instance            |        Module       |   min   |   max   |    min    |    max    | min | max |   Type  |
        +--------------------------------+---------------------+---------+---------+-----------+-----------+-----+-----+---------+
        |grp_round_fixed_54_15_s_fu_318  |round_fixed_54_15_s  |        1|        1|  10.000 ns|  10.000 ns|    1|    1|      yes|
        +--------------------------------+---------------------+---------+---------+-----------+-----------+-----+-----+---------+

        * Loop: 
        +--------------------+---------+---------+----------+-----------+-----------+------+----------+
        |                    |  Latency (cycles) | Iteration|  Initiation Interval  | Trip |          |
        |      Loop Name     |   min   |   max   |  Latency |  achieved |   target  | Count| Pipelined|
        +--------------------+---------+---------+----------+-----------+-----------+------+----------+
        |- VITIS_LOOP_18_1   |        4|        4|         2|          -|          -|     2|        no|
        |- VITIS_LOOP_62_1   |       24|       24|        12|          -|          -|     2|        no|
        | + VITIS_LOOP_63_2  |       10|       10|         5|          -|          -|     2|        no|
        |- VITIS_LOOP_34_2   |       28|       28|        14|          -|          -|     2|        no|
        | + VITIS_LOOP_35_3  |       12|       12|         6|          -|          -|     2|        no|
        |- VITIS_LOOP_45_4   |        8|        8|         4|          -|          -|     2|        no|
        | + VITIS_LOOP_46_5  |        2|        2|         1|          -|          -|     2|        no|
        +--------------------+---------+---------+----------+-----------+-----------+------+----------+



================================================================
== Utilization Estimates
================================================================
* Summary: 
+-----------------+---------+-----+--------+-------+-----+
|       Name      | BRAM_18K| DSP |   FF   |  LUT  | URAM|
+-----------------+---------+-----+--------+-------+-----+
|DSP              |        -|    1|       -|      -|    -|
|Expression       |        -|    -|       0|   1602|    -|
|FIFO             |        -|    -|       -|      -|    -|
|Instance         |        -|    1|     257|    374|    -|
|Memory           |        -|    -|       -|      -|    -|
|Multiplexer      |        -|    -|       -|    201|    -|
|Register         |        -|    -|     623|      -|    -|
+-----------------+---------+-----+--------+-------+-----+
|Total            |        0|    2|     880|   2177|    0|
+-----------------+---------+-----+--------+-------+-----+
|Available        |      280|  220|  106400|  53200|    0|
+-----------------+---------+-----+--------+-------+-----+
|Utilization (%)  |        0|   ~0|      ~0|      4|    0|
+-----------------+---------+-----+--------+-------+-----+

+ Detail: 
    * Instance: 
    +--------------------------------+---------------------+---------+----+-----+-----+-----+
    |            Instance            |        Module       | BRAM_18K| DSP|  FF | LUT | URAM|
    +--------------------------------+---------------------+---------+----+-----+-----+-----+
    |mul_36ns_16s_51_2_1_U81         |mul_36ns_16s_51_2_1  |        0|   1|  202|   85|    0|
    |grp_round_fixed_54_15_s_fu_318  |round_fixed_54_15_s  |        0|   0|   55|  289|    0|
    +--------------------------------+---------------------+---------+----+-----+-----+-----+
    |Total                           |                     |        0|   1|  257|  374|    0|
    +--------------------------------+---------------------+---------+----+-----+-----+-----+

    * DSP: 
    +----------------------------+------------------------+-----------+
    |          Instance          |         Module         | Expression|
    +----------------------------+------------------------+-----------+
    |mul_mul_20s_18s_33_4_1_U82  |mul_mul_20s_18s_33_4_1  |    i0 * i1|
    +----------------------------+------------------------+-----------+

    * Memory: 
    N/A

    * FIFO: 
    N/A

    * Expression: 
    +---------------------------+----------+----+---+-----+------------+------------+
    |       Variable Name       | Operation| DSP| FF| LUT | Bitwidth P0| Bitwidth P1|
    +---------------------------+----------+----+---+-----+------------+------------+
    |H_0_0_V_fu_624_p2          |         +|   0|  0|   25|          18|          16|
    |add_ln18_fu_347_p2         |         +|   0|  0|   10|           2|           1|
    |add_ln34_fu_677_p2         |         +|   0|  0|   10|           2|           1|
    |add_ln35_fu_711_p2         |         +|   0|  0|   10|           2|           1|
    |add_ln45_fu_1154_p2        |         +|   0|  0|   10|           2|           1|
    |add_ln46_fu_1170_p2        |         +|   0|  0|   10|           2|           1|
    |add_ln62_fu_456_p2         |         +|   0|  0|   10|           2|           1|
    |add_ln63_fu_520_p2         |         +|   0|  0|   10|           2|           1|
    |frameMeshDiff_V_fu_381_p2  |         +|   0|  0|    7|           6|           1|
    |ret_V_fu_1060_p2           |         +|   0|  0|   12|          12|           1|
    |directions_d0              |         -|   0|  0|   12|           1|          12|
    |r_V_8_fu_490_p2            |         -|   0|  0|   27|           1|          20|
    |sub_ln1357_fu_399_p2       |         -|   0|  0|   14|           1|           7|
    |sub_ln69_fu_375_p2         |         -|   0|  0|    7|           6|           6|
    |sel_tmp11_fu_866_p2        |       and|   0|  0|    2|           1|           1|
    |sel_tmp31_fu_910_p2        |       and|   0|  0|    2|           1|           1|
    |sel_tmp7_fu_842_p2         |       and|   0|  0|    2|           1|           1|
    |tmp_fu_861_p2              |       and|   0|  0|    2|           1|           1|
    |icmp_ln1494_fu_766_p2      |      icmp|   0|  0|   13|          18|          15|
    |icmp_ln1495_fu_772_p2      |      icmp|   0|  0|   13|          18|          16|
    |icmp_ln18_fu_353_p2        |      icmp|   0|  0|    8|           2|           3|
    |icmp_ln34_fu_683_p2        |      icmp|   0|  0|    8|           2|           3|
    |icmp_ln35_fu_717_p2        |      icmp|   0|  0|    8|           2|           3|
    |icmp_ln45_fu_1160_p2       |      icmp|   0|  0|    8|           2|           3|
    |icmp_ln46_fu_1189_p2       |      icmp|   0|  0|    8|           2|           3|
    |icmp_ln62_fu_462_p2        |      icmp|   0|  0|    8|           2|           3|
    |icmp_ln63_fu_526_p2        |      icmp|   0|  0|    8|           2|           3|
    |icmp_ln65_fu_546_p2        |      icmp|   0|  0|    8|           2|           2|
    |icmp_ln851_fu_1047_p2      |      icmp|   0|  0|   20|          39|           1|
    |r_V_fu_423_p2              |      lshr|   0|  0|  116|          25|          36|
    |empty_64_fu_995_p2         |        or|   0|  0|    2|           1|           1|
    |or_ln1495_fu_896_p2        |        or|   0|  0|    2|           1|           1|
    |B_V_1_1_13_fu_1078_p3      |    select|   0|  0|   12|           1|          12|
    |B_V_1_1_14_fu_1085_p3      |    select|   0|  0|   12|           1|          12|
    |B_V_1_1_15_fu_1099_p3      |    select|   0|  0|   12|           1|          12|
    |B_V_1_1_5_fu_1106_p3       |    select|   0|  0|   12|           1|          12|
    |B_V_1_1_6_fu_1113_p3       |    select|   0|  0|   12|           1|          12|
    |B_V_1_1_7_fu_1120_p3       |    select|   0|  0|   12|           1|          12|
    |B_V_1_1_8_fu_1127_p3       |    select|   0|  0|   12|           1|          12|
    |B_V_1_1_fu_1092_p3         |    select|   0|  0|   12|           1|          12|
    |H_1_1_V_17_fu_561_p3       |    select|   0|  0|   18|           1|          18|
    |H_1_1_V_18_fu_568_p3       |    select|   0|  0|   18|           1|          18|
    |H_1_1_V_19_fu_582_p3       |    select|   0|  0|   18|           1|          18|
    |H_1_1_V_21_fu_630_p3       |    select|   0|  0|   18|           1|          18|
    |H_1_1_V_22_fu_637_p3       |    select|   0|  0|   18|           1|          18|
    |H_1_1_V_23_fu_644_p3       |    select|   0|  0|   18|           1|          18|
    |H_1_1_V_24_fu_651_p3       |    select|   0|  0|   18|           1|          18|
    |H_1_1_V_5_fu_589_p3        |    select|   0|  0|   18|           1|          18|
    |H_1_1_V_6_fu_596_p3        |    select|   0|  0|   18|           1|          18|
    |H_1_1_V_7_fu_603_p3        |    select|   0|  0|   18|           1|          18|
    |H_1_1_V_8_fu_610_p3        |    select|   0|  0|   18|           1|          18|
    |H_1_1_V_fu_575_p3          |    select|   0|  0|   18|           1|          18|
    |H_V_0_0_9_fu_963_p3        |    select|   0|  0|   18|           1|          18|
    |H_V_0_1_7_fu_931_p3        |    select|   0|  0|   18|           1|          18|
    |H_V_1_0_7_fu_888_p3        |    select|   0|  0|   18|           1|          18|
    |H_V_1_1_9_fu_872_p3        |    select|   0|  0|   18|           1|          18|
    |empty_59_fu_472_p3         |    select|   0|  0|   18|           1|          18|
    |empty_65_fu_1001_p3        |    select|   0|  0|   16|           1|          16|
    |mesh_V_1_3_fu_442_p3       |    select|   0|  0|   36|           1|          36|
    |mesh_V_1_4_fu_449_p3       |    select|   0|  0|   36|           1|          36|
    |phi_ln1494_fu_755_p3       |    select|   0|  0|   18|           1|          18|
    |r_V_11_fu_435_p3           |    select|   0|  0|   36|           1|          36|
    |r_V_9_fu_693_p3            |    select|   0|  0|   36|           1|          36|
    |ret_V_2_fu_1071_p3         |    select|   0|  0|   12|           1|          12|
    |sel_tmp21_fu_880_p3        |    select|   0|  0|   18|           1|          18|
    |sel_tmp32_fu_915_p3        |    select|   0|  0|   18|           1|          18|
    |sel_tmp34_fu_923_p3        |    select|   0|  0|   18|           1|          18|
    |sel_tmp45_fu_947_p3        |    select|   0|  0|   18|           1|          18|
    |sel_tmp47_fu_955_p3        |    select|   0|  0|   18|           1|          18|
    |sel_tmp55_fu_971_p3        |    select|   0|  0|   16|           1|          15|
    |sel_tmp58_fu_979_p3        |    select|   0|  0|   16|           1|          16|
    |sel_tmp60_fu_987_p3        |    select|   0|  0|   16|           1|          16|
    |sel_tmp8_fu_847_p3         |    select|   0|  0|   18|           1|          18|
    |select_ln1118_fu_536_p3    |    select|   0|  0|   18|           1|          18|
    |select_ln1494_1_fu_739_p3  |    select|   0|  0|   18|           1|          18|
    |select_ln1494_fu_747_p3    |    select|   0|  0|   18|           1|          18|
    |select_ln1495_1_fu_939_p3  |    select|   0|  0|   18|           1|          18|
    |select_ln1495_fu_902_p3    |    select|   0|  0|   18|           1|          18|
    |select_ln215_1_fu_369_p3   |    select|   0|  0|    6|           1|           6|
    |select_ln215_fu_363_p3     |    select|   0|  0|    6|           1|           6|
    |select_ln37_1_fu_802_p3    |    select|   0|  0|   18|           1|          18|
    |select_ln37_2_fu_778_p3    |    select|   0|  0|   18|           1|          15|
    |select_ln37_3_fu_786_p3    |    select|   0|  0|   18|           1|          18|
    |select_ln37_fu_794_p3      |    select|   0|  0|   18|           1|          15|
    |select_ln39_1_fu_834_p3    |    select|   0|  0|   18|           1|          18|
    |select_ln39_2_fu_810_p3    |    select|   0|  0|   18|           1|          16|
    |select_ln39_3_fu_818_p3    |    select|   0|  0|   18|           1|          18|
    |select_ln39_fu_826_p3      |    select|   0|  0|   18|           1|          16|
    |select_ln47_1_fu_1199_p3   |    select|   0|  0|   12|           1|          12|
    |select_ln47_2_fu_1215_p3   |    select|   0|  0|   12|           1|          12|
    |select_ln47_fu_1207_p3     |    select|   0|  0|   12|           1|          12|
    |select_ln703_fu_617_p3     |    select|   0|  0|   18|           1|          18|
    |select_ln850_fu_1065_p3    |    select|   0|  0|   12|           1|          12|
    |ush_fu_410_p3              |    select|   0|  0|    7|           1|           7|
    |r_V_6_fu_429_p2            |       shl|   0|  0|  116|          25|          36|
    |sel_tmp30_fu_705_p2        |       xor|   0|  0|    2|           1|           2|
    |xor_ln1494_fu_855_p2       |       xor|   0|  0|    2|           1|           2|
    |xor_ln48_fu_1230_p2        |       xor|   0|  0|    3|           2|           3|
    +---------------------------+----------+----+---+-----+------------+------------+
    |Total                      |          |   0|  0| 1602|         272|        1266|
    +---------------------------+----------+----+---+-----+------------+------------+

    * Multiplexer: 
    +------------------+----+-----------+-----+-----------+
    |       Name       | LUT| Input Size| Bits| Total Bits|
    +------------------+----+-----------+-----+-----------+
    |H_1_1_V_1_fu_106  |   9|          2|   18|         36|
    |H_V_0_0_5_fu_122  |   9|          2|   18|         36|
    |H_V_0_1_3_fu_126  |   9|          2|   18|         36|
    |H_V_1_0_3_fu_130  |   9|          2|   18|         36|
    |H_V_1_1_5_fu_134  |   9|          2|   18|         36|
    |ap_NS_fsm         |  93|         19|    1|         19|
    |i_3_reg_250       |   9|          2|    2|          4|
    |i_4_reg_273       |   9|          2|    2|          4|
    |i_5_reg_295       |   9|          2|    2|          4|
    |i_reg_239         |   9|          2|    2|          4|
    |j_1_reg_284       |   9|          2|    2|          4|
    |j_2_reg_307       |   9|          2|    2|          4|
    |j_reg_262         |   9|          2|    2|          4|
    +------------------+----+-----------+-----+-----------+
    |Total             | 201|         43|  105|        227|
    +------------------+----+-----------+-----+-----------+

    * Register: 
    +-----------------------+----+----+-----+-----------+
    |          Name         | FF | LUT| Bits| Const Bits|
    +-----------------------+----+----+-----+-----------+
    |B_V_1_1_10_fu_146      |  12|   0|   12|          0|
    |B_V_1_1_11_fu_150      |  12|   0|   12|          0|
    |B_V_1_1_1_fu_138       |  12|   0|   12|          0|
    |B_V_1_1_9_fu_142       |  12|   0|   12|          0|
    |H_1_1_V_14_fu_114      |  18|   0|   18|          0|
    |H_1_1_V_15_fu_118      |  18|   0|   18|          0|
    |H_1_1_V_1_fu_106       |  18|   0|   18|          0|
    |H_1_1_V_24_reg_1455    |  18|   0|   18|          0|
    |H_1_1_V_9_fu_110       |  18|   0|   18|          0|
    |H_V_0_0_5_fu_122       |  18|   0|   18|          0|
    |H_V_0_0_9_reg_1520     |  18|   0|   18|          0|
    |H_V_0_1_3_fu_126       |  18|   0|   18|          0|
    |H_V_0_1_7_reg_1515     |  18|   0|   18|          0|
    |H_V_1_0_3_fu_130       |  18|   0|   18|          0|
    |H_V_1_0_7_reg_1510     |  18|   0|   18|          0|
    |H_V_1_1_5_fu_134       |  18|   0|   18|          0|
    |H_V_1_1_9_reg_1505     |  18|   0|   18|          0|
    |add_ln18_reg_1287      |   2|   0|    2|          0|
    |add_ln34_reg_1460      |   2|   0|    2|          0|
    |add_ln35_reg_1489      |   2|   0|    2|          0|
    |add_ln45_reg_1557      |   2|   0|    2|          0|
    |add_ln62_reg_1352      |   2|   0|    2|          0|
    |add_ln63_reg_1428      |   2|   0|    2|          0|
    |ap_CS_fsm              |  18|   0|   18|          0|
    |empty_58_reg_1360      |   1|   0|    1|          0|
    |empty_62_reg_1468      |   1|   0|    1|          0|
    |empty_65_reg_1525      |  16|   0|   16|          0|
    |i_3_reg_250            |   2|   0|    2|          0|
    |i_4_reg_273            |   2|   0|    2|          0|
    |i_5_reg_295            |   2|   0|    2|          0|
    |i_reg_239              |   2|   0|    2|          0|
    |icmp_ln65_reg_1449     |   1|   0|    1|          0|
    |icmp_ln851_reg_1552    |   1|   0|    1|          0|
    |isNeg_reg_1306         |   1|   0|    1|          0|
    |j_1_reg_284            |   2|   0|    2|          0|
    |j_2_reg_307            |   2|   0|    2|          0|
    |j_reg_262              |   2|   0|    2|          0|
    |mesh_V_0_010_reg_227   |  36|   0|   36|          0|
    |mesh_V_1_011_reg_215   |  36|   0|   36|          0|
    |p_Val2_s_reg_1540      |  54|   0|   54|          0|
    |r_V_12_reg_1535        |  51|   0|   51|          0|
    |ret_V_cast_reg_1545    |  12|   0|   12|          0|
    |sel_tmp30_reg_1484     |   1|   0|    1|          0|
    |sext_ln1115_reg_1371   |  32|   0|   33|          1|
    |sext_ln1380_reg_1301   |   7|   0|    7|          0|
    |sub_ln1357_reg_1312    |   7|   0|    7|          0|
    |trunc_ln1118_reg_1436  |   1|   0|    1|          0|
    |trunc_ln1494_reg_1497  |   1|   0|    1|          0|
    |trunc_ln215_reg_1295   |   1|   0|    1|          0|
    |trunc_ln47_reg_1565    |   1|   0|    1|          0|
    |zext_ln35_reg_1479     |  36|   0|   51|         15|
    +-----------------------+----+----+-----+-----------+
    |Total                  | 623|   0|  639|         16|
    +-----------------------+----+----+-----+-----------+



================================================================
== Interface
================================================================
* Summary: 
+---------------------+-----+-----+------------+------------------------+--------------+
|      RTL Ports      | Dir | Bits|  Protocol  |      Source Object     |    C Type    |
+---------------------+-----+-----+------------+------------------------+--------------+
|ap_clk               |   in|    1|  ap_ctrl_hs|  generatePollDirections|  return value|
|ap_rst               |   in|    1|  ap_ctrl_hs|  generatePollDirections|  return value|
|ap_start             |   in|    1|  ap_ctrl_hs|  generatePollDirections|  return value|
|ap_done              |  out|    1|  ap_ctrl_hs|  generatePollDirections|  return value|
|ap_idle              |  out|    1|  ap_ctrl_hs|  generatePollDirections|  return value|
|ap_ready             |  out|    1|  ap_ctrl_hs|  generatePollDirections|  return value|
|p_read               |   in|   18|     ap_none|                  p_read|        scalar|
|p_read1              |   in|   18|     ap_none|                 p_read1|        scalar|
|p_read2              |   in|    6|     ap_none|                 p_read2|        scalar|
|p_read3              |   in|    6|     ap_none|                 p_read3|        scalar|
|p_read4              |   in|    6|     ap_none|                 p_read4|        scalar|
|p_read5              |   in|    6|     ap_none|                 p_read5|        scalar|
|directions_address0  |  out|    3|   ap_memory|              directions|         array|
|directions_ce0       |  out|    1|   ap_memory|              directions|         array|
|directions_we0       |  out|    1|   ap_memory|              directions|         array|
|directions_d0        |  out|   12|   ap_memory|              directions|         array|
|directions_address1  |  out|    3|   ap_memory|              directions|         array|
|directions_ce1       |  out|    1|   ap_memory|              directions|         array|
|directions_we1       |  out|    1|   ap_memory|              directions|         array|
|directions_d1        |  out|   12|   ap_memory|              directions|         array|
+---------------------+-----+-----+------------+------------------------+--------------+

============================================================
+ Verbose Summary: Synthesis Manager
============================================================
InlineROM: 1
ExposeGlobal: 0
============================================================
+ Verbose Summary: CDFG Model
============================================================
IsTopModel: 0
ResetActiveHigh: 1
IsCombinational: 2
IsDatapathOnly: 2
HasWiredReturn: 1
HasMFsm: 0
HasVarLatency: 1
IsPipeline: 0
IsRtlPipelined: 0
IsInstanceOverlapped: 0
IsDontTouch: 0
HasImplIP: 0
IsGatedGlobalClock: 0


============================================================
+ Verbose Summary: Schedule
============================================================
* Number of FSM states : 18
* Pipeline : 0
* Dataflow Pipeline: 0

* FSM state transitions: 
1 --> 2 
2 --> 3 4 
3 --> 2 
4 --> 5 10 
5 --> 6 4 
6 --> 7 
7 --> 8 
8 --> 9 
9 --> 5 
10 --> 11 17 
11 --> 12 10 
12 --> 13 
13 --> 14 
14 --> 15 
15 --> 16 
16 --> 11 
17 --> 18 
18 --> 18 17 

* FSM state operations: 

State 1 <SV = 0> <Delay = 1.58>
ST_1 : Operation 19 [1/1] (0.00ns)   --->   "%p_read_5 = read i6 @_ssdm_op_Read.ap_auto.i6, i6 %p_read5" [MPCwithMADS_fxd/generatePollDirections.cpp:4]   --->   Operation 19 'read' 'p_read_5' <Predicate = true> <Delay = 0.00>
ST_1 : Operation 20 [1/1] (0.00ns)   --->   "%p_read_6 = read i6 @_ssdm_op_Read.ap_auto.i6, i6 %p_read4" [MPCwithMADS_fxd/generatePollDirections.cpp:4]   --->   Operation 20 'read' 'p_read_6' <Predicate = true> <Delay = 0.00>
ST_1 : Operation 21 [1/1] (0.00ns)   --->   "%p_read_7 = read i6 @_ssdm_op_Read.ap_auto.i6, i6 %p_read3" [MPCwithMADS_fxd/generatePollDirections.cpp:4]   --->   Operation 21 'read' 'p_read_7' <Predicate = true> <Delay = 0.00>
ST_1 : Operation 22 [1/1] (0.00ns)   --->   "%p_read_8 = read i6 @_ssdm_op_Read.ap_auto.i6, i6 %p_read2" [MPCwithMADS_fxd/generatePollDirections.cpp:4]   --->   Operation 22 'read' 'p_read_8' <Predicate = true> <Delay = 0.00>
ST_1 : Operation 23 [1/1] (0.00ns)   --->   "%p_read17 = read i18 @_ssdm_op_Read.ap_auto.i18, i18 %p_read1" [MPCwithMADS_fxd/generatePollDirections.cpp:4]   --->   Operation 23 'read' 'p_read17' <Predicate = true> <Delay = 0.00>
ST_1 : Operation 24 [1/1] (0.00ns)   --->   "%p_read_9 = read i18 @_ssdm_op_Read.ap_auto.i18, i18 %p_read" [MPCwithMADS_fxd/generatePollDirections.cpp:4]   --->   Operation 24 'read' 'p_read_9' <Predicate = true> <Delay = 0.00>
ST_1 : Operation 25 [1/1] (1.58ns)   --->   "%br_ln18 = br void %_ZN9ap_ufixedILi36ELi12EL9ap_q_mode5EL9ap_o_mode3ELi0EEC2Ei.exit" [MPCwithMADS_fxd/generatePollDirections.cpp:18]   --->   Operation 25 'br' 'br_ln18' <Predicate = true> <Delay = 1.58>

State 2 <SV = 1> <Delay = 6.50>
ST_2 : Operation 26 [1/1] (0.00ns)   --->   "%mesh_V_1_011 = phi i36 0, void %_ZN8ap_fixedILi18ELi3EL9ap_q_mode5EL9ap_o_mode3ELi0EEC2Ei.exit, i36 %mesh_V_1_3, void %_ZN9ap_ufixedILi36ELi12EL9ap_q_mode5EL9ap_o_mode3ELi0EEC2Ei.exit.split"   --->   Operation 26 'phi' 'mesh_V_1_011' <Predicate = true> <Delay = 0.00>
ST_2 : Operation 27 [1/1] (0.00ns)   --->   "%mesh_V_0_010 = phi i36 0, void %_ZN8ap_fixedILi18ELi3EL9ap_q_mode5EL9ap_o_mode3ELi0EEC2Ei.exit, i36 %mesh_V_1_4, void %_ZN9ap_ufixedILi36ELi12EL9ap_q_mode5EL9ap_o_mode3ELi0EEC2Ei.exit.split"   --->   Operation 27 'phi' 'mesh_V_0_010' <Predicate = true> <Delay = 0.00>
ST_2 : Operation 28 [1/1] (0.00ns)   --->   "%i = phi i2 0, void %_ZN8ap_fixedILi18ELi3EL9ap_q_mode5EL9ap_o_mode3ELi0EEC2Ei.exit, i2 %add_ln18, void %_ZN9ap_ufixedILi36ELi12EL9ap_q_mode5EL9ap_o_mode3ELi0EEC2Ei.exit.split" [MPCwithMADS_fxd/generatePollDirections.cpp:18]   --->   Operation 28 'phi' 'i' <Predicate = true> <Delay = 0.00>
ST_2 : Operation 29 [1/1] (1.56ns)   --->   "%add_ln18 = add i2 %i, i2 1" [MPCwithMADS_fxd/generatePollDirections.cpp:18]   --->   Operation 29 'add' 'add_ln18' <Predicate = true> <Delay = 1.56> <CoreInst = "Adder">   --->   Core 1 'Adder' <Latency = 0> <II = 1> <Delay = 1.87> <FuncUnit> <Opcode : 'add' 'sub'> <InPorts = 2> <OutPorts = 1>
ST_2 : Operation 30 [1/1] (0.95ns)   --->   "%icmp_ln18 = icmp_eq  i2 %i, i2 2" [MPCwithMADS_fxd/generatePollDirections.cpp:18]   --->   Operation 30 'icmp' 'icmp_ln18' <Predicate = true> <Delay = 0.95> <CoreInst = "Cmp">   --->   Core 9 'Cmp' <Latency = 0> <II = 1> <Delay = 2.52> <FuncUnit> <Opcode : 'icmp'> <InPorts = 2> <OutPorts = 1>
ST_2 : Operation 31 [1/1] (0.00ns)   --->   "%empty = speclooptripcount i32 @_ssdm_op_SpecLoopTripCount, i64 2, i64 2, i64 2"   --->   Operation 31 'speclooptripcount' 'empty' <Predicate = true> <Delay = 0.00>
ST_2 : Operation 32 [1/1] (0.00ns)   --->   "%br_ln18 = br i1 %icmp_ln18, void %_ZN9ap_ufixedILi36ELi12EL9ap_q_mode5EL9ap_o_mode3ELi0EEC2Ei.exit.split, void %.preheader9.preheader" [MPCwithMADS_fxd/generatePollDirections.cpp:18]   --->   Operation 32 'br' 'br_ln18' <Predicate = true> <Delay = 0.00>
ST_2 : Operation 33 [1/1] (0.00ns)   --->   "%trunc_ln215 = trunc i2 %i"   --->   Operation 33 'trunc' 'trunc_ln215' <Predicate = (!icmp_ln18)> <Delay = 0.00>
ST_2 : Operation 34 [1/1] (1.18ns)   --->   "%select_ln215 = select i1 %trunc_ln215, i6 %p_read_7, i6 %p_read_8"   --->   Operation 34 'select' 'select_ln215' <Predicate = (!icmp_ln18)> <Delay = 1.18> <CoreInst = "Sel">   --->   Core 73 'Sel' <Latency = 0> <II = 1> <Delay = 0.99> <FuncUnit> <Opcode : 'select'> <InPorts = 3> <OutPorts = 1>
ST_2 : Operation 35 [1/1] (1.18ns)   --->   "%select_ln215_1 = select i1 %trunc_ln215, i6 %p_read_5, i6 %p_read_6"   --->   Operation 35 'select' 'select_ln215_1' <Predicate = (!icmp_ln18)> <Delay = 1.18> <CoreInst = "Sel">   --->   Core 73 'Sel' <Latency = 0> <II = 1> <Delay = 0.99> <FuncUnit> <Opcode : 'select'> <InPorts = 3> <OutPorts = 1>
ST_2 : Operation 36 [1/1] (0.00ns) (grouped into TernaryAdder)   --->   "%sub_ln69 = sub i6 %select_ln215, i6 %select_ln215_1"   --->   Operation 36 'sub' 'sub_ln69' <Predicate = (!icmp_ln18)> <Delay = 0.00> <CoreInst = "TAddSub">   --->   Core 10 'TAddSub' <Latency = 0> <II = 1> <Delay = 1.74> <IPBlock> <Opcode : 'add' 'sub'> <InPorts = 3> <OutPorts = 1> <Sync>
ST_2 : Operation 37 [1/1] (3.49ns) (root node of TernaryAdder)   --->   "%frameMeshDiff_V = add i6 %sub_ln69, i6 1"   --->   Operation 37 'add' 'frameMeshDiff_V' <Predicate = (!icmp_ln18)> <Delay = 3.49> <CoreInst = "TAddSub">   --->   Core 10 'TAddSub' <Latency = 0> <II = 1> <Delay = 1.74> <IPBlock> <Opcode : 'add' 'sub'> <InPorts = 3> <OutPorts = 1> <Sync>
ST_2 : Operation 38 [1/1] (0.00ns)   --->   "%sext_ln1380 = sext i6 %frameMeshDiff_V"   --->   Operation 38 'sext' 'sext_ln1380' <Predicate = (!icmp_ln18)> <Delay = 0.00>
ST_2 : Operation 39 [1/1] (0.00ns)   --->   "%isNeg = bitselect i1 @_ssdm_op_BitSelect.i1.i6.i32, i6 %frameMeshDiff_V, i32 5"   --->   Operation 39 'bitselect' 'isNeg' <Predicate = (!icmp_ln18)> <Delay = 0.00>
ST_2 : Operation 40 [1/1] (1.82ns)   --->   "%sub_ln1357 = sub i7 0, i7 %sext_ln1380"   --->   Operation 40 'sub' 'sub_ln1357' <Predicate = (!icmp_ln18)> <Delay = 1.82> <CoreInst = "Adder">   --->   Core 1 'Adder' <Latency = 0> <II = 1> <Delay = 1.87> <FuncUnit> <Opcode : 'add' 'sub'> <InPorts = 2> <OutPorts = 1>
ST_2 : Operation 41 [1/1] (0.00ns)   --->   "%H_1_1_V_1 = alloca i32 1"   --->   Operation 41 'alloca' 'H_1_1_V_1' <Predicate = (icmp_ln18)> <Delay = 0.00>
ST_2 : Operation 42 [1/1] (0.00ns)   --->   "%H_1_1_V_9 = alloca i32 1"   --->   Operation 42 'alloca' 'H_1_1_V_9' <Predicate = (icmp_ln18)> <Delay = 0.00>
ST_2 : Operation 43 [1/1] (0.00ns)   --->   "%H_1_1_V_14 = alloca i32 1"   --->   Operation 43 'alloca' 'H_1_1_V_14' <Predicate = (icmp_ln18)> <Delay = 0.00>
ST_2 : Operation 44 [1/1] (0.00ns)   --->   "%H_1_1_V_15 = alloca i32 1"   --->   Operation 44 'alloca' 'H_1_1_V_15' <Predicate = (icmp_ln18)> <Delay = 0.00>
ST_2 : Operation 45 [1/1] (1.58ns)   --->   "%store_ln62 = store i18 0, i18 %H_1_1_V_1" [MPCwithMADS_fxd/generatePollDirections.cpp:62]   --->   Operation 45 'store' 'store_ln62' <Predicate = (icmp_ln18)> <Delay = 1.58>
ST_2 : Operation 46 [1/1] (1.58ns)   --->   "%br_ln62 = br void %.preheader9" [MPCwithMADS_fxd/generatePollDirections.cpp:62]   --->   Operation 46 'br' 'br_ln62' <Predicate = (icmp_ln18)> <Delay = 1.58>

State 3 <SV = 2> <Delay = 6.54>
ST_3 : Operation 47 [1/1] (0.00ns)   --->   "%specloopname_ln18 = specloopname void @_ssdm_op_SpecLoopName, void @empty_1" [MPCwithMADS_fxd/generatePollDirections.cpp:18]   --->   Operation 47 'specloopname' 'specloopname_ln18' <Predicate = true> <Delay = 0.00>
ST_3 : Operation 48 [1/1] (0.99ns)   --->   "%ush = select i1 %isNeg, i7 %sub_ln1357, i7 %sext_ln1380"   --->   Operation 48 'select' 'ush' <Predicate = true> <Delay = 0.99> <CoreInst = "Sel">   --->   Core 73 'Sel' <Latency = 0> <II = 1> <Delay = 0.99> <FuncUnit> <Opcode : 'select'> <InPorts = 3> <OutPorts = 1>
ST_3 : Operation 49 [1/1] (0.00ns)   --->   "%sh_prom_i_i_i_cast_cast_cast = sext i7 %ush"   --->   Operation 49 'sext' 'sh_prom_i_i_i_cast_cast_cast' <Predicate = true> <Delay = 0.00>
ST_3 : Operation 50 [1/1] (0.00ns)   --->   "%sh_prom_i_i_i_cast_cast_cast_cast = zext i32 %sh_prom_i_i_i_cast_cast_cast"   --->   Operation 50 'zext' 'sh_prom_i_i_i_cast_cast_cast_cast' <Predicate = true> <Delay = 0.00>
ST_3 : Operation 51 [1/1] (0.00ns) (grouped into LUT with out node r_V_11)   --->   "%r_V = lshr i36 16777216, i36 %sh_prom_i_i_i_cast_cast_cast_cast"   --->   Operation 51 'lshr' 'r_V' <Predicate = (isNeg)> <Delay = 0.00> <CoreInst = "Shifter">   --->   Core 75 'Shifter' <Latency = 0> <II = 1> <Delay = 4.52> <FuncUnit> <Opcode : 'shl' 'lshr' 'ashr'> <InPorts = 2> <OutPorts = 1>
ST_3 : Operation 52 [1/1] (0.00ns) (grouped into LUT with out node r_V_11)   --->   "%r_V_6 = shl i36 16777216, i36 %sh_prom_i_i_i_cast_cast_cast_cast"   --->   Operation 52 'shl' 'r_V_6' <Predicate = (!isNeg)> <Delay = 0.00> <CoreInst = "Shifter">   --->   Core 75 'Shifter' <Latency = 0> <II = 1> <Delay = 4.52> <FuncUnit> <Opcode : 'shl' 'lshr' 'ashr'> <InPorts = 2> <OutPorts = 1>
ST_3 : Operation 53 [1/1] (4.42ns) (out node of the LUT)   --->   "%r_V_11 = select i1 %isNeg, i36 %r_V, i36 %r_V_6"   --->   Operation 53 'select' 'r_V_11' <Predicate = true> <Delay = 4.42> <CoreInst = "Sel">   --->   Core 73 'Sel' <Latency = 0> <II = 1> <Delay = 0.99> <FuncUnit> <Opcode : 'select'> <InPorts = 3> <OutPorts = 1>
ST_3 : Operation 54 [1/1] (1.12ns)   --->   "%mesh_V_1_3 = select i1 %trunc_ln215, i36 %r_V_11, i36 %mesh_V_1_011" [MPCwithMADS_fxd/generatePollDirections.cpp:21]   --->   Operation 54 'select' 'mesh_V_1_3' <Predicate = true> <Delay = 1.12> <CoreInst = "Sel">   --->   Core 73 'Sel' <Latency = 0> <II = 1> <Delay = 0.99> <FuncUnit> <Opcode : 'select'> <InPorts = 3> <OutPorts = 1>
ST_3 : Operation 55 [1/1] (1.12ns)   --->   "%mesh_V_1_4 = select i1 %trunc_ln215, i36 %mesh_V_0_010, i36 %r_V_11" [MPCwithMADS_fxd/generatePollDirections.cpp:21]   --->   Operation 55 'select' 'mesh_V_1_4' <Predicate = true> <Delay = 1.12> <CoreInst = "Sel">   --->   Core 73 'Sel' <Latency = 0> <II = 1> <Delay = 0.99> <FuncUnit> <Opcode : 'select'> <InPorts = 3> <OutPorts = 1>
ST_3 : Operation 56 [1/1] (0.00ns)   --->   "%br_ln0 = br void %_ZN9ap_ufixedILi36ELi12EL9ap_q_mode5EL9ap_o_mode3ELi0EEC2Ei.exit"   --->   Operation 56 'br' 'br_ln0' <Predicate = true> <Delay = 0.00>

State 4 <SV = 2> <Delay = 2.54>
ST_4 : Operation 57 [1/1] (0.00ns)   --->   "%i_3 = phi i2 %add_ln62, void, i2 0, void %.preheader9.preheader" [MPCwithMADS_fxd/generatePollDirections.cpp:62]   --->   Operation 57 'phi' 'i_3' <Predicate = true> <Delay = 0.00>
ST_4 : Operation 58 [1/1] (1.56ns)   --->   "%add_ln62 = add i2 %i_3, i2 1" [MPCwithMADS_fxd/generatePollDirections.cpp:62]   --->   Operation 58 'add' 'add_ln62' <Predicate = true> <Delay = 1.56> <CoreInst = "Adder">   --->   Core 1 'Adder' <Latency = 0> <II = 1> <Delay = 1.87> <FuncUnit> <Opcode : 'add' 'sub'> <InPorts = 2> <OutPorts = 1>
ST_4 : Operation 59 [1/1] (0.00ns)   --->   "%H_1_1_V_1_load = load i18 %H_1_1_V_1"   --->   Operation 59 'load' 'H_1_1_V_1_load' <Predicate = true> <Delay = 0.00>
ST_4 : Operation 60 [1/1] (0.00ns)   --->   "%H_1_1_V_9_load = load i18 %H_1_1_V_9"   --->   Operation 60 'load' 'H_1_1_V_9_load' <Predicate = true> <Delay = 0.00>
ST_4 : Operation 61 [1/1] (0.00ns)   --->   "%H_1_1_V_14_load = load i18 %H_1_1_V_14"   --->   Operation 61 'load' 'H_1_1_V_14_load' <Predicate = true> <Delay = 0.00>
ST_4 : Operation 62 [1/1] (0.00ns)   --->   "%H_1_1_V_15_load = load i18 %H_1_1_V_15"   --->   Operation 62 'load' 'H_1_1_V_15_load' <Predicate = true> <Delay = 0.00>
ST_4 : Operation 63 [1/1] (0.95ns)   --->   "%icmp_ln62 = icmp_eq  i2 %i_3, i2 2" [MPCwithMADS_fxd/generatePollDirections.cpp:62]   --->   Operation 63 'icmp' 'icmp_ln62' <Predicate = true> <Delay = 0.95> <CoreInst = "Cmp">   --->   Core 9 'Cmp' <Latency = 0> <II = 1> <Delay = 2.52> <FuncUnit> <Opcode : 'icmp'> <InPorts = 2> <OutPorts = 1>
ST_4 : Operation 64 [1/1] (0.00ns)   --->   "%empty_57 = speclooptripcount i32 @_ssdm_op_SpecLoopTripCount, i64 2, i64 2, i64 2"   --->   Operation 64 'speclooptripcount' 'empty_57' <Predicate = true> <Delay = 0.00>
ST_4 : Operation 65 [1/1] (0.00ns)   --->   "%br_ln62 = br i1 %icmp_ln62, void %.split9, void %_Z25generateHouseholderMatrixP8ap_fixedILi18ELi3EL9ap_q_mode5EL9ap_o_mode3ELi0EEPA2_S2_.exit.preheader" [MPCwithMADS_fxd/generatePollDirections.cpp:62]   --->   Operation 65 'br' 'br_ln62' <Predicate = true> <Delay = 0.00>
ST_4 : Operation 66 [1/1] (0.00ns)   --->   "%specloopname_ln62 = specloopname void @_ssdm_op_SpecLoopName, void @empty_9" [MPCwithMADS_fxd/generatePollDirections.cpp:62]   --->   Operation 66 'specloopname' 'specloopname_ln62' <Predicate = (!icmp_ln62)> <Delay = 0.00>
ST_4 : Operation 67 [1/1] (0.00ns)   --->   "%empty_58 = trunc i2 %i_3" [MPCwithMADS_fxd/generatePollDirections.cpp:62]   --->   Operation 67 'trunc' 'empty_58' <Predicate = (!icmp_ln62)> <Delay = 0.00>
ST_4 : Operation 68 [1/1] (0.00ns) (grouped into LUT with out node r_V_8)   --->   "%empty_59 = select i1 %empty_58, i18 %p_read17, i18 %p_read_9" [MPCwithMADS_fxd/generatePollDirections.cpp:62]   --->   Operation 68 'select' 'empty_59' <Predicate = (!icmp_ln62)> <Delay = 0.00> <CoreInst = "Sel">   --->   Core 73 'Sel' <Latency = 0> <II = 1> <Delay = 0.99> <FuncUnit> <Opcode : 'select'> <InPorts = 3> <OutPorts = 1>
ST_4 : Operation 69 [1/1] (0.00ns) (grouped into LUT with out node r_V_8)   --->   "%p_shl = bitconcatenate i19 @_ssdm_op_BitConcatenate.i19.i18.i1, i18 %empty_59, i1 0" [MPCwithMADS_fxd/generatePollDirections.cpp:62]   --->   Operation 69 'bitconcatenate' 'p_shl' <Predicate = (!icmp_ln62)> <Delay = 0.00>
ST_4 : Operation 70 [1/1] (0.00ns) (grouped into LUT with out node r_V_8)   --->   "%p_shl_cast = sext i19 %p_shl" [MPCwithMADS_fxd/generatePollDirections.cpp:62]   --->   Operation 70 'sext' 'p_shl_cast' <Predicate = (!icmp_ln62)> <Delay = 0.00>
ST_4 : Operation 71 [1/1] (2.16ns) (out node of the LUT)   --->   "%r_V_8 = sub i20 0, i20 %p_shl_cast" [MPCwithMADS_fxd/generatePollDirections.cpp:62]   --->   Operation 71 'sub' 'r_V_8' <Predicate = (!icmp_ln62)> <Delay = 2.16> <CoreInst = "Adder">   --->   Core 1 'Adder' <Latency = 0> <II = 1> <Delay = 1.87> <FuncUnit> <Opcode : 'add' 'sub'> <InPorts = 2> <OutPorts = 1>
ST_4 : Operation 72 [1/1] (0.00ns)   --->   "%sext_ln1115 = sext i20 %r_V_8"   --->   Operation 72 'sext' 'sext_ln1115' <Predicate = (!icmp_ln62)> <Delay = 0.00>
ST_4 : Operation 73 [1/1] (1.58ns)   --->   "%br_ln63 = br void %_ZN8ap_fixedILi18ELi3EL9ap_q_mode5EL9ap_o_mode3ELi0EEC2ILi68ELi38ELb1ELS0_5ELS1_3ELi0EEERK13ap_fixed_baseIXT_EXT0_EXT1_EXT2_EXT3_EXT4_EE.exit.i" [MPCwithMADS_fxd/generatePollDirections.cpp:63]   --->   Operation 73 'br' 'br_ln63' <Predicate = (!icmp_ln62)> <Delay = 1.58>
ST_4 : Operation 74 [1/1] (0.00ns)   --->   "%H_V_0_0_5 = alloca i32 1"   --->   Operation 74 'alloca' 'H_V_0_0_5' <Predicate = (icmp_ln62)> <Delay = 0.00>
ST_4 : Operation 75 [1/1] (0.00ns)   --->   "%H_V_0_1_3 = alloca i32 1"   --->   Operation 75 'alloca' 'H_V_0_1_3' <Predicate = (icmp_ln62)> <Delay = 0.00>
ST_4 : Operation 76 [1/1] (0.00ns)   --->   "%H_V_1_0_3 = alloca i32 1"   --->   Operation 76 'alloca' 'H_V_1_0_3' <Predicate = (icmp_ln62)> <Delay = 0.00>
ST_4 : Operation 77 [1/1] (0.00ns)   --->   "%H_V_1_1_5 = alloca i32 1"   --->   Operation 77 'alloca' 'H_V_1_1_5' <Predicate = (icmp_ln62)> <Delay = 0.00>
ST_4 : Operation 78 [1/1] (0.00ns)   --->   "%B_V_1_1_1 = alloca i32 1"   --->   Operation 78 'alloca' 'B_V_1_1_1' <Predicate = (icmp_ln62)> <Delay = 0.00>
ST_4 : Operation 79 [1/1] (0.00ns)   --->   "%B_V_1_1_9 = alloca i32 1"   --->   Operation 79 'alloca' 'B_V_1_1_9' <Predicate = (icmp_ln62)> <Delay = 0.00>
ST_4 : Operation 80 [1/1] (0.00ns)   --->   "%B_V_1_1_10 = alloca i32 1"   --->   Operation 80 'alloca' 'B_V_1_1_10' <Predicate = (icmp_ln62)> <Delay = 0.00>
ST_4 : Operation 81 [1/1] (0.00ns)   --->   "%B_V_1_1_11 = alloca i32 1"   --->   Operation 81 'alloca' 'B_V_1_1_11' <Predicate = (icmp_ln62)> <Delay = 0.00>
ST_4 : Operation 82 [1/1] (1.58ns)   --->   "%store_ln34 = store i18 %H_1_1_V_15_load, i18 %H_V_1_1_5" [MPCwithMADS_fxd/generatePollDirections.cpp:34]   --->   Operation 82 'store' 'store_ln34' <Predicate = (icmp_ln62)> <Delay = 1.58>
ST_4 : Operation 83 [1/1] (1.58ns)   --->   "%store_ln34 = store i18 %H_1_1_V_14_load, i18 %H_V_1_0_3" [MPCwithMADS_fxd/generatePollDirections.cpp:34]   --->   Operation 83 'store' 'store_ln34' <Predicate = (icmp_ln62)> <Delay = 1.58>
ST_4 : Operation 84 [1/1] (1.58ns)   --->   "%store_ln34 = store i18 %H_1_1_V_9_load, i18 %H_V_0_1_3" [MPCwithMADS_fxd/generatePollDirections.cpp:34]   --->   Operation 84 'store' 'store_ln34' <Predicate = (icmp_ln62)> <Delay = 1.58>
ST_4 : Operation 85 [1/1] (1.58ns)   --->   "%store_ln34 = store i18 %H_1_1_V_1_load, i18 %H_V_0_0_5" [MPCwithMADS_fxd/generatePollDirections.cpp:34]   --->   Operation 85 'store' 'store_ln34' <Predicate = (icmp_ln62)> <Delay = 1.58>
ST_4 : Operation 86 [1/1] (1.58ns)   --->   "%br_ln34 = br void %_Z25generateHouseholderMatrixP8ap_fixedILi18ELi3EL9ap_q_mode5EL9ap_o_mode3ELi0EEPA2_S2_.exit" [MPCwithMADS_fxd/generatePollDirections.cpp:34]   --->   Operation 86 'br' 'br_ln34' <Predicate = (icmp_ln62)> <Delay = 1.58>

State 5 <SV = 3> <Delay = 2.90>
ST_5 : Operation 87 [1/1] (0.00ns)   --->   "%j = phi i2 0, void %.split9, i2 %add_ln63, void %_ZN8ap_fixedILi18ELi3EL9ap_q_mode5EL9ap_o_mode3ELi0EEC2ILi68ELi38ELb1ELS0_5ELS1_3ELi0EEERK13ap_fixed_baseIXT_EXT0_EXT1_EXT2_EXT3_EXT4_EE.exit.i.split_ifconv" [MPCwithMADS_fxd/generatePollDirections.cpp:63]   --->   Operation 87 'phi' 'j' <Predicate = true> <Delay = 0.00>
ST_5 : Operation 88 [1/1] (1.56ns)   --->   "%add_ln63 = add i2 %j, i2 1" [MPCwithMADS_fxd/generatePollDirections.cpp:63]   --->   Operation 88 'add' 'add_ln63' <Predicate = true> <Delay = 1.56> <CoreInst = "Adder">   --->   Core 1 'Adder' <Latency = 0> <II = 1> <Delay = 1.87> <FuncUnit> <Opcode : 'add' 'sub'> <InPorts = 2> <OutPorts = 1>
ST_5 : Operation 89 [1/1] (0.95ns)   --->   "%icmp_ln63 = icmp_eq  i2 %j, i2 2" [MPCwithMADS_fxd/generatePollDirections.cpp:63]   --->   Operation 89 'icmp' 'icmp_ln63' <Predicate = true> <Delay = 0.95> <CoreInst = "Cmp">   --->   Core 9 'Cmp' <Latency = 0> <II = 1> <Delay = 2.52> <FuncUnit> <Opcode : 'icmp'> <InPorts = 2> <OutPorts = 1>
ST_5 : Operation 90 [1/1] (0.00ns)   --->   "%empty_60 = speclooptripcount i32 @_ssdm_op_SpecLoopTripCount, i64 2, i64 2, i64 2"   --->   Operation 90 'speclooptripcount' 'empty_60' <Predicate = true> <Delay = 0.00>
ST_5 : Operation 91 [1/1] (0.00ns)   --->   "%br_ln63 = br i1 %icmp_ln63, void %_ZN8ap_fixedILi18ELi3EL9ap_q_mode5EL9ap_o_mode3ELi0EEC2ILi68ELi38ELb1ELS0_5ELS1_3ELi0EEERK13ap_fixed_baseIXT_EXT0_EXT1_EXT2_EXT3_EXT4_EE.exit.i.split_ifconv, void" [MPCwithMADS_fxd/generatePollDirections.cpp:63]   --->   Operation 91 'br' 'br_ln63' <Predicate = true> <Delay = 0.00>
ST_5 : Operation 92 [1/1] (0.00ns)   --->   "%trunc_ln1118 = trunc i2 %j"   --->   Operation 92 'trunc' 'trunc_ln1118' <Predicate = (!icmp_ln63)> <Delay = 0.00>
ST_5 : Operation 93 [1/1] (0.75ns)   --->   "%select_ln1118 = select i1 %trunc_ln1118, i18 %p_read17, i18 %p_read_9"   --->   Operation 93 'select' 'select_ln1118' <Predicate = (!icmp_ln63)> <Delay = 0.75> <CoreInst = "Sel">   --->   Core 73 'Sel' <Latency = 0> <II = 1> <Delay = 0.99> <FuncUnit> <Opcode : 'select'> <InPorts = 3> <OutPorts = 1>
ST_5 : Operation 94 [1/1] (0.00ns)   --->   "%sext_ln1115_1 = sext i18 %select_ln1118"   --->   Operation 94 'sext' 'sext_ln1115_1' <Predicate = (!icmp_ln63)> <Delay = 0.00>
ST_5 : Operation 95 [4/4] (2.15ns) (root node of the DSP)   --->   "%mul_ln1115 = mul i33 %sext_ln1115, i33 %sext_ln1115_1"   --->   Operation 95 'mul' 'mul_ln1115' <Predicate = (!icmp_ln63)> <Delay = 2.15> <CoreInst = "DSP48">   --->   Core 119 'DSP48' <Latency = 3> <II = 1> <Delay = 2.15> <IPBlock> <Opcode : 'mul' 'add' 'sub' 'select'> <InPorts = 0> <OutPorts = 1> <Sync> <CReg>
ST_5 : Operation 96 [1/1] (0.95ns)   --->   "%icmp_ln65 = icmp_eq  i2 %i_3, i2 %j" [MPCwithMADS_fxd/generatePollDirections.cpp:65]   --->   Operation 96 'icmp' 'icmp_ln65' <Predicate = (!icmp_ln63)> <Delay = 0.95> <CoreInst = "Cmp">   --->   Core 9 'Cmp' <Latency = 0> <II = 1> <Delay = 2.52> <FuncUnit> <Opcode : 'icmp'> <InPorts = 2> <OutPorts = 1>
ST_5 : Operation 97 [1/1] (0.00ns)   --->   "%br_ln0 = br void %.preheader9"   --->   Operation 97 'br' 'br_ln0' <Predicate = (icmp_ln63)> <Delay = 0.00>

State 6 <SV = 4> <Delay = 2.15>
ST_6 : Operation 98 [3/4] (2.15ns) (root node of the DSP)   --->   "%mul_ln1115 = mul i33 %sext_ln1115, i33 %sext_ln1115_1"   --->   Operation 98 'mul' 'mul_ln1115' <Predicate = true> <Delay = 2.15> <CoreInst = "DSP48">   --->   Core 119 'DSP48' <Latency = 3> <II = 1> <Delay = 2.15> <IPBlock> <Opcode : 'mul' 'add' 'sub' 'select'> <InPorts = 0> <OutPorts = 1> <Sync> <CReg>

State 7 <SV = 5> <Delay = 2.15>
ST_7 : Operation 99 [2/4] (2.15ns) (root node of the DSP)   --->   "%mul_ln1115 = mul i33 %sext_ln1115, i33 %sext_ln1115_1"   --->   Operation 99 'mul' 'mul_ln1115' <Predicate = true> <Delay = 2.15> <CoreInst = "DSP48">   --->   Core 119 'DSP48' <Latency = 3> <II = 1> <Delay = 2.15> <IPBlock> <Opcode : 'mul' 'add' 'sub' 'select'> <InPorts = 0> <OutPorts = 1> <Sync> <CReg>

State 8 <SV = 6> <Delay = 3.64>
ST_8 : Operation 100 [1/1] (0.00ns)   --->   "%H_1_1_V_1_load_1 = load i18 %H_1_1_V_1"   --->   Operation 100 'load' 'H_1_1_V_1_load_1' <Predicate = true> <Delay = 0.00>
ST_8 : Operation 101 [1/1] (0.00ns)   --->   "%H_1_1_V_9_load_1 = load i18 %H_1_1_V_9"   --->   Operation 101 'load' 'H_1_1_V_9_load_1' <Predicate = true> <Delay = 0.00>
ST_8 : Operation 102 [1/1] (0.00ns)   --->   "%H_1_1_V_14_load_1 = load i18 %H_1_1_V_14"   --->   Operation 102 'load' 'H_1_1_V_14_load_1' <Predicate = true> <Delay = 0.00>
ST_8 : Operation 103 [1/1] (0.00ns)   --->   "%H_1_1_V_15_load_1 = load i18 %H_1_1_V_15"   --->   Operation 103 'load' 'H_1_1_V_15_load_1' <Predicate = true> <Delay = 0.00>
ST_8 : Operation 104 [1/4] (0.00ns) (root node of the DSP)   --->   "%mul_ln1115 = mul i33 %sext_ln1115, i33 %sext_ln1115_1"   --->   Operation 104 'mul' 'mul_ln1115' <Predicate = true> <Delay = 0.00> <CoreInst = "DSP48">   --->   Core 119 'DSP48' <Latency = 3> <II = 1> <Delay = 2.15> <IPBlock> <Opcode : 'mul' 'add' 'sub' 'select'> <InPorts = 0> <OutPorts = 1> <Sync> <CReg>
ST_8 : Operation 105 [1/1] (0.00ns)   --->   "%H_1_0_V = partselect i18 @_ssdm_op_PartSelect.i18.i33.i32.i32, i33 %mul_ln1115, i32 15, i32 32"   --->   Operation 105 'partselect' 'H_1_0_V' <Predicate = true> <Delay = 0.00>
ST_8 : Operation 106 [1/1] (0.75ns)   --->   "%H_1_1_V_17 = select i1 %trunc_ln1118, i18 %H_1_0_V, i18 %H_1_1_V_15_load_1" [MPCwithMADS_fxd/generatePollDirections.cpp:64]   --->   Operation 106 'select' 'H_1_1_V_17' <Predicate = true> <Delay = 0.75> <CoreInst = "Sel">   --->   Core 73 'Sel' <Latency = 0> <II = 1> <Delay = 0.99> <FuncUnit> <Opcode : 'select'> <InPorts = 3> <OutPorts = 1>
ST_8 : Operation 107 [1/1] (0.00ns) (grouped into LUT with out node H_1_1_V_6)   --->   "%H_1_1_V_18 = select i1 %trunc_ln1118, i18 %H_1_1_V_14_load_1, i18 %H_1_0_V" [MPCwithMADS_fxd/generatePollDirections.cpp:64]   --->   Operation 107 'select' 'H_1_1_V_18' <Predicate = (empty_58)> <Delay = 0.00> <CoreInst = "Sel">   --->   Core 73 'Sel' <Latency = 0> <II = 1> <Delay = 0.99> <FuncUnit> <Opcode : 'select'> <InPorts = 3> <OutPorts = 1>
ST_8 : Operation 108 [1/1] (0.00ns) (grouped into LUT with out node H_1_1_V_7)   --->   "%H_1_1_V = select i1 %trunc_ln1118, i18 %H_1_0_V, i18 %H_1_1_V_9_load_1" [MPCwithMADS_fxd/generatePollDirections.cpp:64]   --->   Operation 108 'select' 'H_1_1_V' <Predicate = (!empty_58)> <Delay = 0.00> <CoreInst = "Sel">   --->   Core 73 'Sel' <Latency = 0> <II = 1> <Delay = 0.99> <FuncUnit> <Opcode : 'select'> <InPorts = 3> <OutPorts = 1>
ST_8 : Operation 109 [1/1] (0.75ns)   --->   "%H_1_1_V_19 = select i1 %trunc_ln1118, i18 %H_1_1_V_1_load_1, i18 %H_1_0_V" [MPCwithMADS_fxd/generatePollDirections.cpp:64]   --->   Operation 109 'select' 'H_1_1_V_19' <Predicate = true> <Delay = 0.75> <CoreInst = "Sel">   --->   Core 73 'Sel' <Latency = 0> <II = 1> <Delay = 0.99> <FuncUnit> <Opcode : 'select'> <InPorts = 3> <OutPorts = 1>
ST_8 : Operation 110 [1/1] (0.75ns) (out node of the LUT)   --->   "%H_1_1_V_5 = select i1 %empty_58, i18 %H_1_1_V_17, i18 %H_1_1_V_15_load_1" [MPCwithMADS_fxd/generatePollDirections.cpp:62]   --->   Operation 110 'select' 'H_1_1_V_5' <Predicate = (!icmp_ln65)> <Delay = 0.75> <CoreInst = "Sel">   --->   Core 73 'Sel' <Latency = 0> <II = 1> <Delay = 0.99> <FuncUnit> <Opcode : 'select'> <InPorts = 3> <OutPorts = 1>
ST_8 : Operation 111 [1/1] (0.75ns) (out node of the LUT)   --->   "%H_1_1_V_6 = select i1 %empty_58, i18 %H_1_1_V_18, i18 %H_1_1_V_14_load_1" [MPCwithMADS_fxd/generatePollDirections.cpp:62]   --->   Operation 111 'select' 'H_1_1_V_6' <Predicate = true> <Delay = 0.75> <CoreInst = "Sel">   --->   Core 73 'Sel' <Latency = 0> <II = 1> <Delay = 0.99> <FuncUnit> <Opcode : 'select'> <InPorts = 3> <OutPorts = 1>
ST_8 : Operation 112 [1/1] (0.75ns) (out node of the LUT)   --->   "%H_1_1_V_7 = select i1 %empty_58, i18 %H_1_1_V_9_load_1, i18 %H_1_1_V" [MPCwithMADS_fxd/generatePollDirections.cpp:62]   --->   Operation 112 'select' 'H_1_1_V_7' <Predicate = true> <Delay = 0.75> <CoreInst = "Sel">   --->   Core 73 'Sel' <Latency = 0> <II = 1> <Delay = 0.99> <FuncUnit> <Opcode : 'select'> <InPorts = 3> <OutPorts = 1>
ST_8 : Operation 113 [1/1] (0.75ns) (out node of the LUT)   --->   "%H_1_1_V_8 = select i1 %empty_58, i18 %H_1_1_V_1_load_1, i18 %H_1_1_V_19" [MPCwithMADS_fxd/generatePollDirections.cpp:62]   --->   Operation 113 'select' 'H_1_1_V_8' <Predicate = (!icmp_ln65)> <Delay = 0.75> <CoreInst = "Sel">   --->   Core 73 'Sel' <Latency = 0> <II = 1> <Delay = 0.99> <FuncUnit> <Opcode : 'select'> <InPorts = 3> <OutPorts = 1>
ST_8 : Operation 114 [1/1] (0.00ns) (grouped into LUT with out node H_0_0_V)   --->   "%select_ln703 = select i1 %empty_58, i18 %H_1_1_V_17, i18 %H_1_1_V_19"   --->   Operation 114 'select' 'select_ln703' <Predicate = true> <Delay = 0.00> <CoreInst = "Sel">   --->   Core 73 'Sel' <Latency = 0> <II = 1> <Delay = 0.99> <FuncUnit> <Opcode : 'select'> <InPorts = 3> <OutPorts = 1>
ST_8 : Operation 115 [1/1] (2.13ns) (out node of the LUT)   --->   "%H_0_0_V = add i18 %select_ln703, i18 32768"   --->   Operation 115 'add' 'H_0_0_V' <Predicate = true> <Delay = 2.13> <CoreInst = "Adder">   --->   Core 1 'Adder' <Latency = 0> <II = 1> <Delay = 1.87> <FuncUnit> <Opcode : 'add' 'sub'> <InPorts = 2> <OutPorts = 1>
ST_8 : Operation 116 [1/1] (0.00ns) (grouped into LUT with out node H_1_1_V_23)   --->   "%H_1_1_V_21 = select i1 %empty_58, i18 %H_0_0_V, i18 %H_1_1_V_15_load_1"   --->   Operation 116 'select' 'H_1_1_V_21' <Predicate = (icmp_ln65)> <Delay = 0.00> <CoreInst = "Sel">   --->   Core 73 'Sel' <Latency = 0> <II = 1> <Delay = 0.99> <FuncUnit> <Opcode : 'select'> <InPorts = 3> <OutPorts = 1>
ST_8 : Operation 117 [1/1] (0.00ns) (grouped into LUT with out node H_1_1_V_24)   --->   "%H_1_1_V_22 = select i1 %empty_58, i18 %H_1_1_V_1_load_1, i18 %H_0_0_V"   --->   Operation 117 'select' 'H_1_1_V_22' <Predicate = (icmp_ln65)> <Delay = 0.00> <CoreInst = "Sel">   --->   Core 73 'Sel' <Latency = 0> <II = 1> <Delay = 0.99> <FuncUnit> <Opcode : 'select'> <InPorts = 3> <OutPorts = 1>
ST_8 : Operation 118 [1/1] (0.75ns) (out node of the LUT)   --->   "%H_1_1_V_23 = select i1 %icmp_ln65, i18 %H_1_1_V_21, i18 %H_1_1_V_5" [MPCwithMADS_fxd/generatePollDirections.cpp:65]   --->   Operation 118 'select' 'H_1_1_V_23' <Predicate = true> <Delay = 0.75> <CoreInst = "Sel">   --->   Core 73 'Sel' <Latency = 0> <II = 1> <Delay = 0.99> <FuncUnit> <Opcode : 'select'> <InPorts = 3> <OutPorts = 1>
ST_8 : Operation 119 [1/1] (0.75ns) (out node of the LUT)   --->   "%H_1_1_V_24 = select i1 %icmp_ln65, i18 %H_1_1_V_22, i18 %H_1_1_V_8" [MPCwithMADS_fxd/generatePollDirections.cpp:65]   --->   Operation 119 'select' 'H_1_1_V_24' <Predicate = true> <Delay = 0.75> <CoreInst = "Sel">   --->   Core 73 'Sel' <Latency = 0> <II = 1> <Delay = 0.99> <FuncUnit> <Opcode : 'select'> <InPorts = 3> <OutPorts = 1>
ST_8 : Operation 120 [1/1] (0.00ns)   --->   "%store_ln65 = store i18 %H_1_1_V_23, i18 %H_1_1_V_15" [MPCwithMADS_fxd/generatePollDirections.cpp:65]   --->   Operation 120 'store' 'store_ln65' <Predicate = true> <Delay = 0.00>
ST_8 : Operation 121 [1/1] (0.00ns)   --->   "%store_ln62 = store i18 %H_1_1_V_6, i18 %H_1_1_V_14" [MPCwithMADS_fxd/generatePollDirections.cpp:62]   --->   Operation 121 'store' 'store_ln62' <Predicate = true> <Delay = 0.00>
ST_8 : Operation 122 [1/1] (0.00ns)   --->   "%store_ln62 = store i18 %H_1_1_V_7, i18 %H_1_1_V_9" [MPCwithMADS_fxd/generatePollDirections.cpp:62]   --->   Operation 122 'store' 'store_ln62' <Predicate = true> <Delay = 0.00>

State 9 <SV = 7> <Delay = 1.58>
ST_9 : Operation 123 [1/1] (0.00ns)   --->   "%specloopname_ln63 = specloopname void @_ssdm_op_SpecLoopName, void @empty_10" [MPCwithMADS_fxd/generatePollDirections.cpp:63]   --->   Operation 123 'specloopname' 'specloopname_ln63' <Predicate = true> <Delay = 0.00>
ST_9 : Operation 124 [1/1] (1.58ns)   --->   "%store_ln65 = store i18 %H_1_1_V_24, i18 %H_1_1_V_1" [MPCwithMADS_fxd/generatePollDirections.cpp:65]   --->   Operation 124 'store' 'store_ln65' <Predicate = true> <Delay = 1.58>
ST_9 : Operation 125 [1/1] (0.00ns)   --->   "%br_ln0 = br void %_ZN8ap_fixedILi18ELi3EL9ap_q_mode5EL9ap_o_mode3ELi0EEC2ILi68ELi38ELb1ELS0_5ELS1_3ELi0EEERK13ap_fixed_baseIXT_EXT0_EXT1_EXT2_EXT3_EXT4_EE.exit.i"   --->   Operation 125 'br' 'br_ln0' <Predicate = true> <Delay = 0.00>

State 10 <SV = 3> <Delay = 1.58>
ST_10 : Operation 126 [1/1] (0.00ns)   --->   "%i_4 = phi i2 %add_ln34, void, i2 0, void %_Z25generateHouseholderMatrixP8ap_fixedILi18ELi3EL9ap_q_mode5EL9ap_o_mode3ELi0EEPA2_S2_.exit.preheader" [MPCwithMADS_fxd/generatePollDirections.cpp:34]   --->   Operation 126 'phi' 'i_4' <Predicate = true> <Delay = 0.00>
ST_10 : Operation 127 [1/1] (1.56ns)   --->   "%add_ln34 = add i2 %i_4, i2 1" [MPCwithMADS_fxd/generatePollDirections.cpp:34]   --->   Operation 127 'add' 'add_ln34' <Predicate = true> <Delay = 1.56> <CoreInst = "Adder">   --->   Core 1 'Adder' <Latency = 0> <II = 1> <Delay = 1.87> <FuncUnit> <Opcode : 'add' 'sub'> <InPorts = 2> <OutPorts = 1>
ST_10 : Operation 128 [1/1] (0.95ns)   --->   "%icmp_ln34 = icmp_eq  i2 %i_4, i2 2" [MPCwithMADS_fxd/generatePollDirections.cpp:34]   --->   Operation 128 'icmp' 'icmp_ln34' <Predicate = true> <Delay = 0.95> <CoreInst = "Cmp">   --->   Core 9 'Cmp' <Latency = 0> <II = 1> <Delay = 2.52> <FuncUnit> <Opcode : 'icmp'> <InPorts = 2> <OutPorts = 1>
ST_10 : Operation 129 [1/1] (0.00ns)   --->   "%empty_61 = speclooptripcount i32 @_ssdm_op_SpecLoopTripCount, i64 2, i64 2, i64 2"   --->   Operation 129 'speclooptripcount' 'empty_61' <Predicate = true> <Delay = 0.00>
ST_10 : Operation 130 [1/1] (0.00ns)   --->   "%br_ln34 = br i1 %icmp_ln34, void %.split6, void %.preheader.preheader" [MPCwithMADS_fxd/generatePollDirections.cpp:34]   --->   Operation 130 'br' 'br_ln34' <Predicate = true> <Delay = 0.00>
ST_10 : Operation 131 [1/1] (0.00ns)   --->   "%specloopname_ln34 = specloopname void @_ssdm_op_SpecLoopName, void @empty_2" [MPCwithMADS_fxd/generatePollDirections.cpp:34]   --->   Operation 131 'specloopname' 'specloopname_ln34' <Predicate = (!icmp_ln34)> <Delay = 0.00>
ST_10 : Operation 132 [1/1] (0.00ns)   --->   "%empty_62 = trunc i2 %i_4" [MPCwithMADS_fxd/generatePollDirections.cpp:34]   --->   Operation 132 'trunc' 'empty_62' <Predicate = (!icmp_ln34)> <Delay = 0.00>
ST_10 : Operation 133 [1/1] (1.12ns)   --->   "%r_V_9 = select i1 %empty_62, i36 %mesh_V_1_011, i36 %mesh_V_0_010" [MPCwithMADS_fxd/generatePollDirections.cpp:34]   --->   Operation 133 'select' 'r_V_9' <Predicate = (!icmp_ln34)> <Delay = 1.12> <CoreInst = "Sel">   --->   Core 73 'Sel' <Latency = 0> <II = 1> <Delay = 0.99> <FuncUnit> <Opcode : 'select'> <InPorts = 3> <OutPorts = 1>
ST_10 : Operation 134 [1/1] (0.00ns)   --->   "%zext_ln35 = zext i36 %r_V_9" [MPCwithMADS_fxd/generatePollDirections.cpp:35]   --->   Operation 134 'zext' 'zext_ln35' <Predicate = (!icmp_ln34)> <Delay = 0.00>
ST_10 : Operation 135 [1/1] (0.97ns)   --->   "%sel_tmp30 = xor i1 %empty_62, i1 1" [MPCwithMADS_fxd/generatePollDirections.cpp:34]   --->   Operation 135 'xor' 'sel_tmp30' <Predicate = (!icmp_ln34)> <Delay = 0.97> <CoreInst = "LogicGate">   --->   Core 74 'LogicGate' <Latency = 0> <II = 1> <Delay = 0.96> <FuncUnit> <Opcode : 'and' 'or' 'xor'> <InPorts = 2> <OutPorts = 1>
ST_10 : Operation 136 [1/1] (1.58ns)   --->   "%br_ln35 = br void %_ZNK13ap_fixed_baseILi18ELi3ELb1EL9ap_q_mode5EL9ap_o_mode3ELi0EEgtILi1ELi0ELb0ELS0_5ELS1_3ELi0EEEbRKS_IXT_EXT0_EXT1_EXT2_EXT3_EXT4_EE.exit" [MPCwithMADS_fxd/generatePollDirections.cpp:35]   --->   Operation 136 'br' 'br_ln35' <Predicate = (!icmp_ln34)> <Delay = 1.58>
ST_10 : Operation 137 [1/1] (1.58ns)   --->   "%br_ln45 = br void %.preheader" [MPCwithMADS_fxd/generatePollDirections.cpp:45]   --->   Operation 137 'br' 'br_ln45' <Predicate = (icmp_ln34)> <Delay = 1.58>

State 11 <SV = 4> <Delay = 7.19>
ST_11 : Operation 138 [1/1] (0.00ns)   --->   "%j_1 = phi i2 0, void %.split6, i2 %add_ln35, void %_ZNK13ap_fixed_baseILi18ELi3ELb1EL9ap_q_mode5EL9ap_o_mode3ELi0EEgtILi1ELi0ELb0ELS0_5ELS1_3ELi0EEEbRKS_IXT_EXT0_EXT1_EXT2_EXT3_EXT4_EE.exit.split_ifconv" [MPCwithMADS_fxd/generatePollDirections.cpp:35]   --->   Operation 138 'phi' 'j_1' <Predicate = true> <Delay = 0.00>
ST_11 : Operation 139 [1/1] (1.56ns)   --->   "%add_ln35 = add i2 %j_1, i2 1" [MPCwithMADS_fxd/generatePollDirections.cpp:35]   --->   Operation 139 'add' 'add_ln35' <Predicate = true> <Delay = 1.56> <CoreInst = "Adder">   --->   Core 1 'Adder' <Latency = 0> <II = 1> <Delay = 1.87> <FuncUnit> <Opcode : 'add' 'sub'> <InPorts = 2> <OutPorts = 1>
ST_11 : Operation 140 [1/1] (0.95ns)   --->   "%icmp_ln35 = icmp_eq  i2 %j_1, i2 2" [MPCwithMADS_fxd/generatePollDirections.cpp:35]   --->   Operation 140 'icmp' 'icmp_ln35' <Predicate = true> <Delay = 0.95> <CoreInst = "Cmp">   --->   Core 9 'Cmp' <Latency = 0> <II = 1> <Delay = 2.52> <FuncUnit> <Opcode : 'icmp'> <InPorts = 2> <OutPorts = 1>
ST_11 : Operation 141 [1/1] (0.00ns)   --->   "%empty_63 = speclooptripcount i32 @_ssdm_op_SpecLoopTripCount, i64 2, i64 2, i64 2"   --->   Operation 141 'speclooptripcount' 'empty_63' <Predicate = true> <Delay = 0.00>
ST_11 : Operation 142 [1/1] (0.00ns)   --->   "%br_ln35 = br i1 %icmp_ln35, void %_ZNK13ap_fixed_baseILi18ELi3ELb1EL9ap_q_mode5EL9ap_o_mode3ELi0EEgtILi1ELi0ELb0ELS0_5ELS1_3ELi0EEEbRKS_IXT_EXT0_EXT1_EXT2_EXT3_EXT4_EE.exit.split_ifconv, void" [MPCwithMADS_fxd/generatePollDirections.cpp:35]   --->   Operation 142 'br' 'br_ln35' <Predicate = true> <Delay = 0.00>
ST_11 : Operation 143 [1/1] (0.00ns)   --->   "%H_V_0_0_5_load = load i18 %H_V_0_0_5"   --->   Operation 143 'load' 'H_V_0_0_5_load' <Predicate = (!icmp_ln35)> <Delay = 0.00>
ST_11 : Operation 144 [1/1] (0.00ns)   --->   "%H_V_0_1_3_load = load i18 %H_V_0_1_3"   --->   Operation 144 'load' 'H_V_0_1_3_load' <Predicate = (!icmp_ln35)> <Delay = 0.00>
ST_11 : Operation 145 [1/1] (0.00ns)   --->   "%H_V_1_0_3_load = load i18 %H_V_1_0_3"   --->   Operation 145 'load' 'H_V_1_0_3_load' <Predicate = (!icmp_ln35)> <Delay = 0.00>
ST_11 : Operation 146 [1/1] (0.00ns)   --->   "%H_V_1_1_5_load = load i18 %H_V_1_1_5"   --->   Operation 146 'load' 'H_V_1_1_5_load' <Predicate = (!icmp_ln35)> <Delay = 0.00>
ST_11 : Operation 147 [1/1] (0.00ns)   --->   "%trunc_ln1494 = trunc i2 %j_1"   --->   Operation 147 'trunc' 'trunc_ln1494' <Predicate = (!icmp_ln35)> <Delay = 0.00>
ST_11 : Operation 148 [1/1] (0.00ns) (grouped into LUT with out node phi_ln1494)   --->   "%select_ln1494_1 = select i1 %trunc_ln1494, i18 %H_V_1_1_5_load, i18 %H_V_1_0_3_load"   --->   Operation 148 'select' 'select_ln1494_1' <Predicate = (!icmp_ln35 & empty_62)> <Delay = 0.00> <CoreInst = "Sel">   --->   Core 73 'Sel' <Latency = 0> <II = 1> <Delay = 0.99> <FuncUnit> <Opcode : 'select'> <InPorts = 3> <OutPorts = 1>
ST_11 : Operation 149 [1/1] (0.75ns) (out node of the LUT)   --->   "%select_ln1494 = select i1 %trunc_ln1494, i18 %H_V_0_1_3_load, i18 %H_V_0_0_5_load"   --->   Operation 149 'select' 'select_ln1494' <Predicate = (!icmp_ln35 & !empty_62)> <Delay = 0.75> <CoreInst = "Sel">   --->   Core 73 'Sel' <Latency = 0> <II = 1> <Delay = 0.99> <FuncUnit> <Opcode : 'select'> <InPorts = 3> <OutPorts = 1>
ST_11 : Operation 150 [1/1] (0.75ns) (out node of the LUT)   --->   "%phi_ln1494 = select i1 %empty_62, i18 %select_ln1494_1, i18 %select_ln1494" [MPCwithMADS_fxd/generatePollDirections.cpp:34]   --->   Operation 150 'select' 'phi_ln1494' <Predicate = (!icmp_ln35)> <Delay = 0.75> <CoreInst = "Sel">   --->   Core 73 'Sel' <Latency = 0> <II = 1> <Delay = 0.99> <FuncUnit> <Opcode : 'select'> <InPorts = 3> <OutPorts = 1>
ST_11 : Operation 151 [1/1] (0.00ns) (grouped into LUT with out node empty_65)   --->   "%trunc_ln1494_1 = trunc i18 %phi_ln1494"   --->   Operation 151 'trunc' 'trunc_ln1494_1' <Predicate = (!icmp_ln35)> <Delay = 0.00>
ST_11 : Operation 152 [1/1] (2.43ns)   --->   "%icmp_ln1494 = icmp_sgt  i18 %phi_ln1494, i18 16384"   --->   Operation 152 'icmp' 'icmp_ln1494' <Predicate = (!icmp_ln35)> <Delay = 2.43> <CoreInst = "Cmp">   --->   Core 9 'Cmp' <Latency = 0> <II = 1> <Delay = 2.52> <FuncUnit> <Opcode : 'icmp'> <InPorts = 2> <OutPorts = 1>
ST_11 : Operation 153 [1/1] (2.43ns)   --->   "%icmp_ln1495 = icmp_slt  i18 %phi_ln1494, i18 245760"   --->   Operation 153 'icmp' 'icmp_ln1495' <Predicate = (!icmp_ln35)> <Delay = 2.43> <CoreInst = "Cmp">   --->   Core 9 'Cmp' <Latency = 0> <II = 1> <Delay = 2.52> <FuncUnit> <Opcode : 'icmp'> <InPorts = 2> <OutPorts = 1>
ST_11 : Operation 154 [1/1] (0.00ns) (grouped into LUT with out node sel_tmp8)   --->   "%select_ln37_2 = select i1 %trunc_ln1494, i18 16384, i18 %H_V_1_1_5_load" [MPCwithMADS_fxd/generatePollDirections.cpp:37]   --->   Operation 154 'select' 'select_ln37_2' <Predicate = (!icmp_ln35)> <Delay = 0.00> <CoreInst = "Sel">   --->   Core 73 'Sel' <Latency = 0> <II = 1> <Delay = 0.99> <FuncUnit> <Opcode : 'select'> <InPorts = 3> <OutPorts = 1>
ST_11 : Operation 155 [1/1] (0.00ns) (grouped into LUT with out node sel_tmp21)   --->   "%select_ln37_3 = select i1 %trunc_ln1494, i18 %H_V_1_0_3_load, i18 16384" [MPCwithMADS_fxd/generatePollDirections.cpp:37]   --->   Operation 155 'select' 'select_ln37_3' <Predicate = (!icmp_ln35)> <Delay = 0.00> <CoreInst = "Sel">   --->   Core 73 'Sel' <Latency = 0> <II = 1> <Delay = 0.99> <FuncUnit> <Opcode : 'select'> <InPorts = 3> <OutPorts = 1>
ST_11 : Operation 156 [1/1] (0.00ns) (grouped into LUT with out node sel_tmp34)   --->   "%select_ln37 = select i1 %trunc_ln1494, i18 16384, i18 %H_V_0_1_3_load" [MPCwithMADS_fxd/generatePollDirections.cpp:37]   --->   Operation 156 'select' 'select_ln37' <Predicate = (!icmp_ln35)> <Delay = 0.00> <CoreInst = "Sel">   --->   Core 73 'Sel' <Latency = 0> <II = 1> <Delay = 0.99> <FuncUnit> <Opcode : 'select'> <InPorts = 3> <OutPorts = 1>
ST_11 : Operation 157 [1/1] (0.00ns) (grouped into LUT with out node sel_tmp47)   --->   "%select_ln37_1 = select i1 %trunc_ln1494, i18 %H_V_0_0_5_load, i18 16384" [MPCwithMADS_fxd/generatePollDirections.cpp:37]   --->   Operation 157 'select' 'select_ln37_1' <Predicate = (!icmp_ln35)> <Delay = 0.00> <CoreInst = "Sel">   --->   Core 73 'Sel' <Latency = 0> <II = 1> <Delay = 0.99> <FuncUnit> <Opcode : 'select'> <InPorts = 3> <OutPorts = 1>
ST_11 : Operation 158 [1/1] (0.00ns) (grouped into LUT with out node H_V_1_1_9)   --->   "%select_ln39_2 = select i1 %trunc_ln1494, i18 245760, i18 %H_V_1_1_5_load" [MPCwithMADS_fxd/generatePollDirections.cpp:39]   --->   Operation 158 'select' 'select_ln39_2' <Predicate = (!icmp_ln35)> <Delay = 0.00> <CoreInst = "Sel">   --->   Core 73 'Sel' <Latency = 0> <II = 1> <Delay = 0.99> <FuncUnit> <Opcode : 'select'> <InPorts = 3> <OutPorts = 1>
ST_11 : Operation 159 [1/1] (0.00ns) (grouped into LUT with out node H_V_1_0_7)   --->   "%select_ln39_3 = select i1 %trunc_ln1494, i18 %H_V_1_0_3_load, i18 245760" [MPCwithMADS_fxd/generatePollDirections.cpp:39]   --->   Operation 159 'select' 'select_ln39_3' <Predicate = (!icmp_ln35)> <Delay = 0.00> <CoreInst = "Sel">   --->   Core 73 'Sel' <Latency = 0> <II = 1> <Delay = 0.99> <FuncUnit> <Opcode : 'select'> <InPorts = 3> <OutPorts = 1>
ST_11 : Operation 160 [1/1] (0.00ns) (grouped into LUT with out node select_ln1495)   --->   "%select_ln39 = select i1 %trunc_ln1494, i18 245760, i18 %H_V_0_1_3_load" [MPCwithMADS_fxd/generatePollDirections.cpp:39]   --->   Operation 160 'select' 'select_ln39' <Predicate = (!icmp_ln35)> <Delay = 0.00> <CoreInst = "Sel">   --->   Core 73 'Sel' <Latency = 0> <II = 1> <Delay = 0.99> <FuncUnit> <Opcode : 'select'> <InPorts = 3> <OutPorts = 1>
ST_11 : Operation 161 [1/1] (0.00ns) (grouped into LUT with out node select_ln1495_1)   --->   "%select_ln39_1 = select i1 %trunc_ln1494, i18 %H_V_0_0_5_load, i18 245760" [MPCwithMADS_fxd/generatePollDirections.cpp:39]   --->   Operation 161 'select' 'select_ln39_1' <Predicate = (!icmp_ln35)> <Delay = 0.00> <CoreInst = "Sel">   --->   Core 73 'Sel' <Latency = 0> <II = 1> <Delay = 0.99> <FuncUnit> <Opcode : 'select'> <InPorts = 3> <OutPorts = 1>
ST_11 : Operation 162 [1/1] (0.97ns)   --->   "%sel_tmp7 = and i1 %icmp_ln1494, i1 %empty_62"   --->   Operation 162 'and' 'sel_tmp7' <Predicate = (!icmp_ln35)> <Delay = 0.97> <CoreInst = "LogicGate">   --->   Core 74 'LogicGate' <Latency = 0> <II = 1> <Delay = 0.96> <FuncUnit> <Opcode : 'and' 'or' 'xor'> <InPorts = 2> <OutPorts = 1>
ST_11 : Operation 163 [1/1] (0.75ns) (out node of the LUT)   --->   "%sel_tmp8 = select i1 %sel_tmp7, i18 %select_ln37_2, i18 %H_V_1_1_5_load"   --->   Operation 163 'select' 'sel_tmp8' <Predicate = (!icmp_ln35)> <Delay = 0.75> <CoreInst = "Sel">   --->   Core 73 'Sel' <Latency = 0> <II = 1> <Delay = 0.99> <FuncUnit> <Opcode : 'select'> <InPorts = 3> <OutPorts = 1>
ST_11 : Operation 164 [1/1] (0.00ns) (grouped into LUT with out node sel_tmp11)   --->   "%xor_ln1494 = xor i1 %icmp_ln1494, i1 1"   --->   Operation 164 'xor' 'xor_ln1494' <Predicate = (!icmp_ln35)> <Delay = 0.00> <CoreInst = "LogicGate">   --->   Core 74 'LogicGate' <Latency = 0> <II = 1> <Delay = 0.96> <FuncUnit> <Opcode : 'and' 'or' 'xor'> <InPorts = 2> <OutPorts = 1>
ST_11 : Operation 165 [1/1] (0.00ns) (grouped into LUT with out node sel_tmp11)   --->   "%tmp = and i1 %empty_62, i1 %xor_ln1494" [MPCwithMADS_fxd/generatePollDirections.cpp:34]   --->   Operation 165 'and' 'tmp' <Predicate = (!icmp_ln35)> <Delay = 0.00> <CoreInst = "LogicGate">   --->   Core 74 'LogicGate' <Latency = 0> <II = 1> <Delay = 0.96> <FuncUnit> <Opcode : 'and' 'or' 'xor'> <InPorts = 2> <OutPorts = 1>
ST_11 : Operation 166 [1/1] (0.97ns) (out node of the LUT)   --->   "%sel_tmp11 = and i1 %tmp, i1 %icmp_ln1495" [MPCwithMADS_fxd/generatePollDirections.cpp:34]   --->   Operation 166 'and' 'sel_tmp11' <Predicate = (!icmp_ln35)> <Delay = 0.97> <CoreInst = "LogicGate">   --->   Core 74 'LogicGate' <Latency = 0> <II = 1> <Delay = 0.96> <FuncUnit> <Opcode : 'and' 'or' 'xor'> <InPorts = 2> <OutPorts = 1>
ST_11 : Operation 167 [1/1] (0.75ns) (out node of the LUT)   --->   "%H_V_1_1_9 = select i1 %sel_tmp11, i18 %select_ln39_2, i18 %sel_tmp8" [MPCwithMADS_fxd/generatePollDirections.cpp:34]   --->   Operation 167 'select' 'H_V_1_1_9' <Predicate = (!icmp_ln35)> <Delay = 0.75> <CoreInst = "Sel">   --->   Core 73 'Sel' <Latency = 0> <II = 1> <Delay = 0.99> <FuncUnit> <Opcode : 'select'> <InPorts = 3> <OutPorts = 1>
ST_11 : Operation 168 [1/1] (0.75ns) (out node of the LUT)   --->   "%sel_tmp21 = select i1 %sel_tmp7, i18 %select_ln37_3, i18 %H_V_1_0_3_load"   --->   Operation 168 'select' 'sel_tmp21' <Predicate = (!icmp_ln35)> <Delay = 0.75> <CoreInst = "Sel">   --->   Core 73 'Sel' <Latency = 0> <II = 1> <Delay = 0.99> <FuncUnit> <Opcode : 'select'> <InPorts = 3> <OutPorts = 1>
ST_11 : Operation 169 [1/1] (0.75ns) (out node of the LUT)   --->   "%H_V_1_0_7 = select i1 %sel_tmp11, i18 %select_ln39_3, i18 %sel_tmp21" [MPCwithMADS_fxd/generatePollDirections.cpp:34]   --->   Operation 169 'select' 'H_V_1_0_7' <Predicate = (!icmp_ln35)> <Delay = 0.75> <CoreInst = "Sel">   --->   Core 73 'Sel' <Latency = 0> <II = 1> <Delay = 0.99> <FuncUnit> <Opcode : 'select'> <InPorts = 3> <OutPorts = 1>
ST_11 : Operation 170 [1/1] (0.97ns)   --->   "%or_ln1495 = or i1 %icmp_ln1494, i1 %icmp_ln1495"   --->   Operation 170 'or' 'or_ln1495' <Predicate = (!icmp_ln35)> <Delay = 0.97> <CoreInst = "LogicGate">   --->   Core 74 'LogicGate' <Latency = 0> <II = 1> <Delay = 0.96> <FuncUnit> <Opcode : 'and' 'or' 'xor'> <InPorts = 2> <OutPorts = 1>
ST_11 : Operation 171 [1/1] (0.75ns) (out node of the LUT)   --->   "%select_ln1495 = select i1 %or_ln1495, i18 %select_ln39, i18 %H_V_0_1_3_load"   --->   Operation 171 'select' 'select_ln1495' <Predicate = (!icmp_ln35)> <Delay = 0.75> <CoreInst = "Sel">   --->   Core 73 'Sel' <Latency = 0> <II = 1> <Delay = 0.99> <FuncUnit> <Opcode : 'select'> <InPorts = 3> <OutPorts = 1>
ST_11 : Operation 172 [1/1] (0.97ns)   --->   "%sel_tmp31 = and i1 %icmp_ln1494, i1 %sel_tmp30"   --->   Operation 172 'and' 'sel_tmp31' <Predicate = (!icmp_ln35)> <Delay = 0.97> <CoreInst = "LogicGate">   --->   Core 74 'LogicGate' <Latency = 0> <II = 1> <Delay = 0.96> <FuncUnit> <Opcode : 'and' 'or' 'xor'> <InPorts = 2> <OutPorts = 1>
ST_11 : Operation 173 [1/1] (0.00ns) (grouped into LUT with out node sel_tmp34)   --->   "%sel_tmp32 = select i1 %sel_tmp31, i18 %select_ln37, i18 %select_ln1495"   --->   Operation 173 'select' 'sel_tmp32' <Predicate = (!icmp_ln35)> <Delay = 0.00> <CoreInst = "Sel">   --->   Core 73 'Sel' <Latency = 0> <II = 1> <Delay = 0.99> <FuncUnit> <Opcode : 'select'> <InPorts = 3> <OutPorts = 1>
ST_11 : Operation 174 [1/1] (0.75ns) (out node of the LUT)   --->   "%sel_tmp34 = select i1 %sel_tmp7, i18 %H_V_0_1_3_load, i18 %sel_tmp32"   --->   Operation 174 'select' 'sel_tmp34' <Predicate = (!icmp_ln35)> <Delay = 0.75> <CoreInst = "Sel">   --->   Core 73 'Sel' <Latency = 0> <II = 1> <Delay = 0.99> <FuncUnit> <Opcode : 'select'> <InPorts = 3> <OutPorts = 1>
ST_11 : Operation 175 [1/1] (0.75ns) (out node of the LUT)   --->   "%H_V_0_1_7 = select i1 %sel_tmp11, i18 %H_V_0_1_3_load, i18 %sel_tmp34" [MPCwithMADS_fxd/generatePollDirections.cpp:34]   --->   Operation 175 'select' 'H_V_0_1_7' <Predicate = (!icmp_ln35)> <Delay = 0.75> <CoreInst = "Sel">   --->   Core 73 'Sel' <Latency = 0> <II = 1> <Delay = 0.99> <FuncUnit> <Opcode : 'select'> <InPorts = 3> <OutPorts = 1>
ST_11 : Operation 176 [1/1] (0.75ns) (out node of the LUT)   --->   "%select_ln1495_1 = select i1 %or_ln1495, i18 %select_ln39_1, i18 %H_V_0_0_5_load"   --->   Operation 176 'select' 'select_ln1495_1' <Predicate = (!icmp_ln35)> <Delay = 0.75> <CoreInst = "Sel">   --->   Core 73 'Sel' <Latency = 0> <II = 1> <Delay = 0.99> <FuncUnit> <Opcode : 'select'> <InPorts = 3> <OutPorts = 1>
ST_11 : Operation 177 [1/1] (0.00ns) (grouped into LUT with out node sel_tmp47)   --->   "%sel_tmp45 = select i1 %sel_tmp31, i18 %select_ln37_1, i18 %select_ln1495_1"   --->   Operation 177 'select' 'sel_tmp45' <Predicate = (!icmp_ln35)> <Delay = 0.00> <CoreInst = "Sel">   --->   Core 73 'Sel' <Latency = 0> <II = 1> <Delay = 0.99> <FuncUnit> <Opcode : 'select'> <InPorts = 3> <OutPorts = 1>
ST_11 : Operation 178 [1/1] (0.75ns) (out node of the LUT)   --->   "%sel_tmp47 = select i1 %sel_tmp7, i18 %H_V_0_0_5_load, i18 %sel_tmp45"   --->   Operation 178 'select' 'sel_tmp47' <Predicate = (!icmp_ln35)> <Delay = 0.75> <CoreInst = "Sel">   --->   Core 73 'Sel' <Latency = 0> <II = 1> <Delay = 0.99> <FuncUnit> <Opcode : 'select'> <InPorts = 3> <OutPorts = 1>
ST_11 : Operation 179 [1/1] (0.75ns) (out node of the LUT)   --->   "%H_V_0_0_9 = select i1 %sel_tmp11, i18 %H_V_0_0_5_load, i18 %sel_tmp47" [MPCwithMADS_fxd/generatePollDirections.cpp:34]   --->   Operation 179 'select' 'H_V_0_0_9' <Predicate = (!icmp_ln35)> <Delay = 0.75> <CoreInst = "Sel">   --->   Core 73 'Sel' <Latency = 0> <II = 1> <Delay = 0.99> <FuncUnit> <Opcode : 'select'> <InPorts = 3> <OutPorts = 1>
ST_11 : Operation 180 [1/1] (0.00ns) (grouped into LUT with out node empty_65)   --->   "%sel_tmp55 = select i1 %sel_tmp31, i16 16384, i16 49152"   --->   Operation 180 'select' 'sel_tmp55' <Predicate = (!icmp_ln35)> <Delay = 0.00> <CoreInst = "Sel">   --->   Core 73 'Sel' <Latency = 0> <II = 1> <Delay = 0.99> <FuncUnit> <Opcode : 'select'> <InPorts = 3> <OutPorts = 1>
ST_11 : Operation 181 [1/1] (0.00ns) (grouped into LUT with out node empty_65)   --->   "%sel_tmp58 = select i1 %or_ln1495, i16 %sel_tmp55, i16 %trunc_ln1494_1"   --->   Operation 181 'select' 'sel_tmp58' <Predicate = (!icmp_ln35)> <Delay = 0.00> <CoreInst = "Sel">   --->   Core 73 'Sel' <Latency = 0> <II = 1> <Delay = 0.99> <FuncUnit> <Opcode : 'select'> <InPorts = 3> <OutPorts = 1>
ST_11 : Operation 182 [1/1] (0.00ns) (grouped into LUT with out node empty_65)   --->   "%sel_tmp60 = select i1 %sel_tmp11, i16 49152, i16 16384" [MPCwithMADS_fxd/generatePollDirections.cpp:34]   --->   Operation 182 'select' 'sel_tmp60' <Predicate = (!icmp_ln35)> <Delay = 0.00> <CoreInst = "Sel">   --->   Core 73 'Sel' <Latency = 0> <II = 1> <Delay = 0.99> <FuncUnit> <Opcode : 'select'> <InPorts = 3> <OutPorts = 1>
ST_11 : Operation 183 [1/1] (0.00ns) (grouped into LUT with out node empty_65)   --->   "%empty_64 = or i1 %sel_tmp11, i1 %sel_tmp7" [MPCwithMADS_fxd/generatePollDirections.cpp:34]   --->   Operation 183 'or' 'empty_64' <Predicate = (!icmp_ln35)> <Delay = 0.00> <CoreInst = "LogicGate">   --->   Core 74 'LogicGate' <Latency = 0> <II = 1> <Delay = 0.96> <FuncUnit> <Opcode : 'and' 'or' 'xor'> <InPorts = 2> <OutPorts = 1>
ST_11 : Operation 184 [1/1] (0.97ns) (out node of the LUT)   --->   "%empty_65 = select i1 %empty_64, i16 %sel_tmp60, i16 %sel_tmp58" [MPCwithMADS_fxd/generatePollDirections.cpp:34]   --->   Operation 184 'select' 'empty_65' <Predicate = (!icmp_ln35)> <Delay = 0.97> <CoreInst = "Sel">   --->   Core 73 'Sel' <Latency = 0> <II = 1> <Delay = 0.99> <FuncUnit> <Opcode : 'select'> <InPorts = 3> <OutPorts = 1>
ST_11 : Operation 185 [1/1] (0.00ns)   --->   "%br_ln0 = br void %_Z25generateHouseholderMatrixP8ap_fixedILi18ELi3EL9ap_q_mode5EL9ap_o_mode3ELi0EEPA2_S2_.exit"   --->   Operation 185 'br' 'br_ln0' <Predicate = (icmp_ln35)> <Delay = 0.00>

State 12 <SV = 5> <Delay = 6.91>
ST_12 : Operation 186 [1/1] (0.00ns)   --->   "%sext_ln1118 = sext i16 %empty_65"   --->   Operation 186 'sext' 'sext_ln1118' <Predicate = true> <Delay = 0.00>
ST_12 : Operation 187 [2/2] (6.91ns)   --->   "%r_V_12 = mul i51 %zext_ln35, i51 %sext_ln1118"   --->   Operation 187 'mul' 'r_V_12' <Predicate = true> <Delay = 6.91> <CoreInst = "Multiplier">   --->   Core 3 'Multiplier' <Latency = 1> <II = 1> <Delay = 6.91> <FuncUnit> <Opcode : 'mul'> <InPorts = 2> <OutPorts = 1>
ST_12 : Operation 188 [1/1] (1.58ns)   --->   "%store_ln34 = store i18 %H_V_1_1_9, i18 %H_V_1_1_5" [MPCwithMADS_fxd/generatePollDirections.cpp:34]   --->   Operation 188 'store' 'store_ln34' <Predicate = true> <Delay = 1.58>
ST_12 : Operation 189 [1/1] (1.58ns)   --->   "%store_ln34 = store i18 %H_V_1_0_7, i18 %H_V_1_0_3" [MPCwithMADS_fxd/generatePollDirections.cpp:34]   --->   Operation 189 'store' 'store_ln34' <Predicate = true> <Delay = 1.58>
ST_12 : Operation 190 [1/1] (1.58ns)   --->   "%store_ln34 = store i18 %H_V_0_1_7, i18 %H_V_0_1_3" [MPCwithMADS_fxd/generatePollDirections.cpp:34]   --->   Operation 190 'store' 'store_ln34' <Predicate = true> <Delay = 1.58>
ST_12 : Operation 191 [1/1] (1.58ns)   --->   "%store_ln34 = store i18 %H_V_0_0_9, i18 %H_V_0_0_5" [MPCwithMADS_fxd/generatePollDirections.cpp:34]   --->   Operation 191 'store' 'store_ln34' <Predicate = true> <Delay = 1.58>

State 13 <SV = 6> <Delay = 6.91>
ST_13 : Operation 192 [1/2] (6.91ns)   --->   "%r_V_12 = mul i51 %zext_ln35, i51 %sext_ln1118"   --->   Operation 192 'mul' 'r_V_12' <Predicate = true> <Delay = 6.91> <CoreInst = "Multiplier">   --->   Core 3 'Multiplier' <Latency = 1> <II = 1> <Delay = 6.91> <FuncUnit> <Opcode : 'mul'> <InPorts = 2> <OutPorts = 1>

State 14 <SV = 7> <Delay = 6.44>
ST_14 : Operation 193 [2/2] (6.44ns)   --->   "%p_Val2_s = call i54 @round_fixed<54, 15>, i51 %r_V_12" [C:/Xilinx/Vitis_HLS/2020.2/common/technology/autopilot\hls_math.h:2171]   --->   Operation 193 'call' 'p_Val2_s' <Predicate = true> <Delay = 6.44> <CoreType = "Generic">   --->   Core 0 '' <Latency = 0> <II = 1> <Delay = 1.00> <Generic> <Opcode : >

State 15 <SV = 8> <Delay = 6.73>
ST_15 : Operation 194 [1/2] (4.21ns)   --->   "%p_Val2_s = call i54 @round_fixed<54, 15>, i51 %r_V_12" [C:/Xilinx/Vitis_HLS/2020.2/common/technology/autopilot\hls_math.h:2171]   --->   Operation 194 'call' 'p_Val2_s' <Predicate = true> <Delay = 4.21> <CoreType = "Generic">   --->   Core 0 '' <Latency = 0> <II = 1> <Delay = 1.00> <Generic> <Opcode : >
ST_15 : Operation 195 [1/1] (0.00ns)   --->   "%ret_V_cast = partselect i12 @_ssdm_op_PartSelect.i12.i54.i32.i32, i54 %p_Val2_s, i32 39, i32 50"   --->   Operation 195 'partselect' 'ret_V_cast' <Predicate = true> <Delay = 0.00>
ST_15 : Operation 196 [1/1] (0.00ns)   --->   "%trunc_ln851 = trunc i54 %p_Val2_s"   --->   Operation 196 'trunc' 'trunc_ln851' <Predicate = true> <Delay = 0.00>
ST_15 : Operation 197 [1/1] (2.52ns)   --->   "%icmp_ln851 = icmp_eq  i39 %trunc_ln851, i39 0"   --->   Operation 197 'icmp' 'icmp_ln851' <Predicate = true> <Delay = 2.52> <CoreInst = "Cmp">   --->   Core 9 'Cmp' <Latency = 0> <II = 1> <Delay = 2.52> <FuncUnit> <Opcode : 'icmp'> <InPorts = 2> <OutPorts = 1>

State 16 <SV = 9> <Delay = 2.94>
ST_16 : Operation 198 [1/1] (0.00ns)   --->   "%B_V_1_1_1_load = load i12 %B_V_1_1_1"   --->   Operation 198 'load' 'B_V_1_1_1_load' <Predicate = true> <Delay = 0.00>
ST_16 : Operation 199 [1/1] (0.00ns)   --->   "%B_V_1_1_9_load = load i12 %B_V_1_1_9"   --->   Operation 199 'load' 'B_V_1_1_9_load' <Predicate = true> <Delay = 0.00>
ST_16 : Operation 200 [1/1] (0.00ns)   --->   "%B_V_1_1_10_load = load i12 %B_V_1_1_10"   --->   Operation 200 'load' 'B_V_1_1_10_load' <Predicate = true> <Delay = 0.00>
ST_16 : Operation 201 [1/1] (0.00ns)   --->   "%B_V_1_1_11_load = load i12 %B_V_1_1_11"   --->   Operation 201 'load' 'B_V_1_1_11_load' <Predicate = true> <Delay = 0.00>
ST_16 : Operation 202 [1/1] (0.00ns)   --->   "%specloopname_ln35 = specloopname void @_ssdm_op_SpecLoopName, void @empty_0" [MPCwithMADS_fxd/generatePollDirections.cpp:35]   --->   Operation 202 'specloopname' 'specloopname_ln35' <Predicate = true> <Delay = 0.00>
ST_16 : Operation 203 [1/1] (0.00ns) (grouped into LUT with out node ret_V_2)   --->   "%p_Result_s = bitselect i1 @_ssdm_op_BitSelect.i1.i54.i32, i54 %p_Val2_s, i32 53"   --->   Operation 203 'bitselect' 'p_Result_s' <Predicate = true> <Delay = 0.00>
ST_16 : Operation 204 [1/1] (1.54ns)   --->   "%ret_V = add i12 %ret_V_cast, i12 1"   --->   Operation 204 'add' 'ret_V' <Predicate = (!icmp_ln851)> <Delay = 1.54> <CoreInst = "Adder">   --->   Core 1 'Adder' <Latency = 0> <II = 1> <Delay = 1.87> <FuncUnit> <Opcode : 'add' 'sub'> <InPorts = 2> <OutPorts = 1>
ST_16 : Operation 205 [1/1] (0.00ns) (grouped into LUT with out node ret_V_2)   --->   "%select_ln850 = select i1 %icmp_ln851, i12 %ret_V_cast, i12 %ret_V"   --->   Operation 205 'select' 'select_ln850' <Predicate = true> <Delay = 0.00> <CoreInst = "Sel">   --->   Core 73 'Sel' <Latency = 0> <II = 1> <Delay = 0.99> <FuncUnit> <Opcode : 'select'> <InPorts = 3> <OutPorts = 1>
ST_16 : Operation 206 [1/1] (0.69ns) (out node of the LUT)   --->   "%ret_V_2 = select i1 %p_Result_s, i12 %select_ln850, i12 %ret_V_cast"   --->   Operation 206 'select' 'ret_V_2' <Predicate = true> <Delay = 0.69> <CoreInst = "Sel">   --->   Core 73 'Sel' <Latency = 0> <II = 1> <Delay = 0.99> <FuncUnit> <Opcode : 'select'> <InPorts = 3> <OutPorts = 1>
ST_16 : Operation 207 [1/1] (0.00ns) (grouped into LUT with out node B_V_1_1_5)   --->   "%B_V_1_1_13 = select i1 %trunc_ln1494, i12 %ret_V_2, i12 %B_V_1_1_11_load" [MPCwithMADS_fxd/generatePollDirections.cpp:42]   --->   Operation 207 'select' 'B_V_1_1_13' <Predicate = (empty_62)> <Delay = 0.00> <CoreInst = "Sel">   --->   Core 73 'Sel' <Latency = 0> <II = 1> <Delay = 0.99> <FuncUnit> <Opcode : 'select'> <InPorts = 3> <OutPorts = 1>
ST_16 : Operation 208 [1/1] (0.00ns) (grouped into LUT with out node B_V_1_1_6)   --->   "%B_V_1_1_14 = select i1 %trunc_ln1494, i12 %B_V_1_1_10_load, i12 %ret_V_2" [MPCwithMADS_fxd/generatePollDirections.cpp:42]   --->   Operation 208 'select' 'B_V_1_1_14' <Predicate = (empty_62)> <Delay = 0.00> <CoreInst = "Sel">   --->   Core 73 'Sel' <Latency = 0> <II = 1> <Delay = 0.99> <FuncUnit> <Opcode : 'select'> <InPorts = 3> <OutPorts = 1>
ST_16 : Operation 209 [1/1] (0.00ns) (grouped into LUT with out node B_V_1_1_7)   --->   "%B_V_1_1 = select i1 %trunc_ln1494, i12 %ret_V_2, i12 %B_V_1_1_9_load" [MPCwithMADS_fxd/generatePollDirections.cpp:42]   --->   Operation 209 'select' 'B_V_1_1' <Predicate = (!empty_62)> <Delay = 0.00> <CoreInst = "Sel">   --->   Core 73 'Sel' <Latency = 0> <II = 1> <Delay = 0.99> <FuncUnit> <Opcode : 'select'> <InPorts = 3> <OutPorts = 1>
ST_16 : Operation 210 [1/1] (0.00ns) (grouped into LUT with out node B_V_1_1_8)   --->   "%B_V_1_1_15 = select i1 %trunc_ln1494, i12 %B_V_1_1_1_load, i12 %ret_V_2" [MPCwithMADS_fxd/generatePollDirections.cpp:42]   --->   Operation 210 'select' 'B_V_1_1_15' <Predicate = (!empty_62)> <Delay = 0.00> <CoreInst = "Sel">   --->   Core 73 'Sel' <Latency = 0> <II = 1> <Delay = 0.99> <FuncUnit> <Opcode : 'select'> <InPorts = 3> <OutPorts = 1>
ST_16 : Operation 211 [1/1] (0.69ns) (out node of the LUT)   --->   "%B_V_1_1_5 = select i1 %empty_62, i12 %B_V_1_1_13, i12 %B_V_1_1_11_load" [MPCwithMADS_fxd/generatePollDirections.cpp:34]   --->   Operation 211 'select' 'B_V_1_1_5' <Predicate = true> <Delay = 0.69> <CoreInst = "Sel">   --->   Core 73 'Sel' <Latency = 0> <II = 1> <Delay = 0.99> <FuncUnit> <Opcode : 'select'> <InPorts = 3> <OutPorts = 1>
ST_16 : Operation 212 [1/1] (0.69ns) (out node of the LUT)   --->   "%B_V_1_1_6 = select i1 %empty_62, i12 %B_V_1_1_14, i12 %B_V_1_1_10_load" [MPCwithMADS_fxd/generatePollDirections.cpp:34]   --->   Operation 212 'select' 'B_V_1_1_6' <Predicate = true> <Delay = 0.69> <CoreInst = "Sel">   --->   Core 73 'Sel' <Latency = 0> <II = 1> <Delay = 0.99> <FuncUnit> <Opcode : 'select'> <InPorts = 3> <OutPorts = 1>
ST_16 : Operation 213 [1/1] (0.69ns) (out node of the LUT)   --->   "%B_V_1_1_7 = select i1 %empty_62, i12 %B_V_1_1_9_load, i12 %B_V_1_1" [MPCwithMADS_fxd/generatePollDirections.cpp:34]   --->   Operation 213 'select' 'B_V_1_1_7' <Predicate = true> <Delay = 0.69> <CoreInst = "Sel">   --->   Core 73 'Sel' <Latency = 0> <II = 1> <Delay = 0.99> <FuncUnit> <Opcode : 'select'> <InPorts = 3> <OutPorts = 1>
ST_16 : Operation 214 [1/1] (0.69ns) (out node of the LUT)   --->   "%B_V_1_1_8 = select i1 %empty_62, i12 %B_V_1_1_1_load, i12 %B_V_1_1_15" [MPCwithMADS_fxd/generatePollDirections.cpp:34]   --->   Operation 214 'select' 'B_V_1_1_8' <Predicate = true> <Delay = 0.69> <CoreInst = "Sel">   --->   Core 73 'Sel' <Latency = 0> <II = 1> <Delay = 0.99> <FuncUnit> <Opcode : 'select'> <InPorts = 3> <OutPorts = 1>
ST_16 : Operation 215 [1/1] (0.00ns)   --->   "%store_ln34 = store i12 %B_V_1_1_5, i12 %B_V_1_1_11" [MPCwithMADS_fxd/generatePollDirections.cpp:34]   --->   Operation 215 'store' 'store_ln34' <Predicate = true> <Delay = 0.00>
ST_16 : Operation 216 [1/1] (0.00ns)   --->   "%store_ln34 = store i12 %B_V_1_1_6, i12 %B_V_1_1_10" [MPCwithMADS_fxd/generatePollDirections.cpp:34]   --->   Operation 216 'store' 'store_ln34' <Predicate = true> <Delay = 0.00>
ST_16 : Operation 217 [1/1] (0.00ns)   --->   "%store_ln34 = store i12 %B_V_1_1_7, i12 %B_V_1_1_9" [MPCwithMADS_fxd/generatePollDirections.cpp:34]   --->   Operation 217 'store' 'store_ln34' <Predicate = true> <Delay = 0.00>
ST_16 : Operation 218 [1/1] (0.00ns)   --->   "%store_ln34 = store i12 %B_V_1_1_8, i12 %B_V_1_1_1" [MPCwithMADS_fxd/generatePollDirections.cpp:34]   --->   Operation 218 'store' 'store_ln34' <Predicate = true> <Delay = 0.00>
ST_16 : Operation 219 [1/1] (0.00ns)   --->   "%br_ln0 = br void %_ZNK13ap_fixed_baseILi18ELi3ELb1EL9ap_q_mode5EL9ap_o_mode3ELi0EEgtILi1ELi0ELb0ELS0_5ELS1_3ELi0EEEbRKS_IXT_EXT0_EXT1_EXT2_EXT3_EXT4_EE.exit"   --->   Operation 219 'br' 'br_ln0' <Predicate = true> <Delay = 0.00>

State 17 <SV = 4> <Delay = 1.58>
ST_17 : Operation 220 [1/1] (0.00ns)   --->   "%i_5 = phi i2 %add_ln45, void, i2 0, void %.preheader.preheader" [MPCwithMADS_fxd/generatePollDirections.cpp:45]   --->   Operation 220 'phi' 'i_5' <Predicate = true> <Delay = 0.00>
ST_17 : Operation 221 [1/1] (1.56ns)   --->   "%add_ln45 = add i2 %i_5, i2 1" [MPCwithMADS_fxd/generatePollDirections.cpp:45]   --->   Operation 221 'add' 'add_ln45' <Predicate = true> <Delay = 1.56> <CoreInst = "Adder">   --->   Core 1 'Adder' <Latency = 0> <II = 1> <Delay = 1.87> <FuncUnit> <Opcode : 'add' 'sub'> <InPorts = 2> <OutPorts = 1>
ST_17 : Operation 222 [1/1] (0.95ns)   --->   "%icmp_ln45 = icmp_eq  i2 %i_5, i2 2" [MPCwithMADS_fxd/generatePollDirections.cpp:45]   --->   Operation 222 'icmp' 'icmp_ln45' <Predicate = true> <Delay = 0.95> <CoreInst = "Cmp">   --->   Core 9 'Cmp' <Latency = 0> <II = 1> <Delay = 2.52> <FuncUnit> <Opcode : 'icmp'> <InPorts = 2> <OutPorts = 1>
ST_17 : Operation 223 [1/1] (0.00ns)   --->   "%empty_66 = speclooptripcount i32 @_ssdm_op_SpecLoopTripCount, i64 2, i64 2, i64 2"   --->   Operation 223 'speclooptripcount' 'empty_66' <Predicate = true> <Delay = 0.00>
ST_17 : Operation 224 [1/1] (0.00ns)   --->   "%br_ln45 = br i1 %icmp_ln45, void %.split3, void" [MPCwithMADS_fxd/generatePollDirections.cpp:45]   --->   Operation 224 'br' 'br_ln45' <Predicate = true> <Delay = 0.00>
ST_17 : Operation 225 [1/1] (0.00ns)   --->   "%specloopname_ln45 = specloopname void @_ssdm_op_SpecLoopName, void @empty" [MPCwithMADS_fxd/generatePollDirections.cpp:45]   --->   Operation 225 'specloopname' 'specloopname_ln45' <Predicate = (!icmp_ln45)> <Delay = 0.00>
ST_17 : Operation 226 [1/1] (0.00ns)   --->   "%trunc_ln47 = trunc i2 %i_5" [MPCwithMADS_fxd/generatePollDirections.cpp:47]   --->   Operation 226 'trunc' 'trunc_ln47' <Predicate = (!icmp_ln45)> <Delay = 0.00>
ST_17 : Operation 227 [1/1] (1.58ns)   --->   "%br_ln46 = br void" [MPCwithMADS_fxd/generatePollDirections.cpp:46]   --->   Operation 227 'br' 'br_ln46' <Predicate = (!icmp_ln45)> <Delay = 1.58>
ST_17 : Operation 228 [1/1] (0.00ns)   --->   "%ret_ln51 = ret" [MPCwithMADS_fxd/generatePollDirections.cpp:51]   --->   Operation 228 'ret' 'ret_ln51' <Predicate = (icmp_ln45)> <Delay = 0.00>

State 18 <SV = 5> <Delay = 5.26>
ST_18 : Operation 229 [1/1] (0.00ns)   --->   "%j_2 = phi i2 %add_ln46, void %.split_ifconv, i2 0, void %.split3" [MPCwithMADS_fxd/generatePollDirections.cpp:46]   --->   Operation 229 'phi' 'j_2' <Predicate = true> <Delay = 0.00>
ST_18 : Operation 230 [1/1] (1.56ns)   --->   "%add_ln46 = add i2 %j_2, i2 1" [MPCwithMADS_fxd/generatePollDirections.cpp:46]   --->   Operation 230 'add' 'add_ln46' <Predicate = true> <Delay = 1.56> <CoreInst = "Adder">   --->   Core 1 'Adder' <Latency = 0> <II = 1> <Delay = 1.87> <FuncUnit> <Opcode : 'add' 'sub'> <InPorts = 2> <OutPorts = 1>
ST_18 : Operation 231 [1/1] (0.00ns)   --->   "%tmp_7 = bitconcatenate i4 @_ssdm_op_BitConcatenate.i4.i2.i2, i2 %i_5, i2 %j_2" [MPCwithMADS_fxd/generatePollDirections.cpp:47]   --->   Operation 231 'bitconcatenate' 'tmp_7' <Predicate = true> <Delay = 0.00>
ST_18 : Operation 232 [1/1] (0.00ns)   --->   "%zext_ln47 = zext i4 %tmp_7" [MPCwithMADS_fxd/generatePollDirections.cpp:47]   --->   Operation 232 'zext' 'zext_ln47' <Predicate = true> <Delay = 0.00>
ST_18 : Operation 233 [1/1] (0.00ns)   --->   "%directions_addr = getelementptr i12 %directions, i64 0, i64 %zext_ln47" [MPCwithMADS_fxd/generatePollDirections.cpp:47]   --->   Operation 233 'getelementptr' 'directions_addr' <Predicate = true> <Delay = 0.00>
ST_18 : Operation 234 [1/1] (0.95ns)   --->   "%icmp_ln46 = icmp_eq  i2 %j_2, i2 2" [MPCwithMADS_fxd/generatePollDirections.cpp:46]   --->   Operation 234 'icmp' 'icmp_ln46' <Predicate = true> <Delay = 0.95> <CoreInst = "Cmp">   --->   Core 9 'Cmp' <Latency = 0> <II = 1> <Delay = 2.52> <FuncUnit> <Opcode : 'icmp'> <InPorts = 2> <OutPorts = 1>
ST_18 : Operation 235 [1/1] (0.00ns)   --->   "%empty_67 = speclooptripcount i32 @_ssdm_op_SpecLoopTripCount, i64 2, i64 2, i64 2"   --->   Operation 235 'speclooptripcount' 'empty_67' <Predicate = true> <Delay = 0.00>
ST_18 : Operation 236 [1/1] (0.00ns)   --->   "%br_ln46 = br i1 %icmp_ln46, void %.split_ifconv, void" [MPCwithMADS_fxd/generatePollDirections.cpp:46]   --->   Operation 236 'br' 'br_ln46' <Predicate = true> <Delay = 0.00>
ST_18 : Operation 237 [1/1] (0.00ns)   --->   "%B_V_1_1_1_load_1 = load i12 %B_V_1_1_1" [MPCwithMADS_fxd/generatePollDirections.cpp:47]   --->   Operation 237 'load' 'B_V_1_1_1_load_1' <Predicate = (!icmp_ln46 & !trunc_ln47)> <Delay = 0.00>
ST_18 : Operation 238 [1/1] (0.00ns)   --->   "%B_V_1_1_9_load_1 = load i12 %B_V_1_1_9" [MPCwithMADS_fxd/generatePollDirections.cpp:47]   --->   Operation 238 'load' 'B_V_1_1_9_load_1' <Predicate = (!icmp_ln46 & !trunc_ln47)> <Delay = 0.00>
ST_18 : Operation 239 [1/1] (0.00ns)   --->   "%B_V_1_1_10_load_1 = load i12 %B_V_1_1_10" [MPCwithMADS_fxd/generatePollDirections.cpp:47]   --->   Operation 239 'load' 'B_V_1_1_10_load_1' <Predicate = (!icmp_ln46 & trunc_ln47)> <Delay = 0.00>
ST_18 : Operation 240 [1/1] (0.00ns)   --->   "%B_V_1_1_11_load_1 = load i12 %B_V_1_1_11" [MPCwithMADS_fxd/generatePollDirections.cpp:47]   --->   Operation 240 'load' 'B_V_1_1_11_load_1' <Predicate = (!icmp_ln46 & trunc_ln47)> <Delay = 0.00>
ST_18 : Operation 241 [1/1] (0.00ns)   --->   "%specloopname_ln46 = specloopname void @_ssdm_op_SpecLoopName, void @empty_17" [MPCwithMADS_fxd/generatePollDirections.cpp:46]   --->   Operation 241 'specloopname' 'specloopname_ln46' <Predicate = (!icmp_ln46)> <Delay = 0.00>
ST_18 : Operation 242 [1/1] (0.00ns)   --->   "%trunc_ln47_1 = trunc i2 %j_2" [MPCwithMADS_fxd/generatePollDirections.cpp:47]   --->   Operation 242 'trunc' 'trunc_ln47_1' <Predicate = (!icmp_ln46)> <Delay = 0.00>
ST_18 : Operation 243 [1/1] (0.00ns) (grouped into LUT with out node select_ln47_2)   --->   "%select_ln47_1 = select i1 %trunc_ln47_1, i12 %B_V_1_1_11_load_1, i12 %B_V_1_1_10_load_1" [MPCwithMADS_fxd/generatePollDirections.cpp:47]   --->   Operation 243 'select' 'select_ln47_1' <Predicate = (!icmp_ln46 & trunc_ln47)> <Delay = 0.00> <CoreInst = "Sel">   --->   Core 73 'Sel' <Latency = 0> <II = 1> <Delay = 0.99> <FuncUnit> <Opcode : 'select'> <InPorts = 3> <OutPorts = 1>
ST_18 : Operation 244 [1/1] (0.69ns) (out node of the LUT)   --->   "%select_ln47 = select i1 %trunc_ln47_1, i12 %B_V_1_1_9_load_1, i12 %B_V_1_1_1_load_1" [MPCwithMADS_fxd/generatePollDirections.cpp:47]   --->   Operation 244 'select' 'select_ln47' <Predicate = (!icmp_ln46 & !trunc_ln47)> <Delay = 0.69> <CoreInst = "Sel">   --->   Core 73 'Sel' <Latency = 0> <II = 1> <Delay = 0.99> <FuncUnit> <Opcode : 'select'> <InPorts = 3> <OutPorts = 1>
ST_18 : Operation 245 [1/1] (0.69ns) (out node of the LUT)   --->   "%select_ln47_2 = select i1 %trunc_ln47, i12 %select_ln47_1, i12 %select_ln47" [MPCwithMADS_fxd/generatePollDirections.cpp:47]   --->   Operation 245 'select' 'select_ln47_2' <Predicate = (!icmp_ln46)> <Delay = 0.69> <CoreInst = "Sel">   --->   Core 73 'Sel' <Latency = 0> <II = 1> <Delay = 0.99> <FuncUnit> <Opcode : 'select'> <InPorts = 3> <OutPorts = 1>
ST_18 : Operation 246 [1/1] (2.32ns)   --->   "%store_ln47 = store i12 %select_ln47_2, i3 %directions_addr" [MPCwithMADS_fxd/generatePollDirections.cpp:47]   --->   Operation 246 'store' 'store_ln47' <Predicate = (!icmp_ln46)> <Delay = 2.32> <CoreInst = "RAM">   --->   Core 82 'RAM' <Latency = 1> <II = 1> <Delay = 2.32> <Storage> <Opcode : 'load' 'store'> <Ports = 2> <Width = 12> <Depth = 8> <RAM>
ST_18 : Operation 247 [1/1] (1.54ns)   --->   "%sub_ln69_1 = sub i12 0, i12 %select_ln47_2"   --->   Operation 247 'sub' 'sub_ln69_1' <Predicate = (!icmp_ln46)> <Delay = 1.54> <CoreInst = "Adder">   --->   Core 1 'Adder' <Latency = 0> <II = 1> <Delay = 1.87> <FuncUnit> <Opcode : 'add' 'sub'> <InPorts = 2> <OutPorts = 1>
ST_18 : Operation 248 [1/1] (0.97ns)   --->   "%xor_ln48 = xor i2 %j_2, i2 2" [MPCwithMADS_fxd/generatePollDirections.cpp:48]   --->   Operation 248 'xor' 'xor_ln48' <Predicate = (!icmp_ln46)> <Delay = 0.97> <CoreInst = "LogicGate">   --->   Core 74 'LogicGate' <Latency = 0> <II = 1> <Delay = 0.96> <FuncUnit> <Opcode : 'and' 'or' 'xor'> <InPorts = 2> <OutPorts = 1>
ST_18 : Operation 249 [1/1] (0.00ns)   --->   "%tmp_8 = bitconcatenate i4 @_ssdm_op_BitConcatenate.i4.i2.i2, i2 %i_5, i2 %xor_ln48" [MPCwithMADS_fxd/generatePollDirections.cpp:48]   --->   Operation 249 'bitconcatenate' 'tmp_8' <Predicate = (!icmp_ln46)> <Delay = 0.00>
ST_18 : Operation 250 [1/1] (0.00ns)   --->   "%zext_ln48 = zext i4 %tmp_8" [MPCwithMADS_fxd/generatePollDirections.cpp:48]   --->   Operation 250 'zext' 'zext_ln48' <Predicate = (!icmp_ln46)> <Delay = 0.00>
ST_18 : Operation 251 [1/1] (0.00ns)   --->   "%directions_addr_1 = getelementptr i12 %directions, i64 0, i64 %zext_ln48" [MPCwithMADS_fxd/generatePollDirections.cpp:48]   --->   Operation 251 'getelementptr' 'directions_addr_1' <Predicate = (!icmp_ln46)> <Delay = 0.00>
ST_18 : Operation 252 [1/1] (2.32ns)   --->   "%store_ln48 = store i12 %sub_ln69_1, i3 %directions_addr_1" [MPCwithMADS_fxd/generatePollDirections.cpp:48]   --->   Operation 252 'store' 'store_ln48' <Predicate = (!icmp_ln46)> <Delay = 2.32> <CoreInst = "RAM">   --->   Core 82 'RAM' <Latency = 1> <II = 1> <Delay = 2.32> <Storage> <Opcode : 'load' 'store'> <Ports = 2> <Width = 12> <Depth = 8> <RAM>
ST_18 : Operation 253 [1/1] (0.00ns)   --->   "%br_ln0 = br void"   --->   Operation 253 'br' 'br_ln0' <Predicate = (!icmp_ln46)> <Delay = 0.00>
ST_18 : Operation 254 [1/1] (0.00ns)   --->   "%br_ln0 = br void %.preheader"   --->   Operation 254 'br' 'br_ln0' <Predicate = (icmp_ln46)> <Delay = 0.00>


============================================================
+ Verbose Summary: Binding
============================================================
STG Binding: 
---------------- STG Properties BEGIN ----------------
- Is combinational: 0
- Is one-state seq: 0
- Is datapath-only: 0
- Is pipelined: 0
- Is top level: 0
Port [ Return ] is wired: 1; IO mode=ap_ctrl_hs:ce=0
Port [ p_read]:  wired=1; compound=0; hidden=0; nouse=0; global=0; static=0; extern=0; dir=0; type=0; pingpong=0; private_global=0; IO mode=ap_none:ce=0
Port [ p_read1]:  wired=1; compound=0; hidden=0; nouse=0; global=0; static=0; extern=0; dir=0; type=0; pingpong=0; private_global=0; IO mode=ap_none:ce=0
Port [ p_read2]:  wired=1; compound=0; hidden=0; nouse=0; global=0; static=0; extern=0; dir=0; type=0; pingpong=0; private_global=0; IO mode=ap_none:ce=0
Port [ p_read3]:  wired=1; compound=0; hidden=0; nouse=0; global=0; static=0; extern=0; dir=0; type=0; pingpong=0; private_global=0; IO mode=ap_none:ce=0
Port [ p_read4]:  wired=1; compound=0; hidden=0; nouse=0; global=0; static=0; extern=0; dir=0; type=0; pingpong=0; private_global=0; IO mode=ap_none:ce=0
Port [ p_read5]:  wired=1; compound=0; hidden=0; nouse=0; global=0; static=0; extern=0; dir=0; type=0; pingpong=0; private_global=0; IO mode=ap_none:ce=0
Port [ directions]:  wired=1; compound=1; hidden=0; nouse=0; global=0; static=0; extern=0; dir=1; type=1; pingpong=0; private_global=0; MemPort=[00]; IO mode=ap_memory:ce=0
---------------- STG Properties END ------------------

---------------- Datapath Model BEGIN ----------------

<LifeTime>
<method=bitvector/>
p_read_5                          (read             ) [ 0011000000000000000]
p_read_6                          (read             ) [ 0011000000000000000]
p_read_7                          (read             ) [ 0011000000000000000]
p_read_8                          (read             ) [ 0011000000000000000]
p_read17                          (read             ) [ 0011111111000000000]
p_read_9                          (read             ) [ 0011111111000000000]
br_ln18                           (br               ) [ 0111000000000000000]
mesh_V_1_011                      (phi              ) [ 0011111111111111100]
mesh_V_0_010                      (phi              ) [ 0011111111111111100]
i                                 (phi              ) [ 0010000000000000000]
add_ln18                          (add              ) [ 0111000000000000000]
icmp_ln18                         (icmp             ) [ 0011000000000000000]
empty                             (speclooptripcount) [ 0000000000000000000]
br_ln18                           (br               ) [ 0000000000000000000]
trunc_ln215                       (trunc            ) [ 0001000000000000000]
select_ln215                      (select           ) [ 0000000000000000000]
select_ln215_1                    (select           ) [ 0000000000000000000]
sub_ln69                          (sub              ) [ 0000000000000000000]
frameMeshDiff_V                   (add              ) [ 0000000000000000000]
sext_ln1380                       (sext             ) [ 0001000000000000000]
isNeg                             (bitselect        ) [ 0001000000000000000]
sub_ln1357                        (sub              ) [ 0001000000000000000]
H_1_1_V_1                         (alloca           ) [ 0011111111000000000]
H_1_1_V_9                         (alloca           ) [ 0000111111000000000]
H_1_1_V_14                        (alloca           ) [ 0000111111000000000]
H_1_1_V_15                        (alloca           ) [ 0000111111000000000]
store_ln62                        (store            ) [ 0000000000000000000]
br_ln62                           (br               ) [ 0011111111000000000]
specloopname_ln18                 (specloopname     ) [ 0000000000000000000]
ush                               (select           ) [ 0000000000000000000]
sh_prom_i_i_i_cast_cast_cast      (sext             ) [ 0000000000000000000]
sh_prom_i_i_i_cast_cast_cast_cast (zext             ) [ 0000000000000000000]
r_V                               (lshr             ) [ 0000000000000000000]
r_V_6                             (shl              ) [ 0000000000000000000]
r_V_11                            (select           ) [ 0000000000000000000]
mesh_V_1_3                        (select           ) [ 0111000000000000000]
mesh_V_1_4                        (select           ) [ 0111000000000000000]
br_ln0                            (br               ) [ 0111000000000000000]
i_3                               (phi              ) [ 0000111111000000000]
add_ln62                          (add              ) [ 0010111111000000000]
H_1_1_V_1_load                    (load             ) [ 0000000000000000000]
H_1_1_V_9_load                    (load             ) [ 0000000000000000000]
H_1_1_V_14_load                   (load             ) [ 0000000000000000000]
H_1_1_V_15_load                   (load             ) [ 0000000000000000000]
icmp_ln62                         (icmp             ) [ 0000111111000000000]
empty_57                          (speclooptripcount) [ 0000000000000000000]
br_ln62                           (br               ) [ 0000000000000000000]
specloopname_ln62                 (specloopname     ) [ 0000000000000000000]
empty_58                          (trunc            ) [ 0000011111000000000]
empty_59                          (select           ) [ 0000000000000000000]
p_shl                             (bitconcatenate   ) [ 0000000000000000000]
p_shl_cast                        (sext             ) [ 0000000000000000000]
r_V_8                             (sub              ) [ 0000000000000000000]
sext_ln1115                       (sext             ) [ 0000011111000000000]
br_ln63                           (br               ) [ 0000111111000000000]
H_V_0_0_5                         (alloca           ) [ 0000111111111111100]
H_V_0_1_3                         (alloca           ) [ 0000111111111111100]
H_V_1_0_3                         (alloca           ) [ 0000111111111111100]
H_V_1_1_5                         (alloca           ) [ 0000111111111111100]
B_V_1_1_1                         (alloca           ) [ 0000000000111111111]
B_V_1_1_9                         (alloca           ) [ 0000000000111111111]
B_V_1_1_10                        (alloca           ) [ 0000000000111111111]
B_V_1_1_11                        (alloca           ) [ 0000000000111111111]
store_ln34                        (store            ) [ 0000000000000000000]
store_ln34                        (store            ) [ 0000000000000000000]
store_ln34                        (store            ) [ 0000000000000000000]
store_ln34                        (store            ) [ 0000000000000000000]
br_ln34                           (br               ) [ 0000111111111111100]
j                                 (phi              ) [ 0000010000000000000]
add_ln63                          (add              ) [ 0000111111000000000]
icmp_ln63                         (icmp             ) [ 0000111111000000000]
empty_60                          (speclooptripcount) [ 0000000000000000000]
br_ln63                           (br               ) [ 0000000000000000000]
trunc_ln1118                      (trunc            ) [ 0000001110000000000]
select_ln1118                     (select           ) [ 0000000000000000000]
sext_ln1115_1                     (sext             ) [ 0000001110000000000]
icmp_ln65                         (icmp             ) [ 0000001110000000000]
br_ln0                            (br               ) [ 0010111111000000000]
H_1_1_V_1_load_1                  (load             ) [ 0000000000000000000]
H_1_1_V_9_load_1                  (load             ) [ 0000000000000000000]
H_1_1_V_14_load_1                 (load             ) [ 0000000000000000000]
H_1_1_V_15_load_1                 (load             ) [ 0000000000000000000]
mul_ln1115                        (mul              ) [ 0000000000000000000]
H_1_0_V                           (partselect       ) [ 0000000000000000000]
H_1_1_V_17                        (select           ) [ 0000000000000000000]
H_1_1_V_18                        (select           ) [ 0000000000000000000]
H_1_1_V                           (select           ) [ 0000000000000000000]
H_1_1_V_19                        (select           ) [ 0000000000000000000]
H_1_1_V_5                         (select           ) [ 0000000000000000000]
H_1_1_V_6                         (select           ) [ 0000000000000000000]
H_1_1_V_7                         (select           ) [ 0000000000000000000]
H_1_1_V_8                         (select           ) [ 0000000000000000000]
select_ln703                      (select           ) [ 0000000000000000000]
H_0_0_V                           (add              ) [ 0000000000000000000]
H_1_1_V_21                        (select           ) [ 0000000000000000000]
H_1_1_V_22                        (select           ) [ 0000000000000000000]
H_1_1_V_23                        (select           ) [ 0000000000000000000]
H_1_1_V_24                        (select           ) [ 0000000001000000000]
store_ln65                        (store            ) [ 0000000000000000000]
store_ln62                        (store            ) [ 0000000000000000000]
store_ln62                        (store            ) [ 0000000000000000000]
specloopname_ln63                 (specloopname     ) [ 0000000000000000000]
store_ln65                        (store            ) [ 0000000000000000000]
br_ln0                            (br               ) [ 0000111111000000000]
i_4                               (phi              ) [ 0000000000100000000]
add_ln34                          (add              ) [ 0000100000111111100]
icmp_ln34                         (icmp             ) [ 0000000000111111100]
empty_61                          (speclooptripcount) [ 0000000000000000000]
br_ln34                           (br               ) [ 0000000000000000000]
specloopname_ln34                 (specloopname     ) [ 0000000000000000000]
empty_62                          (trunc            ) [ 0000000000011111100]
r_V_9                             (select           ) [ 0000000000000000000]
zext_ln35                         (zext             ) [ 0000000000011111100]
sel_tmp30                         (xor              ) [ 0000000000011111100]
br_ln35                           (br               ) [ 0000000000111111100]
br_ln45                           (br               ) [ 0000000000111111111]
j_1                               (phi              ) [ 0000000000010000000]
add_ln35                          (add              ) [ 0000000000111111100]
icmp_ln35                         (icmp             ) [ 0000000000111111100]
empty_63                          (speclooptripcount) [ 0000000000000000000]
br_ln35                           (br               ) [ 0000000000000000000]
H_V_0_0_5_load                    (load             ) [ 0000000000000000000]
H_V_0_1_3_load                    (load             ) [ 0000000000000000000]
H_V_1_0_3_load                    (load             ) [ 0000000000000000000]
H_V_1_1_5_load                    (load             ) [ 0000000000000000000]
trunc_ln1494                      (trunc            ) [ 0000000000001111100]
select_ln1494_1                   (select           ) [ 0000000000000000000]
select_ln1494                     (select           ) [ 0000000000000000000]
phi_ln1494                        (select           ) [ 0000000000000000000]
trunc_ln1494_1                    (trunc            ) [ 0000000000000000000]
icmp_ln1494                       (icmp             ) [ 0000000000000000000]
icmp_ln1495                       (icmp             ) [ 0000000000000000000]
select_ln37_2                     (select           ) [ 0000000000000000000]
select_ln37_3                     (select           ) [ 0000000000000000000]
select_ln37                       (select           ) [ 0000000000000000000]
select_ln37_1                     (select           ) [ 0000000000000000000]
select_ln39_2                     (select           ) [ 0000000000000000000]
select_ln39_3                     (select           ) [ 0000000000000000000]
select_ln39                       (select           ) [ 0000000000000000000]
select_ln39_1                     (select           ) [ 0000000000000000000]
sel_tmp7                          (and              ) [ 0000000000000000000]
sel_tmp8                          (select           ) [ 0000000000000000000]
xor_ln1494                        (xor              ) [ 0000000000000000000]
tmp                               (and              ) [ 0000000000000000000]
sel_tmp11                         (and              ) [ 0000000000000000000]
H_V_1_1_9                         (select           ) [ 0000000000001000000]
sel_tmp21                         (select           ) [ 0000000000000000000]
H_V_1_0_7                         (select           ) [ 0000000000001000000]
or_ln1495                         (or               ) [ 0000000000000000000]
select_ln1495                     (select           ) [ 0000000000000000000]
sel_tmp31                         (and              ) [ 0000000000000000000]
sel_tmp32                         (select           ) [ 0000000000000000000]
sel_tmp34                         (select           ) [ 0000000000000000000]
H_V_0_1_7                         (select           ) [ 0000000000001000000]
select_ln1495_1                   (select           ) [ 0000000000000000000]
sel_tmp45                         (select           ) [ 0000000000000000000]
sel_tmp47                         (select           ) [ 0000000000000000000]
H_V_0_0_9                         (select           ) [ 0000000000001000000]
sel_tmp55                         (select           ) [ 0000000000000000000]
sel_tmp58                         (select           ) [ 0000000000000000000]
sel_tmp60                         (select           ) [ 0000000000000000000]
empty_64                          (or               ) [ 0000000000000000000]
empty_65                          (select           ) [ 0000000000001000000]
br_ln0                            (br               ) [ 0000100000111111100]
sext_ln1118                       (sext             ) [ 0000000000000100000]
store_ln34                        (store            ) [ 0000000000000000000]
store_ln34                        (store            ) [ 0000000000000000000]
store_ln34                        (store            ) [ 0000000000000000000]
store_ln34                        (store            ) [ 0000000000000000000]
r_V_12                            (mul              ) [ 0000000000000010000]
p_Val2_s                          (call             ) [ 0000000000000000100]
ret_V_cast                        (partselect       ) [ 0000000000000000100]
trunc_ln851                       (trunc            ) [ 0000000000000000000]
icmp_ln851                        (icmp             ) [ 0000000000000000100]
B_V_1_1_1_load                    (load             ) [ 0000000000000000000]
B_V_1_1_9_load                    (load             ) [ 0000000000000000000]
B_V_1_1_10_load                   (load             ) [ 0000000000000000000]
B_V_1_1_11_load                   (load             ) [ 0000000000000000000]
specloopname_ln35                 (specloopname     ) [ 0000000000000000000]
p_Result_s                        (bitselect        ) [ 0000000000000000000]
ret_V                             (add              ) [ 0000000000000000000]
select_ln850                      (select           ) [ 0000000000000000000]
ret_V_2                           (select           ) [ 0000000000000000000]
B_V_1_1_13                        (select           ) [ 0000000000000000000]
B_V_1_1_14                        (select           ) [ 0000000000000000000]
B_V_1_1                           (select           ) [ 0000000000000000000]
B_V_1_1_15                        (select           ) [ 0000000000000000000]
B_V_1_1_5                         (select           ) [ 0000000000000000000]
B_V_1_1_6                         (select           ) [ 0000000000000000000]
B_V_1_1_7                         (select           ) [ 0000000000000000000]
B_V_1_1_8                         (select           ) [ 0000000000000000000]
store_ln34                        (store            ) [ 0000000000000000000]
store_ln34                        (store            ) [ 0000000000000000000]
store_ln34                        (store            ) [ 0000000000000000000]
store_ln34                        (store            ) [ 0000000000000000000]
br_ln0                            (br               ) [ 0000000000111111100]
i_5                               (phi              ) [ 0000000000000000011]
add_ln45                          (add              ) [ 0000000000100000011]
icmp_ln45                         (icmp             ) [ 0000000000000000011]
empty_66                          (speclooptripcount) [ 0000000000000000000]
br_ln45                           (br               ) [ 0000000000000000000]
specloopname_ln45                 (specloopname     ) [ 0000000000000000000]
trunc_ln47                        (trunc            ) [ 0000000000000000001]
br_ln46                           (br               ) [ 0000000000000000011]
ret_ln51                          (ret              ) [ 0000000000000000000]
j_2                               (phi              ) [ 0000000000000000001]
add_ln46                          (add              ) [ 0000000000000000011]
tmp_7                             (bitconcatenate   ) [ 0000000000000000000]
zext_ln47                         (zext             ) [ 0000000000000000000]
directions_addr                   (getelementptr    ) [ 0000000000000000000]
icmp_ln46                         (icmp             ) [ 0000000000000000011]
empty_67                          (speclooptripcount) [ 0000000000000000000]
br_ln46                           (br               ) [ 0000000000000000000]
B_V_1_1_1_load_1                  (load             ) [ 0000000000000000000]
B_V_1_1_9_load_1                  (load             ) [ 0000000000000000000]
B_V_1_1_10_load_1                 (load             ) [ 0000000000000000000]
B_V_1_1_11_load_1                 (load             ) [ 0000000000000000000]
specloopname_ln46                 (specloopname     ) [ 0000000000000000000]
trunc_ln47_1                      (trunc            ) [ 0000000000000000000]
select_ln47_1                     (select           ) [ 0000000000000000000]
select_ln47                       (select           ) [ 0000000000000000000]
select_ln47_2                     (select           ) [ 0000000000000000000]
store_ln47                        (store            ) [ 0000000000000000000]
sub_ln69_1                        (sub              ) [ 0000000000000000000]
xor_ln48                          (xor              ) [ 0000000000000000000]
tmp_8                             (bitconcatenate   ) [ 0000000000000000000]
zext_ln48                         (zext             ) [ 0000000000000000000]
directions_addr_1                 (getelementptr    ) [ 0000000000000000000]
store_ln48                        (store            ) [ 0000000000000000000]
br_ln0                            (br               ) [ 0000000000000000011]
br_ln0                            (br               ) [ 0000000000100000011]
</LifeTime>

<model>

<comp_list>
<comp id="0" class="1000" name="p_read">
<pin_list>
<pin id="1" dir="1" index="0" bw="1" slack="0"/>
</pin_list>
<bind>
<StgValue><ssdm name="p_read"/></StgValue>
</bind>
</comp>

<comp id="2" class="1000" name="p_read1">
<pin_list>
<pin id="3" dir="1" index="0" bw="1" slack="0"/>
</pin_list>
<bind>
<StgValue><ssdm name="p_read1"/></StgValue>
</bind>
</comp>

<comp id="4" class="1000" name="p_read2">
<pin_list>
<pin id="5" dir="1" index="0" bw="1" slack="0"/>
</pin_list>
<bind>
<StgValue><ssdm name="p_read2"/></StgValue>
</bind>
</comp>

<comp id="6" class="1000" name="p_read3">
<pin_list>
<pin id="7" dir="1" index="0" bw="1" slack="0"/>
</pin_list>
<bind>
<StgValue><ssdm name="p_read3"/></StgValue>
</bind>
</comp>

<comp id="8" class="1000" name="p_read4">
<pin_list>
<pin id="9" dir="1" index="0" bw="1" slack="0"/>
</pin_list>
<bind>
<StgValue><ssdm name="p_read4"/></StgValue>
</bind>
</comp>

<comp id="10" class="1000" name="p_read5">
<pin_list>
<pin id="11" dir="1" index="0" bw="1" slack="0"/>
</pin_list>
<bind>
<StgValue><ssdm name="p_read5"/></StgValue>
</bind>
</comp>

<comp id="12" class="1000" name="directions">
<pin_list>
<pin id="13" dir="1" index="0" bw="1" slack="0"/>
</pin_list>
<bind>
<StgValue><ssdm name="directions"/><MemPortTyVec>0 0 </MemPortTyVec>
</StgValue>
</bind>
</comp>

<comp id="14" class="1001" name="const_14">
<pin_list>
<pin id="15" dir="1" index="0" bw="1" slack="0"/>
</pin_list>
<bind>
<StgValue><ssdm name="_ssdm_op_Read.ap_auto.i6"/></StgValue>
</bind>
</comp>

<comp id="16" class="1001" name="const_16">
<pin_list>
<pin id="17" dir="1" index="0" bw="1" slack="0"/>
</pin_list>
<bind>
<StgValue><ssdm name="_ssdm_op_Read.ap_auto.i18"/></StgValue>
</bind>
</comp>

<comp id="18" class="1001" name="const_18">
<pin_list>
<pin id="19" dir="1" index="0" bw="1" slack="1"/>
</pin_list>
<bind>
<StgValue><ssdm name=""/></StgValue>
</bind>
</comp>

<comp id="20" class="1001" name="const_20">
<pin_list>
<pin id="21" dir="1" index="0" bw="1" slack="1"/>
</pin_list>
<bind>
<StgValue><ssdm name=""/></StgValue>
</bind>
</comp>

<comp id="22" class="1001" name="const_22">
<pin_list>
<pin id="23" dir="1" index="0" bw="1" slack="0"/>
</pin_list>
<bind>
<StgValue><ssdm name=""/></StgValue>
</bind>
</comp>

<comp id="24" class="1001" name="const_24">
<pin_list>
<pin id="25" dir="1" index="0" bw="1" slack="0"/>
</pin_list>
<bind>
<StgValue><ssdm name=""/></StgValue>
</bind>
</comp>

<comp id="26" class="1001" name="const_26">
<pin_list>
<pin id="27" dir="1" index="0" bw="1" slack="2147483647"/>
</pin_list>
<bind>
<StgValue><ssdm name="_ssdm_op_SpecLoopTripCount"/></StgValue>
</bind>
</comp>

<comp id="28" class="1001" name="const_28">
<pin_list>
<pin id="29" dir="1" index="0" bw="1" slack="2147483647"/>
</pin_list>
<bind>
<StgValue><ssdm name=""/></StgValue>
</bind>
</comp>

<comp id="30" class="1001" name="const_30">
<pin_list>
<pin id="31" dir="1" index="0" bw="1" slack="0"/>
</pin_list>
<bind>
<StgValue><ssdm name=""/></StgValue>
</bind>
</comp>

<comp id="32" class="1001" name="const_32">
<pin_list>
<pin id="33" dir="1" index="0" bw="1" slack="0"/>
</pin_list>
<bind>
<StgValue><ssdm name="_ssdm_op_BitSelect.i1.i6.i32"/></StgValue>
</bind>
</comp>

<comp id="34" class="1001" name="const_34">
<pin_list>
<pin id="35" dir="1" index="0" bw="1" slack="0"/>
</pin_list>
<bind>
<StgValue><ssdm name=""/></StgValue>
</bind>
</comp>

<comp id="36" class="1001" name="const_36">
<pin_list>
<pin id="37" dir="1" index="0" bw="1" slack="0"/>
</pin_list>
<bind>
<StgValue><ssdm name=""/></StgValue>
</bind>
</comp>

<comp id="38" class="1001" name="const_38">
<pin_list>
<pin id="39" dir="1" index="0" bw="1" slack="0"/>
</pin_list>
<bind>
<StgValue><ssdm name=""/></StgValue>
</bind>
</comp>

<comp id="40" class="1001" name="const_40">
<pin_list>
<pin id="41" dir="1" index="0" bw="1" slack="0"/>
</pin_list>
<bind>
<StgValue><ssdm name=""/></StgValue>
</bind>
</comp>

<comp id="42" class="1001" name="const_42">
<pin_list>
<pin id="43" dir="1" index="0" bw="1" slack="2147483647"/>
</pin_list>
<bind>
<StgValue><ssdm name="_ssdm_op_SpecLoopName"/></StgValue>
</bind>
</comp>

<comp id="44" class="1001" name="const_44">
<pin_list>
<pin id="45" dir="1" index="0" bw="1" slack="2147483647"/>
</pin_list>
<bind>
<StgValue><ssdm name="empty_1"/></StgValue>
</bind>
</comp>

<comp id="46" class="1001" name="const_46">
<pin_list>
<pin id="47" dir="1" index="0" bw="1" slack="0"/>
</pin_list>
<bind>
<StgValue><ssdm name=""/></StgValue>
</bind>
</comp>

<comp id="48" class="1001" name="const_48">
<pin_list>
<pin id="49" dir="1" index="0" bw="1" slack="2147483647"/>
</pin_list>
<bind>
<StgValue><ssdm name="empty_9"/></StgValue>
</bind>
</comp>

<comp id="50" class="1001" name="const_50">
<pin_list>
<pin id="51" dir="1" index="0" bw="1" slack="0"/>
</pin_list>
<bind>
<StgValue><ssdm name="_ssdm_op_BitConcatenate.i19.i18.i1"/></StgValue>
</bind>
</comp>

<comp id="52" class="1001" name="const_52">
<pin_list>
<pin id="53" dir="1" index="0" bw="1" slack="0"/>
</pin_list>
<bind>
<StgValue><ssdm name=""/></StgValue>
</bind>
</comp>

<comp id="54" class="1001" name="const_54">
<pin_list>
<pin id="55" dir="1" index="0" bw="1" slack="0"/>
</pin_list>
<bind>
<StgValue><ssdm name=""/></StgValue>
</bind>
</comp>

<comp id="56" class="1001" name="const_56">
<pin_list>
<pin id="57" dir="1" index="0" bw="1" slack="0"/>
</pin_list>
<bind>
<StgValue><ssdm name="_ssdm_op_PartSelect.i18.i33.i32.i32"/></StgValue>
</bind>
</comp>

<comp id="58" class="1001" name="const_58">
<pin_list>
<pin id="59" dir="1" index="0" bw="1" slack="0"/>
</pin_list>
<bind>
<StgValue><ssdm name=""/></StgValue>
</bind>
</comp>

<comp id="60" class="1001" name="const_60">
<pin_list>
<pin id="61" dir="1" index="0" bw="1" slack="0"/>
</pin_list>
<bind>
<StgValue><ssdm name=""/></StgValue>
</bind>
</comp>

<comp id="62" class="1001" name="const_62">
<pin_list>
<pin id="63" dir="1" index="0" bw="1" slack="0"/>
</pin_list>
<bind>
<StgValue><ssdm name=""/></StgValue>
</bind>
</comp>

<comp id="64" class="1001" name="const_64">
<pin_list>
<pin id="65" dir="1" index="0" bw="1" slack="2147483647"/>
</pin_list>
<bind>
<StgValue><ssdm name="empty_10"/></StgValue>
</bind>
</comp>

<comp id="66" class="1001" name="const_66">
<pin_list>
<pin id="67" dir="1" index="0" bw="1" slack="2147483647"/>
</pin_list>
<bind>
<StgValue><ssdm name="empty_2"/></StgValue>
</bind>
</comp>

<comp id="68" class="1001" name="const_68">
<pin_list>
<pin id="69" dir="1" index="0" bw="1" slack="0"/>
</pin_list>
<bind>
<StgValue><ssdm name=""/></StgValue>
</bind>
</comp>

<comp id="70" class="1001" name="const_70">
<pin_list>
<pin id="71" dir="1" index="0" bw="1" slack="0"/>
</pin_list>
<bind>
<StgValue><ssdm name=""/></StgValue>
</bind>
</comp>

<comp id="72" class="1001" name="const_72">
<pin_list>
<pin id="73" dir="1" index="0" bw="1" slack="0"/>
</pin_list>
<bind>
<StgValue><ssdm name=""/></StgValue>
</bind>
</comp>

<comp id="74" class="1001" name="const_74">
<pin_list>
<pin id="75" dir="1" index="0" bw="1" slack="0"/>
</pin_list>
<bind>
<StgValue><ssdm name=""/></StgValue>
</bind>
</comp>

<comp id="76" class="1001" name="const_76">
<pin_list>
<pin id="77" dir="1" index="0" bw="1" slack="0"/>
</pin_list>
<bind>
<StgValue><ssdm name=""/></StgValue>
</bind>
</comp>

<comp id="78" class="1001" name="const_78">
<pin_list>
<pin id="79" dir="1" index="0" bw="1" slack="0"/>
</pin_list>
<bind>
<StgValue><ssdm name="round_fixed<54, 15>"/></StgValue>
</bind>
</comp>

<comp id="80" class="1001" name="const_80">
<pin_list>
<pin id="81" dir="1" index="0" bw="1" slack="0"/>
</pin_list>
<bind>
<StgValue><ssdm name="_ssdm_op_PartSelect.i12.i54.i32.i32"/></StgValue>
</bind>
</comp>

<comp id="82" class="1001" name="const_82">
<pin_list>
<pin id="83" dir="1" index="0" bw="1" slack="0"/>
</pin_list>
<bind>
<StgValue><ssdm name=""/></StgValue>
</bind>
</comp>

<comp id="84" class="1001" name="const_84">
<pin_list>
<pin id="85" dir="1" index="0" bw="1" slack="0"/>
</pin_list>
<bind>
<StgValue><ssdm name=""/></StgValue>
</bind>
</comp>

<comp id="86" class="1001" name="const_86">
<pin_list>
<pin id="87" dir="1" index="0" bw="1" slack="0"/>
</pin_list>
<bind>
<StgValue><ssdm name=""/></StgValue>
</bind>
</comp>

<comp id="88" class="1001" name="const_88">
<pin_list>
<pin id="89" dir="1" index="0" bw="1" slack="2147483647"/>
</pin_list>
<bind>
<StgValue><ssdm name="empty_0"/></StgValue>
</bind>
</comp>

<comp id="90" class="1001" name="const_90">
<pin_list>
<pin id="91" dir="1" index="0" bw="1" slack="0"/>
</pin_list>
<bind>
<StgValue><ssdm name="_ssdm_op_BitSelect.i1.i54.i32"/></StgValue>
</bind>
</comp>

<comp id="92" class="1001" name="const_92">
<pin_list>
<pin id="93" dir="1" index="0" bw="1" slack="0"/>
</pin_list>
<bind>
<StgValue><ssdm name=""/></StgValue>
</bind>
</comp>

<comp id="94" class="1001" name="const_94">
<pin_list>
<pin id="95" dir="1" index="0" bw="1" slack="0"/>
</pin_list>
<bind>
<StgValue><ssdm name=""/></StgValue>
</bind>
</comp>

<comp id="96" class="1001" name="const_96">
<pin_list>
<pin id="97" dir="1" index="0" bw="1" slack="2147483647"/>
</pin_list>
<bind>
<StgValue><ssdm name="empty"/></StgValue>
</bind>
</comp>

<comp id="98" class="1001" name="const_98">
<pin_list>
<pin id="99" dir="1" index="0" bw="1" slack="0"/>
</pin_list>
<bind>
<StgValue><ssdm name="_ssdm_op_BitConcatenate.i4.i2.i2"/></StgValue>
</bind>
</comp>

<comp id="100" class="1001" name="const_100">
<pin_list>
<pin id="101" dir="1" index="0" bw="1" slack="0"/>
</pin_list>
<bind>
<StgValue><ssdm name=""/></StgValue>
</bind>
</comp>

<comp id="102" class="1001" name="const_102">
<pin_list>
<pin id="103" dir="1" index="0" bw="1" slack="2147483647"/>
</pin_list>
<bind>
<StgValue><ssdm name="empty_17"/></StgValue>
</bind>
</comp>

<comp id="104" class="1001" name="const_104">
<pin_list>
<pin id="105" dir="1" index="0" bw="1" slack="0"/>
</pin_list>
<bind>
<StgValue><ssdm name=""/></StgValue>
</bind>
</comp>

<comp id="106" class="1004" name="H_1_1_V_1_fu_106">
<pin_list>
<pin id="107" dir="0" index="0" bw="1" slack="0"/>
<pin id="108" dir="1" index="1" bw="18" slack="0"/>
</pin_list>
<bind>
<opcode="alloca(26) " fcode="alloca"/>
<opset="H_1_1_V_1/2 "/>
</bind>
</comp>

<comp id="110" class="1004" name="H_1_1_V_9_fu_110">
<pin_list>
<pin id="111" dir="0" index="0" bw="1" slack="0"/>
<pin id="112" dir="1" index="1" bw="18" slack="1"/>
</pin_list>
<bind>
<opcode="alloca(26) " fcode="alloca"/>
<opset="H_1_1_V_9/2 "/>
</bind>
</comp>

<comp id="114" class="1004" name="H_1_1_V_14_fu_114">
<pin_list>
<pin id="115" dir="0" index="0" bw="1" slack="0"/>
<pin id="116" dir="1" index="1" bw="18" slack="1"/>
</pin_list>
<bind>
<opcode="alloca(26) " fcode="alloca"/>
<opset="H_1_1_V_14/2 "/>
</bind>
</comp>

<comp id="118" class="1004" name="H_1_1_V_15_fu_118">
<pin_list>
<pin id="119" dir="0" index="0" bw="1" slack="0"/>
<pin id="120" dir="1" index="1" bw="18" slack="1"/>
</pin_list>
<bind>
<opcode="alloca(26) " fcode="alloca"/>
<opset="H_1_1_V_15/2 "/>
</bind>
</comp>

<comp id="122" class="1004" name="H_V_0_0_5_fu_122">
<pin_list>
<pin id="123" dir="0" index="0" bw="1" slack="0"/>
<pin id="124" dir="1" index="1" bw="18" slack="0"/>
</pin_list>
<bind>
<opcode="alloca(26) " fcode="alloca"/>
<opset="H_V_0_0_5/4 "/>
</bind>
</comp>

<comp id="126" class="1004" name="H_V_0_1_3_fu_126">
<pin_list>
<pin id="127" dir="0" index="0" bw="1" slack="0"/>
<pin id="128" dir="1" index="1" bw="18" slack="0"/>
</pin_list>
<bind>
<opcode="alloca(26) " fcode="alloca"/>
<opset="H_V_0_1_3/4 "/>
</bind>
</comp>

<comp id="130" class="1004" name="H_V_1_0_3_fu_130">
<pin_list>
<pin id="131" dir="0" index="0" bw="1" slack="0"/>
<pin id="132" dir="1" index="1" bw="18" slack="0"/>
</pin_list>
<bind>
<opcode="alloca(26) " fcode="alloca"/>
<opset="H_V_1_0_3/4 "/>
</bind>
</comp>

<comp id="134" class="1004" name="H_V_1_1_5_fu_134">
<pin_list>
<pin id="135" dir="0" index="0" bw="1" slack="0"/>
<pin id="136" dir="1" index="1" bw="18" slack="0"/>
</pin_list>
<bind>
<opcode="alloca(26) " fcode="alloca"/>
<opset="H_V_1_1_5/4 "/>
</bind>
</comp>

<comp id="138" class="1004" name="B_V_1_1_1_fu_138">
<pin_list>
<pin id="139" dir="0" index="0" bw="1" slack="0"/>
<pin id="140" dir="1" index="1" bw="12" slack="3"/>
</pin_list>
<bind>
<opcode="alloca(26) " fcode="alloca"/>
<opset="B_V_1_1_1/4 "/>
</bind>
</comp>

<comp id="142" class="1004" name="B_V_1_1_9_fu_142">
<pin_list>
<pin id="143" dir="0" index="0" bw="1" slack="0"/>
<pin id="144" dir="1" index="1" bw="12" slack="3"/>
</pin_list>
<bind>
<opcode="alloca(26) " fcode="alloca"/>
<opset="B_V_1_1_9/4 "/>
</bind>
</comp>

<comp id="146" class="1004" name="B_V_1_1_10_fu_146">
<pin_list>
<pin id="147" dir="0" index="0" bw="1" slack="0"/>
<pin id="148" dir="1" index="1" bw="12" slack="3"/>
</pin_list>
<bind>
<opcode="alloca(26) " fcode="alloca"/>
<opset="B_V_1_1_10/4 "/>
</bind>
</comp>

<comp id="150" class="1004" name="B_V_1_1_11_fu_150">
<pin_list>
<pin id="151" dir="0" index="0" bw="1" slack="0"/>
<pin id="152" dir="1" index="1" bw="12" slack="3"/>
</pin_list>
<bind>
<opcode="alloca(26) " fcode="alloca"/>
<opset="B_V_1_1_11/4 "/>
</bind>
</comp>

<comp id="154" class="1004" name="p_read_5_read_fu_154">
<pin_list>
<pin id="155" dir="0" index="0" bw="6" slack="0"/>
<pin id="156" dir="0" index="1" bw="6" slack="0"/>
<pin id="157" dir="1" index="2" bw="6" slack="1"/>
</pin_list>
<bind>
<opcode="read(1150) " fcode="read"/>
<opset="p_read_5/1 "/>
</bind>
</comp>

<comp id="160" class="1004" name="p_read_6_read_fu_160">
<pin_list>
<pin id="161" dir="0" index="0" bw="6" slack="0"/>
<pin id="162" dir="0" index="1" bw="6" slack="0"/>
<pin id="163" dir="1" index="2" bw="6" slack="1"/>
</pin_list>
<bind>
<opcode="read(1150) " fcode="read"/>
<opset="p_read_6/1 "/>
</bind>
</comp>

<comp id="166" class="1004" name="p_read_7_read_fu_166">
<pin_list>
<pin id="167" dir="0" index="0" bw="6" slack="0"/>
<pin id="168" dir="0" index="1" bw="6" slack="0"/>
<pin id="169" dir="1" index="2" bw="6" slack="1"/>
</pin_list>
<bind>
<opcode="read(1150) " fcode="read"/>
<opset="p_read_7/1 "/>
</bind>
</comp>

<comp id="172" class="1004" name="p_read_8_read_fu_172">
<pin_list>
<pin id="173" dir="0" index="0" bw="6" slack="0"/>
<pin id="174" dir="0" index="1" bw="6" slack="0"/>
<pin id="175" dir="1" index="2" bw="6" slack="1"/>
</pin_list>
<bind>
<opcode="read(1150) " fcode="read"/>
<opset="p_read_8/1 "/>
</bind>
</comp>

<comp id="178" class="1004" name="p_read17_read_fu_178">
<pin_list>
<pin id="179" dir="0" index="0" bw="18" slack="0"/>
<pin id="180" dir="0" index="1" bw="18" slack="0"/>
<pin id="181" dir="1" index="2" bw="18" slack="2"/>
</pin_list>
<bind>
<opcode="read(1150) " fcode="read"/>
<opset="p_read17/1 "/>
</bind>
</comp>

<comp id="184" class="1004" name="p_read_9_read_fu_184">
<pin_list>
<pin id="185" dir="0" index="0" bw="18" slack="0"/>
<pin id="186" dir="0" index="1" bw="18" slack="0"/>
<pin id="187" dir="1" index="2" bw="18" slack="2"/>
</pin_list>
<bind>
<opcode="read(1150) " fcode="read"/>
<opset="p_read_9/1 "/>
</bind>
</comp>

<comp id="190" class="1004" name="directions_addr_gep_fu_190">
<pin_list>
<pin id="191" dir="0" index="0" bw="12" slack="0"/>
<pin id="192" dir="0" index="1" bw="1" slack="0"/>
<pin id="193" dir="0" index="2" bw="4" slack="0"/>
<pin id="194" dir="1" index="3" bw="3" slack="0"/>
</pin_list>
<bind>
<opcode="getelementptr(29) " fcode="getelementptr"/>
<opset="directions_addr/18 "/>
</bind>
</comp>

<comp id="197" class="1004" name="grp_access_fu_197">
<pin_list>
<pin id="198" dir="0" index="0" bw="3" slack="0"/>
<pin id="199" dir="0" index="1" bw="12" slack="0"/>
<pin id="200" dir="0" index="2" bw="0" slack="0"/>
<pin id="202" dir="0" index="4" bw="3" slack="0"/>
<pin id="203" dir="0" index="5" bw="12" slack="2147483647"/>
<pin id="204" dir="0" index="6" bw="0" slack="2147483647"/>
<pin id="201" dir="1" index="3" bw="12" slack="2147483647"/>
<pin id="205" dir="1" index="7" bw="12" slack="2147483647"/>
</pin_list>
<bind>
<opcode="store(28) " fcode="store"/>
<opset="store_ln47/18 store_ln48/18 "/>
</bind>
</comp>

<comp id="207" class="1004" name="directions_addr_1_gep_fu_207">
<pin_list>
<pin id="208" dir="0" index="0" bw="12" slack="0"/>
<pin id="209" dir="0" index="1" bw="1" slack="0"/>
<pin id="210" dir="0" index="2" bw="4" slack="0"/>
<pin id="211" dir="1" index="3" bw="3" slack="0"/>
</pin_list>
<bind>
<opcode="getelementptr(29) " fcode="getelementptr"/>
<opset="directions_addr_1/18 "/>
</bind>
</comp>

<comp id="215" class="1005" name="mesh_V_1_011_reg_215">
<pin_list>
<pin id="216" dir="0" index="0" bw="36" slack="1"/>
<pin id="217" dir="1" index="1" bw="36" slack="1"/>
</pin_list>
<bind>
<opset="mesh_V_1_011 (phireg) "/>
</bind>
</comp>

<comp id="219" class="1004" name="mesh_V_1_011_phi_fu_219">
<pin_list>
<pin id="220" dir="0" index="0" bw="1" slack="1"/>
<pin id="221" dir="0" index="1" bw="0" slack="2147483647"/>
<pin id="222" dir="0" index="2" bw="36" slack="1"/>
<pin id="223" dir="0" index="3" bw="0" slack="2147483647"/>
<pin id="224" dir="1" index="4" bw="36" slack="1"/>
</pin_list>
<bind>
<opcode="phi(47) " fcode="phi"/>
<opset="mesh_V_1_011/2 "/>
</bind>
</comp>

<comp id="227" class="1005" name="mesh_V_0_010_reg_227">
<pin_list>
<pin id="228" dir="0" index="0" bw="36" slack="1"/>
<pin id="229" dir="1" index="1" bw="36" slack="1"/>
</pin_list>
<bind>
<opset="mesh_V_0_010 (phireg) "/>
</bind>
</comp>

<comp id="231" class="1004" name="mesh_V_0_010_phi_fu_231">
<pin_list>
<pin id="232" dir="0" index="0" bw="1" slack="1"/>
<pin id="233" dir="0" index="1" bw="0" slack="2147483647"/>
<pin id="234" dir="0" index="2" bw="36" slack="1"/>
<pin id="235" dir="0" index="3" bw="0" slack="2147483647"/>
<pin id="236" dir="1" index="4" bw="36" slack="1"/>
</pin_list>
<bind>
<opcode="phi(47) " fcode="phi"/>
<opset="mesh_V_0_010/2 "/>
</bind>
</comp>

<comp id="239" class="1005" name="i_reg_239">
<pin_list>
<pin id="240" dir="0" index="0" bw="2" slack="1"/>
<pin id="241" dir="1" index="1" bw="2" slack="1"/>
</pin_list>
<bind>
<opset="i (phireg) "/>
</bind>
</comp>

<comp id="243" class="1004" name="i_phi_fu_243">
<pin_list>
<pin id="244" dir="0" index="0" bw="1" slack="1"/>
<pin id="245" dir="0" index="1" bw="0" slack="2147483647"/>
<pin id="246" dir="0" index="2" bw="2" slack="0"/>
<pin id="247" dir="0" index="3" bw="0" slack="2147483647"/>
<pin id="248" dir="1" index="4" bw="2" slack="0"/>
</pin_list>
<bind>
<opcode="phi(47) " fcode="phi"/>
<opset="i/2 "/>
</bind>
</comp>

<comp id="250" class="1005" name="i_3_reg_250">
<pin_list>
<pin id="251" dir="0" index="0" bw="2" slack="1"/>
<pin id="252" dir="1" index="1" bw="2" slack="1"/>
</pin_list>
<bind>
<opset="i_3 (phireg) "/>
</bind>
</comp>

<comp id="254" class="1004" name="i_3_phi_fu_254">
<pin_list>
<pin id="255" dir="0" index="0" bw="2" slack="0"/>
<pin id="256" dir="0" index="1" bw="0" slack="2147483647"/>
<pin id="257" dir="0" index="2" bw="1" slack="1"/>
<pin id="258" dir="0" index="3" bw="0" slack="2147483647"/>
<pin id="259" dir="1" index="4" bw="2" slack="0"/>
</pin_list>
<bind>
<opcode="phi(47) " fcode="phi"/>
<opset="i_3/4 "/>
</bind>
</comp>

<comp id="262" class="1005" name="j_reg_262">
<pin_list>
<pin id="263" dir="0" index="0" bw="2" slack="1"/>
<pin id="264" dir="1" index="1" bw="2" slack="1"/>
</pin_list>
<bind>
<opset="j (phireg) "/>
</bind>
</comp>

<comp id="266" class="1004" name="j_phi_fu_266">
<pin_list>
<pin id="267" dir="0" index="0" bw="1" slack="1"/>
<pin id="268" dir="0" index="1" bw="0" slack="2147483647"/>
<pin id="269" dir="0" index="2" bw="2" slack="0"/>
<pin id="270" dir="0" index="3" bw="0" slack="2147483647"/>
<pin id="271" dir="1" index="4" bw="2" slack="0"/>
</pin_list>
<bind>
<opcode="phi(47) " fcode="phi"/>
<opset="j/5 "/>
</bind>
</comp>

<comp id="273" class="1005" name="i_4_reg_273">
<pin_list>
<pin id="274" dir="0" index="0" bw="2" slack="1"/>
<pin id="275" dir="1" index="1" bw="2" slack="1"/>
</pin_list>
<bind>
<opset="i_4 (phireg) "/>
</bind>
</comp>

<comp id="277" class="1004" name="i_4_phi_fu_277">
<pin_list>
<pin id="278" dir="0" index="0" bw="2" slack="0"/>
<pin id="279" dir="0" index="1" bw="0" slack="2147483647"/>
<pin id="280" dir="0" index="2" bw="1" slack="1"/>
<pin id="281" dir="0" index="3" bw="0" slack="2147483647"/>
<pin id="282" dir="1" index="4" bw="2" slack="0"/>
</pin_list>
<bind>
<opcode="phi(47) " fcode="phi"/>
<opset="i_4/10 "/>
</bind>
</comp>

<comp id="284" class="1005" name="j_1_reg_284">
<pin_list>
<pin id="285" dir="0" index="0" bw="2" slack="1"/>
<pin id="286" dir="1" index="1" bw="2" slack="1"/>
</pin_list>
<bind>
<opset="j_1 (phireg) "/>
</bind>
</comp>

<comp id="288" class="1004" name="j_1_phi_fu_288">
<pin_list>
<pin id="289" dir="0" index="0" bw="1" slack="1"/>
<pin id="290" dir="0" index="1" bw="0" slack="2147483647"/>
<pin id="291" dir="0" index="2" bw="2" slack="0"/>
<pin id="292" dir="0" index="3" bw="0" slack="2147483647"/>
<pin id="293" dir="1" index="4" bw="2" slack="0"/>
</pin_list>
<bind>
<opcode="phi(47) " fcode="phi"/>
<opset="j_1/11 "/>
</bind>
</comp>

<comp id="295" class="1005" name="i_5_reg_295">
<pin_list>
<pin id="296" dir="0" index="0" bw="2" slack="1"/>
<pin id="297" dir="1" index="1" bw="2" slack="1"/>
</pin_list>
<bind>
<opset="i_5 (phireg) "/>
</bind>
</comp>

<comp id="299" class="1004" name="i_5_phi_fu_299">
<pin_list>
<pin id="300" dir="0" index="0" bw="2" slack="0"/>
<pin id="301" dir="0" index="1" bw="0" slack="2147483647"/>
<pin id="302" dir="0" index="2" bw="1" slack="1"/>
<pin id="303" dir="0" index="3" bw="0" slack="2147483647"/>
<pin id="304" dir="1" index="4" bw="2" slack="0"/>
</pin_list>
<bind>
<opcode="phi(47) " fcode="phi"/>
<opset="i_5/17 "/>
</bind>
</comp>

<comp id="307" class="1005" name="j_2_reg_307">
<pin_list>
<pin id="308" dir="0" index="0" bw="2" slack="1"/>
<pin id="309" dir="1" index="1" bw="2" slack="1"/>
</pin_list>
<bind>
<opset="j_2 (phireg) "/>
</bind>
</comp>

<comp id="311" class="1004" name="j_2_phi_fu_311">
<pin_list>
<pin id="312" dir="0" index="0" bw="2" slack="0"/>
<pin id="313" dir="0" index="1" bw="0" slack="2147483647"/>
<pin id="314" dir="0" index="2" bw="1" slack="1"/>
<pin id="315" dir="0" index="3" bw="0" slack="2147483647"/>
<pin id="316" dir="1" index="4" bw="2" slack="0"/>
</pin_list>
<bind>
<opcode="phi(47) " fcode="phi"/>
<opset="j_2/18 "/>
</bind>
</comp>

<comp id="318" class="1004" name="grp_round_fixed_54_15_s_fu_318">
<pin_list>
<pin id="319" dir="0" index="0" bw="54" slack="0"/>
<pin id="320" dir="0" index="1" bw="51" slack="1"/>
<pin id="321" dir="1" index="2" bw="54" slack="0"/>
</pin_list>
<bind>
<opcode="call(48) " fcode="call"/>
<opset="p_Val2_s/14 "/>
</bind>
</comp>

<comp id="323" class="1004" name="grp_load_fu_323">
<pin_list>
<pin id="324" dir="0" index="0" bw="18" slack="1"/>
<pin id="325" dir="1" index="1" bw="18" slack="0"/>
</pin_list>
<bind>
<opcode="load(27) " fcode="load"/>
<opset="H_1_1_V_1_load/4 H_1_1_V_1_load_1/8 "/>
</bind>
</comp>

<comp id="326" class="1004" name="grp_load_fu_326">
<pin_list>
<pin id="327" dir="0" index="0" bw="18" slack="1"/>
<pin id="328" dir="1" index="1" bw="18" slack="0"/>
</pin_list>
<bind>
<opcode="load(27) " fcode="load"/>
<opset="H_1_1_V_9_load/4 H_1_1_V_9_load_1/8 "/>
</bind>
</comp>

<comp id="329" class="1004" name="grp_load_fu_329">
<pin_list>
<pin id="330" dir="0" index="0" bw="18" slack="1"/>
<pin id="331" dir="1" index="1" bw="18" slack="0"/>
</pin_list>
<bind>
<opcode="load(27) " fcode="load"/>
<opset="H_1_1_V_14_load/4 H_1_1_V_14_load_1/8 "/>
</bind>
</comp>

<comp id="332" class="1004" name="grp_load_fu_332">
<pin_list>
<pin id="333" dir="0" index="0" bw="18" slack="1"/>
<pin id="334" dir="1" index="1" bw="18" slack="0"/>
</pin_list>
<bind>
<opcode="load(27) " fcode="load"/>
<opset="H_1_1_V_15_load/4 H_1_1_V_15_load_1/8 "/>
</bind>
</comp>

<comp id="335" class="1004" name="grp_load_fu_335">
<pin_list>
<pin id="336" dir="0" index="0" bw="12" slack="3"/>
<pin id="337" dir="1" index="1" bw="12" slack="0"/>
</pin_list>
<bind>
<opcode="load(27) " fcode="load"/>
<opset="B_V_1_1_1_load/16 B_V_1_1_1_load_1/18 "/>
</bind>
</comp>

<comp id="338" class="1004" name="grp_load_fu_338">
<pin_list>
<pin id="339" dir="0" index="0" bw="12" slack="3"/>
<pin id="340" dir="1" index="1" bw="12" slack="0"/>
</pin_list>
<bind>
<opcode="load(27) " fcode="load"/>
<opset="B_V_1_1_9_load/16 B_V_1_1_9_load_1/18 "/>
</bind>
</comp>

<comp id="341" class="1004" name="grp_load_fu_341">
<pin_list>
<pin id="342" dir="0" index="0" bw="12" slack="3"/>
<pin id="343" dir="1" index="1" bw="12" slack="0"/>
</pin_list>
<bind>
<opcode="load(27) " fcode="load"/>
<opset="B_V_1_1_10_load/16 B_V_1_1_10_load_1/18 "/>
</bind>
</comp>

<comp id="344" class="1004" name="grp_load_fu_344">
<pin_list>
<pin id="345" dir="0" index="0" bw="12" slack="3"/>
<pin id="346" dir="1" index="1" bw="12" slack="0"/>
</pin_list>
<bind>
<opcode="load(27) " fcode="load"/>
<opset="B_V_1_1_11_load/16 B_V_1_1_11_load_1/18 "/>
</bind>
</comp>

<comp id="347" class="1004" name="add_ln18_fu_347">
<pin_list>
<pin id="348" dir="0" index="0" bw="2" slack="0"/>
<pin id="349" dir="0" index="1" bw="1" slack="0"/>
<pin id="350" dir="1" index="2" bw="2" slack="0"/>
</pin_list>
<bind>
<opcode="add(8) " fcode="add"/>
<opset="add_ln18/2 "/>
</bind>
</comp>

<comp id="353" class="1004" name="icmp_ln18_fu_353">
<pin_list>
<pin id="354" dir="0" index="0" bw="2" slack="0"/>
<pin id="355" dir="0" index="1" bw="2" slack="0"/>
<pin id="356" dir="1" index="2" bw="1" slack="2147483647"/>
</pin_list>
<bind>
<opcode="icmp(45) " fcode="icmp"/>
<opset="icmp_ln18/2 "/>
</bind>
</comp>

<comp id="359" class="1004" name="trunc_ln215_fu_359">
<pin_list>
<pin id="360" dir="0" index="0" bw="2" slack="0"/>
<pin id="361" dir="1" index="1" bw="1" slack="0"/>
</pin_list>
<bind>
<opcode="trunc(33) " fcode="trunc"/>
<opset="trunc_ln215/2 "/>
</bind>
</comp>

<comp id="363" class="1004" name="select_ln215_fu_363">
<pin_list>
<pin id="364" dir="0" index="0" bw="1" slack="0"/>
<pin id="365" dir="0" index="1" bw="6" slack="1"/>
<pin id="366" dir="0" index="2" bw="6" slack="1"/>
<pin id="367" dir="1" index="3" bw="6" slack="0"/>
</pin_list>
<bind>
<opcode="select(49) " fcode="select"/>
<opset="select_ln215/2 "/>
</bind>
</comp>

<comp id="369" class="1004" name="select_ln215_1_fu_369">
<pin_list>
<pin id="370" dir="0" index="0" bw="1" slack="0"/>
<pin id="371" dir="0" index="1" bw="6" slack="1"/>
<pin id="372" dir="0" index="2" bw="6" slack="1"/>
<pin id="373" dir="1" index="3" bw="6" slack="0"/>
</pin_list>
<bind>
<opcode="select(49) " fcode="select"/>
<opset="select_ln215_1/2 "/>
</bind>
</comp>

<comp id="375" class="1004" name="sub_ln69_fu_375">
<pin_list>
<pin id="376" dir="0" index="0" bw="6" slack="0"/>
<pin id="377" dir="0" index="1" bw="6" slack="0"/>
<pin id="378" dir="1" index="2" bw="6" slack="0"/>
</pin_list>
<bind>
<opcode="sub(10) " fcode="sub"/>
<opset="sub_ln69/2 "/>
</bind>
</comp>

<comp id="381" class="1004" name="frameMeshDiff_V_fu_381">
<pin_list>
<pin id="382" dir="0" index="0" bw="6" slack="0"/>
<pin id="383" dir="0" index="1" bw="1" slack="0"/>
<pin id="384" dir="1" index="2" bw="6" slack="0"/>
</pin_list>
<bind>
<opcode="add(8) " fcode="add"/>
<opset="frameMeshDiff_V/2 "/>
</bind>
</comp>

<comp id="387" class="1004" name="sext_ln1380_fu_387">
<pin_list>
<pin id="388" dir="0" index="0" bw="6" slack="0"/>
<pin id="389" dir="1" index="1" bw="7" slack="0"/>
</pin_list>
<bind>
<opcode="sext(35) " fcode="sext"/>
<opset="sext_ln1380/2 "/>
</bind>
</comp>

<comp id="391" class="1004" name="isNeg_fu_391">
<pin_list>
<pin id="392" dir="0" index="0" bw="1" slack="0"/>
<pin id="393" dir="0" index="1" bw="6" slack="0"/>
<pin id="394" dir="0" index="2" bw="4" slack="0"/>
<pin id="395" dir="1" index="3" bw="1" slack="1"/>
</pin_list>
<bind>
<opcode="bitselect(1000) " fcode="bitselect"/>
<opset="isNeg/2 "/>
</bind>
</comp>

<comp id="399" class="1004" name="sub_ln1357_fu_399">
<pin_list>
<pin id="400" dir="0" index="0" bw="1" slack="0"/>
<pin id="401" dir="0" index="1" bw="6" slack="0"/>
<pin id="402" dir="1" index="2" bw="7" slack="1"/>
</pin_list>
<bind>
<opcode="sub(10) " fcode="sub"/>
<opset="sub_ln1357/2 "/>
</bind>
</comp>

<comp id="405" class="1004" name="store_ln62_store_fu_405">
<pin_list>
<pin id="406" dir="0" index="0" bw="1" slack="0"/>
<pin id="407" dir="0" index="1" bw="18" slack="0"/>
<pin id="408" dir="1" index="2" bw="0" slack="2147483647"/>
</pin_list>
<bind>
<opcode="store(28) " fcode="store"/>
<opset="store_ln62/2 "/>
</bind>
</comp>

<comp id="410" class="1004" name="ush_fu_410">
<pin_list>
<pin id="411" dir="0" index="0" bw="1" slack="1"/>
<pin id="412" dir="0" index="1" bw="7" slack="1"/>
<pin id="413" dir="0" index="2" bw="7" slack="1"/>
<pin id="414" dir="1" index="3" bw="7" slack="0"/>
</pin_list>
<bind>
<opcode="select(49) " fcode="select"/>
<opset="ush/3 "/>
</bind>
</comp>

<comp id="415" class="1004" name="sh_prom_i_i_i_cast_cast_cast_fu_415">
<pin_list>
<pin id="416" dir="0" index="0" bw="7" slack="0"/>
<pin id="417" dir="1" index="1" bw="32" slack="0"/>
</pin_list>
<bind>
<opcode="sext(35) " fcode="sext"/>
<opset="sh_prom_i_i_i_cast_cast_cast/3 "/>
</bind>
</comp>

<comp id="419" class="1004" name="sh_prom_i_i_i_cast_cast_cast_cast_fu_419">
<pin_list>
<pin id="420" dir="0" index="0" bw="7" slack="0"/>
<pin id="421" dir="1" index="1" bw="36" slack="0"/>
</pin_list>
<bind>
<opcode="zext(34) " fcode="zext"/>
<opset="sh_prom_i_i_i_cast_cast_cast_cast/3 "/>
</bind>
</comp>

<comp id="423" class="1004" name="r_V_fu_423">
<pin_list>
<pin id="424" dir="0" index="0" bw="26" slack="0"/>
<pin id="425" dir="0" index="1" bw="32" slack="0"/>
<pin id="426" dir="1" index="2" bw="36" slack="0"/>
</pin_list>
<bind>
<opcode="lshr(21) " fcode="lshr"/>
<opset="r_V/3 "/>
</bind>
</comp>

<comp id="429" class="1004" name="r_V_6_fu_429">
<pin_list>
<pin id="430" dir="0" index="0" bw="26" slack="0"/>
<pin id="431" dir="0" index="1" bw="32" slack="0"/>
<pin id="432" dir="1" index="2" bw="36" slack="0"/>
</pin_list>
<bind>
<opcode="shl(20) " fcode="shl"/>
<opset="r_V_6/3 "/>
</bind>
</comp>

<comp id="435" class="1004" name="r_V_11_fu_435">
<pin_list>
<pin id="436" dir="0" index="0" bw="1" slack="1"/>
<pin id="437" dir="0" index="1" bw="36" slack="0"/>
<pin id="438" dir="0" index="2" bw="36" slack="0"/>
<pin id="439" dir="1" index="3" bw="36" slack="0"/>
</pin_list>
<bind>
<opcode="select(49) " fcode="select"/>
<opset="r_V_11/3 "/>
</bind>
</comp>

<comp id="442" class="1004" name="mesh_V_1_3_fu_442">
<pin_list>
<pin id="443" dir="0" index="0" bw="1" slack="1"/>
<pin id="444" dir="0" index="1" bw="36" slack="0"/>
<pin id="445" dir="0" index="2" bw="36" slack="1"/>
<pin id="446" dir="1" index="3" bw="36" slack="1"/>
</pin_list>
<bind>
<opcode="select(49) " fcode="select"/>
<opset="mesh_V_1_3/3 "/>
</bind>
</comp>

<comp id="449" class="1004" name="mesh_V_1_4_fu_449">
<pin_list>
<pin id="450" dir="0" index="0" bw="1" slack="1"/>
<pin id="451" dir="0" index="1" bw="36" slack="1"/>
<pin id="452" dir="0" index="2" bw="36" slack="0"/>
<pin id="453" dir="1" index="3" bw="36" slack="1"/>
</pin_list>
<bind>
<opcode="select(49) " fcode="select"/>
<opset="mesh_V_1_4/3 "/>
</bind>
</comp>

<comp id="456" class="1004" name="add_ln62_fu_456">
<pin_list>
<pin id="457" dir="0" index="0" bw="2" slack="0"/>
<pin id="458" dir="0" index="1" bw="1" slack="0"/>
<pin id="459" dir="1" index="2" bw="2" slack="0"/>
</pin_list>
<bind>
<opcode="add(8) " fcode="add"/>
<opset="add_ln62/4 "/>
</bind>
</comp>

<comp id="462" class="1004" name="icmp_ln62_fu_462">
<pin_list>
<pin id="463" dir="0" index="0" bw="2" slack="0"/>
<pin id="464" dir="0" index="1" bw="2" slack="0"/>
<pin id="465" dir="1" index="2" bw="1" slack="2147483647"/>
</pin_list>
<bind>
<opcode="icmp(45) " fcode="icmp"/>
<opset="icmp_ln62/4 "/>
</bind>
</comp>

<comp id="468" class="1004" name="empty_58_fu_468">
<pin_list>
<pin id="469" dir="0" index="0" bw="2" slack="0"/>
<pin id="470" dir="1" index="1" bw="1" slack="0"/>
</pin_list>
<bind>
<opcode="trunc(33) " fcode="trunc"/>
<opset="empty_58/4 "/>
</bind>
</comp>

<comp id="472" class="1004" name="empty_59_fu_472">
<pin_list>
<pin id="473" dir="0" index="0" bw="1" slack="0"/>
<pin id="474" dir="0" index="1" bw="18" slack="2"/>
<pin id="475" dir="0" index="2" bw="18" slack="2"/>
<pin id="476" dir="1" index="3" bw="18" slack="0"/>
</pin_list>
<bind>
<opcode="select(49) " fcode="select"/>
<opset="empty_59/4 "/>
</bind>
</comp>

<comp id="478" class="1004" name="p_shl_fu_478">
<pin_list>
<pin id="479" dir="0" index="0" bw="19" slack="0"/>
<pin id="480" dir="0" index="1" bw="18" slack="0"/>
<pin id="481" dir="0" index="2" bw="1" slack="0"/>
<pin id="482" dir="1" index="3" bw="19" slack="0"/>
</pin_list>
<bind>
<opcode="bitconcatenate(1004) " fcode="bitconcatenate"/>
<opset="p_shl/4 "/>
</bind>
</comp>

<comp id="486" class="1004" name="p_shl_cast_fu_486">
<pin_list>
<pin id="487" dir="0" index="0" bw="19" slack="0"/>
<pin id="488" dir="1" index="1" bw="20" slack="0"/>
</pin_list>
<bind>
<opcode="sext(35) " fcode="sext"/>
<opset="p_shl_cast/4 "/>
</bind>
</comp>

<comp id="490" class="1004" name="r_V_8_fu_490">
<pin_list>
<pin id="491" dir="0" index="0" bw="1" slack="0"/>
<pin id="492" dir="0" index="1" bw="19" slack="0"/>
<pin id="493" dir="1" index="2" bw="20" slack="0"/>
</pin_list>
<bind>
<opcode="sub(10) " fcode="sub"/>
<opset="r_V_8/4 "/>
</bind>
</comp>

<comp id="496" class="1004" name="sext_ln1115_fu_496">
<pin_list>
<pin id="497" dir="0" index="0" bw="20" slack="0"/>
<pin id="498" dir="1" index="1" bw="33" slack="1"/>
</pin_list>
<bind>
<opcode="sext(35) " fcode="sext"/>
<opset="sext_ln1115/4 "/>
</bind>
</comp>

<comp id="500" class="1004" name="store_ln34_store_fu_500">
<pin_list>
<pin id="501" dir="0" index="0" bw="18" slack="0"/>
<pin id="502" dir="0" index="1" bw="18" slack="0"/>
<pin id="503" dir="1" index="2" bw="0" slack="2147483647"/>
</pin_list>
<bind>
<opcode="store(28) " fcode="store"/>
<opset="store_ln34/4 "/>
</bind>
</comp>

<comp id="505" class="1004" name="store_ln34_store_fu_505">
<pin_list>
<pin id="506" dir="0" index="0" bw="18" slack="0"/>
<pin id="507" dir="0" index="1" bw="18" slack="0"/>
<pin id="508" dir="1" index="2" bw="0" slack="2147483647"/>
</pin_list>
<bind>
<opcode="store(28) " fcode="store"/>
<opset="store_ln34/4 "/>
</bind>
</comp>

<comp id="510" class="1004" name="store_ln34_store_fu_510">
<pin_list>
<pin id="511" dir="0" index="0" bw="18" slack="0"/>
<pin id="512" dir="0" index="1" bw="18" slack="0"/>
<pin id="513" dir="1" index="2" bw="0" slack="2147483647"/>
</pin_list>
<bind>
<opcode="store(28) " fcode="store"/>
<opset="store_ln34/4 "/>
</bind>
</comp>

<comp id="515" class="1004" name="store_ln34_store_fu_515">
<pin_list>
<pin id="516" dir="0" index="0" bw="18" slack="0"/>
<pin id="517" dir="0" index="1" bw="18" slack="0"/>
<pin id="518" dir="1" index="2" bw="0" slack="2147483647"/>
</pin_list>
<bind>
<opcode="store(28) " fcode="store"/>
<opset="store_ln34/4 "/>
</bind>
</comp>

<comp id="520" class="1004" name="add_ln63_fu_520">
<pin_list>
<pin id="521" dir="0" index="0" bw="2" slack="0"/>
<pin id="522" dir="0" index="1" bw="1" slack="0"/>
<pin id="523" dir="1" index="2" bw="2" slack="0"/>
</pin_list>
<bind>
<opcode="add(8) " fcode="add"/>
<opset="add_ln63/5 "/>
</bind>
</comp>

<comp id="526" class="1004" name="icmp_ln63_fu_526">
<pin_list>
<pin id="527" dir="0" index="0" bw="2" slack="0"/>
<pin id="528" dir="0" index="1" bw="2" slack="0"/>
<pin id="529" dir="1" index="2" bw="1" slack="2147483647"/>
</pin_list>
<bind>
<opcode="icmp(45) " fcode="icmp"/>
<opset="icmp_ln63/5 "/>
</bind>
</comp>

<comp id="532" class="1004" name="trunc_ln1118_fu_532">
<pin_list>
<pin id="533" dir="0" index="0" bw="2" slack="0"/>
<pin id="534" dir="1" index="1" bw="1" slack="0"/>
</pin_list>
<bind>
<opcode="trunc(33) " fcode="trunc"/>
<opset="trunc_ln1118/5 "/>
</bind>
</comp>

<comp id="536" class="1004" name="select_ln1118_fu_536">
<pin_list>
<pin id="537" dir="0" index="0" bw="1" slack="0"/>
<pin id="538" dir="0" index="1" bw="18" slack="3"/>
<pin id="539" dir="0" index="2" bw="18" slack="3"/>
<pin id="540" dir="1" index="3" bw="18" slack="0"/>
</pin_list>
<bind>
<opcode="select(49) " fcode="select"/>
<opset="select_ln1118/5 "/>
</bind>
</comp>

<comp id="542" class="1004" name="sext_ln1115_1_fu_542">
<pin_list>
<pin id="543" dir="0" index="0" bw="18" slack="0"/>
<pin id="544" dir="1" index="1" bw="33" slack="0"/>
</pin_list>
<bind>
<opcode="sext(35) " fcode="sext"/>
<opset="sext_ln1115_1/5 "/>
</bind>
</comp>

<comp id="546" class="1004" name="icmp_ln65_fu_546">
<pin_list>
<pin id="547" dir="0" index="0" bw="2" slack="1"/>
<pin id="548" dir="0" index="1" bw="2" slack="0"/>
<pin id="549" dir="1" index="2" bw="1" slack="3"/>
</pin_list>
<bind>
<opcode="icmp(45) " fcode="icmp"/>
<opset="icmp_ln65/5 "/>
</bind>
</comp>

<comp id="552" class="1004" name="H_1_0_V_fu_552">
<pin_list>
<pin id="553" dir="0" index="0" bw="18" slack="0"/>
<pin id="554" dir="0" index="1" bw="33" slack="0"/>
<pin id="555" dir="0" index="2" bw="5" slack="0"/>
<pin id="556" dir="0" index="3" bw="7" slack="0"/>
<pin id="557" dir="1" index="4" bw="18" slack="0"/>
</pin_list>
<bind>
<opcode="partselect(1002) " fcode="partselect"/>
<opset="H_1_0_V/8 "/>
</bind>
</comp>

<comp id="561" class="1004" name="H_1_1_V_17_fu_561">
<pin_list>
<pin id="562" dir="0" index="0" bw="1" slack="3"/>
<pin id="563" dir="0" index="1" bw="18" slack="0"/>
<pin id="564" dir="0" index="2" bw="18" slack="0"/>
<pin id="565" dir="1" index="3" bw="18" slack="0"/>
</pin_list>
<bind>
<opcode="select(49) " fcode="select"/>
<opset="H_1_1_V_17/8 "/>
</bind>
</comp>

<comp id="568" class="1004" name="H_1_1_V_18_fu_568">
<pin_list>
<pin id="569" dir="0" index="0" bw="1" slack="3"/>
<pin id="570" dir="0" index="1" bw="18" slack="0"/>
<pin id="571" dir="0" index="2" bw="18" slack="0"/>
<pin id="572" dir="1" index="3" bw="18" slack="0"/>
</pin_list>
<bind>
<opcode="select(49) " fcode="select"/>
<opset="H_1_1_V_18/8 "/>
</bind>
</comp>

<comp id="575" class="1004" name="H_1_1_V_fu_575">
<pin_list>
<pin id="576" dir="0" index="0" bw="1" slack="3"/>
<pin id="577" dir="0" index="1" bw="18" slack="0"/>
<pin id="578" dir="0" index="2" bw="18" slack="0"/>
<pin id="579" dir="1" index="3" bw="18" slack="0"/>
</pin_list>
<bind>
<opcode="select(49) " fcode="select"/>
<opset="H_1_1_V/8 "/>
</bind>
</comp>

<comp id="582" class="1004" name="H_1_1_V_19_fu_582">
<pin_list>
<pin id="583" dir="0" index="0" bw="1" slack="3"/>
<pin id="584" dir="0" index="1" bw="18" slack="0"/>
<pin id="585" dir="0" index="2" bw="18" slack="0"/>
<pin id="586" dir="1" index="3" bw="18" slack="0"/>
</pin_list>
<bind>
<opcode="select(49) " fcode="select"/>
<opset="H_1_1_V_19/8 "/>
</bind>
</comp>

<comp id="589" class="1004" name="H_1_1_V_5_fu_589">
<pin_list>
<pin id="590" dir="0" index="0" bw="1" slack="4"/>
<pin id="591" dir="0" index="1" bw="18" slack="0"/>
<pin id="592" dir="0" index="2" bw="18" slack="0"/>
<pin id="593" dir="1" index="3" bw="18" slack="0"/>
</pin_list>
<bind>
<opcode="select(49) " fcode="select"/>
<opset="H_1_1_V_5/8 "/>
</bind>
</comp>

<comp id="596" class="1004" name="H_1_1_V_6_fu_596">
<pin_list>
<pin id="597" dir="0" index="0" bw="1" slack="4"/>
<pin id="598" dir="0" index="1" bw="18" slack="0"/>
<pin id="599" dir="0" index="2" bw="18" slack="0"/>
<pin id="600" dir="1" index="3" bw="18" slack="0"/>
</pin_list>
<bind>
<opcode="select(49) " fcode="select"/>
<opset="H_1_1_V_6/8 "/>
</bind>
</comp>

<comp id="603" class="1004" name="H_1_1_V_7_fu_603">
<pin_list>
<pin id="604" dir="0" index="0" bw="1" slack="4"/>
<pin id="605" dir="0" index="1" bw="18" slack="0"/>
<pin id="606" dir="0" index="2" bw="18" slack="0"/>
<pin id="607" dir="1" index="3" bw="18" slack="0"/>
</pin_list>
<bind>
<opcode="select(49) " fcode="select"/>
<opset="H_1_1_V_7/8 "/>
</bind>
</comp>

<comp id="610" class="1004" name="H_1_1_V_8_fu_610">
<pin_list>
<pin id="611" dir="0" index="0" bw="1" slack="4"/>
<pin id="612" dir="0" index="1" bw="18" slack="0"/>
<pin id="613" dir="0" index="2" bw="18" slack="0"/>
<pin id="614" dir="1" index="3" bw="18" slack="0"/>
</pin_list>
<bind>
<opcode="select(49) " fcode="select"/>
<opset="H_1_1_V_8/8 "/>
</bind>
</comp>

<comp id="617" class="1004" name="select_ln703_fu_617">
<pin_list>
<pin id="618" dir="0" index="0" bw="1" slack="4"/>
<pin id="619" dir="0" index="1" bw="18" slack="0"/>
<pin id="620" dir="0" index="2" bw="18" slack="0"/>
<pin id="621" dir="1" index="3" bw="18" slack="0"/>
</pin_list>
<bind>
<opcode="select(49) " fcode="select"/>
<opset="select_ln703/8 "/>
</bind>
</comp>

<comp id="624" class="1004" name="H_0_0_V_fu_624">
<pin_list>
<pin id="625" dir="0" index="0" bw="18" slack="0"/>
<pin id="626" dir="0" index="1" bw="17" slack="0"/>
<pin id="627" dir="1" index="2" bw="18" slack="0"/>
</pin_list>
<bind>
<opcode="add(8) " fcode="add"/>
<opset="H_0_0_V/8 "/>
</bind>
</comp>

<comp id="630" class="1004" name="H_1_1_V_21_fu_630">
<pin_list>
<pin id="631" dir="0" index="0" bw="1" slack="4"/>
<pin id="632" dir="0" index="1" bw="18" slack="0"/>
<pin id="633" dir="0" index="2" bw="18" slack="0"/>
<pin id="634" dir="1" index="3" bw="18" slack="0"/>
</pin_list>
<bind>
<opcode="select(49) " fcode="select"/>
<opset="H_1_1_V_21/8 "/>
</bind>
</comp>

<comp id="637" class="1004" name="H_1_1_V_22_fu_637">
<pin_list>
<pin id="638" dir="0" index="0" bw="1" slack="4"/>
<pin id="639" dir="0" index="1" bw="18" slack="0"/>
<pin id="640" dir="0" index="2" bw="18" slack="0"/>
<pin id="641" dir="1" index="3" bw="18" slack="0"/>
</pin_list>
<bind>
<opcode="select(49) " fcode="select"/>
<opset="H_1_1_V_22/8 "/>
</bind>
</comp>

<comp id="644" class="1004" name="H_1_1_V_23_fu_644">
<pin_list>
<pin id="645" dir="0" index="0" bw="1" slack="3"/>
<pin id="646" dir="0" index="1" bw="18" slack="0"/>
<pin id="647" dir="0" index="2" bw="18" slack="0"/>
<pin id="648" dir="1" index="3" bw="18" slack="0"/>
</pin_list>
<bind>
<opcode="select(49) " fcode="select"/>
<opset="H_1_1_V_23/8 "/>
</bind>
</comp>

<comp id="651" class="1004" name="H_1_1_V_24_fu_651">
<pin_list>
<pin id="652" dir="0" index="0" bw="1" slack="3"/>
<pin id="653" dir="0" index="1" bw="18" slack="0"/>
<pin id="654" dir="0" index="2" bw="18" slack="0"/>
<pin id="655" dir="1" index="3" bw="18" slack="1"/>
</pin_list>
<bind>
<opcode="select(49) " fcode="select"/>
<opset="H_1_1_V_24/8 "/>
</bind>
</comp>

<comp id="658" class="1004" name="store_ln65_store_fu_658">
<pin_list>
<pin id="659" dir="0" index="0" bw="18" slack="0"/>
<pin id="660" dir="0" index="1" bw="18" slack="5"/>
<pin id="661" dir="1" index="2" bw="0" slack="2147483647"/>
</pin_list>
<bind>
<opcode="store(28) " fcode="store"/>
<opset="store_ln65/8 "/>
</bind>
</comp>

<comp id="663" class="1004" name="store_ln62_store_fu_663">
<pin_list>
<pin id="664" dir="0" index="0" bw="18" slack="0"/>
<pin id="665" dir="0" index="1" bw="18" slack="5"/>
<pin id="666" dir="1" index="2" bw="0" slack="2147483647"/>
</pin_list>
<bind>
<opcode="store(28) " fcode="store"/>
<opset="store_ln62/8 "/>
</bind>
</comp>

<comp id="668" class="1004" name="store_ln62_store_fu_668">
<pin_list>
<pin id="669" dir="0" index="0" bw="18" slack="0"/>
<pin id="670" dir="0" index="1" bw="18" slack="5"/>
<pin id="671" dir="1" index="2" bw="0" slack="2147483647"/>
</pin_list>
<bind>
<opcode="store(28) " fcode="store"/>
<opset="store_ln62/8 "/>
</bind>
</comp>

<comp id="673" class="1004" name="store_ln65_store_fu_673">
<pin_list>
<pin id="674" dir="0" index="0" bw="18" slack="1"/>
<pin id="675" dir="0" index="1" bw="18" slack="6"/>
<pin id="676" dir="1" index="2" bw="0" slack="2147483647"/>
</pin_list>
<bind>
<opcode="store(28) " fcode="store"/>
<opset="store_ln65/9 "/>
</bind>
</comp>

<comp id="677" class="1004" name="add_ln34_fu_677">
<pin_list>
<pin id="678" dir="0" index="0" bw="2" slack="0"/>
<pin id="679" dir="0" index="1" bw="1" slack="0"/>
<pin id="680" dir="1" index="2" bw="2" slack="0"/>
</pin_list>
<bind>
<opcode="add(8) " fcode="add"/>
<opset="add_ln34/10 "/>
</bind>
</comp>

<comp id="683" class="1004" name="icmp_ln34_fu_683">
<pin_list>
<pin id="684" dir="0" index="0" bw="2" slack="0"/>
<pin id="685" dir="0" index="1" bw="2" slack="0"/>
<pin id="686" dir="1" index="2" bw="1" slack="2147483647"/>
</pin_list>
<bind>
<opcode="icmp(45) " fcode="icmp"/>
<opset="icmp_ln34/10 "/>
</bind>
</comp>

<comp id="689" class="1004" name="empty_62_fu_689">
<pin_list>
<pin id="690" dir="0" index="0" bw="2" slack="0"/>
<pin id="691" dir="1" index="1" bw="1" slack="0"/>
</pin_list>
<bind>
<opcode="trunc(33) " fcode="trunc"/>
<opset="empty_62/10 "/>
</bind>
</comp>

<comp id="693" class="1004" name="r_V_9_fu_693">
<pin_list>
<pin id="694" dir="0" index="0" bw="1" slack="0"/>
<pin id="695" dir="0" index="1" bw="36" slack="2"/>
<pin id="696" dir="0" index="2" bw="36" slack="2"/>
<pin id="697" dir="1" index="3" bw="36" slack="0"/>
</pin_list>
<bind>
<opcode="select(49) " fcode="select"/>
<opset="r_V_9/10 "/>
</bind>
</comp>

<comp id="701" class="1004" name="zext_ln35_fu_701">
<pin_list>
<pin id="702" dir="0" index="0" bw="36" slack="0"/>
<pin id="703" dir="1" index="1" bw="51" slack="2"/>
</pin_list>
<bind>
<opcode="zext(34) " fcode="zext"/>
<opset="zext_ln35/10 "/>
</bind>
</comp>

<comp id="705" class="1004" name="sel_tmp30_fu_705">
<pin_list>
<pin id="706" dir="0" index="0" bw="1" slack="0"/>
<pin id="707" dir="0" index="1" bw="1" slack="0"/>
<pin id="708" dir="1" index="2" bw="1" slack="1"/>
</pin_list>
<bind>
<opcode="xor(25) " fcode="xor"/>
<opset="sel_tmp30/10 "/>
</bind>
</comp>

<comp id="711" class="1004" name="add_ln35_fu_711">
<pin_list>
<pin id="712" dir="0" index="0" bw="2" slack="0"/>
<pin id="713" dir="0" index="1" bw="1" slack="0"/>
<pin id="714" dir="1" index="2" bw="2" slack="0"/>
</pin_list>
<bind>
<opcode="add(8) " fcode="add"/>
<opset="add_ln35/11 "/>
</bind>
</comp>

<comp id="717" class="1004" name="icmp_ln35_fu_717">
<pin_list>
<pin id="718" dir="0" index="0" bw="2" slack="0"/>
<pin id="719" dir="0" index="1" bw="2" slack="0"/>
<pin id="720" dir="1" index="2" bw="1" slack="2147483647"/>
</pin_list>
<bind>
<opcode="icmp(45) " fcode="icmp"/>
<opset="icmp_ln35/11 "/>
</bind>
</comp>

<comp id="723" class="1004" name="H_V_0_0_5_load_load_fu_723">
<pin_list>
<pin id="724" dir="0" index="0" bw="18" slack="2"/>
<pin id="725" dir="1" index="1" bw="18" slack="0"/>
</pin_list>
<bind>
<opcode="load(27) " fcode="load"/>
<opset="H_V_0_0_5_load/11 "/>
</bind>
</comp>

<comp id="726" class="1004" name="H_V_0_1_3_load_load_fu_726">
<pin_list>
<pin id="727" dir="0" index="0" bw="18" slack="2"/>
<pin id="728" dir="1" index="1" bw="18" slack="0"/>
</pin_list>
<bind>
<opcode="load(27) " fcode="load"/>
<opset="H_V_0_1_3_load/11 "/>
</bind>
</comp>

<comp id="729" class="1004" name="H_V_1_0_3_load_load_fu_729">
<pin_list>
<pin id="730" dir="0" index="0" bw="18" slack="2"/>
<pin id="731" dir="1" index="1" bw="18" slack="0"/>
</pin_list>
<bind>
<opcode="load(27) " fcode="load"/>
<opset="H_V_1_0_3_load/11 "/>
</bind>
</comp>

<comp id="732" class="1004" name="H_V_1_1_5_load_load_fu_732">
<pin_list>
<pin id="733" dir="0" index="0" bw="18" slack="2"/>
<pin id="734" dir="1" index="1" bw="18" slack="0"/>
</pin_list>
<bind>
<opcode="load(27) " fcode="load"/>
<opset="H_V_1_1_5_load/11 "/>
</bind>
</comp>

<comp id="735" class="1004" name="trunc_ln1494_fu_735">
<pin_list>
<pin id="736" dir="0" index="0" bw="2" slack="0"/>
<pin id="737" dir="1" index="1" bw="1" slack="0"/>
</pin_list>
<bind>
<opcode="trunc(33) " fcode="trunc"/>
<opset="trunc_ln1494/11 "/>
</bind>
</comp>

<comp id="739" class="1004" name="select_ln1494_1_fu_739">
<pin_list>
<pin id="740" dir="0" index="0" bw="1" slack="0"/>
<pin id="741" dir="0" index="1" bw="18" slack="0"/>
<pin id="742" dir="0" index="2" bw="18" slack="0"/>
<pin id="743" dir="1" index="3" bw="18" slack="0"/>
</pin_list>
<bind>
<opcode="select(49) " fcode="select"/>
<opset="select_ln1494_1/11 "/>
</bind>
</comp>

<comp id="747" class="1004" name="select_ln1494_fu_747">
<pin_list>
<pin id="748" dir="0" index="0" bw="1" slack="0"/>
<pin id="749" dir="0" index="1" bw="18" slack="0"/>
<pin id="750" dir="0" index="2" bw="18" slack="0"/>
<pin id="751" dir="1" index="3" bw="18" slack="0"/>
</pin_list>
<bind>
<opcode="select(49) " fcode="select"/>
<opset="select_ln1494/11 "/>
</bind>
</comp>

<comp id="755" class="1004" name="phi_ln1494_fu_755">
<pin_list>
<pin id="756" dir="0" index="0" bw="1" slack="1"/>
<pin id="757" dir="0" index="1" bw="18" slack="0"/>
<pin id="758" dir="0" index="2" bw="18" slack="0"/>
<pin id="759" dir="1" index="3" bw="18" slack="0"/>
</pin_list>
<bind>
<opcode="select(49) " fcode="select"/>
<opset="phi_ln1494/11 "/>
</bind>
</comp>

<comp id="762" class="1004" name="trunc_ln1494_1_fu_762">
<pin_list>
<pin id="763" dir="0" index="0" bw="18" slack="0"/>
<pin id="764" dir="1" index="1" bw="16" slack="0"/>
</pin_list>
<bind>
<opcode="trunc(33) " fcode="trunc"/>
<opset="trunc_ln1494_1/11 "/>
</bind>
</comp>

<comp id="766" class="1004" name="icmp_ln1494_fu_766">
<pin_list>
<pin id="767" dir="0" index="0" bw="18" slack="0"/>
<pin id="768" dir="0" index="1" bw="18" slack="0"/>
<pin id="769" dir="1" index="2" bw="1" slack="0"/>
</pin_list>
<bind>
<opcode="icmp(45) " fcode="icmp"/>
<opset="icmp_ln1494/11 "/>
</bind>
</comp>

<comp id="772" class="1004" name="icmp_ln1495_fu_772">
<pin_list>
<pin id="773" dir="0" index="0" bw="18" slack="0"/>
<pin id="774" dir="0" index="1" bw="18" slack="0"/>
<pin id="775" dir="1" index="2" bw="1" slack="0"/>
</pin_list>
<bind>
<opcode="icmp(45) " fcode="icmp"/>
<opset="icmp_ln1495/11 "/>
</bind>
</comp>

<comp id="778" class="1004" name="select_ln37_2_fu_778">
<pin_list>
<pin id="779" dir="0" index="0" bw="1" slack="0"/>
<pin id="780" dir="0" index="1" bw="18" slack="0"/>
<pin id="781" dir="0" index="2" bw="18" slack="0"/>
<pin id="782" dir="1" index="3" bw="18" slack="0"/>
</pin_list>
<bind>
<opcode="select(49) " fcode="select"/>
<opset="select_ln37_2/11 "/>
</bind>
</comp>

<comp id="786" class="1004" name="select_ln37_3_fu_786">
<pin_list>
<pin id="787" dir="0" index="0" bw="1" slack="0"/>
<pin id="788" dir="0" index="1" bw="18" slack="0"/>
<pin id="789" dir="0" index="2" bw="18" slack="0"/>
<pin id="790" dir="1" index="3" bw="18" slack="0"/>
</pin_list>
<bind>
<opcode="select(49) " fcode="select"/>
<opset="select_ln37_3/11 "/>
</bind>
</comp>

<comp id="794" class="1004" name="select_ln37_fu_794">
<pin_list>
<pin id="795" dir="0" index="0" bw="1" slack="0"/>
<pin id="796" dir="0" index="1" bw="18" slack="0"/>
<pin id="797" dir="0" index="2" bw="18" slack="0"/>
<pin id="798" dir="1" index="3" bw="18" slack="0"/>
</pin_list>
<bind>
<opcode="select(49) " fcode="select"/>
<opset="select_ln37/11 "/>
</bind>
</comp>

<comp id="802" class="1004" name="select_ln37_1_fu_802">
<pin_list>
<pin id="803" dir="0" index="0" bw="1" slack="0"/>
<pin id="804" dir="0" index="1" bw="18" slack="0"/>
<pin id="805" dir="0" index="2" bw="18" slack="0"/>
<pin id="806" dir="1" index="3" bw="18" slack="0"/>
</pin_list>
<bind>
<opcode="select(49) " fcode="select"/>
<opset="select_ln37_1/11 "/>
</bind>
</comp>

<comp id="810" class="1004" name="select_ln39_2_fu_810">
<pin_list>
<pin id="811" dir="0" index="0" bw="1" slack="0"/>
<pin id="812" dir="0" index="1" bw="18" slack="0"/>
<pin id="813" dir="0" index="2" bw="18" slack="0"/>
<pin id="814" dir="1" index="3" bw="18" slack="0"/>
</pin_list>
<bind>
<opcode="select(49) " fcode="select"/>
<opset="select_ln39_2/11 "/>
</bind>
</comp>

<comp id="818" class="1004" name="select_ln39_3_fu_818">
<pin_list>
<pin id="819" dir="0" index="0" bw="1" slack="0"/>
<pin id="820" dir="0" index="1" bw="18" slack="0"/>
<pin id="821" dir="0" index="2" bw="18" slack="0"/>
<pin id="822" dir="1" index="3" bw="18" slack="0"/>
</pin_list>
<bind>
<opcode="select(49) " fcode="select"/>
<opset="select_ln39_3/11 "/>
</bind>
</comp>

<comp id="826" class="1004" name="select_ln39_fu_826">
<pin_list>
<pin id="827" dir="0" index="0" bw="1" slack="0"/>
<pin id="828" dir="0" index="1" bw="18" slack="0"/>
<pin id="829" dir="0" index="2" bw="18" slack="0"/>
<pin id="830" dir="1" index="3" bw="18" slack="0"/>
</pin_list>
<bind>
<opcode="select(49) " fcode="select"/>
<opset="select_ln39/11 "/>
</bind>
</comp>

<comp id="834" class="1004" name="select_ln39_1_fu_834">
<pin_list>
<pin id="835" dir="0" index="0" bw="1" slack="0"/>
<pin id="836" dir="0" index="1" bw="18" slack="0"/>
<pin id="837" dir="0" index="2" bw="18" slack="0"/>
<pin id="838" dir="1" index="3" bw="18" slack="0"/>
</pin_list>
<bind>
<opcode="select(49) " fcode="select"/>
<opset="select_ln39_1/11 "/>
</bind>
</comp>

<comp id="842" class="1004" name="sel_tmp7_fu_842">
<pin_list>
<pin id="843" dir="0" index="0" bw="1" slack="0"/>
<pin id="844" dir="0" index="1" bw="1" slack="1"/>
<pin id="845" dir="1" index="2" bw="1" slack="0"/>
</pin_list>
<bind>
<opcode="and(23) " fcode="and"/>
<opset="sel_tmp7/11 "/>
</bind>
</comp>

<comp id="847" class="1004" name="sel_tmp8_fu_847">
<pin_list>
<pin id="848" dir="0" index="0" bw="1" slack="0"/>
<pin id="849" dir="0" index="1" bw="18" slack="0"/>
<pin id="850" dir="0" index="2" bw="18" slack="0"/>
<pin id="851" dir="1" index="3" bw="18" slack="0"/>
</pin_list>
<bind>
<opcode="select(49) " fcode="select"/>
<opset="sel_tmp8/11 "/>
</bind>
</comp>

<comp id="855" class="1004" name="xor_ln1494_fu_855">
<pin_list>
<pin id="856" dir="0" index="0" bw="1" slack="0"/>
<pin id="857" dir="0" index="1" bw="1" slack="0"/>
<pin id="858" dir="1" index="2" bw="1" slack="0"/>
</pin_list>
<bind>
<opcode="xor(25) " fcode="xor"/>
<opset="xor_ln1494/11 "/>
</bind>
</comp>

<comp id="861" class="1004" name="tmp_fu_861">
<pin_list>
<pin id="862" dir="0" index="0" bw="1" slack="1"/>
<pin id="863" dir="0" index="1" bw="1" slack="0"/>
<pin id="864" dir="1" index="2" bw="1" slack="0"/>
</pin_list>
<bind>
<opcode="and(23) " fcode="and"/>
<opset="tmp/11 "/>
</bind>
</comp>

<comp id="866" class="1004" name="sel_tmp11_fu_866">
<pin_list>
<pin id="867" dir="0" index="0" bw="1" slack="0"/>
<pin id="868" dir="0" index="1" bw="1" slack="0"/>
<pin id="869" dir="1" index="2" bw="1" slack="0"/>
</pin_list>
<bind>
<opcode="and(23) " fcode="and"/>
<opset="sel_tmp11/11 "/>
</bind>
</comp>

<comp id="872" class="1004" name="H_V_1_1_9_fu_872">
<pin_list>
<pin id="873" dir="0" index="0" bw="1" slack="0"/>
<pin id="874" dir="0" index="1" bw="18" slack="0"/>
<pin id="875" dir="0" index="2" bw="18" slack="0"/>
<pin id="876" dir="1" index="3" bw="18" slack="1"/>
</pin_list>
<bind>
<opcode="select(49) " fcode="select"/>
<opset="H_V_1_1_9/11 "/>
</bind>
</comp>

<comp id="880" class="1004" name="sel_tmp21_fu_880">
<pin_list>
<pin id="881" dir="0" index="0" bw="1" slack="0"/>
<pin id="882" dir="0" index="1" bw="18" slack="0"/>
<pin id="883" dir="0" index="2" bw="18" slack="0"/>
<pin id="884" dir="1" index="3" bw="18" slack="0"/>
</pin_list>
<bind>
<opcode="select(49) " fcode="select"/>
<opset="sel_tmp21/11 "/>
</bind>
</comp>

<comp id="888" class="1004" name="H_V_1_0_7_fu_888">
<pin_list>
<pin id="889" dir="0" index="0" bw="1" slack="0"/>
<pin id="890" dir="0" index="1" bw="18" slack="0"/>
<pin id="891" dir="0" index="2" bw="18" slack="0"/>
<pin id="892" dir="1" index="3" bw="18" slack="1"/>
</pin_list>
<bind>
<opcode="select(49) " fcode="select"/>
<opset="H_V_1_0_7/11 "/>
</bind>
</comp>

<comp id="896" class="1004" name="or_ln1495_fu_896">
<pin_list>
<pin id="897" dir="0" index="0" bw="1" slack="0"/>
<pin id="898" dir="0" index="1" bw="1" slack="0"/>
<pin id="899" dir="1" index="2" bw="1" slack="0"/>
</pin_list>
<bind>
<opcode="or(24) " fcode="or"/>
<opset="or_ln1495/11 "/>
</bind>
</comp>

<comp id="902" class="1004" name="select_ln1495_fu_902">
<pin_list>
<pin id="903" dir="0" index="0" bw="1" slack="0"/>
<pin id="904" dir="0" index="1" bw="18" slack="0"/>
<pin id="905" dir="0" index="2" bw="18" slack="0"/>
<pin id="906" dir="1" index="3" bw="18" slack="0"/>
</pin_list>
<bind>
<opcode="select(49) " fcode="select"/>
<opset="select_ln1495/11 "/>
</bind>
</comp>

<comp id="910" class="1004" name="sel_tmp31_fu_910">
<pin_list>
<pin id="911" dir="0" index="0" bw="1" slack="0"/>
<pin id="912" dir="0" index="1" bw="1" slack="1"/>
<pin id="913" dir="1" index="2" bw="1" slack="0"/>
</pin_list>
<bind>
<opcode="and(23) " fcode="and"/>
<opset="sel_tmp31/11 "/>
</bind>
</comp>

<comp id="915" class="1004" name="sel_tmp32_fu_915">
<pin_list>
<pin id="916" dir="0" index="0" bw="1" slack="0"/>
<pin id="917" dir="0" index="1" bw="18" slack="0"/>
<pin id="918" dir="0" index="2" bw="18" slack="0"/>
<pin id="919" dir="1" index="3" bw="18" slack="0"/>
</pin_list>
<bind>
<opcode="select(49) " fcode="select"/>
<opset="sel_tmp32/11 "/>
</bind>
</comp>

<comp id="923" class="1004" name="sel_tmp34_fu_923">
<pin_list>
<pin id="924" dir="0" index="0" bw="1" slack="0"/>
<pin id="925" dir="0" index="1" bw="18" slack="0"/>
<pin id="926" dir="0" index="2" bw="18" slack="0"/>
<pin id="927" dir="1" index="3" bw="18" slack="0"/>
</pin_list>
<bind>
<opcode="select(49) " fcode="select"/>
<opset="sel_tmp34/11 "/>
</bind>
</comp>

<comp id="931" class="1004" name="H_V_0_1_7_fu_931">
<pin_list>
<pin id="932" dir="0" index="0" bw="1" slack="0"/>
<pin id="933" dir="0" index="1" bw="18" slack="0"/>
<pin id="934" dir="0" index="2" bw="18" slack="0"/>
<pin id="935" dir="1" index="3" bw="18" slack="1"/>
</pin_list>
<bind>
<opcode="select(49) " fcode="select"/>
<opset="H_V_0_1_7/11 "/>
</bind>
</comp>

<comp id="939" class="1004" name="select_ln1495_1_fu_939">
<pin_list>
<pin id="940" dir="0" index="0" bw="1" slack="0"/>
<pin id="941" dir="0" index="1" bw="18" slack="0"/>
<pin id="942" dir="0" index="2" bw="18" slack="0"/>
<pin id="943" dir="1" index="3" bw="18" slack="0"/>
</pin_list>
<bind>
<opcode="select(49) " fcode="select"/>
<opset="select_ln1495_1/11 "/>
</bind>
</comp>

<comp id="947" class="1004" name="sel_tmp45_fu_947">
<pin_list>
<pin id="948" dir="0" index="0" bw="1" slack="0"/>
<pin id="949" dir="0" index="1" bw="18" slack="0"/>
<pin id="950" dir="0" index="2" bw="18" slack="0"/>
<pin id="951" dir="1" index="3" bw="18" slack="0"/>
</pin_list>
<bind>
<opcode="select(49) " fcode="select"/>
<opset="sel_tmp45/11 "/>
</bind>
</comp>

<comp id="955" class="1004" name="sel_tmp47_fu_955">
<pin_list>
<pin id="956" dir="0" index="0" bw="1" slack="0"/>
<pin id="957" dir="0" index="1" bw="18" slack="0"/>
<pin id="958" dir="0" index="2" bw="18" slack="0"/>
<pin id="959" dir="1" index="3" bw="18" slack="0"/>
</pin_list>
<bind>
<opcode="select(49) " fcode="select"/>
<opset="sel_tmp47/11 "/>
</bind>
</comp>

<comp id="963" class="1004" name="H_V_0_0_9_fu_963">
<pin_list>
<pin id="964" dir="0" index="0" bw="1" slack="0"/>
<pin id="965" dir="0" index="1" bw="18" slack="0"/>
<pin id="966" dir="0" index="2" bw="18" slack="0"/>
<pin id="967" dir="1" index="3" bw="18" slack="1"/>
</pin_list>
<bind>
<opcode="select(49) " fcode="select"/>
<opset="H_V_0_0_9/11 "/>
</bind>
</comp>

<comp id="971" class="1004" name="sel_tmp55_fu_971">
<pin_list>
<pin id="972" dir="0" index="0" bw="1" slack="0"/>
<pin id="973" dir="0" index="1" bw="16" slack="0"/>
<pin id="974" dir="0" index="2" bw="16" slack="0"/>
<pin id="975" dir="1" index="3" bw="16" slack="0"/>
</pin_list>
<bind>
<opcode="select(49) " fcode="select"/>
<opset="sel_tmp55/11 "/>
</bind>
</comp>

<comp id="979" class="1004" name="sel_tmp58_fu_979">
<pin_list>
<pin id="980" dir="0" index="0" bw="1" slack="0"/>
<pin id="981" dir="0" index="1" bw="16" slack="0"/>
<pin id="982" dir="0" index="2" bw="16" slack="0"/>
<pin id="983" dir="1" index="3" bw="16" slack="0"/>
</pin_list>
<bind>
<opcode="select(49) " fcode="select"/>
<opset="sel_tmp58/11 "/>
</bind>
</comp>

<comp id="987" class="1004" name="sel_tmp60_fu_987">
<pin_list>
<pin id="988" dir="0" index="0" bw="1" slack="0"/>
<pin id="989" dir="0" index="1" bw="16" slack="0"/>
<pin id="990" dir="0" index="2" bw="16" slack="0"/>
<pin id="991" dir="1" index="3" bw="16" slack="0"/>
</pin_list>
<bind>
<opcode="select(49) " fcode="select"/>
<opset="sel_tmp60/11 "/>
</bind>
</comp>

<comp id="995" class="1004" name="empty_64_fu_995">
<pin_list>
<pin id="996" dir="0" index="0" bw="1" slack="0"/>
<pin id="997" dir="0" index="1" bw="1" slack="0"/>
<pin id="998" dir="1" index="2" bw="1" slack="0"/>
</pin_list>
<bind>
<opcode="or(24) " fcode="or"/>
<opset="empty_64/11 "/>
</bind>
</comp>

<comp id="1001" class="1004" name="empty_65_fu_1001">
<pin_list>
<pin id="1002" dir="0" index="0" bw="1" slack="0"/>
<pin id="1003" dir="0" index="1" bw="16" slack="0"/>
<pin id="1004" dir="0" index="2" bw="16" slack="0"/>
<pin id="1005" dir="1" index="3" bw="16" slack="1"/>
</pin_list>
<bind>
<opcode="select(49) " fcode="select"/>
<opset="empty_65/11 "/>
</bind>
</comp>

<comp id="1009" class="1004" name="sext_ln1118_fu_1009">
<pin_list>
<pin id="1010" dir="0" index="0" bw="16" slack="1"/>
<pin id="1011" dir="1" index="1" bw="51" slack="0"/>
</pin_list>
<bind>
<opcode="sext(35) " fcode="sext"/>
<opset="sext_ln1118/12 "/>
</bind>
</comp>

<comp id="1012" class="1004" name="grp_fu_1012">
<pin_list>
<pin id="1013" dir="0" index="0" bw="36" slack="2"/>
<pin id="1014" dir="0" index="1" bw="16" slack="0"/>
<pin id="1015" dir="1" index="2" bw="51" slack="1"/>
</pin_list>
<bind>
<opcode="mul(12) " fcode="mul"/>
<opset="r_V_12/12 "/>
</bind>
</comp>

<comp id="1017" class="1004" name="store_ln34_store_fu_1017">
<pin_list>
<pin id="1018" dir="0" index="0" bw="18" slack="1"/>
<pin id="1019" dir="0" index="1" bw="18" slack="3"/>
<pin id="1020" dir="1" index="2" bw="0" slack="2147483647"/>
</pin_list>
<bind>
<opcode="store(28) " fcode="store"/>
<opset="store_ln34/12 "/>
</bind>
</comp>

<comp id="1021" class="1004" name="store_ln34_store_fu_1021">
<pin_list>
<pin id="1022" dir="0" index="0" bw="18" slack="1"/>
<pin id="1023" dir="0" index="1" bw="18" slack="3"/>
<pin id="1024" dir="1" index="2" bw="0" slack="2147483647"/>
</pin_list>
<bind>
<opcode="store(28) " fcode="store"/>
<opset="store_ln34/12 "/>
</bind>
</comp>

<comp id="1025" class="1004" name="store_ln34_store_fu_1025">
<pin_list>
<pin id="1026" dir="0" index="0" bw="18" slack="1"/>
<pin id="1027" dir="0" index="1" bw="18" slack="3"/>
<pin id="1028" dir="1" index="2" bw="0" slack="2147483647"/>
</pin_list>
<bind>
<opcode="store(28) " fcode="store"/>
<opset="store_ln34/12 "/>
</bind>
</comp>

<comp id="1029" class="1004" name="store_ln34_store_fu_1029">
<pin_list>
<pin id="1030" dir="0" index="0" bw="18" slack="1"/>
<pin id="1031" dir="0" index="1" bw="18" slack="3"/>
<pin id="1032" dir="1" index="2" bw="0" slack="2147483647"/>
</pin_list>
<bind>
<opcode="store(28) " fcode="store"/>
<opset="store_ln34/12 "/>
</bind>
</comp>

<comp id="1033" class="1004" name="ret_V_cast_fu_1033">
<pin_list>
<pin id="1034" dir="0" index="0" bw="12" slack="0"/>
<pin id="1035" dir="0" index="1" bw="54" slack="0"/>
<pin id="1036" dir="0" index="2" bw="7" slack="0"/>
<pin id="1037" dir="0" index="3" bw="7" slack="0"/>
<pin id="1038" dir="1" index="4" bw="12" slack="1"/>
</pin_list>
<bind>
<opcode="partselect(1002) " fcode="partselect"/>
<opset="ret_V_cast/15 "/>
</bind>
</comp>

<comp id="1043" class="1004" name="trunc_ln851_fu_1043">
<pin_list>
<pin id="1044" dir="0" index="0" bw="54" slack="0"/>
<pin id="1045" dir="1" index="1" bw="39" slack="0"/>
</pin_list>
<bind>
<opcode="trunc(33) " fcode="trunc"/>
<opset="trunc_ln851/15 "/>
</bind>
</comp>

<comp id="1047" class="1004" name="icmp_ln851_fu_1047">
<pin_list>
<pin id="1048" dir="0" index="0" bw="39" slack="0"/>
<pin id="1049" dir="0" index="1" bw="39" slack="0"/>
<pin id="1050" dir="1" index="2" bw="1" slack="1"/>
</pin_list>
<bind>
<opcode="icmp(45) " fcode="icmp"/>
<opset="icmp_ln851/15 "/>
</bind>
</comp>

<comp id="1053" class="1004" name="p_Result_s_fu_1053">
<pin_list>
<pin id="1054" dir="0" index="0" bw="1" slack="0"/>
<pin id="1055" dir="0" index="1" bw="54" slack="1"/>
<pin id="1056" dir="0" index="2" bw="7" slack="0"/>
<pin id="1057" dir="1" index="3" bw="1" slack="0"/>
</pin_list>
<bind>
<opcode="bitselect(1000) " fcode="bitselect"/>
<opset="p_Result_s/16 "/>
</bind>
</comp>

<comp id="1060" class="1004" name="ret_V_fu_1060">
<pin_list>
<pin id="1061" dir="0" index="0" bw="12" slack="1"/>
<pin id="1062" dir="0" index="1" bw="1" slack="0"/>
<pin id="1063" dir="1" index="2" bw="12" slack="0"/>
</pin_list>
<bind>
<opcode="add(8) " fcode="add"/>
<opset="ret_V/16 "/>
</bind>
</comp>

<comp id="1065" class="1004" name="select_ln850_fu_1065">
<pin_list>
<pin id="1066" dir="0" index="0" bw="1" slack="1"/>
<pin id="1067" dir="0" index="1" bw="12" slack="1"/>
<pin id="1068" dir="0" index="2" bw="12" slack="0"/>
<pin id="1069" dir="1" index="3" bw="12" slack="0"/>
</pin_list>
<bind>
<opcode="select(49) " fcode="select"/>
<opset="select_ln850/16 "/>
</bind>
</comp>

<comp id="1071" class="1004" name="ret_V_2_fu_1071">
<pin_list>
<pin id="1072" dir="0" index="0" bw="1" slack="0"/>
<pin id="1073" dir="0" index="1" bw="12" slack="0"/>
<pin id="1074" dir="0" index="2" bw="12" slack="1"/>
<pin id="1075" dir="1" index="3" bw="12" slack="0"/>
</pin_list>
<bind>
<opcode="select(49) " fcode="select"/>
<opset="ret_V_2/16 "/>
</bind>
</comp>

<comp id="1078" class="1004" name="B_V_1_1_13_fu_1078">
<pin_list>
<pin id="1079" dir="0" index="0" bw="1" slack="5"/>
<pin id="1080" dir="0" index="1" bw="12" slack="0"/>
<pin id="1081" dir="0" index="2" bw="12" slack="0"/>
<pin id="1082" dir="1" index="3" bw="12" slack="0"/>
</pin_list>
<bind>
<opcode="select(49) " fcode="select"/>
<opset="B_V_1_1_13/16 "/>
</bind>
</comp>

<comp id="1085" class="1004" name="B_V_1_1_14_fu_1085">
<pin_list>
<pin id="1086" dir="0" index="0" bw="1" slack="5"/>
<pin id="1087" dir="0" index="1" bw="12" slack="0"/>
<pin id="1088" dir="0" index="2" bw="12" slack="0"/>
<pin id="1089" dir="1" index="3" bw="12" slack="0"/>
</pin_list>
<bind>
<opcode="select(49) " fcode="select"/>
<opset="B_V_1_1_14/16 "/>
</bind>
</comp>

<comp id="1092" class="1004" name="B_V_1_1_fu_1092">
<pin_list>
<pin id="1093" dir="0" index="0" bw="1" slack="5"/>
<pin id="1094" dir="0" index="1" bw="12" slack="0"/>
<pin id="1095" dir="0" index="2" bw="12" slack="0"/>
<pin id="1096" dir="1" index="3" bw="12" slack="0"/>
</pin_list>
<bind>
<opcode="select(49) " fcode="select"/>
<opset="B_V_1_1/16 "/>
</bind>
</comp>

<comp id="1099" class="1004" name="B_V_1_1_15_fu_1099">
<pin_list>
<pin id="1100" dir="0" index="0" bw="1" slack="5"/>
<pin id="1101" dir="0" index="1" bw="12" slack="0"/>
<pin id="1102" dir="0" index="2" bw="12" slack="0"/>
<pin id="1103" dir="1" index="3" bw="12" slack="0"/>
</pin_list>
<bind>
<opcode="select(49) " fcode="select"/>
<opset="B_V_1_1_15/16 "/>
</bind>
</comp>

<comp id="1106" class="1004" name="B_V_1_1_5_fu_1106">
<pin_list>
<pin id="1107" dir="0" index="0" bw="1" slack="6"/>
<pin id="1108" dir="0" index="1" bw="12" slack="0"/>
<pin id="1109" dir="0" index="2" bw="12" slack="0"/>
<pin id="1110" dir="1" index="3" bw="12" slack="0"/>
</pin_list>
<bind>
<opcode="select(49) " fcode="select"/>
<opset="B_V_1_1_5/16 "/>
</bind>
</comp>

<comp id="1113" class="1004" name="B_V_1_1_6_fu_1113">
<pin_list>
<pin id="1114" dir="0" index="0" bw="1" slack="6"/>
<pin id="1115" dir="0" index="1" bw="12" slack="0"/>
<pin id="1116" dir="0" index="2" bw="12" slack="0"/>
<pin id="1117" dir="1" index="3" bw="12" slack="0"/>
</pin_list>
<bind>
<opcode="select(49) " fcode="select"/>
<opset="B_V_1_1_6/16 "/>
</bind>
</comp>

<comp id="1120" class="1004" name="B_V_1_1_7_fu_1120">
<pin_list>
<pin id="1121" dir="0" index="0" bw="1" slack="6"/>
<pin id="1122" dir="0" index="1" bw="12" slack="0"/>
<pin id="1123" dir="0" index="2" bw="12" slack="0"/>
<pin id="1124" dir="1" index="3" bw="12" slack="0"/>
</pin_list>
<bind>
<opcode="select(49) " fcode="select"/>
<opset="B_V_1_1_7/16 "/>
</bind>
</comp>

<comp id="1127" class="1004" name="B_V_1_1_8_fu_1127">
<pin_list>
<pin id="1128" dir="0" index="0" bw="1" slack="6"/>
<pin id="1129" dir="0" index="1" bw="12" slack="0"/>
<pin id="1130" dir="0" index="2" bw="12" slack="0"/>
<pin id="1131" dir="1" index="3" bw="12" slack="0"/>
</pin_list>
<bind>
<opcode="select(49) " fcode="select"/>
<opset="B_V_1_1_8/16 "/>
</bind>
</comp>

<comp id="1134" class="1004" name="store_ln34_store_fu_1134">
<pin_list>
<pin id="1135" dir="0" index="0" bw="12" slack="0"/>
<pin id="1136" dir="0" index="1" bw="12" slack="7"/>
<pin id="1137" dir="1" index="2" bw="0" slack="2147483647"/>
</pin_list>
<bind>
<opcode="store(28) " fcode="store"/>
<opset="store_ln34/16 "/>
</bind>
</comp>

<comp id="1139" class="1004" name="store_ln34_store_fu_1139">
<pin_list>
<pin id="1140" dir="0" index="0" bw="12" slack="0"/>
<pin id="1141" dir="0" index="1" bw="12" slack="7"/>
<pin id="1142" dir="1" index="2" bw="0" slack="2147483647"/>
</pin_list>
<bind>
<opcode="store(28) " fcode="store"/>
<opset="store_ln34/16 "/>
</bind>
</comp>

<comp id="1144" class="1004" name="store_ln34_store_fu_1144">
<pin_list>
<pin id="1145" dir="0" index="0" bw="12" slack="0"/>
<pin id="1146" dir="0" index="1" bw="12" slack="7"/>
<pin id="1147" dir="1" index="2" bw="0" slack="2147483647"/>
</pin_list>
<bind>
<opcode="store(28) " fcode="store"/>
<opset="store_ln34/16 "/>
</bind>
</comp>

<comp id="1149" class="1004" name="store_ln34_store_fu_1149">
<pin_list>
<pin id="1150" dir="0" index="0" bw="12" slack="0"/>
<pin id="1151" dir="0" index="1" bw="12" slack="7"/>
<pin id="1152" dir="1" index="2" bw="0" slack="2147483647"/>
</pin_list>
<bind>
<opcode="store(28) " fcode="store"/>
<opset="store_ln34/16 "/>
</bind>
</comp>

<comp id="1154" class="1004" name="add_ln45_fu_1154">
<pin_list>
<pin id="1155" dir="0" index="0" bw="2" slack="0"/>
<pin id="1156" dir="0" index="1" bw="1" slack="0"/>
<pin id="1157" dir="1" index="2" bw="2" slack="0"/>
</pin_list>
<bind>
<opcode="add(8) " fcode="add"/>
<opset="add_ln45/17 "/>
</bind>
</comp>

<comp id="1160" class="1004" name="icmp_ln45_fu_1160">
<pin_list>
<pin id="1161" dir="0" index="0" bw="2" slack="0"/>
<pin id="1162" dir="0" index="1" bw="2" slack="0"/>
<pin id="1163" dir="1" index="2" bw="1" slack="2147483647"/>
</pin_list>
<bind>
<opcode="icmp(45) " fcode="icmp"/>
<opset="icmp_ln45/17 "/>
</bind>
</comp>

<comp id="1166" class="1004" name="trunc_ln47_fu_1166">
<pin_list>
<pin id="1167" dir="0" index="0" bw="2" slack="0"/>
<pin id="1168" dir="1" index="1" bw="1" slack="1"/>
</pin_list>
<bind>
<opcode="trunc(33) " fcode="trunc"/>
<opset="trunc_ln47/17 "/>
</bind>
</comp>

<comp id="1170" class="1004" name="add_ln46_fu_1170">
<pin_list>
<pin id="1171" dir="0" index="0" bw="2" slack="0"/>
<pin id="1172" dir="0" index="1" bw="1" slack="0"/>
<pin id="1173" dir="1" index="2" bw="2" slack="0"/>
</pin_list>
<bind>
<opcode="add(8) " fcode="add"/>
<opset="add_ln46/18 "/>
</bind>
</comp>

<comp id="1176" class="1004" name="tmp_7_fu_1176">
<pin_list>
<pin id="1177" dir="0" index="0" bw="4" slack="0"/>
<pin id="1178" dir="0" index="1" bw="2" slack="1"/>
<pin id="1179" dir="0" index="2" bw="2" slack="0"/>
<pin id="1180" dir="1" index="3" bw="4" slack="0"/>
</pin_list>
<bind>
<opcode="bitconcatenate(1004) " fcode="bitconcatenate"/>
<opset="tmp_7/18 "/>
</bind>
</comp>

<comp id="1184" class="1004" name="zext_ln47_fu_1184">
<pin_list>
<pin id="1185" dir="0" index="0" bw="4" slack="0"/>
<pin id="1186" dir="1" index="1" bw="64" slack="0"/>
</pin_list>
<bind>
<opcode="zext(34) " fcode="zext"/>
<opset="zext_ln47/18 "/>
</bind>
</comp>

<comp id="1189" class="1004" name="icmp_ln46_fu_1189">
<pin_list>
<pin id="1190" dir="0" index="0" bw="2" slack="0"/>
<pin id="1191" dir="0" index="1" bw="2" slack="0"/>
<pin id="1192" dir="1" index="2" bw="1" slack="2147483647"/>
</pin_list>
<bind>
<opcode="icmp(45) " fcode="icmp"/>
<opset="icmp_ln46/18 "/>
</bind>
</comp>

<comp id="1195" class="1004" name="trunc_ln47_1_fu_1195">
<pin_list>
<pin id="1196" dir="0" index="0" bw="2" slack="0"/>
<pin id="1197" dir="1" index="1" bw="1" slack="0"/>
</pin_list>
<bind>
<opcode="trunc(33) " fcode="trunc"/>
<opset="trunc_ln47_1/18 "/>
</bind>
</comp>

<comp id="1199" class="1004" name="select_ln47_1_fu_1199">
<pin_list>
<pin id="1200" dir="0" index="0" bw="1" slack="0"/>
<pin id="1201" dir="0" index="1" bw="12" slack="0"/>
<pin id="1202" dir="0" index="2" bw="12" slack="0"/>
<pin id="1203" dir="1" index="3" bw="12" slack="0"/>
</pin_list>
<bind>
<opcode="select(49) " fcode="select"/>
<opset="select_ln47_1/18 "/>
</bind>
</comp>

<comp id="1207" class="1004" name="select_ln47_fu_1207">
<pin_list>
<pin id="1208" dir="0" index="0" bw="1" slack="0"/>
<pin id="1209" dir="0" index="1" bw="12" slack="0"/>
<pin id="1210" dir="0" index="2" bw="12" slack="0"/>
<pin id="1211" dir="1" index="3" bw="12" slack="0"/>
</pin_list>
<bind>
<opcode="select(49) " fcode="select"/>
<opset="select_ln47/18 "/>
</bind>
</comp>

<comp id="1215" class="1004" name="select_ln47_2_fu_1215">
<pin_list>
<pin id="1216" dir="0" index="0" bw="1" slack="1"/>
<pin id="1217" dir="0" index="1" bw="12" slack="0"/>
<pin id="1218" dir="0" index="2" bw="12" slack="0"/>
<pin id="1219" dir="1" index="3" bw="12" slack="0"/>
</pin_list>
<bind>
<opcode="select(49) " fcode="select"/>
<opset="select_ln47_2/18 "/>
</bind>
</comp>

<comp id="1223" class="1004" name="sub_ln69_1_fu_1223">
<pin_list>
<pin id="1224" dir="0" index="0" bw="1" slack="0"/>
<pin id="1225" dir="0" index="1" bw="12" slack="0"/>
<pin id="1226" dir="1" index="2" bw="12" slack="0"/>
</pin_list>
<bind>
<opcode="sub(10) " fcode="sub"/>
<opset="sub_ln69_1/18 "/>
</bind>
</comp>

<comp id="1230" class="1004" name="xor_ln48_fu_1230">
<pin_list>
<pin id="1231" dir="0" index="0" bw="2" slack="0"/>
<pin id="1232" dir="0" index="1" bw="2" slack="0"/>
<pin id="1233" dir="1" index="2" bw="2" slack="0"/>
</pin_list>
<bind>
<opcode="xor(25) " fcode="xor"/>
<opset="xor_ln48/18 "/>
</bind>
</comp>

<comp id="1236" class="1004" name="tmp_8_fu_1236">
<pin_list>
<pin id="1237" dir="0" index="0" bw="4" slack="0"/>
<pin id="1238" dir="0" index="1" bw="2" slack="1"/>
<pin id="1239" dir="0" index="2" bw="2" slack="0"/>
<pin id="1240" dir="1" index="3" bw="4" slack="0"/>
</pin_list>
<bind>
<opcode="bitconcatenate(1004) " fcode="bitconcatenate"/>
<opset="tmp_8/18 "/>
</bind>
</comp>

<comp id="1244" class="1004" name="zext_ln48_fu_1244">
<pin_list>
<pin id="1245" dir="0" index="0" bw="4" slack="0"/>
<pin id="1246" dir="1" index="1" bw="64" slack="0"/>
</pin_list>
<bind>
<opcode="zext(34) " fcode="zext"/>
<opset="zext_ln48/18 "/>
</bind>
</comp>

<comp id="1249" class="1007" name="grp_fu_1249">
<pin_list>
<pin id="1250" dir="0" index="0" bw="20" slack="1"/>
<pin id="1251" dir="0" index="1" bw="18" slack="0"/>
<pin id="1252" dir="1" index="2" bw="33" slack="0"/>
</pin_list>
<bind>
<opcode="mul(12) " fcode="mul"/>
<opset="mul_ln1115/5 "/>
</bind>
</comp>

<comp id="1255" class="1005" name="p_read_5_reg_1255">
<pin_list>
<pin id="1256" dir="0" index="0" bw="6" slack="1"/>
<pin id="1257" dir="1" index="1" bw="6" slack="1"/>
</pin_list>
<bind>
<opset="p_read_5 "/>
</bind>
</comp>

<comp id="1260" class="1005" name="p_read_6_reg_1260">
<pin_list>
<pin id="1261" dir="0" index="0" bw="6" slack="1"/>
<pin id="1262" dir="1" index="1" bw="6" slack="1"/>
</pin_list>
<bind>
<opset="p_read_6 "/>
</bind>
</comp>

<comp id="1265" class="1005" name="p_read_7_reg_1265">
<pin_list>
<pin id="1266" dir="0" index="0" bw="6" slack="1"/>
<pin id="1267" dir="1" index="1" bw="6" slack="1"/>
</pin_list>
<bind>
<opset="p_read_7 "/>
</bind>
</comp>

<comp id="1270" class="1005" name="p_read_8_reg_1270">
<pin_list>
<pin id="1271" dir="0" index="0" bw="6" slack="1"/>
<pin id="1272" dir="1" index="1" bw="6" slack="1"/>
</pin_list>
<bind>
<opset="p_read_8 "/>
</bind>
</comp>

<comp id="1275" class="1005" name="p_read17_reg_1275">
<pin_list>
<pin id="1276" dir="0" index="0" bw="18" slack="2"/>
<pin id="1277" dir="1" index="1" bw="18" slack="2"/>
</pin_list>
<bind>
<opset="p_read17 "/>
</bind>
</comp>

<comp id="1281" class="1005" name="p_read_9_reg_1281">
<pin_list>
<pin id="1282" dir="0" index="0" bw="18" slack="2"/>
<pin id="1283" dir="1" index="1" bw="18" slack="2"/>
</pin_list>
<bind>
<opset="p_read_9 "/>
</bind>
</comp>

<comp id="1287" class="1005" name="add_ln18_reg_1287">
<pin_list>
<pin id="1288" dir="0" index="0" bw="2" slack="0"/>
<pin id="1289" dir="1" index="1" bw="2" slack="0"/>
</pin_list>
<bind>
<opset="add_ln18 "/>
</bind>
</comp>

<comp id="1295" class="1005" name="trunc_ln215_reg_1295">
<pin_list>
<pin id="1296" dir="0" index="0" bw="1" slack="1"/>
<pin id="1297" dir="1" index="1" bw="1" slack="1"/>
</pin_list>
<bind>
<opset="trunc_ln215 "/>
</bind>
</comp>

<comp id="1301" class="1005" name="sext_ln1380_reg_1301">
<pin_list>
<pin id="1302" dir="0" index="0" bw="7" slack="1"/>
<pin id="1303" dir="1" index="1" bw="7" slack="1"/>
</pin_list>
<bind>
<opset="sext_ln1380 "/>
</bind>
</comp>

<comp id="1306" class="1005" name="isNeg_reg_1306">
<pin_list>
<pin id="1307" dir="0" index="0" bw="1" slack="1"/>
<pin id="1308" dir="1" index="1" bw="1" slack="1"/>
</pin_list>
<bind>
<opset="isNeg "/>
</bind>
</comp>

<comp id="1312" class="1005" name="sub_ln1357_reg_1312">
<pin_list>
<pin id="1313" dir="0" index="0" bw="7" slack="1"/>
<pin id="1314" dir="1" index="1" bw="7" slack="1"/>
</pin_list>
<bind>
<opset="sub_ln1357 "/>
</bind>
</comp>

<comp id="1317" class="1005" name="H_1_1_V_1_reg_1317">
<pin_list>
<pin id="1318" dir="0" index="0" bw="18" slack="0"/>
<pin id="1319" dir="1" index="1" bw="18" slack="0"/>
</pin_list>
<bind>
<opset="H_1_1_V_1 "/>
</bind>
</comp>

<comp id="1324" class="1005" name="H_1_1_V_9_reg_1324">
<pin_list>
<pin id="1325" dir="0" index="0" bw="18" slack="1"/>
<pin id="1326" dir="1" index="1" bw="18" slack="1"/>
</pin_list>
<bind>
<opset="H_1_1_V_9 "/>
</bind>
</comp>

<comp id="1330" class="1005" name="H_1_1_V_14_reg_1330">
<pin_list>
<pin id="1331" dir="0" index="0" bw="18" slack="1"/>
<pin id="1332" dir="1" index="1" bw="18" slack="1"/>
</pin_list>
<bind>
<opset="H_1_1_V_14 "/>
</bind>
</comp>

<comp id="1336" class="1005" name="H_1_1_V_15_reg_1336">
<pin_list>
<pin id="1337" dir="0" index="0" bw="18" slack="1"/>
<pin id="1338" dir="1" index="1" bw="18" slack="1"/>
</pin_list>
<bind>
<opset="H_1_1_V_15 "/>
</bind>
</comp>

<comp id="1342" class="1005" name="mesh_V_1_3_reg_1342">
<pin_list>
<pin id="1343" dir="0" index="0" bw="36" slack="1"/>
<pin id="1344" dir="1" index="1" bw="36" slack="1"/>
</pin_list>
<bind>
<opset="mesh_V_1_3 "/>
</bind>
</comp>

<comp id="1347" class="1005" name="mesh_V_1_4_reg_1347">
<pin_list>
<pin id="1348" dir="0" index="0" bw="36" slack="1"/>
<pin id="1349" dir="1" index="1" bw="36" slack="1"/>
</pin_list>
<bind>
<opset="mesh_V_1_4 "/>
</bind>
</comp>

<comp id="1352" class="1005" name="add_ln62_reg_1352">
<pin_list>
<pin id="1353" dir="0" index="0" bw="2" slack="0"/>
<pin id="1354" dir="1" index="1" bw="2" slack="0"/>
</pin_list>
<bind>
<opset="add_ln62 "/>
</bind>
</comp>

<comp id="1360" class="1005" name="empty_58_reg_1360">
<pin_list>
<pin id="1361" dir="0" index="0" bw="1" slack="4"/>
<pin id="1362" dir="1" index="1" bw="1" slack="4"/>
</pin_list>
<bind>
<opset="empty_58 "/>
</bind>
</comp>

<comp id="1371" class="1005" name="sext_ln1115_reg_1371">
<pin_list>
<pin id="1372" dir="0" index="0" bw="33" slack="1"/>
<pin id="1373" dir="1" index="1" bw="33" slack="1"/>
</pin_list>
<bind>
<opset="sext_ln1115 "/>
</bind>
</comp>

<comp id="1376" class="1005" name="H_V_0_0_5_reg_1376">
<pin_list>
<pin id="1377" dir="0" index="0" bw="18" slack="0"/>
<pin id="1378" dir="1" index="1" bw="18" slack="0"/>
</pin_list>
<bind>
<opset="H_V_0_0_5 "/>
</bind>
</comp>

<comp id="1383" class="1005" name="H_V_0_1_3_reg_1383">
<pin_list>
<pin id="1384" dir="0" index="0" bw="18" slack="0"/>
<pin id="1385" dir="1" index="1" bw="18" slack="0"/>
</pin_list>
<bind>
<opset="H_V_0_1_3 "/>
</bind>
</comp>

<comp id="1390" class="1005" name="H_V_1_0_3_reg_1390">
<pin_list>
<pin id="1391" dir="0" index="0" bw="18" slack="0"/>
<pin id="1392" dir="1" index="1" bw="18" slack="0"/>
</pin_list>
<bind>
<opset="H_V_1_0_3 "/>
</bind>
</comp>

<comp id="1397" class="1005" name="H_V_1_1_5_reg_1397">
<pin_list>
<pin id="1398" dir="0" index="0" bw="18" slack="0"/>
<pin id="1399" dir="1" index="1" bw="18" slack="0"/>
</pin_list>
<bind>
<opset="H_V_1_1_5 "/>
</bind>
</comp>

<comp id="1404" class="1005" name="B_V_1_1_1_reg_1404">
<pin_list>
<pin id="1405" dir="0" index="0" bw="12" slack="3"/>
<pin id="1406" dir="1" index="1" bw="12" slack="3"/>
</pin_list>
<bind>
<opset="B_V_1_1_1 "/>
</bind>
</comp>

<comp id="1410" class="1005" name="B_V_1_1_9_reg_1410">
<pin_list>
<pin id="1411" dir="0" index="0" bw="12" slack="3"/>
<pin id="1412" dir="1" index="1" bw="12" slack="3"/>
</pin_list>
<bind>
<opset="B_V_1_1_9 "/>
</bind>
</comp>

<comp id="1416" class="1005" name="B_V_1_1_10_reg_1416">
<pin_list>
<pin id="1417" dir="0" index="0" bw="12" slack="3"/>
<pin id="1418" dir="1" index="1" bw="12" slack="3"/>
</pin_list>
<bind>
<opset="B_V_1_1_10 "/>
</bind>
</comp>

<comp id="1422" class="1005" name="B_V_1_1_11_reg_1422">
<pin_list>
<pin id="1423" dir="0" index="0" bw="12" slack="3"/>
<pin id="1424" dir="1" index="1" bw="12" slack="3"/>
</pin_list>
<bind>
<opset="B_V_1_1_11 "/>
</bind>
</comp>

<comp id="1428" class="1005" name="add_ln63_reg_1428">
<pin_list>
<pin id="1429" dir="0" index="0" bw="2" slack="0"/>
<pin id="1430" dir="1" index="1" bw="2" slack="0"/>
</pin_list>
<bind>
<opset="add_ln63 "/>
</bind>
</comp>

<comp id="1436" class="1005" name="trunc_ln1118_reg_1436">
<pin_list>
<pin id="1437" dir="0" index="0" bw="1" slack="3"/>
<pin id="1438" dir="1" index="1" bw="1" slack="3"/>
</pin_list>
<bind>
<opset="trunc_ln1118 "/>
</bind>
</comp>

<comp id="1444" class="1005" name="sext_ln1115_1_reg_1444">
<pin_list>
<pin id="1445" dir="0" index="0" bw="33" slack="1"/>
<pin id="1446" dir="1" index="1" bw="33" slack="1"/>
</pin_list>
<bind>
<opset="sext_ln1115_1 "/>
</bind>
</comp>

<comp id="1449" class="1005" name="icmp_ln65_reg_1449">
<pin_list>
<pin id="1450" dir="0" index="0" bw="1" slack="3"/>
<pin id="1451" dir="1" index="1" bw="1" slack="3"/>
</pin_list>
<bind>
<opset="icmp_ln65 "/>
</bind>
</comp>

<comp id="1455" class="1005" name="H_1_1_V_24_reg_1455">
<pin_list>
<pin id="1456" dir="0" index="0" bw="18" slack="1"/>
<pin id="1457" dir="1" index="1" bw="18" slack="1"/>
</pin_list>
<bind>
<opset="H_1_1_V_24 "/>
</bind>
</comp>

<comp id="1460" class="1005" name="add_ln34_reg_1460">
<pin_list>
<pin id="1461" dir="0" index="0" bw="2" slack="0"/>
<pin id="1462" dir="1" index="1" bw="2" slack="0"/>
</pin_list>
<bind>
<opset="add_ln34 "/>
</bind>
</comp>

<comp id="1468" class="1005" name="empty_62_reg_1468">
<pin_list>
<pin id="1469" dir="0" index="0" bw="1" slack="1"/>
<pin id="1470" dir="1" index="1" bw="1" slack="1"/>
</pin_list>
<bind>
<opset="empty_62 "/>
</bind>
</comp>

<comp id="1479" class="1005" name="zext_ln35_reg_1479">
<pin_list>
<pin id="1480" dir="0" index="0" bw="51" slack="2"/>
<pin id="1481" dir="1" index="1" bw="51" slack="2"/>
</pin_list>
<bind>
<opset="zext_ln35 "/>
</bind>
</comp>

<comp id="1484" class="1005" name="sel_tmp30_reg_1484">
<pin_list>
<pin id="1485" dir="0" index="0" bw="1" slack="1"/>
<pin id="1486" dir="1" index="1" bw="1" slack="1"/>
</pin_list>
<bind>
<opset="sel_tmp30 "/>
</bind>
</comp>

<comp id="1489" class="1005" name="add_ln35_reg_1489">
<pin_list>
<pin id="1490" dir="0" index="0" bw="2" slack="0"/>
<pin id="1491" dir="1" index="1" bw="2" slack="0"/>
</pin_list>
<bind>
<opset="add_ln35 "/>
</bind>
</comp>

<comp id="1497" class="1005" name="trunc_ln1494_reg_1497">
<pin_list>
<pin id="1498" dir="0" index="0" bw="1" slack="5"/>
<pin id="1499" dir="1" index="1" bw="1" slack="5"/>
</pin_list>
<bind>
<opset="trunc_ln1494 "/>
</bind>
</comp>

<comp id="1505" class="1005" name="H_V_1_1_9_reg_1505">
<pin_list>
<pin id="1506" dir="0" index="0" bw="18" slack="1"/>
<pin id="1507" dir="1" index="1" bw="18" slack="1"/>
</pin_list>
<bind>
<opset="H_V_1_1_9 "/>
</bind>
</comp>

<comp id="1510" class="1005" name="H_V_1_0_7_reg_1510">
<pin_list>
<pin id="1511" dir="0" index="0" bw="18" slack="1"/>
<pin id="1512" dir="1" index="1" bw="18" slack="1"/>
</pin_list>
<bind>
<opset="H_V_1_0_7 "/>
</bind>
</comp>

<comp id="1515" class="1005" name="H_V_0_1_7_reg_1515">
<pin_list>
<pin id="1516" dir="0" index="0" bw="18" slack="1"/>
<pin id="1517" dir="1" index="1" bw="18" slack="1"/>
</pin_list>
<bind>
<opset="H_V_0_1_7 "/>
</bind>
</comp>

<comp id="1520" class="1005" name="H_V_0_0_9_reg_1520">
<pin_list>
<pin id="1521" dir="0" index="0" bw="18" slack="1"/>
<pin id="1522" dir="1" index="1" bw="18" slack="1"/>
</pin_list>
<bind>
<opset="H_V_0_0_9 "/>
</bind>
</comp>

<comp id="1525" class="1005" name="empty_65_reg_1525">
<pin_list>
<pin id="1526" dir="0" index="0" bw="16" slack="1"/>
<pin id="1527" dir="1" index="1" bw="16" slack="1"/>
</pin_list>
<bind>
<opset="empty_65 "/>
</bind>
</comp>

<comp id="1530" class="1005" name="sext_ln1118_reg_1530">
<pin_list>
<pin id="1531" dir="0" index="0" bw="51" slack="1"/>
<pin id="1532" dir="1" index="1" bw="51" slack="1"/>
</pin_list>
<bind>
<opset="sext_ln1118 "/>
</bind>
</comp>

<comp id="1535" class="1005" name="r_V_12_reg_1535">
<pin_list>
<pin id="1536" dir="0" index="0" bw="51" slack="1"/>
<pin id="1537" dir="1" index="1" bw="51" slack="1"/>
</pin_list>
<bind>
<opset="r_V_12 "/>
</bind>
</comp>

<comp id="1540" class="1005" name="p_Val2_s_reg_1540">
<pin_list>
<pin id="1541" dir="0" index="0" bw="54" slack="1"/>
<pin id="1542" dir="1" index="1" bw="54" slack="1"/>
</pin_list>
<bind>
<opset="p_Val2_s "/>
</bind>
</comp>

<comp id="1545" class="1005" name="ret_V_cast_reg_1545">
<pin_list>
<pin id="1546" dir="0" index="0" bw="12" slack="1"/>
<pin id="1547" dir="1" index="1" bw="12" slack="1"/>
</pin_list>
<bind>
<opset="ret_V_cast "/>
</bind>
</comp>

<comp id="1552" class="1005" name="icmp_ln851_reg_1552">
<pin_list>
<pin id="1553" dir="0" index="0" bw="1" slack="1"/>
<pin id="1554" dir="1" index="1" bw="1" slack="1"/>
</pin_list>
<bind>
<opset="icmp_ln851 "/>
</bind>
</comp>

<comp id="1557" class="1005" name="add_ln45_reg_1557">
<pin_list>
<pin id="1558" dir="0" index="0" bw="2" slack="0"/>
<pin id="1559" dir="1" index="1" bw="2" slack="0"/>
</pin_list>
<bind>
<opset="add_ln45 "/>
</bind>
</comp>

<comp id="1565" class="1005" name="trunc_ln47_reg_1565">
<pin_list>
<pin id="1566" dir="0" index="0" bw="1" slack="1"/>
<pin id="1567" dir="1" index="1" bw="1" slack="1"/>
</pin_list>
<bind>
<opset="trunc_ln47 "/>
</bind>
</comp>

<comp id="1570" class="1005" name="add_ln46_reg_1570">
<pin_list>
<pin id="1571" dir="0" index="0" bw="2" slack="0"/>
<pin id="1572" dir="1" index="1" bw="2" slack="0"/>
</pin_list>
<bind>
<opset="add_ln46 "/>
</bind>
</comp>

</comp_list>

<net_list>
<net id="109"><net_src comp="38" pin="0"/><net_sink comp="106" pin=0"/></net>

<net id="113"><net_src comp="38" pin="0"/><net_sink comp="110" pin=0"/></net>

<net id="117"><net_src comp="38" pin="0"/><net_sink comp="114" pin=0"/></net>

<net id="121"><net_src comp="38" pin="0"/><net_sink comp="118" pin=0"/></net>

<net id="125"><net_src comp="38" pin="0"/><net_sink comp="122" pin=0"/></net>

<net id="129"><net_src comp="38" pin="0"/><net_sink comp="126" pin=0"/></net>

<net id="133"><net_src comp="38" pin="0"/><net_sink comp="130" pin=0"/></net>

<net id="137"><net_src comp="38" pin="0"/><net_sink comp="134" pin=0"/></net>

<net id="141"><net_src comp="38" pin="0"/><net_sink comp="138" pin=0"/></net>

<net id="145"><net_src comp="38" pin="0"/><net_sink comp="142" pin=0"/></net>

<net id="149"><net_src comp="38" pin="0"/><net_sink comp="146" pin=0"/></net>

<net id="153"><net_src comp="38" pin="0"/><net_sink comp="150" pin=0"/></net>

<net id="158"><net_src comp="14" pin="0"/><net_sink comp="154" pin=0"/></net>

<net id="159"><net_src comp="10" pin="0"/><net_sink comp="154" pin=1"/></net>

<net id="164"><net_src comp="14" pin="0"/><net_sink comp="160" pin=0"/></net>

<net id="165"><net_src comp="8" pin="0"/><net_sink comp="160" pin=1"/></net>

<net id="170"><net_src comp="14" pin="0"/><net_sink comp="166" pin=0"/></net>

<net id="171"><net_src comp="6" pin="0"/><net_sink comp="166" pin=1"/></net>

<net id="176"><net_src comp="14" pin="0"/><net_sink comp="172" pin=0"/></net>

<net id="177"><net_src comp="4" pin="0"/><net_sink comp="172" pin=1"/></net>

<net id="182"><net_src comp="16" pin="0"/><net_sink comp="178" pin=0"/></net>

<net id="183"><net_src comp="2" pin="0"/><net_sink comp="178" pin=1"/></net>

<net id="188"><net_src comp="16" pin="0"/><net_sink comp="184" pin=0"/></net>

<net id="189"><net_src comp="0" pin="0"/><net_sink comp="184" pin=1"/></net>

<net id="195"><net_src comp="12" pin="0"/><net_sink comp="190" pin=0"/></net>

<net id="196"><net_src comp="100" pin="0"/><net_sink comp="190" pin=1"/></net>

<net id="206"><net_src comp="190" pin="3"/><net_sink comp="197" pin=2"/></net>

<net id="212"><net_src comp="12" pin="0"/><net_sink comp="207" pin=0"/></net>

<net id="213"><net_src comp="100" pin="0"/><net_sink comp="207" pin=1"/></net>

<net id="214"><net_src comp="207" pin="3"/><net_sink comp="197" pin=0"/></net>

<net id="218"><net_src comp="18" pin="0"/><net_sink comp="215" pin=0"/></net>

<net id="225"><net_src comp="215" pin="1"/><net_sink comp="219" pin=0"/></net>

<net id="226"><net_src comp="219" pin="4"/><net_sink comp="215" pin=0"/></net>

<net id="230"><net_src comp="18" pin="0"/><net_sink comp="227" pin=0"/></net>

<net id="237"><net_src comp="227" pin="1"/><net_sink comp="231" pin=0"/></net>

<net id="238"><net_src comp="231" pin="4"/><net_sink comp="227" pin=0"/></net>

<net id="242"><net_src comp="20" pin="0"/><net_sink comp="239" pin=0"/></net>

<net id="249"><net_src comp="239" pin="1"/><net_sink comp="243" pin=0"/></net>

<net id="253"><net_src comp="20" pin="0"/><net_sink comp="250" pin=0"/></net>

<net id="260"><net_src comp="250" pin="1"/><net_sink comp="254" pin=2"/></net>

<net id="261"><net_src comp="254" pin="4"/><net_sink comp="250" pin=0"/></net>

<net id="265"><net_src comp="20" pin="0"/><net_sink comp="262" pin=0"/></net>

<net id="272"><net_src comp="262" pin="1"/><net_sink comp="266" pin=0"/></net>

<net id="276"><net_src comp="20" pin="0"/><net_sink comp="273" pin=0"/></net>

<net id="283"><net_src comp="273" pin="1"/><net_sink comp="277" pin=2"/></net>

<net id="287"><net_src comp="20" pin="0"/><net_sink comp="284" pin=0"/></net>

<net id="294"><net_src comp="284" pin="1"/><net_sink comp="288" pin=0"/></net>

<net id="298"><net_src comp="20" pin="0"/><net_sink comp="295" pin=0"/></net>

<net id="305"><net_src comp="295" pin="1"/><net_sink comp="299" pin=2"/></net>

<net id="306"><net_src comp="299" pin="4"/><net_sink comp="295" pin=0"/></net>

<net id="310"><net_src comp="20" pin="0"/><net_sink comp="307" pin=0"/></net>

<net id="317"><net_src comp="307" pin="1"/><net_sink comp="311" pin=2"/></net>

<net id="322"><net_src comp="78" pin="0"/><net_sink comp="318" pin=0"/></net>

<net id="351"><net_src comp="243" pin="4"/><net_sink comp="347" pin=0"/></net>

<net id="352"><net_src comp="22" pin="0"/><net_sink comp="347" pin=1"/></net>

<net id="357"><net_src comp="243" pin="4"/><net_sink comp="353" pin=0"/></net>

<net id="358"><net_src comp="24" pin="0"/><net_sink comp="353" pin=1"/></net>

<net id="362"><net_src comp="243" pin="4"/><net_sink comp="359" pin=0"/></net>

<net id="368"><net_src comp="359" pin="1"/><net_sink comp="363" pin=0"/></net>

<net id="374"><net_src comp="359" pin="1"/><net_sink comp="369" pin=0"/></net>

<net id="379"><net_src comp="363" pin="3"/><net_sink comp="375" pin=0"/></net>

<net id="380"><net_src comp="369" pin="3"/><net_sink comp="375" pin=1"/></net>

<net id="385"><net_src comp="375" pin="2"/><net_sink comp="381" pin=0"/></net>

<net id="386"><net_src comp="30" pin="0"/><net_sink comp="381" pin=1"/></net>

<net id="390"><net_src comp="381" pin="2"/><net_sink comp="387" pin=0"/></net>

<net id="396"><net_src comp="32" pin="0"/><net_sink comp="391" pin=0"/></net>

<net id="397"><net_src comp="381" pin="2"/><net_sink comp="391" pin=1"/></net>

<net id="398"><net_src comp="34" pin="0"/><net_sink comp="391" pin=2"/></net>

<net id="403"><net_src comp="36" pin="0"/><net_sink comp="399" pin=0"/></net>

<net id="404"><net_src comp="387" pin="1"/><net_sink comp="399" pin=1"/></net>

<net id="409"><net_src comp="40" pin="0"/><net_sink comp="405" pin=0"/></net>

<net id="418"><net_src comp="410" pin="3"/><net_sink comp="415" pin=0"/></net>

<net id="422"><net_src comp="415" pin="1"/><net_sink comp="419" pin=0"/></net>

<net id="427"><net_src comp="46" pin="0"/><net_sink comp="423" pin=0"/></net>

<net id="428"><net_src comp="419" pin="1"/><net_sink comp="423" pin=1"/></net>

<net id="433"><net_src comp="46" pin="0"/><net_sink comp="429" pin=0"/></net>

<net id="434"><net_src comp="419" pin="1"/><net_sink comp="429" pin=1"/></net>

<net id="440"><net_src comp="423" pin="2"/><net_sink comp="435" pin=1"/></net>

<net id="441"><net_src comp="429" pin="2"/><net_sink comp="435" pin=2"/></net>

<net id="447"><net_src comp="435" pin="3"/><net_sink comp="442" pin=1"/></net>

<net id="448"><net_src comp="215" pin="1"/><net_sink comp="442" pin=2"/></net>

<net id="454"><net_src comp="227" pin="1"/><net_sink comp="449" pin=1"/></net>

<net id="455"><net_src comp="435" pin="3"/><net_sink comp="449" pin=2"/></net>

<net id="460"><net_src comp="254" pin="4"/><net_sink comp="456" pin=0"/></net>

<net id="461"><net_src comp="22" pin="0"/><net_sink comp="456" pin=1"/></net>

<net id="466"><net_src comp="254" pin="4"/><net_sink comp="462" pin=0"/></net>

<net id="467"><net_src comp="24" pin="0"/><net_sink comp="462" pin=1"/></net>

<net id="471"><net_src comp="254" pin="4"/><net_sink comp="468" pin=0"/></net>

<net id="477"><net_src comp="468" pin="1"/><net_sink comp="472" pin=0"/></net>

<net id="483"><net_src comp="50" pin="0"/><net_sink comp="478" pin=0"/></net>

<net id="484"><net_src comp="472" pin="3"/><net_sink comp="478" pin=1"/></net>

<net id="485"><net_src comp="52" pin="0"/><net_sink comp="478" pin=2"/></net>

<net id="489"><net_src comp="478" pin="3"/><net_sink comp="486" pin=0"/></net>

<net id="494"><net_src comp="54" pin="0"/><net_sink comp="490" pin=0"/></net>

<net id="495"><net_src comp="486" pin="1"/><net_sink comp="490" pin=1"/></net>

<net id="499"><net_src comp="490" pin="2"/><net_sink comp="496" pin=0"/></net>

<net id="504"><net_src comp="332" pin="1"/><net_sink comp="500" pin=0"/></net>

<net id="509"><net_src comp="329" pin="1"/><net_sink comp="505" pin=0"/></net>

<net id="514"><net_src comp="326" pin="1"/><net_sink comp="510" pin=0"/></net>

<net id="519"><net_src comp="323" pin="1"/><net_sink comp="515" pin=0"/></net>

<net id="524"><net_src comp="266" pin="4"/><net_sink comp="520" pin=0"/></net>

<net id="525"><net_src comp="22" pin="0"/><net_sink comp="520" pin=1"/></net>

<net id="530"><net_src comp="266" pin="4"/><net_sink comp="526" pin=0"/></net>

<net id="531"><net_src comp="24" pin="0"/><net_sink comp="526" pin=1"/></net>

<net id="535"><net_src comp="266" pin="4"/><net_sink comp="532" pin=0"/></net>

<net id="541"><net_src comp="532" pin="1"/><net_sink comp="536" pin=0"/></net>

<net id="545"><net_src comp="536" pin="3"/><net_sink comp="542" pin=0"/></net>

<net id="550"><net_src comp="250" pin="1"/><net_sink comp="546" pin=0"/></net>

<net id="551"><net_src comp="266" pin="4"/><net_sink comp="546" pin=1"/></net>

<net id="558"><net_src comp="56" pin="0"/><net_sink comp="552" pin=0"/></net>

<net id="559"><net_src comp="58" pin="0"/><net_sink comp="552" pin=2"/></net>

<net id="560"><net_src comp="60" pin="0"/><net_sink comp="552" pin=3"/></net>

<net id="566"><net_src comp="552" pin="4"/><net_sink comp="561" pin=1"/></net>

<net id="567"><net_src comp="332" pin="1"/><net_sink comp="561" pin=2"/></net>

<net id="573"><net_src comp="329" pin="1"/><net_sink comp="568" pin=1"/></net>

<net id="574"><net_src comp="552" pin="4"/><net_sink comp="568" pin=2"/></net>

<net id="580"><net_src comp="552" pin="4"/><net_sink comp="575" pin=1"/></net>

<net id="581"><net_src comp="326" pin="1"/><net_sink comp="575" pin=2"/></net>

<net id="587"><net_src comp="323" pin="1"/><net_sink comp="582" pin=1"/></net>

<net id="588"><net_src comp="552" pin="4"/><net_sink comp="582" pin=2"/></net>

<net id="594"><net_src comp="561" pin="3"/><net_sink comp="589" pin=1"/></net>

<net id="595"><net_src comp="332" pin="1"/><net_sink comp="589" pin=2"/></net>

<net id="601"><net_src comp="568" pin="3"/><net_sink comp="596" pin=1"/></net>

<net id="602"><net_src comp="329" pin="1"/><net_sink comp="596" pin=2"/></net>

<net id="608"><net_src comp="326" pin="1"/><net_sink comp="603" pin=1"/></net>

<net id="609"><net_src comp="575" pin="3"/><net_sink comp="603" pin=2"/></net>

<net id="615"><net_src comp="323" pin="1"/><net_sink comp="610" pin=1"/></net>

<net id="616"><net_src comp="582" pin="3"/><net_sink comp="610" pin=2"/></net>

<net id="622"><net_src comp="561" pin="3"/><net_sink comp="617" pin=1"/></net>

<net id="623"><net_src comp="582" pin="3"/><net_sink comp="617" pin=2"/></net>

<net id="628"><net_src comp="617" pin="3"/><net_sink comp="624" pin=0"/></net>

<net id="629"><net_src comp="62" pin="0"/><net_sink comp="624" pin=1"/></net>

<net id="635"><net_src comp="624" pin="2"/><net_sink comp="630" pin=1"/></net>

<net id="636"><net_src comp="332" pin="1"/><net_sink comp="630" pin=2"/></net>

<net id="642"><net_src comp="323" pin="1"/><net_sink comp="637" pin=1"/></net>

<net id="643"><net_src comp="624" pin="2"/><net_sink comp="637" pin=2"/></net>

<net id="649"><net_src comp="630" pin="3"/><net_sink comp="644" pin=1"/></net>

<net id="650"><net_src comp="589" pin="3"/><net_sink comp="644" pin=2"/></net>

<net id="656"><net_src comp="637" pin="3"/><net_sink comp="651" pin=1"/></net>

<net id="657"><net_src comp="610" pin="3"/><net_sink comp="651" pin=2"/></net>

<net id="662"><net_src comp="644" pin="3"/><net_sink comp="658" pin=0"/></net>

<net id="667"><net_src comp="596" pin="3"/><net_sink comp="663" pin=0"/></net>

<net id="672"><net_src comp="603" pin="3"/><net_sink comp="668" pin=0"/></net>

<net id="681"><net_src comp="277" pin="4"/><net_sink comp="677" pin=0"/></net>

<net id="682"><net_src comp="22" pin="0"/><net_sink comp="677" pin=1"/></net>

<net id="687"><net_src comp="277" pin="4"/><net_sink comp="683" pin=0"/></net>

<net id="688"><net_src comp="24" pin="0"/><net_sink comp="683" pin=1"/></net>

<net id="692"><net_src comp="277" pin="4"/><net_sink comp="689" pin=0"/></net>

<net id="698"><net_src comp="689" pin="1"/><net_sink comp="693" pin=0"/></net>

<net id="699"><net_src comp="215" pin="1"/><net_sink comp="693" pin=1"/></net>

<net id="700"><net_src comp="227" pin="1"/><net_sink comp="693" pin=2"/></net>

<net id="704"><net_src comp="693" pin="3"/><net_sink comp="701" pin=0"/></net>

<net id="709"><net_src comp="689" pin="1"/><net_sink comp="705" pin=0"/></net>

<net id="710"><net_src comp="68" pin="0"/><net_sink comp="705" pin=1"/></net>

<net id="715"><net_src comp="288" pin="4"/><net_sink comp="711" pin=0"/></net>

<net id="716"><net_src comp="22" pin="0"/><net_sink comp="711" pin=1"/></net>

<net id="721"><net_src comp="288" pin="4"/><net_sink comp="717" pin=0"/></net>

<net id="722"><net_src comp="24" pin="0"/><net_sink comp="717" pin=1"/></net>

<net id="738"><net_src comp="288" pin="4"/><net_sink comp="735" pin=0"/></net>

<net id="744"><net_src comp="735" pin="1"/><net_sink comp="739" pin=0"/></net>

<net id="745"><net_src comp="732" pin="1"/><net_sink comp="739" pin=1"/></net>

<net id="746"><net_src comp="729" pin="1"/><net_sink comp="739" pin=2"/></net>

<net id="752"><net_src comp="735" pin="1"/><net_sink comp="747" pin=0"/></net>

<net id="753"><net_src comp="726" pin="1"/><net_sink comp="747" pin=1"/></net>

<net id="754"><net_src comp="723" pin="1"/><net_sink comp="747" pin=2"/></net>

<net id="760"><net_src comp="739" pin="3"/><net_sink comp="755" pin=1"/></net>

<net id="761"><net_src comp="747" pin="3"/><net_sink comp="755" pin=2"/></net>

<net id="765"><net_src comp="755" pin="3"/><net_sink comp="762" pin=0"/></net>

<net id="770"><net_src comp="755" pin="3"/><net_sink comp="766" pin=0"/></net>

<net id="771"><net_src comp="70" pin="0"/><net_sink comp="766" pin=1"/></net>

<net id="776"><net_src comp="755" pin="3"/><net_sink comp="772" pin=0"/></net>

<net id="777"><net_src comp="72" pin="0"/><net_sink comp="772" pin=1"/></net>

<net id="783"><net_src comp="735" pin="1"/><net_sink comp="778" pin=0"/></net>

<net id="784"><net_src comp="70" pin="0"/><net_sink comp="778" pin=1"/></net>

<net id="785"><net_src comp="732" pin="1"/><net_sink comp="778" pin=2"/></net>

<net id="791"><net_src comp="735" pin="1"/><net_sink comp="786" pin=0"/></net>

<net id="792"><net_src comp="729" pin="1"/><net_sink comp="786" pin=1"/></net>

<net id="793"><net_src comp="70" pin="0"/><net_sink comp="786" pin=2"/></net>

<net id="799"><net_src comp="735" pin="1"/><net_sink comp="794" pin=0"/></net>

<net id="800"><net_src comp="70" pin="0"/><net_sink comp="794" pin=1"/></net>

<net id="801"><net_src comp="726" pin="1"/><net_sink comp="794" pin=2"/></net>

<net id="807"><net_src comp="735" pin="1"/><net_sink comp="802" pin=0"/></net>

<net id="808"><net_src comp="723" pin="1"/><net_sink comp="802" pin=1"/></net>

<net id="809"><net_src comp="70" pin="0"/><net_sink comp="802" pin=2"/></net>

<net id="815"><net_src comp="735" pin="1"/><net_sink comp="810" pin=0"/></net>

<net id="816"><net_src comp="72" pin="0"/><net_sink comp="810" pin=1"/></net>

<net id="817"><net_src comp="732" pin="1"/><net_sink comp="810" pin=2"/></net>

<net id="823"><net_src comp="735" pin="1"/><net_sink comp="818" pin=0"/></net>

<net id="824"><net_src comp="729" pin="1"/><net_sink comp="818" pin=1"/></net>

<net id="825"><net_src comp="72" pin="0"/><net_sink comp="818" pin=2"/></net>

<net id="831"><net_src comp="735" pin="1"/><net_sink comp="826" pin=0"/></net>

<net id="832"><net_src comp="72" pin="0"/><net_sink comp="826" pin=1"/></net>

<net id="833"><net_src comp="726" pin="1"/><net_sink comp="826" pin=2"/></net>

<net id="839"><net_src comp="735" pin="1"/><net_sink comp="834" pin=0"/></net>

<net id="840"><net_src comp="723" pin="1"/><net_sink comp="834" pin=1"/></net>

<net id="841"><net_src comp="72" pin="0"/><net_sink comp="834" pin=2"/></net>

<net id="846"><net_src comp="766" pin="2"/><net_sink comp="842" pin=0"/></net>

<net id="852"><net_src comp="842" pin="2"/><net_sink comp="847" pin=0"/></net>

<net id="853"><net_src comp="778" pin="3"/><net_sink comp="847" pin=1"/></net>

<net id="854"><net_src comp="732" pin="1"/><net_sink comp="847" pin=2"/></net>

<net id="859"><net_src comp="766" pin="2"/><net_sink comp="855" pin=0"/></net>

<net id="860"><net_src comp="68" pin="0"/><net_sink comp="855" pin=1"/></net>

<net id="865"><net_src comp="855" pin="2"/><net_sink comp="861" pin=1"/></net>

<net id="870"><net_src comp="861" pin="2"/><net_sink comp="866" pin=0"/></net>

<net id="871"><net_src comp="772" pin="2"/><net_sink comp="866" pin=1"/></net>

<net id="877"><net_src comp="866" pin="2"/><net_sink comp="872" pin=0"/></net>

<net id="878"><net_src comp="810" pin="3"/><net_sink comp="872" pin=1"/></net>

<net id="879"><net_src comp="847" pin="3"/><net_sink comp="872" pin=2"/></net>

<net id="885"><net_src comp="842" pin="2"/><net_sink comp="880" pin=0"/></net>

<net id="886"><net_src comp="786" pin="3"/><net_sink comp="880" pin=1"/></net>

<net id="887"><net_src comp="729" pin="1"/><net_sink comp="880" pin=2"/></net>

<net id="893"><net_src comp="866" pin="2"/><net_sink comp="888" pin=0"/></net>

<net id="894"><net_src comp="818" pin="3"/><net_sink comp="888" pin=1"/></net>

<net id="895"><net_src comp="880" pin="3"/><net_sink comp="888" pin=2"/></net>

<net id="900"><net_src comp="766" pin="2"/><net_sink comp="896" pin=0"/></net>

<net id="901"><net_src comp="772" pin="2"/><net_sink comp="896" pin=1"/></net>

<net id="907"><net_src comp="896" pin="2"/><net_sink comp="902" pin=0"/></net>

<net id="908"><net_src comp="826" pin="3"/><net_sink comp="902" pin=1"/></net>

<net id="909"><net_src comp="726" pin="1"/><net_sink comp="902" pin=2"/></net>

<net id="914"><net_src comp="766" pin="2"/><net_sink comp="910" pin=0"/></net>

<net id="920"><net_src comp="910" pin="2"/><net_sink comp="915" pin=0"/></net>

<net id="921"><net_src comp="794" pin="3"/><net_sink comp="915" pin=1"/></net>

<net id="922"><net_src comp="902" pin="3"/><net_sink comp="915" pin=2"/></net>

<net id="928"><net_src comp="842" pin="2"/><net_sink comp="923" pin=0"/></net>

<net id="929"><net_src comp="726" pin="1"/><net_sink comp="923" pin=1"/></net>

<net id="930"><net_src comp="915" pin="3"/><net_sink comp="923" pin=2"/></net>

<net id="936"><net_src comp="866" pin="2"/><net_sink comp="931" pin=0"/></net>

<net id="937"><net_src comp="726" pin="1"/><net_sink comp="931" pin=1"/></net>

<net id="938"><net_src comp="923" pin="3"/><net_sink comp="931" pin=2"/></net>

<net id="944"><net_src comp="896" pin="2"/><net_sink comp="939" pin=0"/></net>

<net id="945"><net_src comp="834" pin="3"/><net_sink comp="939" pin=1"/></net>

<net id="946"><net_src comp="723" pin="1"/><net_sink comp="939" pin=2"/></net>

<net id="952"><net_src comp="910" pin="2"/><net_sink comp="947" pin=0"/></net>

<net id="953"><net_src comp="802" pin="3"/><net_sink comp="947" pin=1"/></net>

<net id="954"><net_src comp="939" pin="3"/><net_sink comp="947" pin=2"/></net>

<net id="960"><net_src comp="842" pin="2"/><net_sink comp="955" pin=0"/></net>

<net id="961"><net_src comp="723" pin="1"/><net_sink comp="955" pin=1"/></net>

<net id="962"><net_src comp="947" pin="3"/><net_sink comp="955" pin=2"/></net>

<net id="968"><net_src comp="866" pin="2"/><net_sink comp="963" pin=0"/></net>

<net id="969"><net_src comp="723" pin="1"/><net_sink comp="963" pin=1"/></net>

<net id="970"><net_src comp="955" pin="3"/><net_sink comp="963" pin=2"/></net>

<net id="976"><net_src comp="910" pin="2"/><net_sink comp="971" pin=0"/></net>

<net id="977"><net_src comp="74" pin="0"/><net_sink comp="971" pin=1"/></net>

<net id="978"><net_src comp="76" pin="0"/><net_sink comp="971" pin=2"/></net>

<net id="984"><net_src comp="896" pin="2"/><net_sink comp="979" pin=0"/></net>

<net id="985"><net_src comp="971" pin="3"/><net_sink comp="979" pin=1"/></net>

<net id="986"><net_src comp="762" pin="1"/><net_sink comp="979" pin=2"/></net>

<net id="992"><net_src comp="866" pin="2"/><net_sink comp="987" pin=0"/></net>

<net id="993"><net_src comp="76" pin="0"/><net_sink comp="987" pin=1"/></net>

<net id="994"><net_src comp="74" pin="0"/><net_sink comp="987" pin=2"/></net>

<net id="999"><net_src comp="866" pin="2"/><net_sink comp="995" pin=0"/></net>

<net id="1000"><net_src comp="842" pin="2"/><net_sink comp="995" pin=1"/></net>

<net id="1006"><net_src comp="995" pin="2"/><net_sink comp="1001" pin=0"/></net>

<net id="1007"><net_src comp="987" pin="3"/><net_sink comp="1001" pin=1"/></net>

<net id="1008"><net_src comp="979" pin="3"/><net_sink comp="1001" pin=2"/></net>

<net id="1016"><net_src comp="1009" pin="1"/><net_sink comp="1012" pin=1"/></net>

<net id="1039"><net_src comp="80" pin="0"/><net_sink comp="1033" pin=0"/></net>

<net id="1040"><net_src comp="318" pin="2"/><net_sink comp="1033" pin=1"/></net>

<net id="1041"><net_src comp="82" pin="0"/><net_sink comp="1033" pin=2"/></net>

<net id="1042"><net_src comp="84" pin="0"/><net_sink comp="1033" pin=3"/></net>

<net id="1046"><net_src comp="318" pin="2"/><net_sink comp="1043" pin=0"/></net>

<net id="1051"><net_src comp="1043" pin="1"/><net_sink comp="1047" pin=0"/></net>

<net id="1052"><net_src comp="86" pin="0"/><net_sink comp="1047" pin=1"/></net>

<net id="1058"><net_src comp="90" pin="0"/><net_sink comp="1053" pin=0"/></net>

<net id="1059"><net_src comp="92" pin="0"/><net_sink comp="1053" pin=2"/></net>

<net id="1064"><net_src comp="94" pin="0"/><net_sink comp="1060" pin=1"/></net>

<net id="1070"><net_src comp="1060" pin="2"/><net_sink comp="1065" pin=2"/></net>

<net id="1076"><net_src comp="1053" pin="3"/><net_sink comp="1071" pin=0"/></net>

<net id="1077"><net_src comp="1065" pin="3"/><net_sink comp="1071" pin=1"/></net>

<net id="1083"><net_src comp="1071" pin="3"/><net_sink comp="1078" pin=1"/></net>

<net id="1084"><net_src comp="344" pin="1"/><net_sink comp="1078" pin=2"/></net>

<net id="1090"><net_src comp="341" pin="1"/><net_sink comp="1085" pin=1"/></net>

<net id="1091"><net_src comp="1071" pin="3"/><net_sink comp="1085" pin=2"/></net>

<net id="1097"><net_src comp="1071" pin="3"/><net_sink comp="1092" pin=1"/></net>

<net id="1098"><net_src comp="338" pin="1"/><net_sink comp="1092" pin=2"/></net>

<net id="1104"><net_src comp="335" pin="1"/><net_sink comp="1099" pin=1"/></net>

<net id="1105"><net_src comp="1071" pin="3"/><net_sink comp="1099" pin=2"/></net>

<net id="1111"><net_src comp="1078" pin="3"/><net_sink comp="1106" pin=1"/></net>

<net id="1112"><net_src comp="344" pin="1"/><net_sink comp="1106" pin=2"/></net>

<net id="1118"><net_src comp="1085" pin="3"/><net_sink comp="1113" pin=1"/></net>

<net id="1119"><net_src comp="341" pin="1"/><net_sink comp="1113" pin=2"/></net>

<net id="1125"><net_src comp="338" pin="1"/><net_sink comp="1120" pin=1"/></net>

<net id="1126"><net_src comp="1092" pin="3"/><net_sink comp="1120" pin=2"/></net>

<net id="1132"><net_src comp="335" pin="1"/><net_sink comp="1127" pin=1"/></net>

<net id="1133"><net_src comp="1099" pin="3"/><net_sink comp="1127" pin=2"/></net>

<net id="1138"><net_src comp="1106" pin="3"/><net_sink comp="1134" pin=0"/></net>

<net id="1143"><net_src comp="1113" pin="3"/><net_sink comp="1139" pin=0"/></net>

<net id="1148"><net_src comp="1120" pin="3"/><net_sink comp="1144" pin=0"/></net>

<net id="1153"><net_src comp="1127" pin="3"/><net_sink comp="1149" pin=0"/></net>

<net id="1158"><net_src comp="299" pin="4"/><net_sink comp="1154" pin=0"/></net>

<net id="1159"><net_src comp="22" pin="0"/><net_sink comp="1154" pin=1"/></net>

<net id="1164"><net_src comp="299" pin="4"/><net_sink comp="1160" pin=0"/></net>

<net id="1165"><net_src comp="24" pin="0"/><net_sink comp="1160" pin=1"/></net>

<net id="1169"><net_src comp="299" pin="4"/><net_sink comp="1166" pin=0"/></net>

<net id="1174"><net_src comp="311" pin="4"/><net_sink comp="1170" pin=0"/></net>

<net id="1175"><net_src comp="22" pin="0"/><net_sink comp="1170" pin=1"/></net>

<net id="1181"><net_src comp="98" pin="0"/><net_sink comp="1176" pin=0"/></net>

<net id="1182"><net_src comp="295" pin="1"/><net_sink comp="1176" pin=1"/></net>

<net id="1183"><net_src comp="311" pin="4"/><net_sink comp="1176" pin=2"/></net>

<net id="1187"><net_src comp="1176" pin="3"/><net_sink comp="1184" pin=0"/></net>

<net id="1188"><net_src comp="1184" pin="1"/><net_sink comp="190" pin=2"/></net>

<net id="1193"><net_src comp="311" pin="4"/><net_sink comp="1189" pin=0"/></net>

<net id="1194"><net_src comp="24" pin="0"/><net_sink comp="1189" pin=1"/></net>

<net id="1198"><net_src comp="311" pin="4"/><net_sink comp="1195" pin=0"/></net>

<net id="1204"><net_src comp="1195" pin="1"/><net_sink comp="1199" pin=0"/></net>

<net id="1205"><net_src comp="344" pin="1"/><net_sink comp="1199" pin=1"/></net>

<net id="1206"><net_src comp="341" pin="1"/><net_sink comp="1199" pin=2"/></net>

<net id="1212"><net_src comp="1195" pin="1"/><net_sink comp="1207" pin=0"/></net>

<net id="1213"><net_src comp="338" pin="1"/><net_sink comp="1207" pin=1"/></net>

<net id="1214"><net_src comp="335" pin="1"/><net_sink comp="1207" pin=2"/></net>

<net id="1220"><net_src comp="1199" pin="3"/><net_sink comp="1215" pin=1"/></net>

<net id="1221"><net_src comp="1207" pin="3"/><net_sink comp="1215" pin=2"/></net>

<net id="1222"><net_src comp="1215" pin="3"/><net_sink comp="197" pin=4"/></net>

<net id="1227"><net_src comp="104" pin="0"/><net_sink comp="1223" pin=0"/></net>

<net id="1228"><net_src comp="1215" pin="3"/><net_sink comp="1223" pin=1"/></net>

<net id="1229"><net_src comp="1223" pin="2"/><net_sink comp="197" pin=1"/></net>

<net id="1234"><net_src comp="311" pin="4"/><net_sink comp="1230" pin=0"/></net>

<net id="1235"><net_src comp="24" pin="0"/><net_sink comp="1230" pin=1"/></net>

<net id="1241"><net_src comp="98" pin="0"/><net_sink comp="1236" pin=0"/></net>

<net id="1242"><net_src comp="295" pin="1"/><net_sink comp="1236" pin=1"/></net>

<net id="1243"><net_src comp="1230" pin="2"/><net_sink comp="1236" pin=2"/></net>

<net id="1247"><net_src comp="1236" pin="3"/><net_sink comp="1244" pin=0"/></net>

<net id="1248"><net_src comp="1244" pin="1"/><net_sink comp="207" pin=2"/></net>

<net id="1253"><net_src comp="542" pin="1"/><net_sink comp="1249" pin=1"/></net>

<net id="1254"><net_src comp="1249" pin="2"/><net_sink comp="552" pin=1"/></net>

<net id="1258"><net_src comp="154" pin="2"/><net_sink comp="1255" pin=0"/></net>

<net id="1259"><net_src comp="1255" pin="1"/><net_sink comp="369" pin=1"/></net>

<net id="1263"><net_src comp="160" pin="2"/><net_sink comp="1260" pin=0"/></net>

<net id="1264"><net_src comp="1260" pin="1"/><net_sink comp="369" pin=2"/></net>

<net id="1268"><net_src comp="166" pin="2"/><net_sink comp="1265" pin=0"/></net>

<net id="1269"><net_src comp="1265" pin="1"/><net_sink comp="363" pin=1"/></net>

<net id="1273"><net_src comp="172" pin="2"/><net_sink comp="1270" pin=0"/></net>

<net id="1274"><net_src comp="1270" pin="1"/><net_sink comp="363" pin=2"/></net>

<net id="1278"><net_src comp="178" pin="2"/><net_sink comp="1275" pin=0"/></net>

<net id="1279"><net_src comp="1275" pin="1"/><net_sink comp="472" pin=1"/></net>

<net id="1280"><net_src comp="1275" pin="1"/><net_sink comp="536" pin=1"/></net>

<net id="1284"><net_src comp="184" pin="2"/><net_sink comp="1281" pin=0"/></net>

<net id="1285"><net_src comp="1281" pin="1"/><net_sink comp="472" pin=2"/></net>

<net id="1286"><net_src comp="1281" pin="1"/><net_sink comp="536" pin=2"/></net>

<net id="1290"><net_src comp="347" pin="2"/><net_sink comp="1287" pin=0"/></net>

<net id="1291"><net_src comp="1287" pin="1"/><net_sink comp="243" pin=2"/></net>

<net id="1298"><net_src comp="359" pin="1"/><net_sink comp="1295" pin=0"/></net>

<net id="1299"><net_src comp="1295" pin="1"/><net_sink comp="442" pin=0"/></net>

<net id="1300"><net_src comp="1295" pin="1"/><net_sink comp="449" pin=0"/></net>

<net id="1304"><net_src comp="387" pin="1"/><net_sink comp="1301" pin=0"/></net>

<net id="1305"><net_src comp="1301" pin="1"/><net_sink comp="410" pin=2"/></net>

<net id="1309"><net_src comp="391" pin="3"/><net_sink comp="1306" pin=0"/></net>

<net id="1310"><net_src comp="1306" pin="1"/><net_sink comp="410" pin=0"/></net>

<net id="1311"><net_src comp="1306" pin="1"/><net_sink comp="435" pin=0"/></net>

<net id="1315"><net_src comp="399" pin="2"/><net_sink comp="1312" pin=0"/></net>

<net id="1316"><net_src comp="1312" pin="1"/><net_sink comp="410" pin=1"/></net>

<net id="1320"><net_src comp="106" pin="1"/><net_sink comp="1317" pin=0"/></net>

<net id="1321"><net_src comp="1317" pin="1"/><net_sink comp="405" pin=1"/></net>

<net id="1322"><net_src comp="1317" pin="1"/><net_sink comp="323" pin=0"/></net>

<net id="1323"><net_src comp="1317" pin="1"/><net_sink comp="673" pin=1"/></net>

<net id="1327"><net_src comp="110" pin="1"/><net_sink comp="1324" pin=0"/></net>

<net id="1328"><net_src comp="1324" pin="1"/><net_sink comp="326" pin=0"/></net>

<net id="1329"><net_src comp="1324" pin="1"/><net_sink comp="668" pin=1"/></net>

<net id="1333"><net_src comp="114" pin="1"/><net_sink comp="1330" pin=0"/></net>

<net id="1334"><net_src comp="1330" pin="1"/><net_sink comp="329" pin=0"/></net>

<net id="1335"><net_src comp="1330" pin="1"/><net_sink comp="663" pin=1"/></net>

<net id="1339"><net_src comp="118" pin="1"/><net_sink comp="1336" pin=0"/></net>

<net id="1340"><net_src comp="1336" pin="1"/><net_sink comp="332" pin=0"/></net>

<net id="1341"><net_src comp="1336" pin="1"/><net_sink comp="658" pin=1"/></net>

<net id="1345"><net_src comp="442" pin="3"/><net_sink comp="1342" pin=0"/></net>

<net id="1346"><net_src comp="1342" pin="1"/><net_sink comp="219" pin=2"/></net>

<net id="1350"><net_src comp="449" pin="3"/><net_sink comp="1347" pin=0"/></net>

<net id="1351"><net_src comp="1347" pin="1"/><net_sink comp="231" pin=2"/></net>

<net id="1355"><net_src comp="456" pin="2"/><net_sink comp="1352" pin=0"/></net>

<net id="1356"><net_src comp="1352" pin="1"/><net_sink comp="254" pin=0"/></net>

<net id="1363"><net_src comp="468" pin="1"/><net_sink comp="1360" pin=0"/></net>

<net id="1364"><net_src comp="1360" pin="1"/><net_sink comp="589" pin=0"/></net>

<net id="1365"><net_src comp="1360" pin="1"/><net_sink comp="596" pin=0"/></net>

<net id="1366"><net_src comp="1360" pin="1"/><net_sink comp="603" pin=0"/></net>

<net id="1367"><net_src comp="1360" pin="1"/><net_sink comp="610" pin=0"/></net>

<net id="1368"><net_src comp="1360" pin="1"/><net_sink comp="617" pin=0"/></net>

<net id="1369"><net_src comp="1360" pin="1"/><net_sink comp="630" pin=0"/></net>

<net id="1370"><net_src comp="1360" pin="1"/><net_sink comp="637" pin=0"/></net>

<net id="1374"><net_src comp="496" pin="1"/><net_sink comp="1371" pin=0"/></net>

<net id="1375"><net_src comp="1371" pin="1"/><net_sink comp="1249" pin=0"/></net>

<net id="1379"><net_src comp="122" pin="1"/><net_sink comp="1376" pin=0"/></net>

<net id="1380"><net_src comp="1376" pin="1"/><net_sink comp="515" pin=1"/></net>

<net id="1381"><net_src comp="1376" pin="1"/><net_sink comp="723" pin=0"/></net>

<net id="1382"><net_src comp="1376" pin="1"/><net_sink comp="1029" pin=1"/></net>

<net id="1386"><net_src comp="126" pin="1"/><net_sink comp="1383" pin=0"/></net>

<net id="1387"><net_src comp="1383" pin="1"/><net_sink comp="510" pin=1"/></net>

<net id="1388"><net_src comp="1383" pin="1"/><net_sink comp="726" pin=0"/></net>

<net id="1389"><net_src comp="1383" pin="1"/><net_sink comp="1025" pin=1"/></net>

<net id="1393"><net_src comp="130" pin="1"/><net_sink comp="1390" pin=0"/></net>

<net id="1394"><net_src comp="1390" pin="1"/><net_sink comp="505" pin=1"/></net>

<net id="1395"><net_src comp="1390" pin="1"/><net_sink comp="729" pin=0"/></net>

<net id="1396"><net_src comp="1390" pin="1"/><net_sink comp="1021" pin=1"/></net>

<net id="1400"><net_src comp="134" pin="1"/><net_sink comp="1397" pin=0"/></net>

<net id="1401"><net_src comp="1397" pin="1"/><net_sink comp="500" pin=1"/></net>

<net id="1402"><net_src comp="1397" pin="1"/><net_sink comp="732" pin=0"/></net>

<net id="1403"><net_src comp="1397" pin="1"/><net_sink comp="1017" pin=1"/></net>

<net id="1407"><net_src comp="138" pin="1"/><net_sink comp="1404" pin=0"/></net>

<net id="1408"><net_src comp="1404" pin="1"/><net_sink comp="335" pin=0"/></net>

<net id="1409"><net_src comp="1404" pin="1"/><net_sink comp="1149" pin=1"/></net>

<net id="1413"><net_src comp="142" pin="1"/><net_sink comp="1410" pin=0"/></net>

<net id="1414"><net_src comp="1410" pin="1"/><net_sink comp="338" pin=0"/></net>

<net id="1415"><net_src comp="1410" pin="1"/><net_sink comp="1144" pin=1"/></net>

<net id="1419"><net_src comp="146" pin="1"/><net_sink comp="1416" pin=0"/></net>

<net id="1420"><net_src comp="1416" pin="1"/><net_sink comp="341" pin=0"/></net>

<net id="1421"><net_src comp="1416" pin="1"/><net_sink comp="1139" pin=1"/></net>

<net id="1425"><net_src comp="150" pin="1"/><net_sink comp="1422" pin=0"/></net>

<net id="1426"><net_src comp="1422" pin="1"/><net_sink comp="344" pin=0"/></net>

<net id="1427"><net_src comp="1422" pin="1"/><net_sink comp="1134" pin=1"/></net>

<net id="1431"><net_src comp="520" pin="2"/><net_sink comp="1428" pin=0"/></net>

<net id="1432"><net_src comp="1428" pin="1"/><net_sink comp="266" pin=2"/></net>

<net id="1439"><net_src comp="532" pin="1"/><net_sink comp="1436" pin=0"/></net>

<net id="1440"><net_src comp="1436" pin="1"/><net_sink comp="561" pin=0"/></net>

<net id="1441"><net_src comp="1436" pin="1"/><net_sink comp="568" pin=0"/></net>

<net id="1442"><net_src comp="1436" pin="1"/><net_sink comp="575" pin=0"/></net>

<net id="1443"><net_src comp="1436" pin="1"/><net_sink comp="582" pin=0"/></net>

<net id="1447"><net_src comp="542" pin="1"/><net_sink comp="1444" pin=0"/></net>

<net id="1448"><net_src comp="1444" pin="1"/><net_sink comp="1249" pin=1"/></net>

<net id="1452"><net_src comp="546" pin="2"/><net_sink comp="1449" pin=0"/></net>

<net id="1453"><net_src comp="1449" pin="1"/><net_sink comp="644" pin=0"/></net>

<net id="1454"><net_src comp="1449" pin="1"/><net_sink comp="651" pin=0"/></net>

<net id="1458"><net_src comp="651" pin="3"/><net_sink comp="1455" pin=0"/></net>

<net id="1459"><net_src comp="1455" pin="1"/><net_sink comp="673" pin=0"/></net>

<net id="1463"><net_src comp="677" pin="2"/><net_sink comp="1460" pin=0"/></net>

<net id="1464"><net_src comp="1460" pin="1"/><net_sink comp="277" pin=0"/></net>

<net id="1471"><net_src comp="689" pin="1"/><net_sink comp="1468" pin=0"/></net>

<net id="1472"><net_src comp="1468" pin="1"/><net_sink comp="755" pin=0"/></net>

<net id="1473"><net_src comp="1468" pin="1"/><net_sink comp="842" pin=1"/></net>

<net id="1474"><net_src comp="1468" pin="1"/><net_sink comp="861" pin=0"/></net>

<net id="1475"><net_src comp="1468" pin="1"/><net_sink comp="1106" pin=0"/></net>

<net id="1476"><net_src comp="1468" pin="1"/><net_sink comp="1113" pin=0"/></net>

<net id="1477"><net_src comp="1468" pin="1"/><net_sink comp="1120" pin=0"/></net>

<net id="1478"><net_src comp="1468" pin="1"/><net_sink comp="1127" pin=0"/></net>

<net id="1482"><net_src comp="701" pin="1"/><net_sink comp="1479" pin=0"/></net>

<net id="1483"><net_src comp="1479" pin="1"/><net_sink comp="1012" pin=0"/></net>

<net id="1487"><net_src comp="705" pin="2"/><net_sink comp="1484" pin=0"/></net>

<net id="1488"><net_src comp="1484" pin="1"/><net_sink comp="910" pin=1"/></net>

<net id="1492"><net_src comp="711" pin="2"/><net_sink comp="1489" pin=0"/></net>

<net id="1493"><net_src comp="1489" pin="1"/><net_sink comp="288" pin=2"/></net>

<net id="1500"><net_src comp="735" pin="1"/><net_sink comp="1497" pin=0"/></net>

<net id="1501"><net_src comp="1497" pin="1"/><net_sink comp="1078" pin=0"/></net>

<net id="1502"><net_src comp="1497" pin="1"/><net_sink comp="1085" pin=0"/></net>

<net id="1503"><net_src comp="1497" pin="1"/><net_sink comp="1092" pin=0"/></net>

<net id="1504"><net_src comp="1497" pin="1"/><net_sink comp="1099" pin=0"/></net>

<net id="1508"><net_src comp="872" pin="3"/><net_sink comp="1505" pin=0"/></net>

<net id="1509"><net_src comp="1505" pin="1"/><net_sink comp="1017" pin=0"/></net>

<net id="1513"><net_src comp="888" pin="3"/><net_sink comp="1510" pin=0"/></net>

<net id="1514"><net_src comp="1510" pin="1"/><net_sink comp="1021" pin=0"/></net>

<net id="1518"><net_src comp="931" pin="3"/><net_sink comp="1515" pin=0"/></net>

<net id="1519"><net_src comp="1515" pin="1"/><net_sink comp="1025" pin=0"/></net>

<net id="1523"><net_src comp="963" pin="3"/><net_sink comp="1520" pin=0"/></net>

<net id="1524"><net_src comp="1520" pin="1"/><net_sink comp="1029" pin=0"/></net>

<net id="1528"><net_src comp="1001" pin="3"/><net_sink comp="1525" pin=0"/></net>

<net id="1529"><net_src comp="1525" pin="1"/><net_sink comp="1009" pin=0"/></net>

<net id="1533"><net_src comp="1009" pin="1"/><net_sink comp="1530" pin=0"/></net>

<net id="1534"><net_src comp="1530" pin="1"/><net_sink comp="1012" pin=1"/></net>

<net id="1538"><net_src comp="1012" pin="2"/><net_sink comp="1535" pin=0"/></net>

<net id="1539"><net_src comp="1535" pin="1"/><net_sink comp="318" pin=1"/></net>

<net id="1543"><net_src comp="318" pin="2"/><net_sink comp="1540" pin=0"/></net>

<net id="1544"><net_src comp="1540" pin="1"/><net_sink comp="1053" pin=1"/></net>

<net id="1548"><net_src comp="1033" pin="4"/><net_sink comp="1545" pin=0"/></net>

<net id="1549"><net_src comp="1545" pin="1"/><net_sink comp="1060" pin=0"/></net>

<net id="1550"><net_src comp="1545" pin="1"/><net_sink comp="1065" pin=1"/></net>

<net id="1551"><net_src comp="1545" pin="1"/><net_sink comp="1071" pin=2"/></net>

<net id="1555"><net_src comp="1047" pin="2"/><net_sink comp="1552" pin=0"/></net>

<net id="1556"><net_src comp="1552" pin="1"/><net_sink comp="1065" pin=0"/></net>

<net id="1560"><net_src comp="1154" pin="2"/><net_sink comp="1557" pin=0"/></net>

<net id="1561"><net_src comp="1557" pin="1"/><net_sink comp="299" pin=0"/></net>

<net id="1568"><net_src comp="1166" pin="1"/><net_sink comp="1565" pin=0"/></net>

<net id="1569"><net_src comp="1565" pin="1"/><net_sink comp="1215" pin=0"/></net>

<net id="1573"><net_src comp="1170" pin="2"/><net_sink comp="1570" pin=0"/></net>

<net id="1574"><net_src comp="1570" pin="1"/><net_sink comp="311" pin=0"/></net>

</net_list>

</model> 
---------------- Datapath Model END ------------------

* FSMD analyzer results:
  - Output states:
	Port: directions | {18 }
 - Input state : 
	Port: generatePollDirections : p_read | {1 }
	Port: generatePollDirections : p_read1 | {1 }
	Port: generatePollDirections : p_read2 | {1 }
	Port: generatePollDirections : p_read3 | {1 }
	Port: generatePollDirections : p_read4 | {1 }
	Port: generatePollDirections : p_read5 | {1 }
  - Chain level:
	State 1
	State 2
		add_ln18 : 1
		icmp_ln18 : 1
		br_ln18 : 2
		trunc_ln215 : 1
		select_ln215 : 2
		select_ln215_1 : 2
		sub_ln69 : 3
		frameMeshDiff_V : 4
		sext_ln1380 : 5
		isNeg : 5
		sub_ln1357 : 6
		store_ln62 : 1
	State 3
		sh_prom_i_i_i_cast_cast_cast : 1
		sh_prom_i_i_i_cast_cast_cast_cast : 2
		r_V : 3
		r_V_6 : 3
		r_V_11 : 4
		mesh_V_1_3 : 5
		mesh_V_1_4 : 5
	State 4
		add_ln62 : 1
		icmp_ln62 : 1
		br_ln62 : 2
		empty_58 : 1
		empty_59 : 2
		p_shl : 3
		p_shl_cast : 4
		r_V_8 : 5
		sext_ln1115 : 6
		store_ln34 : 1
		store_ln34 : 1
		store_ln34 : 1
		store_ln34 : 1
	State 5
		add_ln63 : 1
		icmp_ln63 : 1
		br_ln63 : 2
		trunc_ln1118 : 1
		select_ln1118 : 2
		sext_ln1115_1 : 3
		mul_ln1115 : 4
		icmp_ln65 : 1
	State 6
	State 7
	State 8
		H_1_0_V : 1
		H_1_1_V_17 : 2
		H_1_1_V_18 : 2
		H_1_1_V : 2
		H_1_1_V_19 : 2
		H_1_1_V_5 : 3
		H_1_1_V_6 : 3
		H_1_1_V_7 : 3
		H_1_1_V_8 : 3
		select_ln703 : 3
		H_0_0_V : 4
		H_1_1_V_21 : 5
		H_1_1_V_22 : 5
		H_1_1_V_23 : 6
		H_1_1_V_24 : 6
		store_ln65 : 7
		store_ln62 : 4
		store_ln62 : 4
	State 9
	State 10
		add_ln34 : 1
		icmp_ln34 : 1
		br_ln34 : 2
		empty_62 : 1
		r_V_9 : 2
		zext_ln35 : 3
		sel_tmp30 : 2
	State 11
		add_ln35 : 1
		icmp_ln35 : 1
		br_ln35 : 2
		trunc_ln1494 : 1
		select_ln1494_1 : 2
		select_ln1494 : 2
		phi_ln1494 : 3
		trunc_ln1494_1 : 4
		icmp_ln1494 : 4
		icmp_ln1495 : 4
		select_ln37_2 : 2
		select_ln37_3 : 2
		select_ln37 : 2
		select_ln37_1 : 2
		select_ln39_2 : 2
		select_ln39_3 : 2
		select_ln39 : 2
		select_ln39_1 : 2
		sel_tmp7 : 5
		sel_tmp8 : 5
		xor_ln1494 : 5
		tmp : 5
		sel_tmp11 : 5
		H_V_1_1_9 : 5
		sel_tmp21 : 5
		H_V_1_0_7 : 5
		or_ln1495 : 5
		select_ln1495 : 5
		sel_tmp31 : 5
		sel_tmp32 : 6
		sel_tmp34 : 7
		H_V_0_1_7 : 8
		select_ln1495_1 : 5
		sel_tmp45 : 6
		sel_tmp47 : 7
		H_V_0_0_9 : 8
		sel_tmp55 : 5
		sel_tmp58 : 6
		sel_tmp60 : 5
		empty_64 : 5
		empty_65 : 5
	State 12
		r_V_12 : 1
	State 13
	State 14
	State 15
		ret_V_cast : 1
		trunc_ln851 : 1
		icmp_ln851 : 2
	State 16
		select_ln850 : 1
		ret_V_2 : 2
		B_V_1_1_13 : 3
		B_V_1_1_14 : 3
		B_V_1_1 : 3
		B_V_1_1_15 : 3
		B_V_1_1_5 : 4
		B_V_1_1_6 : 4
		B_V_1_1_7 : 4
		B_V_1_1_8 : 4
		store_ln34 : 5
		store_ln34 : 5
		store_ln34 : 5
		store_ln34 : 5
	State 17
		add_ln45 : 1
		icmp_ln45 : 1
		br_ln45 : 2
		trunc_ln47 : 1
	State 18
		add_ln46 : 1
		tmp_7 : 1
		zext_ln47 : 2
		directions_addr : 3
		icmp_ln46 : 1
		br_ln46 : 2
		trunc_ln47_1 : 1
		select_ln47_1 : 2
		select_ln47 : 2
		select_ln47_2 : 3
		store_ln47 : 4
		sub_ln69_1 : 4
		xor_ln48 : 1
		tmp_8 : 1
		zext_ln48 : 2
		directions_addr_1 : 3
		store_ln48 : 4


============================================================
+ Verbose Summary: Datapath Resource usage 
============================================================

* Functional unit list:
|----------|------------------------------------------|---------|---------|---------|
| Operation|              Functional Unit             |   DSP   |    FF   |   LUT   |
|----------|------------------------------------------|---------|---------|---------|
|          |            select_ln215_fu_363           |    0    |    0    |    6    |
|          |           select_ln215_1_fu_369          |    0    |    0    |    6    |
|          |                ush_fu_410                |    0    |    0    |    7    |
|          |               r_V_11_fu_435              |    0    |    0    |    36   |
|          |             mesh_V_1_3_fu_442            |    0    |    0    |    36   |
|          |             mesh_V_1_4_fu_449            |    0    |    0    |    36   |
|          |              empty_59_fu_472             |    0    |    0    |    18   |
|          |           select_ln1118_fu_536           |    0    |    0    |    18   |
|          |             H_1_1_V_17_fu_561            |    0    |    0    |    18   |
|          |             H_1_1_V_18_fu_568            |    0    |    0    |    18   |
|          |              H_1_1_V_fu_575              |    0    |    0    |    18   |
|          |             H_1_1_V_19_fu_582            |    0    |    0    |    18   |
|          |             H_1_1_V_5_fu_589             |    0    |    0    |    18   |
|          |             H_1_1_V_6_fu_596             |    0    |    0    |    18   |
|          |             H_1_1_V_7_fu_603             |    0    |    0    |    18   |
|          |             H_1_1_V_8_fu_610             |    0    |    0    |    18   |
|          |            select_ln703_fu_617           |    0    |    0    |    18   |
|          |             H_1_1_V_21_fu_630            |    0    |    0    |    18   |
|          |             H_1_1_V_22_fu_637            |    0    |    0    |    18   |
|          |             H_1_1_V_23_fu_644            |    0    |    0    |    18   |
|          |             H_1_1_V_24_fu_651            |    0    |    0    |    18   |
|          |               r_V_9_fu_693               |    0    |    0    |    36   |
|          |          select_ln1494_1_fu_739          |    0    |    0    |    18   |
|          |           select_ln1494_fu_747           |    0    |    0    |    18   |
|          |             phi_ln1494_fu_755            |    0    |    0    |    18   |
|          |           select_ln37_2_fu_778           |    0    |    0    |    18   |
|          |           select_ln37_3_fu_786           |    0    |    0    |    18   |
|          |            select_ln37_fu_794            |    0    |    0    |    18   |
|          |           select_ln37_1_fu_802           |    0    |    0    |    18   |
|          |           select_ln39_2_fu_810           |    0    |    0    |    18   |
|  select  |           select_ln39_3_fu_818           |    0    |    0    |    18   |
|          |            select_ln39_fu_826            |    0    |    0    |    18   |
|          |           select_ln39_1_fu_834           |    0    |    0    |    18   |
|          |              sel_tmp8_fu_847             |    0    |    0    |    18   |
|          |             H_V_1_1_9_fu_872             |    0    |    0    |    18   |
|          |             sel_tmp21_fu_880             |    0    |    0    |    18   |
|          |             H_V_1_0_7_fu_888             |    0    |    0    |    18   |
|          |           select_ln1495_fu_902           |    0    |    0    |    18   |
|          |             sel_tmp32_fu_915             |    0    |    0    |    18   |
|          |             sel_tmp34_fu_923             |    0    |    0    |    18   |
|          |             H_V_0_1_7_fu_931             |    0    |    0    |    18   |
|          |          select_ln1495_1_fu_939          |    0    |    0    |    18   |
|          |             sel_tmp45_fu_947             |    0    |    0    |    18   |
|          |             sel_tmp47_fu_955             |    0    |    0    |    18   |
|          |             H_V_0_0_9_fu_963             |    0    |    0    |    18   |
|          |             sel_tmp55_fu_971             |    0    |    0    |    16   |
|          |             sel_tmp58_fu_979             |    0    |    0    |    16   |
|          |             sel_tmp60_fu_987             |    0    |    0    |    16   |
|          |             empty_65_fu_1001             |    0    |    0    |    16   |
|          |           select_ln850_fu_1065           |    0    |    0    |    12   |
|          |              ret_V_2_fu_1071             |    0    |    0    |    12   |
|          |            B_V_1_1_13_fu_1078            |    0    |    0    |    12   |
|          |            B_V_1_1_14_fu_1085            |    0    |    0    |    12   |
|          |              B_V_1_1_fu_1092             |    0    |    0    |    12   |
|          |            B_V_1_1_15_fu_1099            |    0    |    0    |    12   |
|          |             B_V_1_1_5_fu_1106            |    0    |    0    |    12   |
|          |             B_V_1_1_6_fu_1113            |    0    |    0    |    12   |
|          |             B_V_1_1_7_fu_1120            |    0    |    0    |    12   |
|          |             B_V_1_1_8_fu_1127            |    0    |    0    |    12   |
|          |           select_ln47_1_fu_1199          |    0    |    0    |    12   |
|          |            select_ln47_fu_1207           |    0    |    0    |    12   |
|          |           select_ln47_2_fu_1215          |    0    |    0    |    12   |
|----------|------------------------------------------|---------|---------|---------|
|   call   |      grp_round_fixed_54_15_s_fu_318      |    0    |    55   |   288   |
|----------|------------------------------------------|---------|---------|---------|
|    mul   |                grp_fu_1012               |    1    |   202   |    85   |
|          |                grp_fu_1249               |    1    |    0    |    0    |
|----------|------------------------------------------|---------|---------|---------|
|          |              add_ln18_fu_347             |    0    |    0    |    10   |
|          |          frameMeshDiff_V_fu_381          |    0    |    0    |    7    |
|          |              add_ln62_fu_456             |    0    |    0    |    10   |
|          |              add_ln63_fu_520             |    0    |    0    |    10   |
|    add   |              H_0_0_V_fu_624              |    0    |    0    |    25   |
|          |              add_ln34_fu_677             |    0    |    0    |    10   |
|          |              add_ln35_fu_711             |    0    |    0    |    10   |
|          |               ret_V_fu_1060              |    0    |    0    |    12   |
|          |             add_ln45_fu_1154             |    0    |    0    |    10   |
|          |             add_ln46_fu_1170             |    0    |    0    |    10   |
|----------|------------------------------------------|---------|---------|---------|
|          |             icmp_ln18_fu_353             |    0    |    0    |    8    |
|          |             icmp_ln62_fu_462             |    0    |    0    |    8    |
|          |             icmp_ln63_fu_526             |    0    |    0    |    8    |
|          |             icmp_ln65_fu_546             |    0    |    0    |    8    |
|          |             icmp_ln34_fu_683             |    0    |    0    |    8    |
|   icmp   |             icmp_ln35_fu_717             |    0    |    0    |    8    |
|          |            icmp_ln1494_fu_766            |    0    |    0    |    13   |
|          |            icmp_ln1495_fu_772            |    0    |    0    |    13   |
|          |            icmp_ln851_fu_1047            |    0    |    0    |    20   |
|          |             icmp_ln45_fu_1160            |    0    |    0    |    8    |
|          |             icmp_ln46_fu_1189            |    0    |    0    |    8    |
|----------|------------------------------------------|---------|---------|---------|
|   lshr   |                r_V_fu_423                |    0    |    0    |   100   |
|----------|------------------------------------------|---------|---------|---------|
|    shl   |               r_V_6_fu_429               |    0    |    0    |   100   |
|----------|------------------------------------------|---------|---------|---------|
|          |              sub_ln69_fu_375             |    0    |    0    |    7    |
|    sub   |             sub_ln1357_fu_399            |    0    |    0    |    14   |
|          |               r_V_8_fu_490               |    0    |    0    |    26   |
|          |            sub_ln69_1_fu_1223            |    0    |    0    |    12   |
|----------|------------------------------------------|---------|---------|---------|
|          |              sel_tmp7_fu_842             |    0    |    0    |    2    |
|    and   |                tmp_fu_861                |    0    |    0    |    2    |
|          |             sel_tmp11_fu_866             |    0    |    0    |    2    |
|          |             sel_tmp31_fu_910             |    0    |    0    |    2    |
|----------|------------------------------------------|---------|---------|---------|
|          |             sel_tmp30_fu_705             |    0    |    0    |    2    |
|    xor   |             xor_ln1494_fu_855            |    0    |    0    |    2    |
|          |             xor_ln48_fu_1230             |    0    |    0    |    2    |
|----------|------------------------------------------|---------|---------|---------|
|    or    |             or_ln1495_fu_896             |    0    |    0    |    2    |
|          |              empty_64_fu_995             |    0    |    0    |    2    |
|----------|------------------------------------------|---------|---------|---------|
|          |           p_read_5_read_fu_154           |    0    |    0    |    0    |
|          |           p_read_6_read_fu_160           |    0    |    0    |    0    |
|   read   |           p_read_7_read_fu_166           |    0    |    0    |    0    |
|          |           p_read_8_read_fu_172           |    0    |    0    |    0    |
|          |           p_read17_read_fu_178           |    0    |    0    |    0    |
|          |           p_read_9_read_fu_184           |    0    |    0    |    0    |
|----------|------------------------------------------|---------|---------|---------|
|          |            trunc_ln215_fu_359            |    0    |    0    |    0    |
|          |              empty_58_fu_468             |    0    |    0    |    0    |
|          |            trunc_ln1118_fu_532           |    0    |    0    |    0    |
|          |              empty_62_fu_689             |    0    |    0    |    0    |
|   trunc  |            trunc_ln1494_fu_735           |    0    |    0    |    0    |
|          |           trunc_ln1494_1_fu_762          |    0    |    0    |    0    |
|          |            trunc_ln851_fu_1043           |    0    |    0    |    0    |
|          |            trunc_ln47_fu_1166            |    0    |    0    |    0    |
|          |           trunc_ln47_1_fu_1195           |    0    |    0    |    0    |
|----------|------------------------------------------|---------|---------|---------|
|          |            sext_ln1380_fu_387            |    0    |    0    |    0    |
|          |    sh_prom_i_i_i_cast_cast_cast_fu_415   |    0    |    0    |    0    |
|   sext   |             p_shl_cast_fu_486            |    0    |    0    |    0    |
|          |            sext_ln1115_fu_496            |    0    |    0    |    0    |
|          |           sext_ln1115_1_fu_542           |    0    |    0    |    0    |
|          |            sext_ln1118_fu_1009           |    0    |    0    |    0    |
|----------|------------------------------------------|---------|---------|---------|
| bitselect|               isNeg_fu_391               |    0    |    0    |    0    |
|          |            p_Result_s_fu_1053            |    0    |    0    |    0    |
|----------|------------------------------------------|---------|---------|---------|
|          | sh_prom_i_i_i_cast_cast_cast_cast_fu_419 |    0    |    0    |    0    |
|   zext   |             zext_ln35_fu_701             |    0    |    0    |    0    |
|          |             zext_ln47_fu_1184            |    0    |    0    |    0    |
|          |             zext_ln48_fu_1244            |    0    |    0    |    0    |
|----------|------------------------------------------|---------|---------|---------|
|          |               p_shl_fu_478               |    0    |    0    |    0    |
|bitconcatenate|               tmp_7_fu_1176              |    0    |    0    |    0    |
|          |               tmp_8_fu_1236              |    0    |    0    |    0    |
|----------|------------------------------------------|---------|---------|---------|
|partselect|              H_1_0_V_fu_552              |    0    |    0    |    0    |
|          |            ret_V_cast_fu_1033            |    0    |    0    |    0    |
|----------|------------------------------------------|---------|---------|---------|
|   Total  |                                          |    2    |   257   |   1941  |
|----------|------------------------------------------|---------|---------|---------|

Memories:
N/A

* Register list:
+----------------------+--------+
|                      |   FF   |
+----------------------+--------+
|  B_V_1_1_10_reg_1416 |   12   |
|  B_V_1_1_11_reg_1422 |   12   |
|  B_V_1_1_1_reg_1404  |   12   |
|  B_V_1_1_9_reg_1410  |   12   |
|  H_1_1_V_14_reg_1330 |   18   |
|  H_1_1_V_15_reg_1336 |   18   |
|  H_1_1_V_1_reg_1317  |   18   |
|  H_1_1_V_24_reg_1455 |   18   |
|  H_1_1_V_9_reg_1324  |   18   |
|  H_V_0_0_5_reg_1376  |   18   |
|  H_V_0_0_9_reg_1520  |   18   |
|  H_V_0_1_3_reg_1383  |   18   |
|  H_V_0_1_7_reg_1515  |   18   |
|  H_V_1_0_3_reg_1390  |   18   |
|  H_V_1_0_7_reg_1510  |   18   |
|  H_V_1_1_5_reg_1397  |   18   |
|  H_V_1_1_9_reg_1505  |   18   |
|   add_ln18_reg_1287  |    2   |
|   add_ln34_reg_1460  |    2   |
|   add_ln35_reg_1489  |    2   |
|   add_ln45_reg_1557  |    2   |
|   add_ln46_reg_1570  |    2   |
|   add_ln62_reg_1352  |    2   |
|   add_ln63_reg_1428  |    2   |
|   empty_58_reg_1360  |    1   |
|   empty_62_reg_1468  |    1   |
|   empty_65_reg_1525  |   16   |
|      i_3_reg_250     |    2   |
|      i_4_reg_273     |    2   |
|      i_5_reg_295     |    2   |
|       i_reg_239      |    2   |
|  icmp_ln65_reg_1449  |    1   |
|  icmp_ln851_reg_1552 |    1   |
|    isNeg_reg_1306    |    1   |
|      j_1_reg_284     |    2   |
|      j_2_reg_307     |    2   |
|       j_reg_262      |    2   |
| mesh_V_0_010_reg_227 |   36   |
| mesh_V_1_011_reg_215 |   36   |
|  mesh_V_1_3_reg_1342 |   36   |
|  mesh_V_1_4_reg_1347 |   36   |
|   p_Val2_s_reg_1540  |   54   |
|   p_read17_reg_1275  |   18   |
|   p_read_5_reg_1255  |    6   |
|   p_read_6_reg_1260  |    6   |
|   p_read_7_reg_1265  |    6   |
|   p_read_8_reg_1270  |    6   |
|   p_read_9_reg_1281  |   18   |
|    r_V_12_reg_1535   |   51   |
|  ret_V_cast_reg_1545 |   12   |
|  sel_tmp30_reg_1484  |    1   |
|sext_ln1115_1_reg_1444|   33   |
| sext_ln1115_reg_1371 |   33   |
| sext_ln1118_reg_1530 |   51   |
| sext_ln1380_reg_1301 |    7   |
|  sub_ln1357_reg_1312 |    7   |
| trunc_ln1118_reg_1436|    1   |
| trunc_ln1494_reg_1497|    1   |
| trunc_ln215_reg_1295 |    1   |
|  trunc_ln47_reg_1565 |    1   |
|  zext_ln35_reg_1479  |   51   |
+----------------------+--------+
|         Total        |   839  |
+----------------------+--------+

* Multiplexer (MUX) list: 
|----------------------|------|------|------|--------||---------||---------|
|         Comp         |  Pin | Size |  BW  | S x BW ||  Delay  ||   LUT   |
|----------------------|------|------|------|--------||---------||---------|
| mesh_V_1_011_reg_215 |  p0  |   2  |  36  |   72   ||    9    |
| mesh_V_0_010_reg_227 |  p0  |   2  |  36  |   72   ||    9    |
|      i_3_reg_250     |  p0  |   2  |   2  |    4   ||    9    |
|      i_5_reg_295     |  p0  |   2  |   2  |    4   ||    9    |
|      grp_fu_1012     |  p1  |   2  |  16  |   32   ||    9    |
|      grp_fu_1249     |  p1  |   2  |  18  |   36   ||    9    |
|----------------------|------|------|------|--------||---------||---------|
|         Total        |      |      |      |   220  ||  9.528  ||    54   |
|----------------------|------|------|------|--------||---------||---------|



* Summary:
+-----------+--------+--------+--------+--------+
|           |   DSP  |  Delay |   FF   |   LUT  |
+-----------+--------+--------+--------+--------+
|  Function |    2   |    -   |   257  |  1941  |
|   Memory  |    -   |    -   |    -   |    -   |
|Multiplexer|    -   |    9   |    -   |   54   |
|  Register |    -   |    -   |   839  |    -   |
+-----------+--------+--------+--------+--------+
|   Total   |    2   |    9   |  1096  |  1995  |
+-----------+--------+--------+--------+--------+
