

================================================================
== Vitis HLS Report for 'MPCwithMADS'
================================================================
* Date:           Wed Oct 19 10:42:23 2022

* Version:        2020.2 (Build 3064766 on Wed Nov 18 09:12:45 MST 2020)
* Project:        MPCwithMADS_fxd
* Solution:       solution1 (Vivado IP Flow Target)
* Product family: zynq
* Target device:  xc7z020-clg484-1


================================================================
== Performance Estimates
================================================================
+ Timing: 
    * Summary: 
    +--------+----------+----------+------------+
    |  Clock |  Target  | Estimated| Uncertainty|
    +--------+----------+----------+------------+
    |ap_clk  |  10.00 ns|  7.300 ns|     2.70 ns|
    +--------+----------+----------+------------+

+ Latency: 
    * Summary: 
    +---------+---------+-----------+-----------+------+------+---------+
    |  Latency (cycles) |   Latency (absolute)  |   Interval  | Pipeline|
    |   min   |   max   |    min    |    max    |  min |  max |   Type  |
    +---------+---------+-----------+-----------+------+------+---------+
    |     1488|     1498|  14.880 us|  14.980 us|  1489|  1499|     none|
    +---------+---------+-----------+-----------+------+------+---------+

    + Detail: 
        * Instance: 
        N/A

        * Loop: 
        +--------------------+---------+---------+-----------+-----------+-----------+-------+----------+
        |                    |  Latency (cycles) | Iteration |  Initiation Interval  |  Trip |          |
        |      Loop Name     |   min   |   max   |  Latency  |  achieved |   target  | Count | Pipelined|
        +--------------------+---------+---------+-----------+-----------+-----------+-------+----------+
        |- VITIS_LOOP_21_1   |        2|        2|          1|          1|          1|      2|       yes|
        |- VITIS_LOOP_26_2   |        2|        2|          1|          1|          1|      2|       yes|
        |- VITIS_LOOP_37_4   |        2|        2|          1|          1|          1|      2|       yes|
        |- VITIS_LOOP_25_2   |     1407|     1414|  201 ~ 202|          -|          -|      7|        no|
        | + VITIS_LOOP_28_3  |        1|        2|          1|          1|          1|  1 ~ 2|       yes|
        | + VITIS_LOOP_17_1  |       77|       77|         75|          1|          1|      4|       yes|
        +--------------------+---------+---------+-----------+-----------+-----------+-------+----------+

============================================================
+ Verbose Summary: Synthesis Manager
============================================================
InlineROM: 1
ExposeGlobal: 0
============================================================
+ Verbose Summary: CDFG Model
============================================================
IsTopModel: 1
ResetActiveHigh: 1
IsCombinational: 0
IsDatapathOnly: 0
HasWiredReturn: 1
HasMFsm: 0
HasVarLatency: 1
IsPipeline: 0
IsRtlPipelined: 0
IsInstanceOverlapped: 0
IsDontTouch: 0
HasImplIP: 0
IsGatedGlobalClock: 0

+ Individual pipeline summary: 
  * Pipeline-0: initiation interval (II) = 1, depth = 1
  * Pipeline-1: initiation interval (II) = 1, depth = 1
  * Pipeline-2: initiation interval (II) = 1, depth = 1
  * Pipeline-3: initiation interval (II) = 1, depth = 1
  * Pipeline-4: initiation interval (II) = 1, depth = 75


============================================================
+ Verbose Summary: Schedule
============================================================
* Number of FSM states : 158
* Pipeline : 5
  Pipeline-0 : II = 1, D = 1, States = { 2 }
  Pipeline-1 : II = 1, D = 1, States = { 4 }
  Pipeline-2 : II = 1, D = 1, States = { 6 }
  Pipeline-3 : II = 1, D = 1, States = { 80 }
  Pipeline-4 : II = 1, D = 75, States = { 83 84 85 86 87 88 89 90 91 92 93 94 95 96 97 98 99 100 101 102 103 104 105 106 107 108 109 110 111 112 113 114 115 116 117 118 119 120 121 122 123 124 125 126 127 128 129 130 131 132 133 134 135 136 137 138 139 140 141 142 143 144 145 146 147 148 149 150 151 152 153 154 155 156 157 }
* Dataflow Pipeline: 0

* FSM state transitions: 
1 --> 2 
2 --> 3 2 
3 --> 4 
4 --> 5 4 
5 --> 7 6 
6 --> 7 6 
7 --> 8 
8 --> 9 
9 --> 10 
10 --> 11 
11 --> 12 
12 --> 13 
13 --> 14 
14 --> 15 
15 --> 16 
16 --> 17 
17 --> 18 
18 --> 19 
19 --> 20 
20 --> 21 
21 --> 22 
22 --> 23 
23 --> 24 
24 --> 25 
25 --> 26 
26 --> 27 
27 --> 28 
28 --> 29 
29 --> 30 
30 --> 31 
31 --> 32 
32 --> 33 
33 --> 34 
34 --> 35 
35 --> 36 
36 --> 37 
37 --> 38 
38 --> 39 
39 --> 40 
40 --> 41 
41 --> 42 
42 --> 43 
43 --> 44 
44 --> 45 
45 --> 46 
46 --> 47 
47 --> 48 
48 --> 49 
49 --> 50 
50 --> 51 
51 --> 52 
52 --> 53 
53 --> 54 
54 --> 55 
55 --> 56 
56 --> 57 
57 --> 58 
58 --> 59 
59 --> 60 
60 --> 61 
61 --> 62 
62 --> 63 
63 --> 64 
64 --> 65 
65 --> 66 
66 --> 67 
67 --> 68 
68 --> 69 
69 --> 70 
70 --> 71 
71 --> 72 
72 --> 73 
73 --> 74 
74 --> 75 
75 --> 76 
76 --> 77 
77 --> 78 
78 --> 79 
79 --> 80 
80 --> 81 80 
81 --> 82 
82 --> 83 
83 --> 158 84 
84 --> 85 
85 --> 86 
86 --> 87 
87 --> 88 
88 --> 89 
89 --> 90 
90 --> 91 
91 --> 92 
92 --> 93 
93 --> 94 
94 --> 95 
95 --> 96 
96 --> 97 
97 --> 98 
98 --> 99 
99 --> 100 
100 --> 101 
101 --> 102 
102 --> 103 
103 --> 104 
104 --> 105 
105 --> 106 
106 --> 107 
107 --> 108 
108 --> 109 
109 --> 110 
110 --> 111 
111 --> 112 
112 --> 113 
113 --> 114 
114 --> 115 
115 --> 116 
116 --> 117 
117 --> 118 
118 --> 119 
119 --> 120 
120 --> 121 
121 --> 122 
122 --> 123 
123 --> 124 
124 --> 125 
125 --> 126 
126 --> 127 
127 --> 128 
128 --> 129 
129 --> 130 
130 --> 131 
131 --> 132 
132 --> 133 
133 --> 134 
134 --> 135 
135 --> 136 
136 --> 137 
137 --> 138 
138 --> 139 
139 --> 140 
140 --> 141 
141 --> 142 
142 --> 143 
143 --> 144 
144 --> 145 
145 --> 146 
146 --> 147 
147 --> 148 
148 --> 149 
149 --> 150 
150 --> 151 
151 --> 152 
152 --> 153 
153 --> 154 
154 --> 155 
155 --> 156 
156 --> 157 
157 --> 83 
158 --> 79 

* FSM state operations: 

State 1 <SV = 0> <Delay = 1.58>
ST_1 : Operation 159 [1/1] (0.00ns)   --->   "%spectopmodule_ln0 = spectopmodule void @_ssdm_op_SpecTopModule, void @empty_18"   --->   Operation 159 'spectopmodule' 'spectopmodule_ln0' <Predicate = true> <Delay = 0.00>
ST_1 : Operation 160 [1/1] (0.00ns)   --->   "%specbitsmap_ln0 = specbitsmap void @_ssdm_op_SpecBitsMap, i12 %x_0"   --->   Operation 160 'specbitsmap' 'specbitsmap_ln0' <Predicate = true> <Delay = 0.00>
ST_1 : Operation 161 [1/1] (0.00ns)   --->   "%specinterface_ln0 = specinterface void @_ssdm_op_SpecInterface, i12 %x_0, void @empty_11, i32 0, i32 0, void @empty_12, i32 0, i32 0, void @empty_12, void @empty_12, void @empty_12, i32 0, i32 0, i32 0, i32 0, void @empty_12, void @empty_12"   --->   Operation 161 'specinterface' 'specinterface_ln0' <Predicate = true> <Delay = 0.00>
ST_1 : Operation 162 [1/1] (0.00ns)   --->   "%specbitsmap_ln0 = specbitsmap void @_ssdm_op_SpecBitsMap, i12 %x_1"   --->   Operation 162 'specbitsmap' 'specbitsmap_ln0' <Predicate = true> <Delay = 0.00>
ST_1 : Operation 163 [1/1] (0.00ns)   --->   "%specinterface_ln0 = specinterface void @_ssdm_op_SpecInterface, i12 %x_1, void @empty_11, i32 0, i32 0, void @empty_12, i32 0, i32 0, void @empty_12, void @empty_12, void @empty_12, i32 0, i32 0, i32 0, i32 0, void @empty_12, void @empty_12"   --->   Operation 163 'specinterface' 'specinterface_ln0' <Predicate = true> <Delay = 0.00>
ST_1 : Operation 164 [1/1] (0.00ns)   --->   "%specbitsmap_ln0 = specbitsmap void @_ssdm_op_SpecBitsMap, i12 %par_0"   --->   Operation 164 'specbitsmap' 'specbitsmap_ln0' <Predicate = true> <Delay = 0.00>
ST_1 : Operation 165 [1/1] (0.00ns)   --->   "%specinterface_ln0 = specinterface void @_ssdm_op_SpecInterface, i12 %par_0, void @empty_11, i32 0, i32 0, void @empty_12, i32 0, i32 0, void @empty_12, void @empty_12, void @empty_12, i32 0, i32 0, i32 0, i32 0, void @empty_12, void @empty_12"   --->   Operation 165 'specinterface' 'specinterface_ln0' <Predicate = true> <Delay = 0.00>
ST_1 : Operation 166 [1/1] (0.00ns)   --->   "%specbitsmap_ln0 = specbitsmap void @_ssdm_op_SpecBitsMap, i12 %par_1"   --->   Operation 166 'specbitsmap' 'specbitsmap_ln0' <Predicate = true> <Delay = 0.00>
ST_1 : Operation 167 [1/1] (0.00ns)   --->   "%specinterface_ln0 = specinterface void @_ssdm_op_SpecInterface, i12 %par_1, void @empty_11, i32 0, i32 0, void @empty_12, i32 0, i32 0, void @empty_12, void @empty_12, void @empty_12, i32 0, i32 0, i32 0, i32 0, void @empty_12, void @empty_12"   --->   Operation 167 'specinterface' 'specinterface_ln0' <Predicate = true> <Delay = 0.00>
ST_1 : Operation 168 [1/1] (0.00ns)   --->   "%specbitsmap_ln0 = specbitsmap void @_ssdm_op_SpecBitsMap, i12 %ref"   --->   Operation 168 'specbitsmap' 'specbitsmap_ln0' <Predicate = true> <Delay = 0.00>
ST_1 : Operation 169 [1/1] (0.00ns)   --->   "%specinterface_ln0 = specinterface void @_ssdm_op_SpecInterface, i12 %ref, void @empty_11, i32 0, i32 0, void @empty_12, i32 0, i32 0, void @empty_12, void @empty_12, void @empty_12, i32 0, i32 0, i32 0, i32 0, void @empty_12, void @empty_12"   --->   Operation 169 'specinterface' 'specinterface_ln0' <Predicate = true> <Delay = 0.00>
ST_1 : Operation 170 [1/1] (0.00ns)   --->   "%specbitsmap_ln0 = specbitsmap void @_ssdm_op_SpecBitsMap, i12 %uOpt"   --->   Operation 170 'specbitsmap' 'specbitsmap_ln0' <Predicate = true> <Delay = 0.00>
ST_1 : Operation 171 [1/1] (0.00ns)   --->   "%specinterface_ln0 = specinterface void @_ssdm_op_SpecInterface, i12 %uOpt, void @empty_11, i32 0, i32 0, void @empty_12, i32 0, i32 0, void @empty_12, void @empty_12, void @empty_12, i32 0, i32 0, i32 0, i32 0, void @empty_12, void @empty_12"   --->   Operation 171 'specinterface' 'specinterface_ln0' <Predicate = true> <Delay = 0.00>
ST_1 : Operation 172 [1/1] (0.00ns)   --->   "%pollMatrix_i = alloca i64 1"   --->   Operation 172 'alloca' 'pollMatrix_i' <Predicate = true> <Delay = 0.00> <CoreInst = "RAM">   --->   Core 82 'RAM' <Latency = 1> <II = 1> <Delay = 2.32> <Storage> <Opcode : 'load' 'store'> <Ports = 2> <Width = 18> <Depth = 8> <RAM>
ST_1 : Operation 173 [1/1] (0.00ns)   --->   "%x_0_read = read i12 @_ssdm_op_Read.ap_auto.i12P0A, i12 %x_0"   --->   Operation 173 'read' 'x_0_read' <Predicate = true> <Delay = 0.00>
ST_1 : Operation 174 [1/1] (0.00ns)   --->   "%x_1_read = read i12 @_ssdm_op_Read.ap_auto.i12P0A, i12 %x_1"   --->   Operation 174 'read' 'x_1_read' <Predicate = true> <Delay = 0.00>
ST_1 : Operation 175 [1/1] (1.58ns)   --->   "%br_ln21 = br void %V32.i.i.i551.exit" [MPCwithMADS_fxd/MPCwithMADS.cpp:21]   --->   Operation 175 'br' 'br_ln21' <Predicate = true> <Delay = 1.58>

State 2 <SV = 1> <Delay = 2.41>
ST_2 : Operation 176 [1/1] (0.00ns)   --->   "%x_int_V_1_0102 = phi i18 0, void %arrayctor.loop7, i18 %x_int_V_1_1, void %V32.i.i.i551.exit.split"   --->   Operation 176 'phi' 'x_int_V_1_0102' <Predicate = true> <Delay = 0.00>
ST_2 : Operation 177 [1/1] (0.00ns)   --->   "%x_int_V_0_0101 = phi i18 0, void %arrayctor.loop7, i18 %x_int_V_1_2, void %V32.i.i.i551.exit.split"   --->   Operation 177 'phi' 'x_int_V_0_0101' <Predicate = true> <Delay = 0.00>
ST_2 : Operation 178 [1/1] (0.00ns)   --->   "%i = phi i2 0, void %arrayctor.loop7, i2 %add_ln21, void %V32.i.i.i551.exit.split" [MPCwithMADS_fxd/MPCwithMADS.cpp:21]   --->   Operation 178 'phi' 'i' <Predicate = true> <Delay = 0.00>
ST_2 : Operation 179 [1/1] (1.56ns)   --->   "%add_ln21 = add i2 %i, i2 1" [MPCwithMADS_fxd/MPCwithMADS.cpp:21]   --->   Operation 179 'add' 'add_ln21' <Predicate = true> <Delay = 1.56> <CoreInst = "Adder">   --->   Core 1 'Adder' <Latency = 0> <II = 1> <Delay = 1.82> <FuncUnit> <Opcode : 'add' 'sub'> <InPorts = 2> <OutPorts = 1>
ST_2 : Operation 180 [1/1] (0.00ns)   --->   "%specpipeline_ln0 = specpipeline void @_ssdm_op_SpecPipeline, i32 4294967295, i32 0, i32 1, i32 0, void @p_str"   --->   Operation 180 'specpipeline' 'specpipeline_ln0' <Predicate = true> <Delay = 0.00>
ST_2 : Operation 181 [1/1] (0.95ns)   --->   "%icmp_ln21 = icmp_eq  i2 %i, i2 2" [MPCwithMADS_fxd/MPCwithMADS.cpp:21]   --->   Operation 181 'icmp' 'icmp_ln21' <Predicate = true> <Delay = 0.95> <CoreInst = "Cmp">   --->   Core 9 'Cmp' <Latency = 0> <II = 1> <Delay = 1.13> <FuncUnit> <Opcode : 'icmp'> <InPorts = 2> <OutPorts = 1>
ST_2 : Operation 182 [1/1] (0.00ns)   --->   "%empty = speclooptripcount i32 @_ssdm_op_SpecLoopTripCount, i64 2, i64 2, i64 2"   --->   Operation 182 'speclooptripcount' 'empty' <Predicate = true> <Delay = 0.00>
ST_2 : Operation 183 [1/1] (0.00ns)   --->   "%br_ln21 = br i1 %icmp_ln21, void %V32.i.i.i551.exit.split, void" [MPCwithMADS_fxd/MPCwithMADS.cpp:21]   --->   Operation 183 'br' 'br_ln21' <Predicate = true> <Delay = 0.00>
ST_2 : Operation 184 [1/1] (0.00ns)   --->   "%specloopname_ln21 = specloopname void @_ssdm_op_SpecLoopName, void @empty_8" [MPCwithMADS_fxd/MPCwithMADS.cpp:21]   --->   Operation 184 'specloopname' 'specloopname_ln21' <Predicate = (!icmp_ln21)> <Delay = 0.00>
ST_2 : Operation 185 [1/1] (0.95ns)   --->   "%icmp_ln727 = icmp_eq  i2 %i, i2 0"   --->   Operation 185 'icmp' 'icmp_ln727' <Predicate = (!icmp_ln21)> <Delay = 0.95> <CoreInst = "Cmp">   --->   Core 9 'Cmp' <Latency = 0> <II = 1> <Delay = 1.13> <FuncUnit> <Opcode : 'icmp'> <InPorts = 2> <OutPorts = 1>
ST_2 : Operation 186 [1/1] (0.69ns)   --->   "%select_ln727 = select i1 %icmp_ln727, i12 %x_0_read, i12 %x_1_read"   --->   Operation 186 'select' 'select_ln727' <Predicate = (!icmp_ln21)> <Delay = 0.69> <CoreInst = "Sel">   --->   Core 73 'Sel' <Latency = 0> <II = 1> <Delay = 1.18> <FuncUnit> <Opcode : 'select'> <InPorts = 3> <OutPorts = 1>
ST_2 : Operation 187 [1/1] (0.00ns)   --->   "%x_int_V_0 = bitconcatenate i18 @_ssdm_op_BitConcatenate.i18.i12.i6, i12 %select_ln727, i6 0"   --->   Operation 187 'bitconcatenate' 'x_int_V_0' <Predicate = (!icmp_ln21)> <Delay = 0.00>
ST_2 : Operation 188 [1/1] (0.00ns)   --->   "%trunc_ln22 = trunc i2 %i" [MPCwithMADS_fxd/MPCwithMADS.cpp:22]   --->   Operation 188 'trunc' 'trunc_ln22' <Predicate = (!icmp_ln21)> <Delay = 0.00>
ST_2 : Operation 189 [1/1] (0.75ns)   --->   "%x_int_V_1_1 = select i1 %trunc_ln22, i18 %x_int_V_0, i18 %x_int_V_1_0102" [MPCwithMADS_fxd/MPCwithMADS.cpp:22]   --->   Operation 189 'select' 'x_int_V_1_1' <Predicate = (!icmp_ln21)> <Delay = 0.75> <CoreInst = "Sel">   --->   Core 73 'Sel' <Latency = 0> <II = 1> <Delay = 1.18> <FuncUnit> <Opcode : 'select'> <InPorts = 3> <OutPorts = 1>
ST_2 : Operation 190 [1/1] (0.75ns)   --->   "%x_int_V_1_2 = select i1 %trunc_ln22, i18 %x_int_V_0_0101, i18 %x_int_V_0" [MPCwithMADS_fxd/MPCwithMADS.cpp:22]   --->   Operation 190 'select' 'x_int_V_1_2' <Predicate = (!icmp_ln21)> <Delay = 0.75> <CoreInst = "Sel">   --->   Core 73 'Sel' <Latency = 0> <II = 1> <Delay = 1.18> <FuncUnit> <Opcode : 'select'> <InPorts = 3> <OutPorts = 1>
ST_2 : Operation 191 [1/1] (0.00ns)   --->   "%br_ln0 = br void %V32.i.i.i551.exit"   --->   Operation 191 'br' 'br_ln0' <Predicate = (!icmp_ln21)> <Delay = 0.00>

State 3 <SV = 2> <Delay = 1.58>
ST_3 : Operation 192 [1/1] (0.00ns)   --->   "%par_0_read = read i12 @_ssdm_op_Read.ap_auto.i12P0A, i12 %par_0"   --->   Operation 192 'read' 'par_0_read' <Predicate = true> <Delay = 0.00>
ST_3 : Operation 193 [1/1] (0.00ns)   --->   "%par_1_read = read i12 @_ssdm_op_Read.ap_auto.i12P0A, i12 %par_1"   --->   Operation 193 'read' 'par_1_read' <Predicate = true> <Delay = 0.00>
ST_3 : Operation 194 [1/1] (1.58ns)   --->   "%br_ln26 = br void %V32.i.i.i7492.exit" [MPCwithMADS_fxd/MPCwithMADS.cpp:26]   --->   Operation 194 'br' 'br_ln26' <Predicate = true> <Delay = 1.58>

State 4 <SV = 3> <Delay = 2.41>
ST_4 : Operation 195 [1/1] (0.00ns)   --->   "%par_int_V_0_096 = phi i18 0, void, i18 %par_int_V_1_1, void %V32.i.i.i7492.exit.split"   --->   Operation 195 'phi' 'par_int_V_0_096' <Predicate = true> <Delay = 0.00>
ST_4 : Operation 196 [1/1] (0.00ns)   --->   "%par_int_V_1_095 = phi i18 0, void, i18 %par_int_V_1_2, void %V32.i.i.i7492.exit.split"   --->   Operation 196 'phi' 'par_int_V_1_095' <Predicate = true> <Delay = 0.00>
ST_4 : Operation 197 [1/1] (0.00ns)   --->   "%i_6 = phi i2 0, void, i2 %add_ln26, void %V32.i.i.i7492.exit.split" [MPCwithMADS_fxd/MPCwithMADS.cpp:26]   --->   Operation 197 'phi' 'i_6' <Predicate = true> <Delay = 0.00>
ST_4 : Operation 198 [1/1] (1.56ns)   --->   "%add_ln26 = add i2 %i_6, i2 1" [MPCwithMADS_fxd/MPCwithMADS.cpp:26]   --->   Operation 198 'add' 'add_ln26' <Predicate = true> <Delay = 1.56> <CoreInst = "Adder">   --->   Core 1 'Adder' <Latency = 0> <II = 1> <Delay = 1.82> <FuncUnit> <Opcode : 'add' 'sub'> <InPorts = 2> <OutPorts = 1>
ST_4 : Operation 199 [1/1] (0.00ns)   --->   "%specpipeline_ln0 = specpipeline void @_ssdm_op_SpecPipeline, i32 4294967295, i32 0, i32 1, i32 0, void @p_str"   --->   Operation 199 'specpipeline' 'specpipeline_ln0' <Predicate = true> <Delay = 0.00>
ST_4 : Operation 200 [1/1] (0.95ns)   --->   "%icmp_ln26 = icmp_eq  i2 %i_6, i2 2" [MPCwithMADS_fxd/MPCwithMADS.cpp:26]   --->   Operation 200 'icmp' 'icmp_ln26' <Predicate = true> <Delay = 0.95> <CoreInst = "Cmp">   --->   Core 9 'Cmp' <Latency = 0> <II = 1> <Delay = 1.13> <FuncUnit> <Opcode : 'icmp'> <InPorts = 2> <OutPorts = 1>
ST_4 : Operation 201 [1/1] (0.00ns)   --->   "%empty_134 = speclooptripcount i32 @_ssdm_op_SpecLoopTripCount, i64 2, i64 2, i64 2"   --->   Operation 201 'speclooptripcount' 'empty_134' <Predicate = true> <Delay = 0.00>
ST_4 : Operation 202 [1/1] (0.00ns)   --->   "%br_ln26 = br i1 %icmp_ln26, void %V32.i.i.i7492.exit.split, void" [MPCwithMADS_fxd/MPCwithMADS.cpp:26]   --->   Operation 202 'br' 'br_ln26' <Predicate = true> <Delay = 0.00>
ST_4 : Operation 203 [1/1] (0.00ns)   --->   "%specloopname_ln26 = specloopname void @_ssdm_op_SpecLoopName, void @empty_7" [MPCwithMADS_fxd/MPCwithMADS.cpp:26]   --->   Operation 203 'specloopname' 'specloopname_ln26' <Predicate = (!icmp_ln26)> <Delay = 0.00>
ST_4 : Operation 204 [1/1] (0.95ns)   --->   "%icmp_ln727_1 = icmp_eq  i2 %i_6, i2 0"   --->   Operation 204 'icmp' 'icmp_ln727_1' <Predicate = (!icmp_ln26)> <Delay = 0.95> <CoreInst = "Cmp">   --->   Core 9 'Cmp' <Latency = 0> <II = 1> <Delay = 1.13> <FuncUnit> <Opcode : 'icmp'> <InPorts = 2> <OutPorts = 1>
ST_4 : Operation 205 [1/1] (0.69ns)   --->   "%select_ln727_1 = select i1 %icmp_ln727_1, i12 %par_0_read, i12 %par_1_read"   --->   Operation 205 'select' 'select_ln727_1' <Predicate = (!icmp_ln26)> <Delay = 0.69> <CoreInst = "Sel">   --->   Core 73 'Sel' <Latency = 0> <II = 1> <Delay = 1.18> <FuncUnit> <Opcode : 'select'> <InPorts = 3> <OutPorts = 1>
ST_4 : Operation 206 [1/1] (0.00ns)   --->   "%par_int_V_0 = bitconcatenate i18 @_ssdm_op_BitConcatenate.i18.i12.i6, i12 %select_ln727_1, i6 0"   --->   Operation 206 'bitconcatenate' 'par_int_V_0' <Predicate = (!icmp_ln26)> <Delay = 0.00>
ST_4 : Operation 207 [1/1] (0.00ns)   --->   "%trunc_ln27 = trunc i2 %i_6" [MPCwithMADS_fxd/MPCwithMADS.cpp:27]   --->   Operation 207 'trunc' 'trunc_ln27' <Predicate = (!icmp_ln26)> <Delay = 0.00>
ST_4 : Operation 208 [1/1] (0.75ns)   --->   "%par_int_V_1_1 = select i1 %trunc_ln27, i18 %par_int_V_0_096, i18 %par_int_V_0" [MPCwithMADS_fxd/MPCwithMADS.cpp:27]   --->   Operation 208 'select' 'par_int_V_1_1' <Predicate = (!icmp_ln26)> <Delay = 0.75> <CoreInst = "Sel">   --->   Core 73 'Sel' <Latency = 0> <II = 1> <Delay = 1.18> <FuncUnit> <Opcode : 'select'> <InPorts = 3> <OutPorts = 1>
ST_4 : Operation 209 [1/1] (0.75ns)   --->   "%par_int_V_1_2 = select i1 %trunc_ln27, i18 %par_int_V_0, i18 %par_int_V_1_095" [MPCwithMADS_fxd/MPCwithMADS.cpp:27]   --->   Operation 209 'select' 'par_int_V_1_2' <Predicate = (!icmp_ln26)> <Delay = 0.75> <CoreInst = "Sel">   --->   Core 73 'Sel' <Latency = 0> <II = 1> <Delay = 1.18> <FuncUnit> <Opcode : 'select'> <InPorts = 3> <OutPorts = 1>
ST_4 : Operation 210 [1/1] (0.00ns)   --->   "%br_ln0 = br void %V32.i.i.i7492.exit"   --->   Operation 210 'br' 'br_ln0' <Predicate = (!icmp_ln26)> <Delay = 0.00>

State 5 <SV = 4> <Delay = 1.58>
ST_5 : Operation 211 [1/1] (0.00ns)   --->   "%ref_read = read i12 @_ssdm_op_Read.ap_auto.i12P0A, i12 %ref"   --->   Operation 211 'read' 'ref_read' <Predicate = true> <Delay = 0.00>
ST_5 : Operation 212 [1/1] (0.00ns)   --->   "%ref_int_V_0 = bitconcatenate i18 @_ssdm_op_BitConcatenate.i18.i12.i6, i12 %ref_read, i6 0"   --->   Operation 212 'bitconcatenate' 'ref_int_V_0' <Predicate = true> <Delay = 0.00>
ST_5 : Operation 213 [1/1] (0.00ns)   --->   "%firstCall_load = load i1 %firstCall" [MPCwithMADS_fxd/MPCwithMADS.cpp:36]   --->   Operation 213 'load' 'firstCall_load' <Predicate = true> <Delay = 0.00>
ST_5 : Operation 214 [1/1] (0.00ns)   --->   "%br_ln36 = br i1 %firstCall_load, void %._crit_edge, void %.preheader.preheader" [MPCwithMADS_fxd/MPCwithMADS.cpp:36]   --->   Operation 214 'br' 'br_ln36' <Predicate = true> <Delay = 0.00>
ST_5 : Operation 215 [1/1] (1.58ns)   --->   "%br_ln0 = br void %.preheader"   --->   Operation 215 'br' 'br_ln0' <Predicate = (firstCall_load)> <Delay = 1.58>

State 6 <SV = 5> <Delay = 2.66>
ST_6 : Operation 216 [1/1] (0.00ns)   --->   "%i_7 = phi i2 %add_ln37, void %.split92228, i2 0, void %.preheader.preheader" [MPCwithMADS_fxd/MPCwithMADS.cpp:37]   --->   Operation 216 'phi' 'i_7' <Predicate = true> <Delay = 0.00>
ST_6 : Operation 217 [1/1] (1.56ns)   --->   "%add_ln37 = add i2 %i_7, i2 1" [MPCwithMADS_fxd/MPCwithMADS.cpp:37]   --->   Operation 217 'add' 'add_ln37' <Predicate = true> <Delay = 1.56> <CoreInst = "Adder">   --->   Core 1 'Adder' <Latency = 0> <II = 1> <Delay = 1.82> <FuncUnit> <Opcode : 'add' 'sub'> <InPorts = 2> <OutPorts = 1>
ST_6 : Operation 218 [1/1] (0.00ns)   --->   "%specpipeline_ln0 = specpipeline void @_ssdm_op_SpecPipeline, i32 4294967295, i32 0, i32 1, i32 0, void @p_str"   --->   Operation 218 'specpipeline' 'specpipeline_ln0' <Predicate = true> <Delay = 0.00>
ST_6 : Operation 219 [1/1] (0.95ns)   --->   "%icmp_ln37 = icmp_eq  i2 %i_7, i2 2" [MPCwithMADS_fxd/MPCwithMADS.cpp:37]   --->   Operation 219 'icmp' 'icmp_ln37' <Predicate = true> <Delay = 0.95> <CoreInst = "Cmp">   --->   Core 9 'Cmp' <Latency = 0> <II = 1> <Delay = 1.13> <FuncUnit> <Opcode : 'icmp'> <InPorts = 2> <OutPorts = 1>
ST_6 : Operation 220 [1/1] (0.00ns)   --->   "%empty_135 = speclooptripcount i32 @_ssdm_op_SpecLoopTripCount, i64 2, i64 2, i64 2"   --->   Operation 220 'speclooptripcount' 'empty_135' <Predicate = true> <Delay = 0.00>
ST_6 : Operation 221 [1/1] (0.00ns)   --->   "%br_ln37 = br i1 %icmp_ln37, void %.split9, void" [MPCwithMADS_fxd/MPCwithMADS.cpp:37]   --->   Operation 221 'br' 'br_ln37' <Predicate = true> <Delay = 0.00>
ST_6 : Operation 222 [1/1] (0.00ns)   --->   "%specloopname_ln37 = specloopname void @_ssdm_op_SpecLoopName, void @empty_6" [MPCwithMADS_fxd/MPCwithMADS.cpp:37]   --->   Operation 222 'specloopname' 'specloopname_ln37' <Predicate = (!icmp_ln37)> <Delay = 0.00>
ST_6 : Operation 223 [1/1] (0.00ns)   --->   "%trunc_ln38 = trunc i2 %i_7" [MPCwithMADS_fxd/MPCwithMADS.cpp:38]   --->   Operation 223 'trunc' 'trunc_ln38' <Predicate = (!icmp_ln37)> <Delay = 0.00>
ST_6 : Operation 224 [1/1] (0.00ns)   --->   "%br_ln38 = br i1 %trunc_ln38, void %branch2, void %branch3" [MPCwithMADS_fxd/MPCwithMADS.cpp:38]   --->   Operation 224 'br' 'br_ln38' <Predicate = (!icmp_ln37)> <Delay = 0.00>
ST_6 : Operation 225 [1/1] (1.70ns)   --->   "%store_ln38 = store i18 32768, i18 %optimum_V_0" [MPCwithMADS_fxd/MPCwithMADS.cpp:38]   --->   Operation 225 'store' 'store_ln38' <Predicate = (!icmp_ln37 & !trunc_ln38)> <Delay = 1.70>
ST_6 : Operation 226 [1/1] (0.00ns)   --->   "%br_ln38 = br void %.split92228" [MPCwithMADS_fxd/MPCwithMADS.cpp:38]   --->   Operation 226 'br' 'br_ln38' <Predicate = (!icmp_ln37 & !trunc_ln38)> <Delay = 0.00>
ST_6 : Operation 227 [1/1] (1.58ns)   --->   "%store_ln38 = store i18 32768, i18 %optimum_V_1" [MPCwithMADS_fxd/MPCwithMADS.cpp:38]   --->   Operation 227 'store' 'store_ln38' <Predicate = (!icmp_ln37 & trunc_ln38)> <Delay = 1.58>
ST_6 : Operation 228 [1/1] (0.00ns)   --->   "%br_ln38 = br void %.split92228" [MPCwithMADS_fxd/MPCwithMADS.cpp:38]   --->   Operation 228 'br' 'br_ln38' <Predicate = (!icmp_ln37 & trunc_ln38)> <Delay = 0.00>
ST_6 : Operation 229 [1/1] (0.00ns)   --->   "%br_ln0 = br void %.preheader"   --->   Operation 229 'br' 'br_ln0' <Predicate = (!icmp_ln37)> <Delay = 0.00>

State 7 <SV = 6> <Delay = 6.20>
ST_7 : Operation 230 [1/1] (0.00ns)   --->   "%store_ln40 = store i1 0, i1 %firstCall" [MPCwithMADS_fxd/MPCwithMADS.cpp:40]   --->   Operation 230 'store' 'store_ln40' <Predicate = (firstCall_load)> <Delay = 0.00>
ST_7 : Operation 231 [1/1] (0.00ns)   --->   "%br_ln41 = br void %._crit_edge" [MPCwithMADS_fxd/MPCwithMADS.cpp:41]   --->   Operation 231 'br' 'br_ln41' <Predicate = (firstCall_load)> <Delay = 0.00>
ST_7 : Operation 232 [1/1] (0.00ns)   --->   "%frameIdx_V_0_2 = alloca i32 1"   --->   Operation 232 'alloca' 'frameIdx_V_0_2' <Predicate = true> <Delay = 0.00>
ST_7 : Operation 233 [1/1] (0.00ns)   --->   "%frameIdx_V_1_2 = alloca i32 1"   --->   Operation 233 'alloca' 'frameIdx_V_1_2' <Predicate = true> <Delay = 0.00>
ST_7 : Operation 234 [1/1] (0.00ns)   --->   "%initialCost_V_1_1 = alloca i32 1"   --->   Operation 234 'alloca' 'initialCost_V_1_1' <Predicate = true> <Delay = 0.00>
ST_7 : Operation 235 [1/1] (0.00ns)   --->   "%initialCost_V_0_1 = alloca i32 1"   --->   Operation 235 'alloca' 'initialCost_V_0_1' <Predicate = true> <Delay = 0.00>
ST_7 : Operation 236 [1/1] (0.00ns)   --->   "%meshIdx_V_1 = alloca i32 1"   --->   Operation 236 'alloca' 'meshIdx_V_1' <Predicate = true> <Delay = 0.00>
ST_7 : Operation 237 [1/1] (0.00ns)   --->   "%meshIdx_V_1_3 = alloca i32 1"   --->   Operation 237 'alloca' 'meshIdx_V_1_3' <Predicate = true> <Delay = 0.00>
ST_7 : Operation 238 [1/1] (0.00ns)   --->   "%optimum_V_0_load = load i18 %optimum_V_0" [MPCwithMADS_fxd/MADS.cpp:22]   --->   Operation 238 'load' 'optimum_V_0_load' <Predicate = true> <Delay = 0.00>
ST_7 : Operation 239 [1/1] (0.00ns)   --->   "%optimum_V_1_load = load i18 %optimum_V_1" [MPCwithMADS_fxd/MADS.cpp:22]   --->   Operation 239 'load' 'optimum_V_1_load' <Predicate = true> <Delay = 0.00>
ST_7 : Operation 240 [72/72] (6.20ns)   --->   "%call_ret = call i64 @costFunction, i18 %optimum_V_0_load, i18 %optimum_V_1_load, i18 %x_int_V_0_0101, i18 %x_int_V_1_0102, i18 %par_int_V_0_096, i18 %par_int_V_1_095, i18 %ref_int_V_0" [MPCwithMADS_fxd/MADS.cpp:22]   --->   Operation 240 'call' 'call_ret' <Predicate = true> <Delay = 6.20> <CoreType = "Generic">   --->   Core 0 '' <Latency = 0> <II = 1> <Delay = 1.00> <Generic> <Opcode : >
ST_7 : Operation 241 [1/1] (1.70ns)   --->   "%store_ln25 = store i6 56, i6 %frameIdx_V_1_2" [MPCwithMADS_fxd/MADS.cpp:25]   --->   Operation 241 'store' 'store_ln25' <Predicate = true> <Delay = 1.70>
ST_7 : Operation 242 [1/1] (1.70ns)   --->   "%store_ln25 = store i6 56, i6 %frameIdx_V_0_2" [MPCwithMADS_fxd/MADS.cpp:25]   --->   Operation 242 'store' 'store_ln25' <Predicate = true> <Delay = 1.70>

State 8 <SV = 7> <Delay = 7.30>
ST_8 : Operation 243 [71/72] (7.30ns)   --->   "%call_ret = call i64 @costFunction, i18 %optimum_V_0_load, i18 %optimum_V_1_load, i18 %x_int_V_0_0101, i18 %x_int_V_1_0102, i18 %par_int_V_0_096, i18 %par_int_V_1_095, i18 %ref_int_V_0" [MPCwithMADS_fxd/MADS.cpp:22]   --->   Operation 243 'call' 'call_ret' <Predicate = true> <Delay = 7.30> <CoreType = "Generic">   --->   Core 0 '' <Latency = 0> <II = 1> <Delay = 1.00> <Generic> <Opcode : >

State 9 <SV = 8> <Delay = 7.30>
ST_9 : Operation 244 [70/72] (7.30ns)   --->   "%call_ret = call i64 @costFunction, i18 %optimum_V_0_load, i18 %optimum_V_1_load, i18 %x_int_V_0_0101, i18 %x_int_V_1_0102, i18 %par_int_V_0_096, i18 %par_int_V_1_095, i18 %ref_int_V_0" [MPCwithMADS_fxd/MADS.cpp:22]   --->   Operation 244 'call' 'call_ret' <Predicate = true> <Delay = 7.30> <CoreType = "Generic">   --->   Core 0 '' <Latency = 0> <II = 1> <Delay = 1.00> <Generic> <Opcode : >

State 10 <SV = 9> <Delay = 7.30>
ST_10 : Operation 245 [69/72] (7.30ns)   --->   "%call_ret = call i64 @costFunction, i18 %optimum_V_0_load, i18 %optimum_V_1_load, i18 %x_int_V_0_0101, i18 %x_int_V_1_0102, i18 %par_int_V_0_096, i18 %par_int_V_1_095, i18 %ref_int_V_0" [MPCwithMADS_fxd/MADS.cpp:22]   --->   Operation 245 'call' 'call_ret' <Predicate = true> <Delay = 7.30> <CoreType = "Generic">   --->   Core 0 '' <Latency = 0> <II = 1> <Delay = 1.00> <Generic> <Opcode : >

State 11 <SV = 10> <Delay = 7.30>
ST_11 : Operation 246 [68/72] (7.30ns)   --->   "%call_ret = call i64 @costFunction, i18 %optimum_V_0_load, i18 %optimum_V_1_load, i18 %x_int_V_0_0101, i18 %x_int_V_1_0102, i18 %par_int_V_0_096, i18 %par_int_V_1_095, i18 %ref_int_V_0" [MPCwithMADS_fxd/MADS.cpp:22]   --->   Operation 246 'call' 'call_ret' <Predicate = true> <Delay = 7.30> <CoreType = "Generic">   --->   Core 0 '' <Latency = 0> <II = 1> <Delay = 1.00> <Generic> <Opcode : >

State 12 <SV = 11> <Delay = 7.30>
ST_12 : Operation 247 [67/72] (7.30ns)   --->   "%call_ret = call i64 @costFunction, i18 %optimum_V_0_load, i18 %optimum_V_1_load, i18 %x_int_V_0_0101, i18 %x_int_V_1_0102, i18 %par_int_V_0_096, i18 %par_int_V_1_095, i18 %ref_int_V_0" [MPCwithMADS_fxd/MADS.cpp:22]   --->   Operation 247 'call' 'call_ret' <Predicate = true> <Delay = 7.30> <CoreType = "Generic">   --->   Core 0 '' <Latency = 0> <II = 1> <Delay = 1.00> <Generic> <Opcode : >

State 13 <SV = 12> <Delay = 7.30>
ST_13 : Operation 248 [66/72] (7.30ns)   --->   "%call_ret = call i64 @costFunction, i18 %optimum_V_0_load, i18 %optimum_V_1_load, i18 %x_int_V_0_0101, i18 %x_int_V_1_0102, i18 %par_int_V_0_096, i18 %par_int_V_1_095, i18 %ref_int_V_0" [MPCwithMADS_fxd/MADS.cpp:22]   --->   Operation 248 'call' 'call_ret' <Predicate = true> <Delay = 7.30> <CoreType = "Generic">   --->   Core 0 '' <Latency = 0> <II = 1> <Delay = 1.00> <Generic> <Opcode : >

State 14 <SV = 13> <Delay = 7.30>
ST_14 : Operation 249 [65/72] (7.30ns)   --->   "%call_ret = call i64 @costFunction, i18 %optimum_V_0_load, i18 %optimum_V_1_load, i18 %x_int_V_0_0101, i18 %x_int_V_1_0102, i18 %par_int_V_0_096, i18 %par_int_V_1_095, i18 %ref_int_V_0" [MPCwithMADS_fxd/MADS.cpp:22]   --->   Operation 249 'call' 'call_ret' <Predicate = true> <Delay = 7.30> <CoreType = "Generic">   --->   Core 0 '' <Latency = 0> <II = 1> <Delay = 1.00> <Generic> <Opcode : >

State 15 <SV = 14> <Delay = 7.30>
ST_15 : Operation 250 [64/72] (7.30ns)   --->   "%call_ret = call i64 @costFunction, i18 %optimum_V_0_load, i18 %optimum_V_1_load, i18 %x_int_V_0_0101, i18 %x_int_V_1_0102, i18 %par_int_V_0_096, i18 %par_int_V_1_095, i18 %ref_int_V_0" [MPCwithMADS_fxd/MADS.cpp:22]   --->   Operation 250 'call' 'call_ret' <Predicate = true> <Delay = 7.30> <CoreType = "Generic">   --->   Core 0 '' <Latency = 0> <II = 1> <Delay = 1.00> <Generic> <Opcode : >

State 16 <SV = 15> <Delay = 7.30>
ST_16 : Operation 251 [63/72] (7.30ns)   --->   "%call_ret = call i64 @costFunction, i18 %optimum_V_0_load, i18 %optimum_V_1_load, i18 %x_int_V_0_0101, i18 %x_int_V_1_0102, i18 %par_int_V_0_096, i18 %par_int_V_1_095, i18 %ref_int_V_0" [MPCwithMADS_fxd/MADS.cpp:22]   --->   Operation 251 'call' 'call_ret' <Predicate = true> <Delay = 7.30> <CoreType = "Generic">   --->   Core 0 '' <Latency = 0> <II = 1> <Delay = 1.00> <Generic> <Opcode : >

State 17 <SV = 16> <Delay = 7.30>
ST_17 : Operation 252 [62/72] (7.30ns)   --->   "%call_ret = call i64 @costFunction, i18 %optimum_V_0_load, i18 %optimum_V_1_load, i18 %x_int_V_0_0101, i18 %x_int_V_1_0102, i18 %par_int_V_0_096, i18 %par_int_V_1_095, i18 %ref_int_V_0" [MPCwithMADS_fxd/MADS.cpp:22]   --->   Operation 252 'call' 'call_ret' <Predicate = true> <Delay = 7.30> <CoreType = "Generic">   --->   Core 0 '' <Latency = 0> <II = 1> <Delay = 1.00> <Generic> <Opcode : >

State 18 <SV = 17> <Delay = 7.30>
ST_18 : Operation 253 [61/72] (7.30ns)   --->   "%call_ret = call i64 @costFunction, i18 %optimum_V_0_load, i18 %optimum_V_1_load, i18 %x_int_V_0_0101, i18 %x_int_V_1_0102, i18 %par_int_V_0_096, i18 %par_int_V_1_095, i18 %ref_int_V_0" [MPCwithMADS_fxd/MADS.cpp:22]   --->   Operation 253 'call' 'call_ret' <Predicate = true> <Delay = 7.30> <CoreType = "Generic">   --->   Core 0 '' <Latency = 0> <II = 1> <Delay = 1.00> <Generic> <Opcode : >

State 19 <SV = 18> <Delay = 7.30>
ST_19 : Operation 254 [60/72] (7.30ns)   --->   "%call_ret = call i64 @costFunction, i18 %optimum_V_0_load, i18 %optimum_V_1_load, i18 %x_int_V_0_0101, i18 %x_int_V_1_0102, i18 %par_int_V_0_096, i18 %par_int_V_1_095, i18 %ref_int_V_0" [MPCwithMADS_fxd/MADS.cpp:22]   --->   Operation 254 'call' 'call_ret' <Predicate = true> <Delay = 7.30> <CoreType = "Generic">   --->   Core 0 '' <Latency = 0> <II = 1> <Delay = 1.00> <Generic> <Opcode : >

State 20 <SV = 19> <Delay = 7.30>
ST_20 : Operation 255 [59/72] (7.30ns)   --->   "%call_ret = call i64 @costFunction, i18 %optimum_V_0_load, i18 %optimum_V_1_load, i18 %x_int_V_0_0101, i18 %x_int_V_1_0102, i18 %par_int_V_0_096, i18 %par_int_V_1_095, i18 %ref_int_V_0" [MPCwithMADS_fxd/MADS.cpp:22]   --->   Operation 255 'call' 'call_ret' <Predicate = true> <Delay = 7.30> <CoreType = "Generic">   --->   Core 0 '' <Latency = 0> <II = 1> <Delay = 1.00> <Generic> <Opcode : >

State 21 <SV = 20> <Delay = 7.30>
ST_21 : Operation 256 [58/72] (7.30ns)   --->   "%call_ret = call i64 @costFunction, i18 %optimum_V_0_load, i18 %optimum_V_1_load, i18 %x_int_V_0_0101, i18 %x_int_V_1_0102, i18 %par_int_V_0_096, i18 %par_int_V_1_095, i18 %ref_int_V_0" [MPCwithMADS_fxd/MADS.cpp:22]   --->   Operation 256 'call' 'call_ret' <Predicate = true> <Delay = 7.30> <CoreType = "Generic">   --->   Core 0 '' <Latency = 0> <II = 1> <Delay = 1.00> <Generic> <Opcode : >

State 22 <SV = 21> <Delay = 7.30>
ST_22 : Operation 257 [57/72] (7.30ns)   --->   "%call_ret = call i64 @costFunction, i18 %optimum_V_0_load, i18 %optimum_V_1_load, i18 %x_int_V_0_0101, i18 %x_int_V_1_0102, i18 %par_int_V_0_096, i18 %par_int_V_1_095, i18 %ref_int_V_0" [MPCwithMADS_fxd/MADS.cpp:22]   --->   Operation 257 'call' 'call_ret' <Predicate = true> <Delay = 7.30> <CoreType = "Generic">   --->   Core 0 '' <Latency = 0> <II = 1> <Delay = 1.00> <Generic> <Opcode : >

State 23 <SV = 22> <Delay = 7.30>
ST_23 : Operation 258 [56/72] (7.30ns)   --->   "%call_ret = call i64 @costFunction, i18 %optimum_V_0_load, i18 %optimum_V_1_load, i18 %x_int_V_0_0101, i18 %x_int_V_1_0102, i18 %par_int_V_0_096, i18 %par_int_V_1_095, i18 %ref_int_V_0" [MPCwithMADS_fxd/MADS.cpp:22]   --->   Operation 258 'call' 'call_ret' <Predicate = true> <Delay = 7.30> <CoreType = "Generic">   --->   Core 0 '' <Latency = 0> <II = 1> <Delay = 1.00> <Generic> <Opcode : >

State 24 <SV = 23> <Delay = 7.30>
ST_24 : Operation 259 [55/72] (7.30ns)   --->   "%call_ret = call i64 @costFunction, i18 %optimum_V_0_load, i18 %optimum_V_1_load, i18 %x_int_V_0_0101, i18 %x_int_V_1_0102, i18 %par_int_V_0_096, i18 %par_int_V_1_095, i18 %ref_int_V_0" [MPCwithMADS_fxd/MADS.cpp:22]   --->   Operation 259 'call' 'call_ret' <Predicate = true> <Delay = 7.30> <CoreType = "Generic">   --->   Core 0 '' <Latency = 0> <II = 1> <Delay = 1.00> <Generic> <Opcode : >

State 25 <SV = 24> <Delay = 7.30>
ST_25 : Operation 260 [54/72] (7.30ns)   --->   "%call_ret = call i64 @costFunction, i18 %optimum_V_0_load, i18 %optimum_V_1_load, i18 %x_int_V_0_0101, i18 %x_int_V_1_0102, i18 %par_int_V_0_096, i18 %par_int_V_1_095, i18 %ref_int_V_0" [MPCwithMADS_fxd/MADS.cpp:22]   --->   Operation 260 'call' 'call_ret' <Predicate = true> <Delay = 7.30> <CoreType = "Generic">   --->   Core 0 '' <Latency = 0> <II = 1> <Delay = 1.00> <Generic> <Opcode : >

State 26 <SV = 25> <Delay = 7.30>
ST_26 : Operation 261 [53/72] (7.30ns)   --->   "%call_ret = call i64 @costFunction, i18 %optimum_V_0_load, i18 %optimum_V_1_load, i18 %x_int_V_0_0101, i18 %x_int_V_1_0102, i18 %par_int_V_0_096, i18 %par_int_V_1_095, i18 %ref_int_V_0" [MPCwithMADS_fxd/MADS.cpp:22]   --->   Operation 261 'call' 'call_ret' <Predicate = true> <Delay = 7.30> <CoreType = "Generic">   --->   Core 0 '' <Latency = 0> <II = 1> <Delay = 1.00> <Generic> <Opcode : >

State 27 <SV = 26> <Delay = 7.30>
ST_27 : Operation 262 [52/72] (7.30ns)   --->   "%call_ret = call i64 @costFunction, i18 %optimum_V_0_load, i18 %optimum_V_1_load, i18 %x_int_V_0_0101, i18 %x_int_V_1_0102, i18 %par_int_V_0_096, i18 %par_int_V_1_095, i18 %ref_int_V_0" [MPCwithMADS_fxd/MADS.cpp:22]   --->   Operation 262 'call' 'call_ret' <Predicate = true> <Delay = 7.30> <CoreType = "Generic">   --->   Core 0 '' <Latency = 0> <II = 1> <Delay = 1.00> <Generic> <Opcode : >

State 28 <SV = 27> <Delay = 7.30>
ST_28 : Operation 263 [51/72] (7.30ns)   --->   "%call_ret = call i64 @costFunction, i18 %optimum_V_0_load, i18 %optimum_V_1_load, i18 %x_int_V_0_0101, i18 %x_int_V_1_0102, i18 %par_int_V_0_096, i18 %par_int_V_1_095, i18 %ref_int_V_0" [MPCwithMADS_fxd/MADS.cpp:22]   --->   Operation 263 'call' 'call_ret' <Predicate = true> <Delay = 7.30> <CoreType = "Generic">   --->   Core 0 '' <Latency = 0> <II = 1> <Delay = 1.00> <Generic> <Opcode : >

State 29 <SV = 28> <Delay = 7.30>
ST_29 : Operation 264 [50/72] (7.30ns)   --->   "%call_ret = call i64 @costFunction, i18 %optimum_V_0_load, i18 %optimum_V_1_load, i18 %x_int_V_0_0101, i18 %x_int_V_1_0102, i18 %par_int_V_0_096, i18 %par_int_V_1_095, i18 %ref_int_V_0" [MPCwithMADS_fxd/MADS.cpp:22]   --->   Operation 264 'call' 'call_ret' <Predicate = true> <Delay = 7.30> <CoreType = "Generic">   --->   Core 0 '' <Latency = 0> <II = 1> <Delay = 1.00> <Generic> <Opcode : >

State 30 <SV = 29> <Delay = 7.30>
ST_30 : Operation 265 [49/72] (7.30ns)   --->   "%call_ret = call i64 @costFunction, i18 %optimum_V_0_load, i18 %optimum_V_1_load, i18 %x_int_V_0_0101, i18 %x_int_V_1_0102, i18 %par_int_V_0_096, i18 %par_int_V_1_095, i18 %ref_int_V_0" [MPCwithMADS_fxd/MADS.cpp:22]   --->   Operation 265 'call' 'call_ret' <Predicate = true> <Delay = 7.30> <CoreType = "Generic">   --->   Core 0 '' <Latency = 0> <II = 1> <Delay = 1.00> <Generic> <Opcode : >

State 31 <SV = 30> <Delay = 7.30>
ST_31 : Operation 266 [48/72] (7.30ns)   --->   "%call_ret = call i64 @costFunction, i18 %optimum_V_0_load, i18 %optimum_V_1_load, i18 %x_int_V_0_0101, i18 %x_int_V_1_0102, i18 %par_int_V_0_096, i18 %par_int_V_1_095, i18 %ref_int_V_0" [MPCwithMADS_fxd/MADS.cpp:22]   --->   Operation 266 'call' 'call_ret' <Predicate = true> <Delay = 7.30> <CoreType = "Generic">   --->   Core 0 '' <Latency = 0> <II = 1> <Delay = 1.00> <Generic> <Opcode : >

State 32 <SV = 31> <Delay = 7.30>
ST_32 : Operation 267 [47/72] (7.30ns)   --->   "%call_ret = call i64 @costFunction, i18 %optimum_V_0_load, i18 %optimum_V_1_load, i18 %x_int_V_0_0101, i18 %x_int_V_1_0102, i18 %par_int_V_0_096, i18 %par_int_V_1_095, i18 %ref_int_V_0" [MPCwithMADS_fxd/MADS.cpp:22]   --->   Operation 267 'call' 'call_ret' <Predicate = true> <Delay = 7.30> <CoreType = "Generic">   --->   Core 0 '' <Latency = 0> <II = 1> <Delay = 1.00> <Generic> <Opcode : >

State 33 <SV = 32> <Delay = 7.30>
ST_33 : Operation 268 [46/72] (7.30ns)   --->   "%call_ret = call i64 @costFunction, i18 %optimum_V_0_load, i18 %optimum_V_1_load, i18 %x_int_V_0_0101, i18 %x_int_V_1_0102, i18 %par_int_V_0_096, i18 %par_int_V_1_095, i18 %ref_int_V_0" [MPCwithMADS_fxd/MADS.cpp:22]   --->   Operation 268 'call' 'call_ret' <Predicate = true> <Delay = 7.30> <CoreType = "Generic">   --->   Core 0 '' <Latency = 0> <II = 1> <Delay = 1.00> <Generic> <Opcode : >

State 34 <SV = 33> <Delay = 7.30>
ST_34 : Operation 269 [45/72] (7.30ns)   --->   "%call_ret = call i64 @costFunction, i18 %optimum_V_0_load, i18 %optimum_V_1_load, i18 %x_int_V_0_0101, i18 %x_int_V_1_0102, i18 %par_int_V_0_096, i18 %par_int_V_1_095, i18 %ref_int_V_0" [MPCwithMADS_fxd/MADS.cpp:22]   --->   Operation 269 'call' 'call_ret' <Predicate = true> <Delay = 7.30> <CoreType = "Generic">   --->   Core 0 '' <Latency = 0> <II = 1> <Delay = 1.00> <Generic> <Opcode : >

State 35 <SV = 34> <Delay = 7.30>
ST_35 : Operation 270 [44/72] (7.30ns)   --->   "%call_ret = call i64 @costFunction, i18 %optimum_V_0_load, i18 %optimum_V_1_load, i18 %x_int_V_0_0101, i18 %x_int_V_1_0102, i18 %par_int_V_0_096, i18 %par_int_V_1_095, i18 %ref_int_V_0" [MPCwithMADS_fxd/MADS.cpp:22]   --->   Operation 270 'call' 'call_ret' <Predicate = true> <Delay = 7.30> <CoreType = "Generic">   --->   Core 0 '' <Latency = 0> <II = 1> <Delay = 1.00> <Generic> <Opcode : >

State 36 <SV = 35> <Delay = 7.30>
ST_36 : Operation 271 [43/72] (7.30ns)   --->   "%call_ret = call i64 @costFunction, i18 %optimum_V_0_load, i18 %optimum_V_1_load, i18 %x_int_V_0_0101, i18 %x_int_V_1_0102, i18 %par_int_V_0_096, i18 %par_int_V_1_095, i18 %ref_int_V_0" [MPCwithMADS_fxd/MADS.cpp:22]   --->   Operation 271 'call' 'call_ret' <Predicate = true> <Delay = 7.30> <CoreType = "Generic">   --->   Core 0 '' <Latency = 0> <II = 1> <Delay = 1.00> <Generic> <Opcode : >

State 37 <SV = 36> <Delay = 7.30>
ST_37 : Operation 272 [42/72] (7.30ns)   --->   "%call_ret = call i64 @costFunction, i18 %optimum_V_0_load, i18 %optimum_V_1_load, i18 %x_int_V_0_0101, i18 %x_int_V_1_0102, i18 %par_int_V_0_096, i18 %par_int_V_1_095, i18 %ref_int_V_0" [MPCwithMADS_fxd/MADS.cpp:22]   --->   Operation 272 'call' 'call_ret' <Predicate = true> <Delay = 7.30> <CoreType = "Generic">   --->   Core 0 '' <Latency = 0> <II = 1> <Delay = 1.00> <Generic> <Opcode : >

State 38 <SV = 37> <Delay = 7.30>
ST_38 : Operation 273 [41/72] (7.30ns)   --->   "%call_ret = call i64 @costFunction, i18 %optimum_V_0_load, i18 %optimum_V_1_load, i18 %x_int_V_0_0101, i18 %x_int_V_1_0102, i18 %par_int_V_0_096, i18 %par_int_V_1_095, i18 %ref_int_V_0" [MPCwithMADS_fxd/MADS.cpp:22]   --->   Operation 273 'call' 'call_ret' <Predicate = true> <Delay = 7.30> <CoreType = "Generic">   --->   Core 0 '' <Latency = 0> <II = 1> <Delay = 1.00> <Generic> <Opcode : >

State 39 <SV = 38> <Delay = 7.30>
ST_39 : Operation 274 [40/72] (7.30ns)   --->   "%call_ret = call i64 @costFunction, i18 %optimum_V_0_load, i18 %optimum_V_1_load, i18 %x_int_V_0_0101, i18 %x_int_V_1_0102, i18 %par_int_V_0_096, i18 %par_int_V_1_095, i18 %ref_int_V_0" [MPCwithMADS_fxd/MADS.cpp:22]   --->   Operation 274 'call' 'call_ret' <Predicate = true> <Delay = 7.30> <CoreType = "Generic">   --->   Core 0 '' <Latency = 0> <II = 1> <Delay = 1.00> <Generic> <Opcode : >

State 40 <SV = 39> <Delay = 7.30>
ST_40 : Operation 275 [39/72] (7.30ns)   --->   "%call_ret = call i64 @costFunction, i18 %optimum_V_0_load, i18 %optimum_V_1_load, i18 %x_int_V_0_0101, i18 %x_int_V_1_0102, i18 %par_int_V_0_096, i18 %par_int_V_1_095, i18 %ref_int_V_0" [MPCwithMADS_fxd/MADS.cpp:22]   --->   Operation 275 'call' 'call_ret' <Predicate = true> <Delay = 7.30> <CoreType = "Generic">   --->   Core 0 '' <Latency = 0> <II = 1> <Delay = 1.00> <Generic> <Opcode : >

State 41 <SV = 40> <Delay = 7.30>
ST_41 : Operation 276 [38/72] (7.30ns)   --->   "%call_ret = call i64 @costFunction, i18 %optimum_V_0_load, i18 %optimum_V_1_load, i18 %x_int_V_0_0101, i18 %x_int_V_1_0102, i18 %par_int_V_0_096, i18 %par_int_V_1_095, i18 %ref_int_V_0" [MPCwithMADS_fxd/MADS.cpp:22]   --->   Operation 276 'call' 'call_ret' <Predicate = true> <Delay = 7.30> <CoreType = "Generic">   --->   Core 0 '' <Latency = 0> <II = 1> <Delay = 1.00> <Generic> <Opcode : >

State 42 <SV = 41> <Delay = 7.30>
ST_42 : Operation 277 [37/72] (7.30ns)   --->   "%call_ret = call i64 @costFunction, i18 %optimum_V_0_load, i18 %optimum_V_1_load, i18 %x_int_V_0_0101, i18 %x_int_V_1_0102, i18 %par_int_V_0_096, i18 %par_int_V_1_095, i18 %ref_int_V_0" [MPCwithMADS_fxd/MADS.cpp:22]   --->   Operation 277 'call' 'call_ret' <Predicate = true> <Delay = 7.30> <CoreType = "Generic">   --->   Core 0 '' <Latency = 0> <II = 1> <Delay = 1.00> <Generic> <Opcode : >

State 43 <SV = 42> <Delay = 7.30>
ST_43 : Operation 278 [36/72] (7.30ns)   --->   "%call_ret = call i64 @costFunction, i18 %optimum_V_0_load, i18 %optimum_V_1_load, i18 %x_int_V_0_0101, i18 %x_int_V_1_0102, i18 %par_int_V_0_096, i18 %par_int_V_1_095, i18 %ref_int_V_0" [MPCwithMADS_fxd/MADS.cpp:22]   --->   Operation 278 'call' 'call_ret' <Predicate = true> <Delay = 7.30> <CoreType = "Generic">   --->   Core 0 '' <Latency = 0> <II = 1> <Delay = 1.00> <Generic> <Opcode : >

State 44 <SV = 43> <Delay = 7.30>
ST_44 : Operation 279 [35/72] (7.30ns)   --->   "%call_ret = call i64 @costFunction, i18 %optimum_V_0_load, i18 %optimum_V_1_load, i18 %x_int_V_0_0101, i18 %x_int_V_1_0102, i18 %par_int_V_0_096, i18 %par_int_V_1_095, i18 %ref_int_V_0" [MPCwithMADS_fxd/MADS.cpp:22]   --->   Operation 279 'call' 'call_ret' <Predicate = true> <Delay = 7.30> <CoreType = "Generic">   --->   Core 0 '' <Latency = 0> <II = 1> <Delay = 1.00> <Generic> <Opcode : >

State 45 <SV = 44> <Delay = 7.30>
ST_45 : Operation 280 [34/72] (7.30ns)   --->   "%call_ret = call i64 @costFunction, i18 %optimum_V_0_load, i18 %optimum_V_1_load, i18 %x_int_V_0_0101, i18 %x_int_V_1_0102, i18 %par_int_V_0_096, i18 %par_int_V_1_095, i18 %ref_int_V_0" [MPCwithMADS_fxd/MADS.cpp:22]   --->   Operation 280 'call' 'call_ret' <Predicate = true> <Delay = 7.30> <CoreType = "Generic">   --->   Core 0 '' <Latency = 0> <II = 1> <Delay = 1.00> <Generic> <Opcode : >

State 46 <SV = 45> <Delay = 7.30>
ST_46 : Operation 281 [33/72] (7.30ns)   --->   "%call_ret = call i64 @costFunction, i18 %optimum_V_0_load, i18 %optimum_V_1_load, i18 %x_int_V_0_0101, i18 %x_int_V_1_0102, i18 %par_int_V_0_096, i18 %par_int_V_1_095, i18 %ref_int_V_0" [MPCwithMADS_fxd/MADS.cpp:22]   --->   Operation 281 'call' 'call_ret' <Predicate = true> <Delay = 7.30> <CoreType = "Generic">   --->   Core 0 '' <Latency = 0> <II = 1> <Delay = 1.00> <Generic> <Opcode : >

State 47 <SV = 46> <Delay = 7.30>
ST_47 : Operation 282 [32/72] (7.30ns)   --->   "%call_ret = call i64 @costFunction, i18 %optimum_V_0_load, i18 %optimum_V_1_load, i18 %x_int_V_0_0101, i18 %x_int_V_1_0102, i18 %par_int_V_0_096, i18 %par_int_V_1_095, i18 %ref_int_V_0" [MPCwithMADS_fxd/MADS.cpp:22]   --->   Operation 282 'call' 'call_ret' <Predicate = true> <Delay = 7.30> <CoreType = "Generic">   --->   Core 0 '' <Latency = 0> <II = 1> <Delay = 1.00> <Generic> <Opcode : >

State 48 <SV = 47> <Delay = 7.30>
ST_48 : Operation 283 [31/72] (7.30ns)   --->   "%call_ret = call i64 @costFunction, i18 %optimum_V_0_load, i18 %optimum_V_1_load, i18 %x_int_V_0_0101, i18 %x_int_V_1_0102, i18 %par_int_V_0_096, i18 %par_int_V_1_095, i18 %ref_int_V_0" [MPCwithMADS_fxd/MADS.cpp:22]   --->   Operation 283 'call' 'call_ret' <Predicate = true> <Delay = 7.30> <CoreType = "Generic">   --->   Core 0 '' <Latency = 0> <II = 1> <Delay = 1.00> <Generic> <Opcode : >

State 49 <SV = 48> <Delay = 7.30>
ST_49 : Operation 284 [30/72] (7.30ns)   --->   "%call_ret = call i64 @costFunction, i18 %optimum_V_0_load, i18 %optimum_V_1_load, i18 %x_int_V_0_0101, i18 %x_int_V_1_0102, i18 %par_int_V_0_096, i18 %par_int_V_1_095, i18 %ref_int_V_0" [MPCwithMADS_fxd/MADS.cpp:22]   --->   Operation 284 'call' 'call_ret' <Predicate = true> <Delay = 7.30> <CoreType = "Generic">   --->   Core 0 '' <Latency = 0> <II = 1> <Delay = 1.00> <Generic> <Opcode : >

State 50 <SV = 49> <Delay = 7.30>
ST_50 : Operation 285 [29/72] (7.30ns)   --->   "%call_ret = call i64 @costFunction, i18 %optimum_V_0_load, i18 %optimum_V_1_load, i18 %x_int_V_0_0101, i18 %x_int_V_1_0102, i18 %par_int_V_0_096, i18 %par_int_V_1_095, i18 %ref_int_V_0" [MPCwithMADS_fxd/MADS.cpp:22]   --->   Operation 285 'call' 'call_ret' <Predicate = true> <Delay = 7.30> <CoreType = "Generic">   --->   Core 0 '' <Latency = 0> <II = 1> <Delay = 1.00> <Generic> <Opcode : >

State 51 <SV = 50> <Delay = 7.30>
ST_51 : Operation 286 [28/72] (7.30ns)   --->   "%call_ret = call i64 @costFunction, i18 %optimum_V_0_load, i18 %optimum_V_1_load, i18 %x_int_V_0_0101, i18 %x_int_V_1_0102, i18 %par_int_V_0_096, i18 %par_int_V_1_095, i18 %ref_int_V_0" [MPCwithMADS_fxd/MADS.cpp:22]   --->   Operation 286 'call' 'call_ret' <Predicate = true> <Delay = 7.30> <CoreType = "Generic">   --->   Core 0 '' <Latency = 0> <II = 1> <Delay = 1.00> <Generic> <Opcode : >

State 52 <SV = 51> <Delay = 7.30>
ST_52 : Operation 287 [27/72] (7.30ns)   --->   "%call_ret = call i64 @costFunction, i18 %optimum_V_0_load, i18 %optimum_V_1_load, i18 %x_int_V_0_0101, i18 %x_int_V_1_0102, i18 %par_int_V_0_096, i18 %par_int_V_1_095, i18 %ref_int_V_0" [MPCwithMADS_fxd/MADS.cpp:22]   --->   Operation 287 'call' 'call_ret' <Predicate = true> <Delay = 7.30> <CoreType = "Generic">   --->   Core 0 '' <Latency = 0> <II = 1> <Delay = 1.00> <Generic> <Opcode : >

State 53 <SV = 52> <Delay = 7.30>
ST_53 : Operation 288 [26/72] (7.30ns)   --->   "%call_ret = call i64 @costFunction, i18 %optimum_V_0_load, i18 %optimum_V_1_load, i18 %x_int_V_0_0101, i18 %x_int_V_1_0102, i18 %par_int_V_0_096, i18 %par_int_V_1_095, i18 %ref_int_V_0" [MPCwithMADS_fxd/MADS.cpp:22]   --->   Operation 288 'call' 'call_ret' <Predicate = true> <Delay = 7.30> <CoreType = "Generic">   --->   Core 0 '' <Latency = 0> <II = 1> <Delay = 1.00> <Generic> <Opcode : >

State 54 <SV = 53> <Delay = 7.30>
ST_54 : Operation 289 [25/72] (7.30ns)   --->   "%call_ret = call i64 @costFunction, i18 %optimum_V_0_load, i18 %optimum_V_1_load, i18 %x_int_V_0_0101, i18 %x_int_V_1_0102, i18 %par_int_V_0_096, i18 %par_int_V_1_095, i18 %ref_int_V_0" [MPCwithMADS_fxd/MADS.cpp:22]   --->   Operation 289 'call' 'call_ret' <Predicate = true> <Delay = 7.30> <CoreType = "Generic">   --->   Core 0 '' <Latency = 0> <II = 1> <Delay = 1.00> <Generic> <Opcode : >

State 55 <SV = 54> <Delay = 7.30>
ST_55 : Operation 290 [24/72] (7.30ns)   --->   "%call_ret = call i64 @costFunction, i18 %optimum_V_0_load, i18 %optimum_V_1_load, i18 %x_int_V_0_0101, i18 %x_int_V_1_0102, i18 %par_int_V_0_096, i18 %par_int_V_1_095, i18 %ref_int_V_0" [MPCwithMADS_fxd/MADS.cpp:22]   --->   Operation 290 'call' 'call_ret' <Predicate = true> <Delay = 7.30> <CoreType = "Generic">   --->   Core 0 '' <Latency = 0> <II = 1> <Delay = 1.00> <Generic> <Opcode : >

State 56 <SV = 55> <Delay = 7.30>
ST_56 : Operation 291 [23/72] (7.30ns)   --->   "%call_ret = call i64 @costFunction, i18 %optimum_V_0_load, i18 %optimum_V_1_load, i18 %x_int_V_0_0101, i18 %x_int_V_1_0102, i18 %par_int_V_0_096, i18 %par_int_V_1_095, i18 %ref_int_V_0" [MPCwithMADS_fxd/MADS.cpp:22]   --->   Operation 291 'call' 'call_ret' <Predicate = true> <Delay = 7.30> <CoreType = "Generic">   --->   Core 0 '' <Latency = 0> <II = 1> <Delay = 1.00> <Generic> <Opcode : >

State 57 <SV = 56> <Delay = 7.30>
ST_57 : Operation 292 [22/72] (7.30ns)   --->   "%call_ret = call i64 @costFunction, i18 %optimum_V_0_load, i18 %optimum_V_1_load, i18 %x_int_V_0_0101, i18 %x_int_V_1_0102, i18 %par_int_V_0_096, i18 %par_int_V_1_095, i18 %ref_int_V_0" [MPCwithMADS_fxd/MADS.cpp:22]   --->   Operation 292 'call' 'call_ret' <Predicate = true> <Delay = 7.30> <CoreType = "Generic">   --->   Core 0 '' <Latency = 0> <II = 1> <Delay = 1.00> <Generic> <Opcode : >

State 58 <SV = 57> <Delay = 7.30>
ST_58 : Operation 293 [21/72] (7.30ns)   --->   "%call_ret = call i64 @costFunction, i18 %optimum_V_0_load, i18 %optimum_V_1_load, i18 %x_int_V_0_0101, i18 %x_int_V_1_0102, i18 %par_int_V_0_096, i18 %par_int_V_1_095, i18 %ref_int_V_0" [MPCwithMADS_fxd/MADS.cpp:22]   --->   Operation 293 'call' 'call_ret' <Predicate = true> <Delay = 7.30> <CoreType = "Generic">   --->   Core 0 '' <Latency = 0> <II = 1> <Delay = 1.00> <Generic> <Opcode : >

State 59 <SV = 58> <Delay = 7.30>
ST_59 : Operation 294 [20/72] (7.30ns)   --->   "%call_ret = call i64 @costFunction, i18 %optimum_V_0_load, i18 %optimum_V_1_load, i18 %x_int_V_0_0101, i18 %x_int_V_1_0102, i18 %par_int_V_0_096, i18 %par_int_V_1_095, i18 %ref_int_V_0" [MPCwithMADS_fxd/MADS.cpp:22]   --->   Operation 294 'call' 'call_ret' <Predicate = true> <Delay = 7.30> <CoreType = "Generic">   --->   Core 0 '' <Latency = 0> <II = 1> <Delay = 1.00> <Generic> <Opcode : >

State 60 <SV = 59> <Delay = 7.30>
ST_60 : Operation 295 [19/72] (7.30ns)   --->   "%call_ret = call i64 @costFunction, i18 %optimum_V_0_load, i18 %optimum_V_1_load, i18 %x_int_V_0_0101, i18 %x_int_V_1_0102, i18 %par_int_V_0_096, i18 %par_int_V_1_095, i18 %ref_int_V_0" [MPCwithMADS_fxd/MADS.cpp:22]   --->   Operation 295 'call' 'call_ret' <Predicate = true> <Delay = 7.30> <CoreType = "Generic">   --->   Core 0 '' <Latency = 0> <II = 1> <Delay = 1.00> <Generic> <Opcode : >

State 61 <SV = 60> <Delay = 7.30>
ST_61 : Operation 296 [18/72] (7.30ns)   --->   "%call_ret = call i64 @costFunction, i18 %optimum_V_0_load, i18 %optimum_V_1_load, i18 %x_int_V_0_0101, i18 %x_int_V_1_0102, i18 %par_int_V_0_096, i18 %par_int_V_1_095, i18 %ref_int_V_0" [MPCwithMADS_fxd/MADS.cpp:22]   --->   Operation 296 'call' 'call_ret' <Predicate = true> <Delay = 7.30> <CoreType = "Generic">   --->   Core 0 '' <Latency = 0> <II = 1> <Delay = 1.00> <Generic> <Opcode : >

State 62 <SV = 61> <Delay = 7.30>
ST_62 : Operation 297 [17/72] (7.30ns)   --->   "%call_ret = call i64 @costFunction, i18 %optimum_V_0_load, i18 %optimum_V_1_load, i18 %x_int_V_0_0101, i18 %x_int_V_1_0102, i18 %par_int_V_0_096, i18 %par_int_V_1_095, i18 %ref_int_V_0" [MPCwithMADS_fxd/MADS.cpp:22]   --->   Operation 297 'call' 'call_ret' <Predicate = true> <Delay = 7.30> <CoreType = "Generic">   --->   Core 0 '' <Latency = 0> <II = 1> <Delay = 1.00> <Generic> <Opcode : >

State 63 <SV = 62> <Delay = 7.30>
ST_63 : Operation 298 [16/72] (7.30ns)   --->   "%call_ret = call i64 @costFunction, i18 %optimum_V_0_load, i18 %optimum_V_1_load, i18 %x_int_V_0_0101, i18 %x_int_V_1_0102, i18 %par_int_V_0_096, i18 %par_int_V_1_095, i18 %ref_int_V_0" [MPCwithMADS_fxd/MADS.cpp:22]   --->   Operation 298 'call' 'call_ret' <Predicate = true> <Delay = 7.30> <CoreType = "Generic">   --->   Core 0 '' <Latency = 0> <II = 1> <Delay = 1.00> <Generic> <Opcode : >

State 64 <SV = 63> <Delay = 7.30>
ST_64 : Operation 299 [15/72] (7.30ns)   --->   "%call_ret = call i64 @costFunction, i18 %optimum_V_0_load, i18 %optimum_V_1_load, i18 %x_int_V_0_0101, i18 %x_int_V_1_0102, i18 %par_int_V_0_096, i18 %par_int_V_1_095, i18 %ref_int_V_0" [MPCwithMADS_fxd/MADS.cpp:22]   --->   Operation 299 'call' 'call_ret' <Predicate = true> <Delay = 7.30> <CoreType = "Generic">   --->   Core 0 '' <Latency = 0> <II = 1> <Delay = 1.00> <Generic> <Opcode : >

State 65 <SV = 64> <Delay = 7.30>
ST_65 : Operation 300 [14/72] (7.30ns)   --->   "%call_ret = call i64 @costFunction, i18 %optimum_V_0_load, i18 %optimum_V_1_load, i18 %x_int_V_0_0101, i18 %x_int_V_1_0102, i18 %par_int_V_0_096, i18 %par_int_V_1_095, i18 %ref_int_V_0" [MPCwithMADS_fxd/MADS.cpp:22]   --->   Operation 300 'call' 'call_ret' <Predicate = true> <Delay = 7.30> <CoreType = "Generic">   --->   Core 0 '' <Latency = 0> <II = 1> <Delay = 1.00> <Generic> <Opcode : >

State 66 <SV = 65> <Delay = 7.30>
ST_66 : Operation 301 [13/72] (7.30ns)   --->   "%call_ret = call i64 @costFunction, i18 %optimum_V_0_load, i18 %optimum_V_1_load, i18 %x_int_V_0_0101, i18 %x_int_V_1_0102, i18 %par_int_V_0_096, i18 %par_int_V_1_095, i18 %ref_int_V_0" [MPCwithMADS_fxd/MADS.cpp:22]   --->   Operation 301 'call' 'call_ret' <Predicate = true> <Delay = 7.30> <CoreType = "Generic">   --->   Core 0 '' <Latency = 0> <II = 1> <Delay = 1.00> <Generic> <Opcode : >

State 67 <SV = 66> <Delay = 7.30>
ST_67 : Operation 302 [12/72] (7.30ns)   --->   "%call_ret = call i64 @costFunction, i18 %optimum_V_0_load, i18 %optimum_V_1_load, i18 %x_int_V_0_0101, i18 %x_int_V_1_0102, i18 %par_int_V_0_096, i18 %par_int_V_1_095, i18 %ref_int_V_0" [MPCwithMADS_fxd/MADS.cpp:22]   --->   Operation 302 'call' 'call_ret' <Predicate = true> <Delay = 7.30> <CoreType = "Generic">   --->   Core 0 '' <Latency = 0> <II = 1> <Delay = 1.00> <Generic> <Opcode : >

State 68 <SV = 67> <Delay = 7.30>
ST_68 : Operation 303 [11/72] (7.30ns)   --->   "%call_ret = call i64 @costFunction, i18 %optimum_V_0_load, i18 %optimum_V_1_load, i18 %x_int_V_0_0101, i18 %x_int_V_1_0102, i18 %par_int_V_0_096, i18 %par_int_V_1_095, i18 %ref_int_V_0" [MPCwithMADS_fxd/MADS.cpp:22]   --->   Operation 303 'call' 'call_ret' <Predicate = true> <Delay = 7.30> <CoreType = "Generic">   --->   Core 0 '' <Latency = 0> <II = 1> <Delay = 1.00> <Generic> <Opcode : >

State 69 <SV = 68> <Delay = 7.30>
ST_69 : Operation 304 [10/72] (7.30ns)   --->   "%call_ret = call i64 @costFunction, i18 %optimum_V_0_load, i18 %optimum_V_1_load, i18 %x_int_V_0_0101, i18 %x_int_V_1_0102, i18 %par_int_V_0_096, i18 %par_int_V_1_095, i18 %ref_int_V_0" [MPCwithMADS_fxd/MADS.cpp:22]   --->   Operation 304 'call' 'call_ret' <Predicate = true> <Delay = 7.30> <CoreType = "Generic">   --->   Core 0 '' <Latency = 0> <II = 1> <Delay = 1.00> <Generic> <Opcode : >

State 70 <SV = 69> <Delay = 7.30>
ST_70 : Operation 305 [9/72] (7.30ns)   --->   "%call_ret = call i64 @costFunction, i18 %optimum_V_0_load, i18 %optimum_V_1_load, i18 %x_int_V_0_0101, i18 %x_int_V_1_0102, i18 %par_int_V_0_096, i18 %par_int_V_1_095, i18 %ref_int_V_0" [MPCwithMADS_fxd/MADS.cpp:22]   --->   Operation 305 'call' 'call_ret' <Predicate = true> <Delay = 7.30> <CoreType = "Generic">   --->   Core 0 '' <Latency = 0> <II = 1> <Delay = 1.00> <Generic> <Opcode : >

State 71 <SV = 70> <Delay = 7.30>
ST_71 : Operation 306 [8/72] (7.30ns)   --->   "%call_ret = call i64 @costFunction, i18 %optimum_V_0_load, i18 %optimum_V_1_load, i18 %x_int_V_0_0101, i18 %x_int_V_1_0102, i18 %par_int_V_0_096, i18 %par_int_V_1_095, i18 %ref_int_V_0" [MPCwithMADS_fxd/MADS.cpp:22]   --->   Operation 306 'call' 'call_ret' <Predicate = true> <Delay = 7.30> <CoreType = "Generic">   --->   Core 0 '' <Latency = 0> <II = 1> <Delay = 1.00> <Generic> <Opcode : >

State 72 <SV = 71> <Delay = 7.30>
ST_72 : Operation 307 [7/72] (7.30ns)   --->   "%call_ret = call i64 @costFunction, i18 %optimum_V_0_load, i18 %optimum_V_1_load, i18 %x_int_V_0_0101, i18 %x_int_V_1_0102, i18 %par_int_V_0_096, i18 %par_int_V_1_095, i18 %ref_int_V_0" [MPCwithMADS_fxd/MADS.cpp:22]   --->   Operation 307 'call' 'call_ret' <Predicate = true> <Delay = 7.30> <CoreType = "Generic">   --->   Core 0 '' <Latency = 0> <II = 1> <Delay = 1.00> <Generic> <Opcode : >

State 73 <SV = 72> <Delay = 7.30>
ST_73 : Operation 308 [6/72] (7.30ns)   --->   "%call_ret = call i64 @costFunction, i18 %optimum_V_0_load, i18 %optimum_V_1_load, i18 %x_int_V_0_0101, i18 %x_int_V_1_0102, i18 %par_int_V_0_096, i18 %par_int_V_1_095, i18 %ref_int_V_0" [MPCwithMADS_fxd/MADS.cpp:22]   --->   Operation 308 'call' 'call_ret' <Predicate = true> <Delay = 7.30> <CoreType = "Generic">   --->   Core 0 '' <Latency = 0> <II = 1> <Delay = 1.00> <Generic> <Opcode : >

State 74 <SV = 73> <Delay = 7.30>
ST_74 : Operation 309 [5/72] (7.30ns)   --->   "%call_ret = call i64 @costFunction, i18 %optimum_V_0_load, i18 %optimum_V_1_load, i18 %x_int_V_0_0101, i18 %x_int_V_1_0102, i18 %par_int_V_0_096, i18 %par_int_V_1_095, i18 %ref_int_V_0" [MPCwithMADS_fxd/MADS.cpp:22]   --->   Operation 309 'call' 'call_ret' <Predicate = true> <Delay = 7.30> <CoreType = "Generic">   --->   Core 0 '' <Latency = 0> <II = 1> <Delay = 1.00> <Generic> <Opcode : >

State 75 <SV = 74> <Delay = 7.30>
ST_75 : Operation 310 [4/72] (7.30ns)   --->   "%call_ret = call i64 @costFunction, i18 %optimum_V_0_load, i18 %optimum_V_1_load, i18 %x_int_V_0_0101, i18 %x_int_V_1_0102, i18 %par_int_V_0_096, i18 %par_int_V_1_095, i18 %ref_int_V_0" [MPCwithMADS_fxd/MADS.cpp:22]   --->   Operation 310 'call' 'call_ret' <Predicate = true> <Delay = 7.30> <CoreType = "Generic">   --->   Core 0 '' <Latency = 0> <II = 1> <Delay = 1.00> <Generic> <Opcode : >

State 76 <SV = 75> <Delay = 7.30>
ST_76 : Operation 311 [3/72] (7.30ns)   --->   "%call_ret = call i64 @costFunction, i18 %optimum_V_0_load, i18 %optimum_V_1_load, i18 %x_int_V_0_0101, i18 %x_int_V_1_0102, i18 %par_int_V_0_096, i18 %par_int_V_1_095, i18 %ref_int_V_0" [MPCwithMADS_fxd/MADS.cpp:22]   --->   Operation 311 'call' 'call_ret' <Predicate = true> <Delay = 7.30> <CoreType = "Generic">   --->   Core 0 '' <Latency = 0> <II = 1> <Delay = 1.00> <Generic> <Opcode : >

State 77 <SV = 76> <Delay = 7.30>
ST_77 : Operation 312 [2/72] (7.30ns)   --->   "%call_ret = call i64 @costFunction, i18 %optimum_V_0_load, i18 %optimum_V_1_load, i18 %x_int_V_0_0101, i18 %x_int_V_1_0102, i18 %par_int_V_0_096, i18 %par_int_V_1_095, i18 %ref_int_V_0" [MPCwithMADS_fxd/MADS.cpp:22]   --->   Operation 312 'call' 'call_ret' <Predicate = true> <Delay = 7.30> <CoreType = "Generic">   --->   Core 0 '' <Latency = 0> <II = 1> <Delay = 1.00> <Generic> <Opcode : >

State 78 <SV = 77> <Delay = 6.95>
ST_78 : Operation 313 [1/72] (5.36ns)   --->   "%call_ret = call i64 @costFunction, i18 %optimum_V_0_load, i18 %optimum_V_1_load, i18 %x_int_V_0_0101, i18 %x_int_V_1_0102, i18 %par_int_V_0_096, i18 %par_int_V_1_095, i18 %ref_int_V_0" [MPCwithMADS_fxd/MADS.cpp:22]   --->   Operation 313 'call' 'call_ret' <Predicate = true> <Delay = 5.36> <CoreType = "Generic">   --->   Core 0 '' <Latency = 0> <II = 1> <Delay = 1.00> <Generic> <Opcode : >
ST_78 : Operation 314 [1/1] (0.00ns)   --->   "%initialCost_V_0 = extractvalue i64 %call_ret" [MPCwithMADS_fxd/MADS.cpp:22]   --->   Operation 314 'extractvalue' 'initialCost_V_0' <Predicate = true> <Delay = 0.00>
ST_78 : Operation 315 [1/1] (0.00ns)   --->   "%initialCost_V_1 = extractvalue i64 %call_ret" [MPCwithMADS_fxd/MADS.cpp:22]   --->   Operation 315 'extractvalue' 'initialCost_V_1' <Predicate = true> <Delay = 0.00>
ST_78 : Operation 316 [1/1] (1.58ns)   --->   "%store_ln25 = store i32 %initialCost_V_0, i32 %initialCost_V_0_1" [MPCwithMADS_fxd/MADS.cpp:25]   --->   Operation 316 'store' 'store_ln25' <Predicate = true> <Delay = 1.58>
ST_78 : Operation 317 [1/1] (1.58ns)   --->   "%store_ln25 = store i32 %initialCost_V_1, i32 %initialCost_V_1_1" [MPCwithMADS_fxd/MADS.cpp:25]   --->   Operation 317 'store' 'store_ln25' <Predicate = true> <Delay = 1.58>
ST_78 : Operation 318 [1/1] (1.58ns)   --->   "%br_ln25 = br void" [MPCwithMADS_fxd/MADS.cpp:25]   --->   Operation 318 'br' 'br_ln25' <Predicate = true> <Delay = 1.58>

State 79 <SV = 78> <Delay = 2.83>
ST_79 : Operation 319 [1/1] (0.00ns)   --->   "%i_8 = phi i3 0, void %._crit_edge, i3 %i_11, void %_Z25progressiveBarrierPollingP9ap_ufixedILi32ELi9EL9ap_q_mode5EL9ap_o_mode3ELi0EEP8ap_fixedILi18ELi2ELS0_5ELS1_3ELi0EEPA4_S5_P6ap_intILi6EEPS4_ILi18ELi7ELS0_5ELS1_3ELi0EESD_SD_.exit.i"   --->   Operation 319 'phi' 'i_8' <Predicate = true> <Delay = 0.00>
ST_79 : Operation 320 [1/1] (1.65ns)   --->   "%i_11 = add i3 %i_8, i3 1" [MPCwithMADS_fxd/MADS.cpp:25]   --->   Operation 320 'add' 'i_11' <Predicate = true> <Delay = 1.65> <CoreInst = "Adder">   --->   Core 1 'Adder' <Latency = 0> <II = 1> <Delay = 1.82> <FuncUnit> <Opcode : 'add' 'sub'> <InPorts = 2> <OutPorts = 1>
ST_79 : Operation 321 [1/1] (1.13ns)   --->   "%icmp_ln25 = icmp_eq  i3 %i_8, i3 7" [MPCwithMADS_fxd/MADS.cpp:25]   --->   Operation 321 'icmp' 'icmp_ln25' <Predicate = true> <Delay = 1.13> <CoreInst = "Cmp">   --->   Core 9 'Cmp' <Latency = 0> <II = 1> <Delay = 1.13> <FuncUnit> <Opcode : 'icmp'> <InPorts = 2> <OutPorts = 1>
ST_79 : Operation 322 [1/1] (0.00ns)   --->   "%empty_136 = speclooptripcount i32 @_ssdm_op_SpecLoopTripCount, i64 7, i64 7, i64 7"   --->   Operation 322 'speclooptripcount' 'empty_136' <Predicate = true> <Delay = 0.00>
ST_79 : Operation 323 [1/1] (0.00ns)   --->   "%br_ln25 = br i1 %icmp_ln25, void %.split5, void %_Z4MADSP8ap_fixedILi18ELi2EL9ap_q_mode5EL9ap_o_mode3ELi0EEPS_ILi18ELi7ELS0_5ELS1_3ELi0EES5_S5_.exit" [MPCwithMADS_fxd/MADS.cpp:25]   --->   Operation 323 'br' 'br_ln25' <Predicate = true> <Delay = 0.00>
ST_79 : Operation 324 [1/1] (0.00ns)   --->   "%specloopname_ln25 = specloopname void @_ssdm_op_SpecLoopName, void @empty_5" [MPCwithMADS_fxd/MADS.cpp:25]   --->   Operation 324 'specloopname' 'specloopname_ln25' <Predicate = (!icmp_ln25)> <Delay = 0.00>
ST_79 : Operation 325 [1/1] (1.58ns)   --->   "%br_ln28 = br void" [MPCwithMADS_fxd/MADS.cpp:28]   --->   Operation 325 'br' 'br_ln28' <Predicate = (!icmp_ln25)> <Delay = 1.58>
ST_79 : Operation 326 [1/1] (0.00ns)   --->   "%optimum_V_0_load_1 = load i18 %optimum_V_0"   --->   Operation 326 'load' 'optimum_V_0_load_1' <Predicate = (icmp_ln25)> <Delay = 0.00>
ST_79 : Operation 327 [1/1] (0.00ns)   --->   "%trunc_ln9 = partselect i12 @_ssdm_op_PartSelect.i12.i18.i32.i32, i18 %optimum_V_0_load_1, i32 6, i32 17"   --->   Operation 327 'partselect' 'trunc_ln9' <Predicate = (icmp_ln25)> <Delay = 0.00>
ST_79 : Operation 328 [1/1] (0.00ns)   --->   "%write_ln48 = write void @_ssdm_op_Write.ap_auto.i12P0A, i12 %uOpt, i12 %trunc_ln9" [MPCwithMADS_fxd/MPCwithMADS.cpp:48]   --->   Operation 328 'write' 'write_ln48' <Predicate = (icmp_ln25)> <Delay = 0.00>
ST_79 : Operation 329 [1/1] (0.00ns)   --->   "%optimum_V_1_load_1 = load i18 %optimum_V_1" [MPCwithMADS_fxd/shiftOpt.cpp:7]   --->   Operation 329 'load' 'optimum_V_1_load_1' <Predicate = (icmp_ln25)> <Delay = 0.00>
ST_79 : Operation 330 [1/1] (1.70ns)   --->   "%store_ln7 = store i18 %optimum_V_1_load_1, i18 %optimum_V_0" [MPCwithMADS_fxd/shiftOpt.cpp:7]   --->   Operation 330 'store' 'store_ln7' <Predicate = (icmp_ln25)> <Delay = 1.70>
ST_79 : Operation 331 [1/1] (0.00ns)   --->   "%ret_ln52 = ret" [MPCwithMADS_fxd/MPCwithMADS.cpp:52]   --->   Operation 331 'ret' 'ret_ln52' <Predicate = (icmp_ln25)> <Delay = 0.00>

State 80 <SV = 79> <Delay = 3.59>
ST_80 : Operation 332 [1/1] (0.00ns)   --->   "%i_9 = phi i2 0, void %.split5, i2 %add_ln28, void" [MPCwithMADS_fxd/MADS.cpp:28]   --->   Operation 332 'phi' 'i_9' <Predicate = true> <Delay = 0.00>
ST_80 : Operation 333 [1/1] (0.00ns)   --->   "%specpipeline_ln0 = specpipeline void @_ssdm_op_SpecPipeline, i32 4294967295, i32 0, i32 1, i32 0, void @p_str"   --->   Operation 333 'specpipeline' 'specpipeline_ln0' <Predicate = true> <Delay = 0.00>
ST_80 : Operation 334 [1/1] (0.95ns)   --->   "%icmp_ln28 = icmp_eq  i2 %i_9, i2 2" [MPCwithMADS_fxd/MADS.cpp:28]   --->   Operation 334 'icmp' 'icmp_ln28' <Predicate = true> <Delay = 0.95> <CoreInst = "Cmp">   --->   Core 9 'Cmp' <Latency = 0> <II = 1> <Delay = 1.13> <FuncUnit> <Opcode : 'icmp'> <InPorts = 2> <OutPorts = 1>
ST_80 : Operation 335 [1/1] (0.00ns)   --->   "%empty_137 = speclooptripcount i32 @_ssdm_op_SpecLoopTripCount, i64 1, i64 2, i64 1"   --->   Operation 335 'speclooptripcount' 'empty_137' <Predicate = true> <Delay = 0.00>
ST_80 : Operation 336 [1/1] (1.56ns)   --->   "%add_ln28 = add i2 %i_9, i2 1" [MPCwithMADS_fxd/MADS.cpp:28]   --->   Operation 336 'add' 'add_ln28' <Predicate = true> <Delay = 1.56> <CoreInst = "Adder">   --->   Core 1 'Adder' <Latency = 0> <II = 1> <Delay = 1.82> <FuncUnit> <Opcode : 'add' 'sub'> <InPorts = 2> <OutPorts = 1>
ST_80 : Operation 337 [1/1] (0.00ns)   --->   "%br_ln28 = br i1 %icmp_ln28, void %.split, void %.loopexit.i" [MPCwithMADS_fxd/MADS.cpp:28]   --->   Operation 337 'br' 'br_ln28' <Predicate = true> <Delay = 0.00>
ST_80 : Operation 338 [1/1] (0.00ns)   --->   "%frameIdx_V_0_2_load = load i6 %frameIdx_V_0_2"   --->   Operation 338 'load' 'frameIdx_V_0_2_load' <Predicate = (!icmp_ln28)> <Delay = 0.00>
ST_80 : Operation 339 [1/1] (0.00ns)   --->   "%frameIdx_V_1_2_load = load i6 %frameIdx_V_1_2"   --->   Operation 339 'load' 'frameIdx_V_1_2_load' <Predicate = (!icmp_ln28)> <Delay = 0.00>
ST_80 : Operation 340 [1/1] (0.00ns)   --->   "%specloopname_ln28 = specloopname void @_ssdm_op_SpecLoopName, void @empty_3" [MPCwithMADS_fxd/MADS.cpp:28]   --->   Operation 340 'specloopname' 'specloopname_ln28' <Predicate = (!icmp_ln28)> <Delay = 0.00>
ST_80 : Operation 341 [1/1] (0.00ns)   --->   "%trunc_ln878 = trunc i2 %i_9"   --->   Operation 341 'trunc' 'trunc_ln878' <Predicate = (!icmp_ln28)> <Delay = 0.00>
ST_80 : Operation 342 [1/1] (1.18ns)   --->   "%select_ln878 = select i1 %trunc_ln878, i6 %frameIdx_V_1_2_load, i6 %frameIdx_V_0_2_load"   --->   Operation 342 'select' 'select_ln878' <Predicate = (!icmp_ln28)> <Delay = 1.18> <CoreInst = "Sel">   --->   Core 73 'Sel' <Latency = 0> <II = 1> <Delay = 1.18> <FuncUnit> <Opcode : 'select'> <InPorts = 3> <OutPorts = 1>
ST_80 : Operation 343 [1/1] (1.42ns)   --->   "%icmp_ln878 = icmp_slt  i6 %select_ln878, i6 52"   --->   Operation 343 'icmp' 'icmp_ln878' <Predicate = (!icmp_ln28)> <Delay = 1.42> <CoreInst = "Cmp">   --->   Core 9 'Cmp' <Latency = 0> <II = 1> <Delay = 1.13> <FuncUnit> <Opcode : 'icmp'> <InPorts = 2> <OutPorts = 1>
ST_80 : Operation 344 [1/1] (0.00ns)   --->   "%br_ln29 = br i1 %icmp_ln878, void, void %.loopexit.i" [MPCwithMADS_fxd/MADS.cpp:29]   --->   Operation 344 'br' 'br_ln29' <Predicate = (!icmp_ln28)> <Delay = 0.00>
ST_80 : Operation 345 [1/1] (0.00ns)   --->   "%meshIdx_V_1_load_1 = load i6 %meshIdx_V_1" [MPCwithMADS_fxd/MADS.cpp:32]   --->   Operation 345 'load' 'meshIdx_V_1_load_1' <Predicate = (!icmp_ln28 & !icmp_ln878)> <Delay = 0.00>
ST_80 : Operation 346 [1/1] (0.00ns)   --->   "%meshIdx_V_1_3_load_1 = load i6 %meshIdx_V_1_3" [MPCwithMADS_fxd/MADS.cpp:32]   --->   Operation 346 'load' 'meshIdx_V_1_3_load_1' <Predicate = (!icmp_ln28 & !icmp_ln878)> <Delay = 0.00>
ST_80 : Operation 347 [1/1] (0.00ns) (grouped into LUT with out node meshIdx_V_0)   --->   "%tmp = bitselect i1 @_ssdm_op_BitSelect.i1.i6.i32, i6 %select_ln878, i32 5"   --->   Operation 347 'bitselect' 'tmp' <Predicate = (!icmp_ln28 & !icmp_ln878)> <Delay = 0.00>
ST_80 : Operation 348 [1/1] (0.00ns) (grouped into LUT with out node meshIdx_V_0)   --->   "%shl_ln69 = shl i6 %select_ln878, i6 1"   --->   Operation 348 'shl' 'shl_ln69' <Predicate = (!icmp_ln28 & !icmp_ln878)> <Delay = 0.00>
ST_80 : Operation 349 [1/1] (1.18ns) (out node of the LUT)   --->   "%meshIdx_V_0 = select i1 %tmp, i6 %shl_ln69, i6 %select_ln878" [MPCwithMADS_fxd/MADS.cpp:31]   --->   Operation 349 'select' 'meshIdx_V_0' <Predicate = (!icmp_ln28 & !icmp_ln878)> <Delay = 1.18> <CoreInst = "Sel">   --->   Core 73 'Sel' <Latency = 0> <II = 1> <Delay = 1.18> <FuncUnit> <Opcode : 'select'> <InPorts = 3> <OutPorts = 1>
ST_80 : Operation 350 [1/1] (1.18ns)   --->   "%meshIdx_V_1_5 = select i1 %trunc_ln878, i6 %meshIdx_V_0, i6 %meshIdx_V_1_3_load_1" [MPCwithMADS_fxd/MADS.cpp:32]   --->   Operation 350 'select' 'meshIdx_V_1_5' <Predicate = (!icmp_ln28 & !icmp_ln878)> <Delay = 1.18> <CoreInst = "Sel">   --->   Core 73 'Sel' <Latency = 0> <II = 1> <Delay = 1.18> <FuncUnit> <Opcode : 'select'> <InPorts = 3> <OutPorts = 1>
ST_80 : Operation 351 [1/1] (1.18ns)   --->   "%meshIdx_V_1_6 = select i1 %trunc_ln878, i6 %meshIdx_V_1_load_1, i6 %meshIdx_V_0" [MPCwithMADS_fxd/MADS.cpp:32]   --->   Operation 351 'select' 'meshIdx_V_1_6' <Predicate = (!icmp_ln28 & !icmp_ln878)> <Delay = 1.18> <CoreInst = "Sel">   --->   Core 73 'Sel' <Latency = 0> <II = 1> <Delay = 1.18> <FuncUnit> <Opcode : 'select'> <InPorts = 3> <OutPorts = 1>
ST_80 : Operation 352 [1/1] (0.00ns)   --->   "%store_ln32 = store i6 %meshIdx_V_1_5, i6 %meshIdx_V_1_3" [MPCwithMADS_fxd/MADS.cpp:32]   --->   Operation 352 'store' 'store_ln32' <Predicate = (!icmp_ln28 & !icmp_ln878)> <Delay = 0.00>
ST_80 : Operation 353 [1/1] (0.00ns)   --->   "%store_ln32 = store i6 %meshIdx_V_1_6, i6 %meshIdx_V_1" [MPCwithMADS_fxd/MADS.cpp:32]   --->   Operation 353 'store' 'store_ln32' <Predicate = (!icmp_ln28 & !icmp_ln878)> <Delay = 0.00>
ST_80 : Operation 354 [1/1] (0.00ns)   --->   "%br_ln0 = br void"   --->   Operation 354 'br' 'br_ln0' <Predicate = (!icmp_ln28 & !icmp_ln878)> <Delay = 0.00>

State 81 <SV = 80> <Delay = 0.00>
ST_81 : Operation 355 [1/1] (0.00ns)   --->   "%frameIdx_V_0_2_load_1 = load i6 %frameIdx_V_0_2" [MPCwithMADS_fxd/MADS.cpp:38]   --->   Operation 355 'load' 'frameIdx_V_0_2_load_1' <Predicate = true> <Delay = 0.00>
ST_81 : Operation 356 [1/1] (0.00ns)   --->   "%frameIdx_V_1_2_load_1 = load i6 %frameIdx_V_1_2" [MPCwithMADS_fxd/MADS.cpp:38]   --->   Operation 356 'load' 'frameIdx_V_1_2_load_1' <Predicate = true> <Delay = 0.00>
ST_81 : Operation 357 [1/1] (0.00ns)   --->   "%meshIdx_V_1_load = load i6 %meshIdx_V_1" [MPCwithMADS_fxd/MADS.cpp:38]   --->   Operation 357 'load' 'meshIdx_V_1_load' <Predicate = true> <Delay = 0.00>
ST_81 : Operation 358 [1/1] (0.00ns)   --->   "%meshIdx_V_1_3_load = load i6 %meshIdx_V_1_3" [MPCwithMADS_fxd/MADS.cpp:38]   --->   Operation 358 'load' 'meshIdx_V_1_3_load' <Predicate = true> <Delay = 0.00>
ST_81 : Operation 359 [2/2] (0.00ns)   --->   "%call_ln38 = call void @generatePollMatrix, i6 %frameIdx_V_0_2_load_1, i6 %frameIdx_V_1_2_load_1, i6 %meshIdx_V_1_load, i6 %meshIdx_V_1_3_load, i18 %pollMatrix_i, i18 %optimum_V_0, i18 %optimum_V_1, i20 %R1_V, i20 %R2_V" [MPCwithMADS_fxd/MADS.cpp:38]   --->   Operation 359 'call' 'call_ln38' <Predicate = true> <Delay = 0.00> <CoreType = "Generic">   --->   Core 0 '' <Latency = 0> <II = 1> <Delay = 1.00> <Generic> <Opcode : >

State 82 <SV = 81> <Delay = 1.58>
ST_82 : Operation 360 [1/2] (0.00ns)   --->   "%call_ln38 = call void @generatePollMatrix, i6 %frameIdx_V_0_2_load_1, i6 %frameIdx_V_1_2_load_1, i6 %meshIdx_V_1_load, i6 %meshIdx_V_1_3_load, i18 %pollMatrix_i, i18 %optimum_V_0, i18 %optimum_V_1, i20 %R1_V, i20 %R2_V" [MPCwithMADS_fxd/MADS.cpp:38]   --->   Operation 360 'call' 'call_ln38' <Predicate = true> <Delay = 0.00> <CoreType = "Generic">   --->   Core 0 '' <Latency = 0> <II = 1> <Delay = 1.00> <Generic> <Opcode : >
ST_82 : Operation 361 [1/1] (1.58ns)   --->   "%br_ln17 = br void" [MPCwithMADS_fxd/progressiveBarrierPolling.cpp:17]   --->   Operation 361 'br' 'br_ln17' <Predicate = true> <Delay = 1.58>

State 83 <SV = 82> <Delay = 3.28>
ST_83 : Operation 362 [1/1] (0.00ns)   --->   "%i_10 = phi i3 0, void %.loopexit.i, i3 %add_ln17, void %.split3._crit_edge" [MPCwithMADS_fxd/progressiveBarrierPolling.cpp:17]   --->   Operation 362 'phi' 'i_10' <Predicate = true> <Delay = 0.00>
ST_83 : Operation 363 [1/1] (1.65ns)   --->   "%add_ln17 = add i3 %i_10, i3 1" [MPCwithMADS_fxd/progressiveBarrierPolling.cpp:17]   --->   Operation 363 'add' 'add_ln17' <Predicate = true> <Delay = 1.65> <CoreInst = "Adder">   --->   Core 1 'Adder' <Latency = 0> <II = 1> <Delay = 1.82> <FuncUnit> <Opcode : 'add' 'sub'> <InPorts = 2> <OutPorts = 1>
ST_83 : Operation 364 [1/1] (1.13ns)   --->   "%icmp_ln17 = icmp_eq  i3 %i_10, i3 4" [MPCwithMADS_fxd/progressiveBarrierPolling.cpp:17]   --->   Operation 364 'icmp' 'icmp_ln17' <Predicate = true> <Delay = 1.13> <CoreInst = "Cmp">   --->   Core 9 'Cmp' <Latency = 0> <II = 1> <Delay = 1.13> <FuncUnit> <Opcode : 'icmp'> <InPorts = 2> <OutPorts = 1>
ST_83 : Operation 365 [1/1] (0.00ns)   --->   "%empty_138 = speclooptripcount i32 @_ssdm_op_SpecLoopTripCount, i64 4, i64 4, i64 4"   --->   Operation 365 'speclooptripcount' 'empty_138' <Predicate = true> <Delay = 0.00>
ST_83 : Operation 366 [1/1] (0.00ns)   --->   "%br_ln17 = br i1 %icmp_ln17, void %.split3, void" [MPCwithMADS_fxd/progressiveBarrierPolling.cpp:17]   --->   Operation 366 'br' 'br_ln17' <Predicate = true> <Delay = 0.00>
ST_83 : Operation 367 [1/1] (0.00ns)   --->   "%zext_ln17 = zext i3 %i_10" [MPCwithMADS_fxd/progressiveBarrierPolling.cpp:17]   --->   Operation 367 'zext' 'zext_ln17' <Predicate = (!icmp_ln17)> <Delay = 0.00>
ST_83 : Operation 368 [1/1] (0.00ns)   --->   "%pollMatrix_i_addr = getelementptr i18 %pollMatrix_i, i64 0, i64 %zext_ln17" [MPCwithMADS_fxd/progressiveBarrierPolling.cpp:24]   --->   Operation 368 'getelementptr' 'pollMatrix_i_addr' <Predicate = (!icmp_ln17)> <Delay = 0.00>
ST_83 : Operation 369 [1/1] (0.96ns)   --->   "%xor_ln24 = xor i3 %i_10, i3 4" [MPCwithMADS_fxd/progressiveBarrierPolling.cpp:24]   --->   Operation 369 'xor' 'xor_ln24' <Predicate = (!icmp_ln17)> <Delay = 0.96> <CoreInst = "LogicGate">   --->   Core 74 'LogicGate' <Latency = 0> <II = 1> <Delay = 0.97> <FuncUnit> <Opcode : 'and' 'or' 'xor'> <InPorts = 2> <OutPorts = 1>
ST_83 : Operation 370 [1/1] (0.00ns)   --->   "%zext_ln24 = zext i3 %xor_ln24" [MPCwithMADS_fxd/progressiveBarrierPolling.cpp:24]   --->   Operation 370 'zext' 'zext_ln24' <Predicate = (!icmp_ln17)> <Delay = 0.00>
ST_83 : Operation 371 [1/1] (0.00ns)   --->   "%pollMatrix_i_addr_1 = getelementptr i18 %pollMatrix_i, i64 0, i64 %zext_ln24" [MPCwithMADS_fxd/progressiveBarrierPolling.cpp:24]   --->   Operation 371 'getelementptr' 'pollMatrix_i_addr_1' <Predicate = (!icmp_ln17)> <Delay = 0.00>
ST_83 : Operation 372 [2/2] (2.32ns)   --->   "%testPoint_V_0 = load i3 %pollMatrix_i_addr" [MPCwithMADS_fxd/progressiveBarrierPolling.cpp:24]   --->   Operation 372 'load' 'testPoint_V_0' <Predicate = (!icmp_ln17)> <Delay = 2.32> <CoreInst = "RAM">   --->   Core 82 'RAM' <Latency = 1> <II = 1> <Delay = 2.32> <Storage> <Opcode : 'load' 'store'> <Ports = 2> <Width = 18> <Depth = 8> <RAM>
ST_83 : Operation 373 [2/2] (2.32ns)   --->   "%testPoint_V_1 = load i3 %pollMatrix_i_addr_1" [MPCwithMADS_fxd/progressiveBarrierPolling.cpp:24]   --->   Operation 373 'load' 'testPoint_V_1' <Predicate = (!icmp_ln17)> <Delay = 2.32> <CoreInst = "RAM">   --->   Core 82 'RAM' <Latency = 1> <II = 1> <Delay = 2.32> <Storage> <Opcode : 'load' 'store'> <Ports = 2> <Width = 18> <Depth = 8> <RAM>
ST_83 : Operation 374 [1/1] (0.00ns)   --->   "%br_ln0 = br void"   --->   Operation 374 'br' 'br_ln0' <Predicate = (!icmp_ln17)> <Delay = 0.00>

State 84 <SV = 83> <Delay = 2.32>
ST_84 : Operation 375 [1/2] (2.32ns)   --->   "%testPoint_V_0 = load i3 %pollMatrix_i_addr" [MPCwithMADS_fxd/progressiveBarrierPolling.cpp:24]   --->   Operation 375 'load' 'testPoint_V_0' <Predicate = true> <Delay = 2.32> <CoreInst = "RAM">   --->   Core 82 'RAM' <Latency = 1> <II = 1> <Delay = 2.32> <Storage> <Opcode : 'load' 'store'> <Ports = 2> <Width = 18> <Depth = 8> <RAM>
ST_84 : Operation 376 [1/2] (2.32ns)   --->   "%testPoint_V_1 = load i3 %pollMatrix_i_addr_1" [MPCwithMADS_fxd/progressiveBarrierPolling.cpp:24]   --->   Operation 376 'load' 'testPoint_V_1' <Predicate = true> <Delay = 2.32> <CoreInst = "RAM">   --->   Core 82 'RAM' <Latency = 1> <II = 1> <Delay = 2.32> <Storage> <Opcode : 'load' 'store'> <Ports = 2> <Width = 18> <Depth = 8> <RAM>

State 85 <SV = 84> <Delay = 6.20>
ST_85 : Operation 377 [72/72] (6.20ns)   --->   "%call_ret1 = call i64 @costFunction, i18 %testPoint_V_0, i18 %testPoint_V_1, i18 %x_int_V_0_0101, i18 %x_int_V_1_0102, i18 %par_int_V_0_096, i18 %par_int_V_1_095, i18 %ref_int_V_0" [MPCwithMADS_fxd/progressiveBarrierPolling.cpp:28]   --->   Operation 377 'call' 'call_ret1' <Predicate = true> <Delay = 6.20> <CoreType = "Generic">   --->   Core 0 '' <Latency = 0> <II = 1> <Delay = 1.00> <Generic> <Opcode : >

State 86 <SV = 85> <Delay = 7.30>
ST_86 : Operation 378 [71/72] (7.30ns)   --->   "%call_ret1 = call i64 @costFunction, i18 %testPoint_V_0, i18 %testPoint_V_1, i18 %x_int_V_0_0101, i18 %x_int_V_1_0102, i18 %par_int_V_0_096, i18 %par_int_V_1_095, i18 %ref_int_V_0" [MPCwithMADS_fxd/progressiveBarrierPolling.cpp:28]   --->   Operation 378 'call' 'call_ret1' <Predicate = true> <Delay = 7.30> <CoreType = "Generic">   --->   Core 0 '' <Latency = 0> <II = 1> <Delay = 1.00> <Generic> <Opcode : >

State 87 <SV = 86> <Delay = 7.30>
ST_87 : Operation 379 [70/72] (7.30ns)   --->   "%call_ret1 = call i64 @costFunction, i18 %testPoint_V_0, i18 %testPoint_V_1, i18 %x_int_V_0_0101, i18 %x_int_V_1_0102, i18 %par_int_V_0_096, i18 %par_int_V_1_095, i18 %ref_int_V_0" [MPCwithMADS_fxd/progressiveBarrierPolling.cpp:28]   --->   Operation 379 'call' 'call_ret1' <Predicate = true> <Delay = 7.30> <CoreType = "Generic">   --->   Core 0 '' <Latency = 0> <II = 1> <Delay = 1.00> <Generic> <Opcode : >

State 88 <SV = 87> <Delay = 7.30>
ST_88 : Operation 380 [69/72] (7.30ns)   --->   "%call_ret1 = call i64 @costFunction, i18 %testPoint_V_0, i18 %testPoint_V_1, i18 %x_int_V_0_0101, i18 %x_int_V_1_0102, i18 %par_int_V_0_096, i18 %par_int_V_1_095, i18 %ref_int_V_0" [MPCwithMADS_fxd/progressiveBarrierPolling.cpp:28]   --->   Operation 380 'call' 'call_ret1' <Predicate = true> <Delay = 7.30> <CoreType = "Generic">   --->   Core 0 '' <Latency = 0> <II = 1> <Delay = 1.00> <Generic> <Opcode : >

State 89 <SV = 88> <Delay = 7.30>
ST_89 : Operation 381 [68/72] (7.30ns)   --->   "%call_ret1 = call i64 @costFunction, i18 %testPoint_V_0, i18 %testPoint_V_1, i18 %x_int_V_0_0101, i18 %x_int_V_1_0102, i18 %par_int_V_0_096, i18 %par_int_V_1_095, i18 %ref_int_V_0" [MPCwithMADS_fxd/progressiveBarrierPolling.cpp:28]   --->   Operation 381 'call' 'call_ret1' <Predicate = true> <Delay = 7.30> <CoreType = "Generic">   --->   Core 0 '' <Latency = 0> <II = 1> <Delay = 1.00> <Generic> <Opcode : >

State 90 <SV = 89> <Delay = 7.30>
ST_90 : Operation 382 [67/72] (7.30ns)   --->   "%call_ret1 = call i64 @costFunction, i18 %testPoint_V_0, i18 %testPoint_V_1, i18 %x_int_V_0_0101, i18 %x_int_V_1_0102, i18 %par_int_V_0_096, i18 %par_int_V_1_095, i18 %ref_int_V_0" [MPCwithMADS_fxd/progressiveBarrierPolling.cpp:28]   --->   Operation 382 'call' 'call_ret1' <Predicate = true> <Delay = 7.30> <CoreType = "Generic">   --->   Core 0 '' <Latency = 0> <II = 1> <Delay = 1.00> <Generic> <Opcode : >

State 91 <SV = 90> <Delay = 7.30>
ST_91 : Operation 383 [66/72] (7.30ns)   --->   "%call_ret1 = call i64 @costFunction, i18 %testPoint_V_0, i18 %testPoint_V_1, i18 %x_int_V_0_0101, i18 %x_int_V_1_0102, i18 %par_int_V_0_096, i18 %par_int_V_1_095, i18 %ref_int_V_0" [MPCwithMADS_fxd/progressiveBarrierPolling.cpp:28]   --->   Operation 383 'call' 'call_ret1' <Predicate = true> <Delay = 7.30> <CoreType = "Generic">   --->   Core 0 '' <Latency = 0> <II = 1> <Delay = 1.00> <Generic> <Opcode : >

State 92 <SV = 91> <Delay = 7.30>
ST_92 : Operation 384 [65/72] (7.30ns)   --->   "%call_ret1 = call i64 @costFunction, i18 %testPoint_V_0, i18 %testPoint_V_1, i18 %x_int_V_0_0101, i18 %x_int_V_1_0102, i18 %par_int_V_0_096, i18 %par_int_V_1_095, i18 %ref_int_V_0" [MPCwithMADS_fxd/progressiveBarrierPolling.cpp:28]   --->   Operation 384 'call' 'call_ret1' <Predicate = true> <Delay = 7.30> <CoreType = "Generic">   --->   Core 0 '' <Latency = 0> <II = 1> <Delay = 1.00> <Generic> <Opcode : >

State 93 <SV = 92> <Delay = 7.30>
ST_93 : Operation 385 [64/72] (7.30ns)   --->   "%call_ret1 = call i64 @costFunction, i18 %testPoint_V_0, i18 %testPoint_V_1, i18 %x_int_V_0_0101, i18 %x_int_V_1_0102, i18 %par_int_V_0_096, i18 %par_int_V_1_095, i18 %ref_int_V_0" [MPCwithMADS_fxd/progressiveBarrierPolling.cpp:28]   --->   Operation 385 'call' 'call_ret1' <Predicate = true> <Delay = 7.30> <CoreType = "Generic">   --->   Core 0 '' <Latency = 0> <II = 1> <Delay = 1.00> <Generic> <Opcode : >

State 94 <SV = 93> <Delay = 7.30>
ST_94 : Operation 386 [63/72] (7.30ns)   --->   "%call_ret1 = call i64 @costFunction, i18 %testPoint_V_0, i18 %testPoint_V_1, i18 %x_int_V_0_0101, i18 %x_int_V_1_0102, i18 %par_int_V_0_096, i18 %par_int_V_1_095, i18 %ref_int_V_0" [MPCwithMADS_fxd/progressiveBarrierPolling.cpp:28]   --->   Operation 386 'call' 'call_ret1' <Predicate = true> <Delay = 7.30> <CoreType = "Generic">   --->   Core 0 '' <Latency = 0> <II = 1> <Delay = 1.00> <Generic> <Opcode : >

State 95 <SV = 94> <Delay = 7.30>
ST_95 : Operation 387 [62/72] (7.30ns)   --->   "%call_ret1 = call i64 @costFunction, i18 %testPoint_V_0, i18 %testPoint_V_1, i18 %x_int_V_0_0101, i18 %x_int_V_1_0102, i18 %par_int_V_0_096, i18 %par_int_V_1_095, i18 %ref_int_V_0" [MPCwithMADS_fxd/progressiveBarrierPolling.cpp:28]   --->   Operation 387 'call' 'call_ret1' <Predicate = true> <Delay = 7.30> <CoreType = "Generic">   --->   Core 0 '' <Latency = 0> <II = 1> <Delay = 1.00> <Generic> <Opcode : >

State 96 <SV = 95> <Delay = 7.30>
ST_96 : Operation 388 [61/72] (7.30ns)   --->   "%call_ret1 = call i64 @costFunction, i18 %testPoint_V_0, i18 %testPoint_V_1, i18 %x_int_V_0_0101, i18 %x_int_V_1_0102, i18 %par_int_V_0_096, i18 %par_int_V_1_095, i18 %ref_int_V_0" [MPCwithMADS_fxd/progressiveBarrierPolling.cpp:28]   --->   Operation 388 'call' 'call_ret1' <Predicate = true> <Delay = 7.30> <CoreType = "Generic">   --->   Core 0 '' <Latency = 0> <II = 1> <Delay = 1.00> <Generic> <Opcode : >

State 97 <SV = 96> <Delay = 7.30>
ST_97 : Operation 389 [60/72] (7.30ns)   --->   "%call_ret1 = call i64 @costFunction, i18 %testPoint_V_0, i18 %testPoint_V_1, i18 %x_int_V_0_0101, i18 %x_int_V_1_0102, i18 %par_int_V_0_096, i18 %par_int_V_1_095, i18 %ref_int_V_0" [MPCwithMADS_fxd/progressiveBarrierPolling.cpp:28]   --->   Operation 389 'call' 'call_ret1' <Predicate = true> <Delay = 7.30> <CoreType = "Generic">   --->   Core 0 '' <Latency = 0> <II = 1> <Delay = 1.00> <Generic> <Opcode : >

State 98 <SV = 97> <Delay = 7.30>
ST_98 : Operation 390 [59/72] (7.30ns)   --->   "%call_ret1 = call i64 @costFunction, i18 %testPoint_V_0, i18 %testPoint_V_1, i18 %x_int_V_0_0101, i18 %x_int_V_1_0102, i18 %par_int_V_0_096, i18 %par_int_V_1_095, i18 %ref_int_V_0" [MPCwithMADS_fxd/progressiveBarrierPolling.cpp:28]   --->   Operation 390 'call' 'call_ret1' <Predicate = true> <Delay = 7.30> <CoreType = "Generic">   --->   Core 0 '' <Latency = 0> <II = 1> <Delay = 1.00> <Generic> <Opcode : >

State 99 <SV = 98> <Delay = 7.30>
ST_99 : Operation 391 [58/72] (7.30ns)   --->   "%call_ret1 = call i64 @costFunction, i18 %testPoint_V_0, i18 %testPoint_V_1, i18 %x_int_V_0_0101, i18 %x_int_V_1_0102, i18 %par_int_V_0_096, i18 %par_int_V_1_095, i18 %ref_int_V_0" [MPCwithMADS_fxd/progressiveBarrierPolling.cpp:28]   --->   Operation 391 'call' 'call_ret1' <Predicate = true> <Delay = 7.30> <CoreType = "Generic">   --->   Core 0 '' <Latency = 0> <II = 1> <Delay = 1.00> <Generic> <Opcode : >

State 100 <SV = 99> <Delay = 7.30>
ST_100 : Operation 392 [57/72] (7.30ns)   --->   "%call_ret1 = call i64 @costFunction, i18 %testPoint_V_0, i18 %testPoint_V_1, i18 %x_int_V_0_0101, i18 %x_int_V_1_0102, i18 %par_int_V_0_096, i18 %par_int_V_1_095, i18 %ref_int_V_0" [MPCwithMADS_fxd/progressiveBarrierPolling.cpp:28]   --->   Operation 392 'call' 'call_ret1' <Predicate = true> <Delay = 7.30> <CoreType = "Generic">   --->   Core 0 '' <Latency = 0> <II = 1> <Delay = 1.00> <Generic> <Opcode : >

State 101 <SV = 100> <Delay = 7.30>
ST_101 : Operation 393 [56/72] (7.30ns)   --->   "%call_ret1 = call i64 @costFunction, i18 %testPoint_V_0, i18 %testPoint_V_1, i18 %x_int_V_0_0101, i18 %x_int_V_1_0102, i18 %par_int_V_0_096, i18 %par_int_V_1_095, i18 %ref_int_V_0" [MPCwithMADS_fxd/progressiveBarrierPolling.cpp:28]   --->   Operation 393 'call' 'call_ret1' <Predicate = true> <Delay = 7.30> <CoreType = "Generic">   --->   Core 0 '' <Latency = 0> <II = 1> <Delay = 1.00> <Generic> <Opcode : >

State 102 <SV = 101> <Delay = 7.30>
ST_102 : Operation 394 [55/72] (7.30ns)   --->   "%call_ret1 = call i64 @costFunction, i18 %testPoint_V_0, i18 %testPoint_V_1, i18 %x_int_V_0_0101, i18 %x_int_V_1_0102, i18 %par_int_V_0_096, i18 %par_int_V_1_095, i18 %ref_int_V_0" [MPCwithMADS_fxd/progressiveBarrierPolling.cpp:28]   --->   Operation 394 'call' 'call_ret1' <Predicate = true> <Delay = 7.30> <CoreType = "Generic">   --->   Core 0 '' <Latency = 0> <II = 1> <Delay = 1.00> <Generic> <Opcode : >

State 103 <SV = 102> <Delay = 7.30>
ST_103 : Operation 395 [54/72] (7.30ns)   --->   "%call_ret1 = call i64 @costFunction, i18 %testPoint_V_0, i18 %testPoint_V_1, i18 %x_int_V_0_0101, i18 %x_int_V_1_0102, i18 %par_int_V_0_096, i18 %par_int_V_1_095, i18 %ref_int_V_0" [MPCwithMADS_fxd/progressiveBarrierPolling.cpp:28]   --->   Operation 395 'call' 'call_ret1' <Predicate = true> <Delay = 7.30> <CoreType = "Generic">   --->   Core 0 '' <Latency = 0> <II = 1> <Delay = 1.00> <Generic> <Opcode : >

State 104 <SV = 103> <Delay = 7.30>
ST_104 : Operation 396 [53/72] (7.30ns)   --->   "%call_ret1 = call i64 @costFunction, i18 %testPoint_V_0, i18 %testPoint_V_1, i18 %x_int_V_0_0101, i18 %x_int_V_1_0102, i18 %par_int_V_0_096, i18 %par_int_V_1_095, i18 %ref_int_V_0" [MPCwithMADS_fxd/progressiveBarrierPolling.cpp:28]   --->   Operation 396 'call' 'call_ret1' <Predicate = true> <Delay = 7.30> <CoreType = "Generic">   --->   Core 0 '' <Latency = 0> <II = 1> <Delay = 1.00> <Generic> <Opcode : >

State 105 <SV = 104> <Delay = 7.30>
ST_105 : Operation 397 [52/72] (7.30ns)   --->   "%call_ret1 = call i64 @costFunction, i18 %testPoint_V_0, i18 %testPoint_V_1, i18 %x_int_V_0_0101, i18 %x_int_V_1_0102, i18 %par_int_V_0_096, i18 %par_int_V_1_095, i18 %ref_int_V_0" [MPCwithMADS_fxd/progressiveBarrierPolling.cpp:28]   --->   Operation 397 'call' 'call_ret1' <Predicate = true> <Delay = 7.30> <CoreType = "Generic">   --->   Core 0 '' <Latency = 0> <II = 1> <Delay = 1.00> <Generic> <Opcode : >

State 106 <SV = 105> <Delay = 7.30>
ST_106 : Operation 398 [51/72] (7.30ns)   --->   "%call_ret1 = call i64 @costFunction, i18 %testPoint_V_0, i18 %testPoint_V_1, i18 %x_int_V_0_0101, i18 %x_int_V_1_0102, i18 %par_int_V_0_096, i18 %par_int_V_1_095, i18 %ref_int_V_0" [MPCwithMADS_fxd/progressiveBarrierPolling.cpp:28]   --->   Operation 398 'call' 'call_ret1' <Predicate = true> <Delay = 7.30> <CoreType = "Generic">   --->   Core 0 '' <Latency = 0> <II = 1> <Delay = 1.00> <Generic> <Opcode : >

State 107 <SV = 106> <Delay = 7.30>
ST_107 : Operation 399 [50/72] (7.30ns)   --->   "%call_ret1 = call i64 @costFunction, i18 %testPoint_V_0, i18 %testPoint_V_1, i18 %x_int_V_0_0101, i18 %x_int_V_1_0102, i18 %par_int_V_0_096, i18 %par_int_V_1_095, i18 %ref_int_V_0" [MPCwithMADS_fxd/progressiveBarrierPolling.cpp:28]   --->   Operation 399 'call' 'call_ret1' <Predicate = true> <Delay = 7.30> <CoreType = "Generic">   --->   Core 0 '' <Latency = 0> <II = 1> <Delay = 1.00> <Generic> <Opcode : >

State 108 <SV = 107> <Delay = 7.30>
ST_108 : Operation 400 [49/72] (7.30ns)   --->   "%call_ret1 = call i64 @costFunction, i18 %testPoint_V_0, i18 %testPoint_V_1, i18 %x_int_V_0_0101, i18 %x_int_V_1_0102, i18 %par_int_V_0_096, i18 %par_int_V_1_095, i18 %ref_int_V_0" [MPCwithMADS_fxd/progressiveBarrierPolling.cpp:28]   --->   Operation 400 'call' 'call_ret1' <Predicate = true> <Delay = 7.30> <CoreType = "Generic">   --->   Core 0 '' <Latency = 0> <II = 1> <Delay = 1.00> <Generic> <Opcode : >

State 109 <SV = 108> <Delay = 7.30>
ST_109 : Operation 401 [48/72] (7.30ns)   --->   "%call_ret1 = call i64 @costFunction, i18 %testPoint_V_0, i18 %testPoint_V_1, i18 %x_int_V_0_0101, i18 %x_int_V_1_0102, i18 %par_int_V_0_096, i18 %par_int_V_1_095, i18 %ref_int_V_0" [MPCwithMADS_fxd/progressiveBarrierPolling.cpp:28]   --->   Operation 401 'call' 'call_ret1' <Predicate = true> <Delay = 7.30> <CoreType = "Generic">   --->   Core 0 '' <Latency = 0> <II = 1> <Delay = 1.00> <Generic> <Opcode : >

State 110 <SV = 109> <Delay = 7.30>
ST_110 : Operation 402 [47/72] (7.30ns)   --->   "%call_ret1 = call i64 @costFunction, i18 %testPoint_V_0, i18 %testPoint_V_1, i18 %x_int_V_0_0101, i18 %x_int_V_1_0102, i18 %par_int_V_0_096, i18 %par_int_V_1_095, i18 %ref_int_V_0" [MPCwithMADS_fxd/progressiveBarrierPolling.cpp:28]   --->   Operation 402 'call' 'call_ret1' <Predicate = true> <Delay = 7.30> <CoreType = "Generic">   --->   Core 0 '' <Latency = 0> <II = 1> <Delay = 1.00> <Generic> <Opcode : >

State 111 <SV = 110> <Delay = 7.30>
ST_111 : Operation 403 [46/72] (7.30ns)   --->   "%call_ret1 = call i64 @costFunction, i18 %testPoint_V_0, i18 %testPoint_V_1, i18 %x_int_V_0_0101, i18 %x_int_V_1_0102, i18 %par_int_V_0_096, i18 %par_int_V_1_095, i18 %ref_int_V_0" [MPCwithMADS_fxd/progressiveBarrierPolling.cpp:28]   --->   Operation 403 'call' 'call_ret1' <Predicate = true> <Delay = 7.30> <CoreType = "Generic">   --->   Core 0 '' <Latency = 0> <II = 1> <Delay = 1.00> <Generic> <Opcode : >

State 112 <SV = 111> <Delay = 7.30>
ST_112 : Operation 404 [45/72] (7.30ns)   --->   "%call_ret1 = call i64 @costFunction, i18 %testPoint_V_0, i18 %testPoint_V_1, i18 %x_int_V_0_0101, i18 %x_int_V_1_0102, i18 %par_int_V_0_096, i18 %par_int_V_1_095, i18 %ref_int_V_0" [MPCwithMADS_fxd/progressiveBarrierPolling.cpp:28]   --->   Operation 404 'call' 'call_ret1' <Predicate = true> <Delay = 7.30> <CoreType = "Generic">   --->   Core 0 '' <Latency = 0> <II = 1> <Delay = 1.00> <Generic> <Opcode : >

State 113 <SV = 112> <Delay = 7.30>
ST_113 : Operation 405 [44/72] (7.30ns)   --->   "%call_ret1 = call i64 @costFunction, i18 %testPoint_V_0, i18 %testPoint_V_1, i18 %x_int_V_0_0101, i18 %x_int_V_1_0102, i18 %par_int_V_0_096, i18 %par_int_V_1_095, i18 %ref_int_V_0" [MPCwithMADS_fxd/progressiveBarrierPolling.cpp:28]   --->   Operation 405 'call' 'call_ret1' <Predicate = true> <Delay = 7.30> <CoreType = "Generic">   --->   Core 0 '' <Latency = 0> <II = 1> <Delay = 1.00> <Generic> <Opcode : >

State 114 <SV = 113> <Delay = 7.30>
ST_114 : Operation 406 [43/72] (7.30ns)   --->   "%call_ret1 = call i64 @costFunction, i18 %testPoint_V_0, i18 %testPoint_V_1, i18 %x_int_V_0_0101, i18 %x_int_V_1_0102, i18 %par_int_V_0_096, i18 %par_int_V_1_095, i18 %ref_int_V_0" [MPCwithMADS_fxd/progressiveBarrierPolling.cpp:28]   --->   Operation 406 'call' 'call_ret1' <Predicate = true> <Delay = 7.30> <CoreType = "Generic">   --->   Core 0 '' <Latency = 0> <II = 1> <Delay = 1.00> <Generic> <Opcode : >

State 115 <SV = 114> <Delay = 7.30>
ST_115 : Operation 407 [42/72] (7.30ns)   --->   "%call_ret1 = call i64 @costFunction, i18 %testPoint_V_0, i18 %testPoint_V_1, i18 %x_int_V_0_0101, i18 %x_int_V_1_0102, i18 %par_int_V_0_096, i18 %par_int_V_1_095, i18 %ref_int_V_0" [MPCwithMADS_fxd/progressiveBarrierPolling.cpp:28]   --->   Operation 407 'call' 'call_ret1' <Predicate = true> <Delay = 7.30> <CoreType = "Generic">   --->   Core 0 '' <Latency = 0> <II = 1> <Delay = 1.00> <Generic> <Opcode : >

State 116 <SV = 115> <Delay = 7.30>
ST_116 : Operation 408 [41/72] (7.30ns)   --->   "%call_ret1 = call i64 @costFunction, i18 %testPoint_V_0, i18 %testPoint_V_1, i18 %x_int_V_0_0101, i18 %x_int_V_1_0102, i18 %par_int_V_0_096, i18 %par_int_V_1_095, i18 %ref_int_V_0" [MPCwithMADS_fxd/progressiveBarrierPolling.cpp:28]   --->   Operation 408 'call' 'call_ret1' <Predicate = true> <Delay = 7.30> <CoreType = "Generic">   --->   Core 0 '' <Latency = 0> <II = 1> <Delay = 1.00> <Generic> <Opcode : >

State 117 <SV = 116> <Delay = 7.30>
ST_117 : Operation 409 [40/72] (7.30ns)   --->   "%call_ret1 = call i64 @costFunction, i18 %testPoint_V_0, i18 %testPoint_V_1, i18 %x_int_V_0_0101, i18 %x_int_V_1_0102, i18 %par_int_V_0_096, i18 %par_int_V_1_095, i18 %ref_int_V_0" [MPCwithMADS_fxd/progressiveBarrierPolling.cpp:28]   --->   Operation 409 'call' 'call_ret1' <Predicate = true> <Delay = 7.30> <CoreType = "Generic">   --->   Core 0 '' <Latency = 0> <II = 1> <Delay = 1.00> <Generic> <Opcode : >

State 118 <SV = 117> <Delay = 7.30>
ST_118 : Operation 410 [39/72] (7.30ns)   --->   "%call_ret1 = call i64 @costFunction, i18 %testPoint_V_0, i18 %testPoint_V_1, i18 %x_int_V_0_0101, i18 %x_int_V_1_0102, i18 %par_int_V_0_096, i18 %par_int_V_1_095, i18 %ref_int_V_0" [MPCwithMADS_fxd/progressiveBarrierPolling.cpp:28]   --->   Operation 410 'call' 'call_ret1' <Predicate = true> <Delay = 7.30> <CoreType = "Generic">   --->   Core 0 '' <Latency = 0> <II = 1> <Delay = 1.00> <Generic> <Opcode : >

State 119 <SV = 118> <Delay = 7.30>
ST_119 : Operation 411 [38/72] (7.30ns)   --->   "%call_ret1 = call i64 @costFunction, i18 %testPoint_V_0, i18 %testPoint_V_1, i18 %x_int_V_0_0101, i18 %x_int_V_1_0102, i18 %par_int_V_0_096, i18 %par_int_V_1_095, i18 %ref_int_V_0" [MPCwithMADS_fxd/progressiveBarrierPolling.cpp:28]   --->   Operation 411 'call' 'call_ret1' <Predicate = true> <Delay = 7.30> <CoreType = "Generic">   --->   Core 0 '' <Latency = 0> <II = 1> <Delay = 1.00> <Generic> <Opcode : >

State 120 <SV = 119> <Delay = 7.30>
ST_120 : Operation 412 [37/72] (7.30ns)   --->   "%call_ret1 = call i64 @costFunction, i18 %testPoint_V_0, i18 %testPoint_V_1, i18 %x_int_V_0_0101, i18 %x_int_V_1_0102, i18 %par_int_V_0_096, i18 %par_int_V_1_095, i18 %ref_int_V_0" [MPCwithMADS_fxd/progressiveBarrierPolling.cpp:28]   --->   Operation 412 'call' 'call_ret1' <Predicate = true> <Delay = 7.30> <CoreType = "Generic">   --->   Core 0 '' <Latency = 0> <II = 1> <Delay = 1.00> <Generic> <Opcode : >

State 121 <SV = 120> <Delay = 7.30>
ST_121 : Operation 413 [36/72] (7.30ns)   --->   "%call_ret1 = call i64 @costFunction, i18 %testPoint_V_0, i18 %testPoint_V_1, i18 %x_int_V_0_0101, i18 %x_int_V_1_0102, i18 %par_int_V_0_096, i18 %par_int_V_1_095, i18 %ref_int_V_0" [MPCwithMADS_fxd/progressiveBarrierPolling.cpp:28]   --->   Operation 413 'call' 'call_ret1' <Predicate = true> <Delay = 7.30> <CoreType = "Generic">   --->   Core 0 '' <Latency = 0> <II = 1> <Delay = 1.00> <Generic> <Opcode : >

State 122 <SV = 121> <Delay = 7.30>
ST_122 : Operation 414 [35/72] (7.30ns)   --->   "%call_ret1 = call i64 @costFunction, i18 %testPoint_V_0, i18 %testPoint_V_1, i18 %x_int_V_0_0101, i18 %x_int_V_1_0102, i18 %par_int_V_0_096, i18 %par_int_V_1_095, i18 %ref_int_V_0" [MPCwithMADS_fxd/progressiveBarrierPolling.cpp:28]   --->   Operation 414 'call' 'call_ret1' <Predicate = true> <Delay = 7.30> <CoreType = "Generic">   --->   Core 0 '' <Latency = 0> <II = 1> <Delay = 1.00> <Generic> <Opcode : >

State 123 <SV = 122> <Delay = 7.30>
ST_123 : Operation 415 [34/72] (7.30ns)   --->   "%call_ret1 = call i64 @costFunction, i18 %testPoint_V_0, i18 %testPoint_V_1, i18 %x_int_V_0_0101, i18 %x_int_V_1_0102, i18 %par_int_V_0_096, i18 %par_int_V_1_095, i18 %ref_int_V_0" [MPCwithMADS_fxd/progressiveBarrierPolling.cpp:28]   --->   Operation 415 'call' 'call_ret1' <Predicate = true> <Delay = 7.30> <CoreType = "Generic">   --->   Core 0 '' <Latency = 0> <II = 1> <Delay = 1.00> <Generic> <Opcode : >

State 124 <SV = 123> <Delay = 7.30>
ST_124 : Operation 416 [33/72] (7.30ns)   --->   "%call_ret1 = call i64 @costFunction, i18 %testPoint_V_0, i18 %testPoint_V_1, i18 %x_int_V_0_0101, i18 %x_int_V_1_0102, i18 %par_int_V_0_096, i18 %par_int_V_1_095, i18 %ref_int_V_0" [MPCwithMADS_fxd/progressiveBarrierPolling.cpp:28]   --->   Operation 416 'call' 'call_ret1' <Predicate = true> <Delay = 7.30> <CoreType = "Generic">   --->   Core 0 '' <Latency = 0> <II = 1> <Delay = 1.00> <Generic> <Opcode : >

State 125 <SV = 124> <Delay = 7.30>
ST_125 : Operation 417 [32/72] (7.30ns)   --->   "%call_ret1 = call i64 @costFunction, i18 %testPoint_V_0, i18 %testPoint_V_1, i18 %x_int_V_0_0101, i18 %x_int_V_1_0102, i18 %par_int_V_0_096, i18 %par_int_V_1_095, i18 %ref_int_V_0" [MPCwithMADS_fxd/progressiveBarrierPolling.cpp:28]   --->   Operation 417 'call' 'call_ret1' <Predicate = true> <Delay = 7.30> <CoreType = "Generic">   --->   Core 0 '' <Latency = 0> <II = 1> <Delay = 1.00> <Generic> <Opcode : >

State 126 <SV = 125> <Delay = 7.30>
ST_126 : Operation 418 [31/72] (7.30ns)   --->   "%call_ret1 = call i64 @costFunction, i18 %testPoint_V_0, i18 %testPoint_V_1, i18 %x_int_V_0_0101, i18 %x_int_V_1_0102, i18 %par_int_V_0_096, i18 %par_int_V_1_095, i18 %ref_int_V_0" [MPCwithMADS_fxd/progressiveBarrierPolling.cpp:28]   --->   Operation 418 'call' 'call_ret1' <Predicate = true> <Delay = 7.30> <CoreType = "Generic">   --->   Core 0 '' <Latency = 0> <II = 1> <Delay = 1.00> <Generic> <Opcode : >

State 127 <SV = 126> <Delay = 7.30>
ST_127 : Operation 419 [30/72] (7.30ns)   --->   "%call_ret1 = call i64 @costFunction, i18 %testPoint_V_0, i18 %testPoint_V_1, i18 %x_int_V_0_0101, i18 %x_int_V_1_0102, i18 %par_int_V_0_096, i18 %par_int_V_1_095, i18 %ref_int_V_0" [MPCwithMADS_fxd/progressiveBarrierPolling.cpp:28]   --->   Operation 419 'call' 'call_ret1' <Predicate = true> <Delay = 7.30> <CoreType = "Generic">   --->   Core 0 '' <Latency = 0> <II = 1> <Delay = 1.00> <Generic> <Opcode : >

State 128 <SV = 127> <Delay = 7.30>
ST_128 : Operation 420 [29/72] (7.30ns)   --->   "%call_ret1 = call i64 @costFunction, i18 %testPoint_V_0, i18 %testPoint_V_1, i18 %x_int_V_0_0101, i18 %x_int_V_1_0102, i18 %par_int_V_0_096, i18 %par_int_V_1_095, i18 %ref_int_V_0" [MPCwithMADS_fxd/progressiveBarrierPolling.cpp:28]   --->   Operation 420 'call' 'call_ret1' <Predicate = true> <Delay = 7.30> <CoreType = "Generic">   --->   Core 0 '' <Latency = 0> <II = 1> <Delay = 1.00> <Generic> <Opcode : >

State 129 <SV = 128> <Delay = 7.30>
ST_129 : Operation 421 [28/72] (7.30ns)   --->   "%call_ret1 = call i64 @costFunction, i18 %testPoint_V_0, i18 %testPoint_V_1, i18 %x_int_V_0_0101, i18 %x_int_V_1_0102, i18 %par_int_V_0_096, i18 %par_int_V_1_095, i18 %ref_int_V_0" [MPCwithMADS_fxd/progressiveBarrierPolling.cpp:28]   --->   Operation 421 'call' 'call_ret1' <Predicate = true> <Delay = 7.30> <CoreType = "Generic">   --->   Core 0 '' <Latency = 0> <II = 1> <Delay = 1.00> <Generic> <Opcode : >

State 130 <SV = 129> <Delay = 7.30>
ST_130 : Operation 422 [27/72] (7.30ns)   --->   "%call_ret1 = call i64 @costFunction, i18 %testPoint_V_0, i18 %testPoint_V_1, i18 %x_int_V_0_0101, i18 %x_int_V_1_0102, i18 %par_int_V_0_096, i18 %par_int_V_1_095, i18 %ref_int_V_0" [MPCwithMADS_fxd/progressiveBarrierPolling.cpp:28]   --->   Operation 422 'call' 'call_ret1' <Predicate = true> <Delay = 7.30> <CoreType = "Generic">   --->   Core 0 '' <Latency = 0> <II = 1> <Delay = 1.00> <Generic> <Opcode : >

State 131 <SV = 130> <Delay = 7.30>
ST_131 : Operation 423 [26/72] (7.30ns)   --->   "%call_ret1 = call i64 @costFunction, i18 %testPoint_V_0, i18 %testPoint_V_1, i18 %x_int_V_0_0101, i18 %x_int_V_1_0102, i18 %par_int_V_0_096, i18 %par_int_V_1_095, i18 %ref_int_V_0" [MPCwithMADS_fxd/progressiveBarrierPolling.cpp:28]   --->   Operation 423 'call' 'call_ret1' <Predicate = true> <Delay = 7.30> <CoreType = "Generic">   --->   Core 0 '' <Latency = 0> <II = 1> <Delay = 1.00> <Generic> <Opcode : >

State 132 <SV = 131> <Delay = 7.30>
ST_132 : Operation 424 [25/72] (7.30ns)   --->   "%call_ret1 = call i64 @costFunction, i18 %testPoint_V_0, i18 %testPoint_V_1, i18 %x_int_V_0_0101, i18 %x_int_V_1_0102, i18 %par_int_V_0_096, i18 %par_int_V_1_095, i18 %ref_int_V_0" [MPCwithMADS_fxd/progressiveBarrierPolling.cpp:28]   --->   Operation 424 'call' 'call_ret1' <Predicate = true> <Delay = 7.30> <CoreType = "Generic">   --->   Core 0 '' <Latency = 0> <II = 1> <Delay = 1.00> <Generic> <Opcode : >

State 133 <SV = 132> <Delay = 7.30>
ST_133 : Operation 425 [24/72] (7.30ns)   --->   "%call_ret1 = call i64 @costFunction, i18 %testPoint_V_0, i18 %testPoint_V_1, i18 %x_int_V_0_0101, i18 %x_int_V_1_0102, i18 %par_int_V_0_096, i18 %par_int_V_1_095, i18 %ref_int_V_0" [MPCwithMADS_fxd/progressiveBarrierPolling.cpp:28]   --->   Operation 425 'call' 'call_ret1' <Predicate = true> <Delay = 7.30> <CoreType = "Generic">   --->   Core 0 '' <Latency = 0> <II = 1> <Delay = 1.00> <Generic> <Opcode : >

State 134 <SV = 133> <Delay = 7.30>
ST_134 : Operation 426 [23/72] (7.30ns)   --->   "%call_ret1 = call i64 @costFunction, i18 %testPoint_V_0, i18 %testPoint_V_1, i18 %x_int_V_0_0101, i18 %x_int_V_1_0102, i18 %par_int_V_0_096, i18 %par_int_V_1_095, i18 %ref_int_V_0" [MPCwithMADS_fxd/progressiveBarrierPolling.cpp:28]   --->   Operation 426 'call' 'call_ret1' <Predicate = true> <Delay = 7.30> <CoreType = "Generic">   --->   Core 0 '' <Latency = 0> <II = 1> <Delay = 1.00> <Generic> <Opcode : >

State 135 <SV = 134> <Delay = 7.30>
ST_135 : Operation 427 [22/72] (7.30ns)   --->   "%call_ret1 = call i64 @costFunction, i18 %testPoint_V_0, i18 %testPoint_V_1, i18 %x_int_V_0_0101, i18 %x_int_V_1_0102, i18 %par_int_V_0_096, i18 %par_int_V_1_095, i18 %ref_int_V_0" [MPCwithMADS_fxd/progressiveBarrierPolling.cpp:28]   --->   Operation 427 'call' 'call_ret1' <Predicate = true> <Delay = 7.30> <CoreType = "Generic">   --->   Core 0 '' <Latency = 0> <II = 1> <Delay = 1.00> <Generic> <Opcode : >

State 136 <SV = 135> <Delay = 7.30>
ST_136 : Operation 428 [21/72] (7.30ns)   --->   "%call_ret1 = call i64 @costFunction, i18 %testPoint_V_0, i18 %testPoint_V_1, i18 %x_int_V_0_0101, i18 %x_int_V_1_0102, i18 %par_int_V_0_096, i18 %par_int_V_1_095, i18 %ref_int_V_0" [MPCwithMADS_fxd/progressiveBarrierPolling.cpp:28]   --->   Operation 428 'call' 'call_ret1' <Predicate = true> <Delay = 7.30> <CoreType = "Generic">   --->   Core 0 '' <Latency = 0> <II = 1> <Delay = 1.00> <Generic> <Opcode : >

State 137 <SV = 136> <Delay = 7.30>
ST_137 : Operation 429 [20/72] (7.30ns)   --->   "%call_ret1 = call i64 @costFunction, i18 %testPoint_V_0, i18 %testPoint_V_1, i18 %x_int_V_0_0101, i18 %x_int_V_1_0102, i18 %par_int_V_0_096, i18 %par_int_V_1_095, i18 %ref_int_V_0" [MPCwithMADS_fxd/progressiveBarrierPolling.cpp:28]   --->   Operation 429 'call' 'call_ret1' <Predicate = true> <Delay = 7.30> <CoreType = "Generic">   --->   Core 0 '' <Latency = 0> <II = 1> <Delay = 1.00> <Generic> <Opcode : >

State 138 <SV = 137> <Delay = 7.30>
ST_138 : Operation 430 [19/72] (7.30ns)   --->   "%call_ret1 = call i64 @costFunction, i18 %testPoint_V_0, i18 %testPoint_V_1, i18 %x_int_V_0_0101, i18 %x_int_V_1_0102, i18 %par_int_V_0_096, i18 %par_int_V_1_095, i18 %ref_int_V_0" [MPCwithMADS_fxd/progressiveBarrierPolling.cpp:28]   --->   Operation 430 'call' 'call_ret1' <Predicate = true> <Delay = 7.30> <CoreType = "Generic">   --->   Core 0 '' <Latency = 0> <II = 1> <Delay = 1.00> <Generic> <Opcode : >

State 139 <SV = 138> <Delay = 7.30>
ST_139 : Operation 431 [18/72] (7.30ns)   --->   "%call_ret1 = call i64 @costFunction, i18 %testPoint_V_0, i18 %testPoint_V_1, i18 %x_int_V_0_0101, i18 %x_int_V_1_0102, i18 %par_int_V_0_096, i18 %par_int_V_1_095, i18 %ref_int_V_0" [MPCwithMADS_fxd/progressiveBarrierPolling.cpp:28]   --->   Operation 431 'call' 'call_ret1' <Predicate = true> <Delay = 7.30> <CoreType = "Generic">   --->   Core 0 '' <Latency = 0> <II = 1> <Delay = 1.00> <Generic> <Opcode : >

State 140 <SV = 139> <Delay = 7.30>
ST_140 : Operation 432 [17/72] (7.30ns)   --->   "%call_ret1 = call i64 @costFunction, i18 %testPoint_V_0, i18 %testPoint_V_1, i18 %x_int_V_0_0101, i18 %x_int_V_1_0102, i18 %par_int_V_0_096, i18 %par_int_V_1_095, i18 %ref_int_V_0" [MPCwithMADS_fxd/progressiveBarrierPolling.cpp:28]   --->   Operation 432 'call' 'call_ret1' <Predicate = true> <Delay = 7.30> <CoreType = "Generic">   --->   Core 0 '' <Latency = 0> <II = 1> <Delay = 1.00> <Generic> <Opcode : >

State 141 <SV = 140> <Delay = 7.30>
ST_141 : Operation 433 [16/72] (7.30ns)   --->   "%call_ret1 = call i64 @costFunction, i18 %testPoint_V_0, i18 %testPoint_V_1, i18 %x_int_V_0_0101, i18 %x_int_V_1_0102, i18 %par_int_V_0_096, i18 %par_int_V_1_095, i18 %ref_int_V_0" [MPCwithMADS_fxd/progressiveBarrierPolling.cpp:28]   --->   Operation 433 'call' 'call_ret1' <Predicate = true> <Delay = 7.30> <CoreType = "Generic">   --->   Core 0 '' <Latency = 0> <II = 1> <Delay = 1.00> <Generic> <Opcode : >

State 142 <SV = 141> <Delay = 7.30>
ST_142 : Operation 434 [15/72] (7.30ns)   --->   "%call_ret1 = call i64 @costFunction, i18 %testPoint_V_0, i18 %testPoint_V_1, i18 %x_int_V_0_0101, i18 %x_int_V_1_0102, i18 %par_int_V_0_096, i18 %par_int_V_1_095, i18 %ref_int_V_0" [MPCwithMADS_fxd/progressiveBarrierPolling.cpp:28]   --->   Operation 434 'call' 'call_ret1' <Predicate = true> <Delay = 7.30> <CoreType = "Generic">   --->   Core 0 '' <Latency = 0> <II = 1> <Delay = 1.00> <Generic> <Opcode : >

State 143 <SV = 142> <Delay = 7.30>
ST_143 : Operation 435 [14/72] (7.30ns)   --->   "%call_ret1 = call i64 @costFunction, i18 %testPoint_V_0, i18 %testPoint_V_1, i18 %x_int_V_0_0101, i18 %x_int_V_1_0102, i18 %par_int_V_0_096, i18 %par_int_V_1_095, i18 %ref_int_V_0" [MPCwithMADS_fxd/progressiveBarrierPolling.cpp:28]   --->   Operation 435 'call' 'call_ret1' <Predicate = true> <Delay = 7.30> <CoreType = "Generic">   --->   Core 0 '' <Latency = 0> <II = 1> <Delay = 1.00> <Generic> <Opcode : >

State 144 <SV = 143> <Delay = 7.30>
ST_144 : Operation 436 [13/72] (7.30ns)   --->   "%call_ret1 = call i64 @costFunction, i18 %testPoint_V_0, i18 %testPoint_V_1, i18 %x_int_V_0_0101, i18 %x_int_V_1_0102, i18 %par_int_V_0_096, i18 %par_int_V_1_095, i18 %ref_int_V_0" [MPCwithMADS_fxd/progressiveBarrierPolling.cpp:28]   --->   Operation 436 'call' 'call_ret1' <Predicate = true> <Delay = 7.30> <CoreType = "Generic">   --->   Core 0 '' <Latency = 0> <II = 1> <Delay = 1.00> <Generic> <Opcode : >

State 145 <SV = 144> <Delay = 7.30>
ST_145 : Operation 437 [12/72] (7.30ns)   --->   "%call_ret1 = call i64 @costFunction, i18 %testPoint_V_0, i18 %testPoint_V_1, i18 %x_int_V_0_0101, i18 %x_int_V_1_0102, i18 %par_int_V_0_096, i18 %par_int_V_1_095, i18 %ref_int_V_0" [MPCwithMADS_fxd/progressiveBarrierPolling.cpp:28]   --->   Operation 437 'call' 'call_ret1' <Predicate = true> <Delay = 7.30> <CoreType = "Generic">   --->   Core 0 '' <Latency = 0> <II = 1> <Delay = 1.00> <Generic> <Opcode : >

State 146 <SV = 145> <Delay = 7.30>
ST_146 : Operation 438 [11/72] (7.30ns)   --->   "%call_ret1 = call i64 @costFunction, i18 %testPoint_V_0, i18 %testPoint_V_1, i18 %x_int_V_0_0101, i18 %x_int_V_1_0102, i18 %par_int_V_0_096, i18 %par_int_V_1_095, i18 %ref_int_V_0" [MPCwithMADS_fxd/progressiveBarrierPolling.cpp:28]   --->   Operation 438 'call' 'call_ret1' <Predicate = true> <Delay = 7.30> <CoreType = "Generic">   --->   Core 0 '' <Latency = 0> <II = 1> <Delay = 1.00> <Generic> <Opcode : >

State 147 <SV = 146> <Delay = 7.30>
ST_147 : Operation 439 [10/72] (7.30ns)   --->   "%call_ret1 = call i64 @costFunction, i18 %testPoint_V_0, i18 %testPoint_V_1, i18 %x_int_V_0_0101, i18 %x_int_V_1_0102, i18 %par_int_V_0_096, i18 %par_int_V_1_095, i18 %ref_int_V_0" [MPCwithMADS_fxd/progressiveBarrierPolling.cpp:28]   --->   Operation 439 'call' 'call_ret1' <Predicate = true> <Delay = 7.30> <CoreType = "Generic">   --->   Core 0 '' <Latency = 0> <II = 1> <Delay = 1.00> <Generic> <Opcode : >

State 148 <SV = 147> <Delay = 7.30>
ST_148 : Operation 440 [9/72] (7.30ns)   --->   "%call_ret1 = call i64 @costFunction, i18 %testPoint_V_0, i18 %testPoint_V_1, i18 %x_int_V_0_0101, i18 %x_int_V_1_0102, i18 %par_int_V_0_096, i18 %par_int_V_1_095, i18 %ref_int_V_0" [MPCwithMADS_fxd/progressiveBarrierPolling.cpp:28]   --->   Operation 440 'call' 'call_ret1' <Predicate = true> <Delay = 7.30> <CoreType = "Generic">   --->   Core 0 '' <Latency = 0> <II = 1> <Delay = 1.00> <Generic> <Opcode : >

State 149 <SV = 148> <Delay = 7.30>
ST_149 : Operation 441 [8/72] (7.30ns)   --->   "%call_ret1 = call i64 @costFunction, i18 %testPoint_V_0, i18 %testPoint_V_1, i18 %x_int_V_0_0101, i18 %x_int_V_1_0102, i18 %par_int_V_0_096, i18 %par_int_V_1_095, i18 %ref_int_V_0" [MPCwithMADS_fxd/progressiveBarrierPolling.cpp:28]   --->   Operation 441 'call' 'call_ret1' <Predicate = true> <Delay = 7.30> <CoreType = "Generic">   --->   Core 0 '' <Latency = 0> <II = 1> <Delay = 1.00> <Generic> <Opcode : >

State 150 <SV = 149> <Delay = 7.30>
ST_150 : Operation 442 [7/72] (7.30ns)   --->   "%call_ret1 = call i64 @costFunction, i18 %testPoint_V_0, i18 %testPoint_V_1, i18 %x_int_V_0_0101, i18 %x_int_V_1_0102, i18 %par_int_V_0_096, i18 %par_int_V_1_095, i18 %ref_int_V_0" [MPCwithMADS_fxd/progressiveBarrierPolling.cpp:28]   --->   Operation 442 'call' 'call_ret1' <Predicate = true> <Delay = 7.30> <CoreType = "Generic">   --->   Core 0 '' <Latency = 0> <II = 1> <Delay = 1.00> <Generic> <Opcode : >

State 151 <SV = 150> <Delay = 7.30>
ST_151 : Operation 443 [6/72] (7.30ns)   --->   "%call_ret1 = call i64 @costFunction, i18 %testPoint_V_0, i18 %testPoint_V_1, i18 %x_int_V_0_0101, i18 %x_int_V_1_0102, i18 %par_int_V_0_096, i18 %par_int_V_1_095, i18 %ref_int_V_0" [MPCwithMADS_fxd/progressiveBarrierPolling.cpp:28]   --->   Operation 443 'call' 'call_ret1' <Predicate = true> <Delay = 7.30> <CoreType = "Generic">   --->   Core 0 '' <Latency = 0> <II = 1> <Delay = 1.00> <Generic> <Opcode : >

State 152 <SV = 151> <Delay = 7.30>
ST_152 : Operation 444 [5/72] (7.30ns)   --->   "%call_ret1 = call i64 @costFunction, i18 %testPoint_V_0, i18 %testPoint_V_1, i18 %x_int_V_0_0101, i18 %x_int_V_1_0102, i18 %par_int_V_0_096, i18 %par_int_V_1_095, i18 %ref_int_V_0" [MPCwithMADS_fxd/progressiveBarrierPolling.cpp:28]   --->   Operation 444 'call' 'call_ret1' <Predicate = true> <Delay = 7.30> <CoreType = "Generic">   --->   Core 0 '' <Latency = 0> <II = 1> <Delay = 1.00> <Generic> <Opcode : >

State 153 <SV = 152> <Delay = 7.30>
ST_153 : Operation 445 [4/72] (7.30ns)   --->   "%call_ret1 = call i64 @costFunction, i18 %testPoint_V_0, i18 %testPoint_V_1, i18 %x_int_V_0_0101, i18 %x_int_V_1_0102, i18 %par_int_V_0_096, i18 %par_int_V_1_095, i18 %ref_int_V_0" [MPCwithMADS_fxd/progressiveBarrierPolling.cpp:28]   --->   Operation 445 'call' 'call_ret1' <Predicate = true> <Delay = 7.30> <CoreType = "Generic">   --->   Core 0 '' <Latency = 0> <II = 1> <Delay = 1.00> <Generic> <Opcode : >

State 154 <SV = 153> <Delay = 7.30>
ST_154 : Operation 446 [3/72] (7.30ns)   --->   "%call_ret1 = call i64 @costFunction, i18 %testPoint_V_0, i18 %testPoint_V_1, i18 %x_int_V_0_0101, i18 %x_int_V_1_0102, i18 %par_int_V_0_096, i18 %par_int_V_1_095, i18 %ref_int_V_0" [MPCwithMADS_fxd/progressiveBarrierPolling.cpp:28]   --->   Operation 446 'call' 'call_ret1' <Predicate = true> <Delay = 7.30> <CoreType = "Generic">   --->   Core 0 '' <Latency = 0> <II = 1> <Delay = 1.00> <Generic> <Opcode : >

State 155 <SV = 154> <Delay = 7.30>
ST_155 : Operation 447 [2/72] (7.30ns)   --->   "%call_ret1 = call i64 @costFunction, i18 %testPoint_V_0, i18 %testPoint_V_1, i18 %x_int_V_0_0101, i18 %x_int_V_1_0102, i18 %par_int_V_0_096, i18 %par_int_V_1_095, i18 %ref_int_V_0" [MPCwithMADS_fxd/progressiveBarrierPolling.cpp:28]   --->   Operation 447 'call' 'call_ret1' <Predicate = true> <Delay = 7.30> <CoreType = "Generic">   --->   Core 0 '' <Latency = 0> <II = 1> <Delay = 1.00> <Generic> <Opcode : >

State 156 <SV = 155> <Delay = 5.36>
ST_156 : Operation 448 [1/72] (5.36ns)   --->   "%call_ret1 = call i64 @costFunction, i18 %testPoint_V_0, i18 %testPoint_V_1, i18 %x_int_V_0_0101, i18 %x_int_V_1_0102, i18 %par_int_V_0_096, i18 %par_int_V_1_095, i18 %ref_int_V_0" [MPCwithMADS_fxd/progressiveBarrierPolling.cpp:28]   --->   Operation 448 'call' 'call_ret1' <Predicate = true> <Delay = 5.36> <CoreType = "Generic">   --->   Core 0 '' <Latency = 0> <II = 1> <Delay = 1.00> <Generic> <Opcode : >
ST_156 : Operation 449 [1/1] (0.00ns)   --->   "%costTest_V_0 = extractvalue i64 %call_ret1" [MPCwithMADS_fxd/progressiveBarrierPolling.cpp:28]   --->   Operation 449 'extractvalue' 'costTest_V_0' <Predicate = true> <Delay = 0.00>
ST_156 : Operation 450 [1/1] (0.00ns)   --->   "%costTest_V_1 = extractvalue i64 %call_ret1" [MPCwithMADS_fxd/progressiveBarrierPolling.cpp:28]   --->   Operation 450 'extractvalue' 'costTest_V_1' <Predicate = true> <Delay = 0.00>

State 157 <SV = 156> <Delay = 5.15>
ST_157 : Operation 451 [1/1] (0.00ns)   --->   "%initialCost_V_1_1_load = load i32 %initialCost_V_1_1" [MPCwithMADS_fxd/progressiveBarrierPolling.cpp:39]   --->   Operation 451 'load' 'initialCost_V_1_1_load' <Predicate = true> <Delay = 0.00>
ST_157 : Operation 452 [1/1] (0.00ns)   --->   "%initialCost_V_0_1_load = load i32 %initialCost_V_0_1"   --->   Operation 452 'load' 'initialCost_V_0_1_load' <Predicate = true> <Delay = 0.00>
ST_157 : Operation 453 [1/1] (0.00ns)   --->   "%specpipeline_ln17 = specpipeline void @_ssdm_op_SpecPipeline, i32 4294967295, i32 0, i32 0, i32 0, void @empty_12" [MPCwithMADS_fxd/progressiveBarrierPolling.cpp:17]   --->   Operation 453 'specpipeline' 'specpipeline_ln17' <Predicate = true> <Delay = 0.00>
ST_157 : Operation 454 [1/1] (0.00ns)   --->   "%specloopname_ln17 = specloopname void @_ssdm_op_SpecLoopName, void @empty_4" [MPCwithMADS_fxd/progressiveBarrierPolling.cpp:17]   --->   Operation 454 'specloopname' 'specloopname_ln17' <Predicate = true> <Delay = 0.00>
ST_157 : Operation 455 [1/1] (2.47ns)   --->   "%icmp_ln39 = icmp_ult  i32 %initialCost_V_1_1_load, i32 %costTest_V_1" [MPCwithMADS_fxd/progressiveBarrierPolling.cpp:39]   --->   Operation 455 'icmp' 'icmp_ln39' <Predicate = true> <Delay = 2.47> <CoreInst = "Cmp">   --->   Core 9 'Cmp' <Latency = 0> <II = 1> <Delay = 1.13> <FuncUnit> <Opcode : 'icmp'> <InPorts = 2> <OutPorts = 1>
ST_157 : Operation 456 [1/1] (0.00ns) (grouped into LUT with out node and_ln39)   --->   "%xor_ln39 = xor i1 %icmp_ln39, i1 1" [MPCwithMADS_fxd/progressiveBarrierPolling.cpp:39]   --->   Operation 456 'xor' 'xor_ln39' <Predicate = true> <Delay = 0.00> <CoreInst = "LogicGate">   --->   Core 74 'LogicGate' <Latency = 0> <II = 1> <Delay = 0.97> <FuncUnit> <Opcode : 'and' 'or' 'xor'> <InPorts = 2> <OutPorts = 1>
ST_157 : Operation 457 [1/1] (2.47ns)   --->   "%icmp_ln1495 = icmp_ult  i32 %costTest_V_0, i32 %initialCost_V_0_1_load"   --->   Operation 457 'icmp' 'icmp_ln1495' <Predicate = true> <Delay = 2.47> <CoreInst = "Cmp">   --->   Core 9 'Cmp' <Latency = 0> <II = 1> <Delay = 1.13> <FuncUnit> <Opcode : 'icmp'> <InPorts = 2> <OutPorts = 1>
ST_157 : Operation 458 [1/1] (0.97ns) (out node of the LUT)   --->   "%and_ln39 = and i1 %xor_ln39, i1 %icmp_ln1495" [MPCwithMADS_fxd/progressiveBarrierPolling.cpp:39]   --->   Operation 458 'and' 'and_ln39' <Predicate = true> <Delay = 0.97> <CoreInst = "LogicGate">   --->   Core 74 'LogicGate' <Latency = 0> <II = 1> <Delay = 0.97> <FuncUnit> <Opcode : 'and' 'or' 'xor'> <InPorts = 2> <OutPorts = 1>
ST_157 : Operation 459 [1/1] (0.00ns)   --->   "%br_ln32 = br i1 %and_ln39, void %.split3._crit_edge, void" [MPCwithMADS_fxd/progressiveBarrierPolling.cpp:32]   --->   Operation 459 'br' 'br_ln32' <Predicate = true> <Delay = 0.00>
ST_157 : Operation 460 [1/1] (1.70ns)   --->   "%store_ln44 = store i18 %testPoint_V_0, i18 %optimum_V_0" [MPCwithMADS_fxd/progressiveBarrierPolling.cpp:44]   --->   Operation 460 'store' 'store_ln44' <Predicate = (and_ln39)> <Delay = 1.70>
ST_157 : Operation 461 [1/1] (1.58ns)   --->   "%store_ln44 = store i18 %testPoint_V_1, i18 %optimum_V_1" [MPCwithMADS_fxd/progressiveBarrierPolling.cpp:44]   --->   Operation 461 'store' 'store_ln44' <Predicate = (and_ln39)> <Delay = 1.58>
ST_157 : Operation 462 [1/1] (1.58ns)   --->   "%store_ln48 = store i1 1, i1 %success" [MPCwithMADS_fxd/progressiveBarrierPolling.cpp:48]   --->   Operation 462 'store' 'store_ln48' <Predicate = (and_ln39)> <Delay = 1.58>
ST_157 : Operation 463 [1/1] (1.58ns)   --->   "%store_ln50 = store i32 %costTest_V_0, i32 %initialCost_V_0_1" [MPCwithMADS_fxd/progressiveBarrierPolling.cpp:50]   --->   Operation 463 'store' 'store_ln50' <Predicate = (and_ln39)> <Delay = 1.58>
ST_157 : Operation 464 [1/1] (1.58ns)   --->   "%store_ln50 = store i32 %costTest_V_1, i32 %initialCost_V_1_1" [MPCwithMADS_fxd/progressiveBarrierPolling.cpp:50]   --->   Operation 464 'store' 'store_ln50' <Predicate = (and_ln39)> <Delay = 1.58>
ST_157 : Operation 465 [1/1] (0.00ns)   --->   "%br_ln50 = br void %.split3._crit_edge" [MPCwithMADS_fxd/progressiveBarrierPolling.cpp:50]   --->   Operation 465 'br' 'br_ln50' <Predicate = (and_ln39)> <Delay = 0.00>

State 158 <SV = 83> <Delay = 3.53>
ST_158 : Operation 466 [1/1] (0.00ns)   --->   "%success_load = load i1 %success" [MPCwithMADS_fxd/progressiveBarrierPolling.cpp:54]   --->   Operation 466 'load' 'success_load' <Predicate = true> <Delay = 0.00>
ST_158 : Operation 467 [1/1] (0.00ns)   --->   "%frameIdx_V_0_2_load_2 = load i6 %frameIdx_V_0_2"   --->   Operation 467 'load' 'frameIdx_V_0_2_load_2' <Predicate = true> <Delay = 0.00>
ST_158 : Operation 468 [1/1] (0.00ns)   --->   "%frameIdx_V_1_2_load_2 = load i6 %frameIdx_V_1_2"   --->   Operation 468 'load' 'frameIdx_V_1_2_load_2' <Predicate = true> <Delay = 0.00>
ST_158 : Operation 469 [1/1] (0.00ns)   --->   "%br_ln54 = br i1 %success_load, void, void" [MPCwithMADS_fxd/progressiveBarrierPolling.cpp:54]   --->   Operation 469 'br' 'br_ln54' <Predicate = true> <Delay = 0.00>
ST_158 : Operation 470 [1/1] (1.82ns)   --->   "%frameIdx_V_0_3 = add i6 %frameIdx_V_0_2_load_2, i6 63"   --->   Operation 470 'add' 'frameIdx_V_0_3' <Predicate = (!success_load)> <Delay = 1.82> <CoreInst = "Adder">   --->   Core 1 'Adder' <Latency = 0> <II = 1> <Delay = 1.82> <FuncUnit> <Opcode : 'add' 'sub'> <InPorts = 2> <OutPorts = 1>
ST_158 : Operation 471 [1/1] (1.82ns)   --->   "%frameIdx_V_1_3 = add i6 %frameIdx_V_1_2_load_2, i6 63"   --->   Operation 471 'add' 'frameIdx_V_1_3' <Predicate = (!success_load)> <Delay = 1.82> <CoreInst = "Adder">   --->   Core 1 'Adder' <Latency = 0> <II = 1> <Delay = 1.82> <FuncUnit> <Opcode : 'add' 'sub'> <InPorts = 2> <OutPorts = 1>
ST_158 : Operation 472 [1/1] (1.70ns)   --->   "%store_ln69 = store i6 %frameIdx_V_1_3, i6 %frameIdx_V_1_2"   --->   Operation 472 'store' 'store_ln69' <Predicate = (!success_load)> <Delay = 1.70>
ST_158 : Operation 473 [1/1] (1.70ns)   --->   "%store_ln69 = store i6 %frameIdx_V_0_3, i6 %frameIdx_V_0_2"   --->   Operation 473 'store' 'store_ln69' <Predicate = (!success_load)> <Delay = 1.70>
ST_158 : Operation 474 [1/1] (0.00ns)   --->   "%br_ln0 = br void %_Z25progressiveBarrierPollingP9ap_ufixedILi32ELi9EL9ap_q_mode5EL9ap_o_mode3ELi0EEP8ap_fixedILi18ELi2ELS0_5ELS1_3ELi0EEPA4_S5_P6ap_intILi6EEPS4_ILi18ELi7ELS0_5ELS1_3ELi0EESD_SD_.exit.i"   --->   Operation 474 'br' 'br_ln0' <Predicate = (!success_load)> <Delay = 0.00>
ST_158 : Operation 475 [1/1] (1.82ns)   --->   "%frameIdx_V_0 = add i6 %frameIdx_V_0_2_load_2, i6 1"   --->   Operation 475 'add' 'frameIdx_V_0' <Predicate = (success_load)> <Delay = 1.82> <CoreInst = "Adder">   --->   Core 1 'Adder' <Latency = 0> <II = 1> <Delay = 1.82> <FuncUnit> <Opcode : 'add' 'sub'> <InPorts = 2> <OutPorts = 1>
ST_158 : Operation 476 [1/1] (1.82ns)   --->   "%frameIdx_V_1 = add i6 %frameIdx_V_1_2_load_2, i6 1"   --->   Operation 476 'add' 'frameIdx_V_1' <Predicate = (success_load)> <Delay = 1.82> <CoreInst = "Adder">   --->   Core 1 'Adder' <Latency = 0> <II = 1> <Delay = 1.82> <FuncUnit> <Opcode : 'add' 'sub'> <InPorts = 2> <OutPorts = 1>
ST_158 : Operation 477 [1/1] (1.58ns)   --->   "%store_ln59 = store i1 0, i1 %success" [MPCwithMADS_fxd/progressiveBarrierPolling.cpp:59]   --->   Operation 477 'store' 'store_ln59' <Predicate = (success_load)> <Delay = 1.58>
ST_158 : Operation 478 [1/1] (1.70ns)   --->   "%store_ln60 = store i6 %frameIdx_V_1, i6 %frameIdx_V_1_2" [MPCwithMADS_fxd/progressiveBarrierPolling.cpp:60]   --->   Operation 478 'store' 'store_ln60' <Predicate = (success_load)> <Delay = 1.70>
ST_158 : Operation 479 [1/1] (1.70ns)   --->   "%store_ln60 = store i6 %frameIdx_V_0, i6 %frameIdx_V_0_2" [MPCwithMADS_fxd/progressiveBarrierPolling.cpp:60]   --->   Operation 479 'store' 'store_ln60' <Predicate = (success_load)> <Delay = 1.70>
ST_158 : Operation 480 [1/1] (0.00ns)   --->   "%br_ln60 = br void %_Z25progressiveBarrierPollingP9ap_ufixedILi32ELi9EL9ap_q_mode5EL9ap_o_mode3ELi0EEP8ap_fixedILi18ELi2ELS0_5ELS1_3ELi0EEPA4_S5_P6ap_intILi6EEPS4_ILi18ELi7ELS0_5ELS1_3ELi0EESD_SD_.exit.i" [MPCwithMADS_fxd/progressiveBarrierPolling.cpp:60]   --->   Operation 480 'br' 'br_ln60' <Predicate = (success_load)> <Delay = 0.00>
ST_158 : Operation 481 [1/1] (0.00ns)   --->   "%br_ln0 = br void"   --->   Operation 481 'br' 'br_ln0' <Predicate = true> <Delay = 0.00>


============================================================
+ Verbose Summary: Timing violations
============================================================
Target clock period: 10ns, clock uncertainty: 2.7ns.

 <State 1>: 1.59ns
The critical path consists of the following:
	multiplexor before 'phi' operation ('x_int.V[1]') with incoming values : ('x_int.V[1]', MPCwithMADS_fxd/MPCwithMADS.cpp:22) [36]  (1.59 ns)

 <State 2>: 2.41ns
The critical path consists of the following:
	'phi' operation ('i', MPCwithMADS_fxd/MPCwithMADS.cpp:21) with incoming values : ('add_ln21', MPCwithMADS_fxd/MPCwithMADS.cpp:21) [38]  (0 ns)
	'icmp' operation ('icmp_ln727') [46]  (0.959 ns)
	'select' operation ('select_ln727') [47]  (0.697 ns)
	'select' operation ('x_int.V[1]', MPCwithMADS_fxd/MPCwithMADS.cpp:22) [50]  (0.756 ns)

 <State 3>: 1.59ns
The critical path consists of the following:
	multiplexor before 'phi' operation ('par_int.V[1]') with incoming values : ('par_int.V[1]', MPCwithMADS_fxd/MPCwithMADS.cpp:27) [58]  (1.59 ns)

 <State 4>: 2.41ns
The critical path consists of the following:
	'phi' operation ('i', MPCwithMADS_fxd/MPCwithMADS.cpp:26) with incoming values : ('add_ln26', MPCwithMADS_fxd/MPCwithMADS.cpp:26) [60]  (0 ns)
	'icmp' operation ('icmp_ln727_1') [68]  (0.959 ns)
	'select' operation ('select_ln727_1') [69]  (0.697 ns)
	'select' operation ('par_int.V[1]', MPCwithMADS_fxd/MPCwithMADS.cpp:27) [72]  (0.756 ns)

 <State 5>: 1.59ns
The critical path consists of the following:
	multiplexor before 'phi' operation ('i', MPCwithMADS_fxd/MPCwithMADS.cpp:37) with incoming values : ('add_ln37', MPCwithMADS_fxd/MPCwithMADS.cpp:37) [83]  (1.59 ns)

 <State 6>: 2.67ns
The critical path consists of the following:
	'store' operation ('store_ln38', MPCwithMADS_fxd/MPCwithMADS.cpp:38) of constant 32768 on static variable 'optimum_V_0' [94]  (1.71 ns)
	blocking operation 0.959 ns on control path)

 <State 7>: 6.2ns
The critical path consists of the following:
	'load' operation ('optimum_V_0_load', MPCwithMADS_fxd/MADS.cpp:22) on static variable 'optimum_V_0' [111]  (0 ns)
	'call' operation ('call_ret', MPCwithMADS_fxd/MADS.cpp:22) to 'costFunction' [113]  (6.2 ns)

 <State 8>: 7.3ns
The critical path consists of the following:
	'call' operation ('call_ret', MPCwithMADS_fxd/MADS.cpp:22) to 'costFunction' [113]  (7.3 ns)

 <State 9>: 7.3ns
The critical path consists of the following:
	'call' operation ('call_ret', MPCwithMADS_fxd/MADS.cpp:22) to 'costFunction' [113]  (7.3 ns)

 <State 10>: 7.3ns
The critical path consists of the following:
	'call' operation ('call_ret', MPCwithMADS_fxd/MADS.cpp:22) to 'costFunction' [113]  (7.3 ns)

 <State 11>: 7.3ns
The critical path consists of the following:
	'call' operation ('call_ret', MPCwithMADS_fxd/MADS.cpp:22) to 'costFunction' [113]  (7.3 ns)

 <State 12>: 7.3ns
The critical path consists of the following:
	'call' operation ('call_ret', MPCwithMADS_fxd/MADS.cpp:22) to 'costFunction' [113]  (7.3 ns)

 <State 13>: 7.3ns
The critical path consists of the following:
	'call' operation ('call_ret', MPCwithMADS_fxd/MADS.cpp:22) to 'costFunction' [113]  (7.3 ns)

 <State 14>: 7.3ns
The critical path consists of the following:
	'call' operation ('call_ret', MPCwithMADS_fxd/MADS.cpp:22) to 'costFunction' [113]  (7.3 ns)

 <State 15>: 7.3ns
The critical path consists of the following:
	'call' operation ('call_ret', MPCwithMADS_fxd/MADS.cpp:22) to 'costFunction' [113]  (7.3 ns)

 <State 16>: 7.3ns
The critical path consists of the following:
	'call' operation ('call_ret', MPCwithMADS_fxd/MADS.cpp:22) to 'costFunction' [113]  (7.3 ns)

 <State 17>: 7.3ns
The critical path consists of the following:
	'call' operation ('call_ret', MPCwithMADS_fxd/MADS.cpp:22) to 'costFunction' [113]  (7.3 ns)

 <State 18>: 7.3ns
The critical path consists of the following:
	'call' operation ('call_ret', MPCwithMADS_fxd/MADS.cpp:22) to 'costFunction' [113]  (7.3 ns)

 <State 19>: 7.3ns
The critical path consists of the following:
	'call' operation ('call_ret', MPCwithMADS_fxd/MADS.cpp:22) to 'costFunction' [113]  (7.3 ns)

 <State 20>: 7.3ns
The critical path consists of the following:
	'call' operation ('call_ret', MPCwithMADS_fxd/MADS.cpp:22) to 'costFunction' [113]  (7.3 ns)

 <State 21>: 7.3ns
The critical path consists of the following:
	'call' operation ('call_ret', MPCwithMADS_fxd/MADS.cpp:22) to 'costFunction' [113]  (7.3 ns)

 <State 22>: 7.3ns
The critical path consists of the following:
	'call' operation ('call_ret', MPCwithMADS_fxd/MADS.cpp:22) to 'costFunction' [113]  (7.3 ns)

 <State 23>: 7.3ns
The critical path consists of the following:
	'call' operation ('call_ret', MPCwithMADS_fxd/MADS.cpp:22) to 'costFunction' [113]  (7.3 ns)

 <State 24>: 7.3ns
The critical path consists of the following:
	'call' operation ('call_ret', MPCwithMADS_fxd/MADS.cpp:22) to 'costFunction' [113]  (7.3 ns)

 <State 25>: 7.3ns
The critical path consists of the following:
	'call' operation ('call_ret', MPCwithMADS_fxd/MADS.cpp:22) to 'costFunction' [113]  (7.3 ns)

 <State 26>: 7.3ns
The critical path consists of the following:
	'call' operation ('call_ret', MPCwithMADS_fxd/MADS.cpp:22) to 'costFunction' [113]  (7.3 ns)

 <State 27>: 7.3ns
The critical path consists of the following:
	'call' operation ('call_ret', MPCwithMADS_fxd/MADS.cpp:22) to 'costFunction' [113]  (7.3 ns)

 <State 28>: 7.3ns
The critical path consists of the following:
	'call' operation ('call_ret', MPCwithMADS_fxd/MADS.cpp:22) to 'costFunction' [113]  (7.3 ns)

 <State 29>: 7.3ns
The critical path consists of the following:
	'call' operation ('call_ret', MPCwithMADS_fxd/MADS.cpp:22) to 'costFunction' [113]  (7.3 ns)

 <State 30>: 7.3ns
The critical path consists of the following:
	'call' operation ('call_ret', MPCwithMADS_fxd/MADS.cpp:22) to 'costFunction' [113]  (7.3 ns)

 <State 31>: 7.3ns
The critical path consists of the following:
	'call' operation ('call_ret', MPCwithMADS_fxd/MADS.cpp:22) to 'costFunction' [113]  (7.3 ns)

 <State 32>: 7.3ns
The critical path consists of the following:
	'call' operation ('call_ret', MPCwithMADS_fxd/MADS.cpp:22) to 'costFunction' [113]  (7.3 ns)

 <State 33>: 7.3ns
The critical path consists of the following:
	'call' operation ('call_ret', MPCwithMADS_fxd/MADS.cpp:22) to 'costFunction' [113]  (7.3 ns)

 <State 34>: 7.3ns
The critical path consists of the following:
	'call' operation ('call_ret', MPCwithMADS_fxd/MADS.cpp:22) to 'costFunction' [113]  (7.3 ns)

 <State 35>: 7.3ns
The critical path consists of the following:
	'call' operation ('call_ret', MPCwithMADS_fxd/MADS.cpp:22) to 'costFunction' [113]  (7.3 ns)

 <State 36>: 7.3ns
The critical path consists of the following:
	'call' operation ('call_ret', MPCwithMADS_fxd/MADS.cpp:22) to 'costFunction' [113]  (7.3 ns)

 <State 37>: 7.3ns
The critical path consists of the following:
	'call' operation ('call_ret', MPCwithMADS_fxd/MADS.cpp:22) to 'costFunction' [113]  (7.3 ns)

 <State 38>: 7.3ns
The critical path consists of the following:
	'call' operation ('call_ret', MPCwithMADS_fxd/MADS.cpp:22) to 'costFunction' [113]  (7.3 ns)

 <State 39>: 7.3ns
The critical path consists of the following:
	'call' operation ('call_ret', MPCwithMADS_fxd/MADS.cpp:22) to 'costFunction' [113]  (7.3 ns)

 <State 40>: 7.3ns
The critical path consists of the following:
	'call' operation ('call_ret', MPCwithMADS_fxd/MADS.cpp:22) to 'costFunction' [113]  (7.3 ns)

 <State 41>: 7.3ns
The critical path consists of the following:
	'call' operation ('call_ret', MPCwithMADS_fxd/MADS.cpp:22) to 'costFunction' [113]  (7.3 ns)

 <State 42>: 7.3ns
The critical path consists of the following:
	'call' operation ('call_ret', MPCwithMADS_fxd/MADS.cpp:22) to 'costFunction' [113]  (7.3 ns)

 <State 43>: 7.3ns
The critical path consists of the following:
	'call' operation ('call_ret', MPCwithMADS_fxd/MADS.cpp:22) to 'costFunction' [113]  (7.3 ns)

 <State 44>: 7.3ns
The critical path consists of the following:
	'call' operation ('call_ret', MPCwithMADS_fxd/MADS.cpp:22) to 'costFunction' [113]  (7.3 ns)

 <State 45>: 7.3ns
The critical path consists of the following:
	'call' operation ('call_ret', MPCwithMADS_fxd/MADS.cpp:22) to 'costFunction' [113]  (7.3 ns)

 <State 46>: 7.3ns
The critical path consists of the following:
	'call' operation ('call_ret', MPCwithMADS_fxd/MADS.cpp:22) to 'costFunction' [113]  (7.3 ns)

 <State 47>: 7.3ns
The critical path consists of the following:
	'call' operation ('call_ret', MPCwithMADS_fxd/MADS.cpp:22) to 'costFunction' [113]  (7.3 ns)

 <State 48>: 7.3ns
The critical path consists of the following:
	'call' operation ('call_ret', MPCwithMADS_fxd/MADS.cpp:22) to 'costFunction' [113]  (7.3 ns)

 <State 49>: 7.3ns
The critical path consists of the following:
	'call' operation ('call_ret', MPCwithMADS_fxd/MADS.cpp:22) to 'costFunction' [113]  (7.3 ns)

 <State 50>: 7.3ns
The critical path consists of the following:
	'call' operation ('call_ret', MPCwithMADS_fxd/MADS.cpp:22) to 'costFunction' [113]  (7.3 ns)

 <State 51>: 7.3ns
The critical path consists of the following:
	'call' operation ('call_ret', MPCwithMADS_fxd/MADS.cpp:22) to 'costFunction' [113]  (7.3 ns)

 <State 52>: 7.3ns
The critical path consists of the following:
	'call' operation ('call_ret', MPCwithMADS_fxd/MADS.cpp:22) to 'costFunction' [113]  (7.3 ns)

 <State 53>: 7.3ns
The critical path consists of the following:
	'call' operation ('call_ret', MPCwithMADS_fxd/MADS.cpp:22) to 'costFunction' [113]  (7.3 ns)

 <State 54>: 7.3ns
The critical path consists of the following:
	'call' operation ('call_ret', MPCwithMADS_fxd/MADS.cpp:22) to 'costFunction' [113]  (7.3 ns)

 <State 55>: 7.3ns
The critical path consists of the following:
	'call' operation ('call_ret', MPCwithMADS_fxd/MADS.cpp:22) to 'costFunction' [113]  (7.3 ns)

 <State 56>: 7.3ns
The critical path consists of the following:
	'call' operation ('call_ret', MPCwithMADS_fxd/MADS.cpp:22) to 'costFunction' [113]  (7.3 ns)

 <State 57>: 7.3ns
The critical path consists of the following:
	'call' operation ('call_ret', MPCwithMADS_fxd/MADS.cpp:22) to 'costFunction' [113]  (7.3 ns)

 <State 58>: 7.3ns
The critical path consists of the following:
	'call' operation ('call_ret', MPCwithMADS_fxd/MADS.cpp:22) to 'costFunction' [113]  (7.3 ns)

 <State 59>: 7.3ns
The critical path consists of the following:
	'call' operation ('call_ret', MPCwithMADS_fxd/MADS.cpp:22) to 'costFunction' [113]  (7.3 ns)

 <State 60>: 7.3ns
The critical path consists of the following:
	'call' operation ('call_ret', MPCwithMADS_fxd/MADS.cpp:22) to 'costFunction' [113]  (7.3 ns)

 <State 61>: 7.3ns
The critical path consists of the following:
	'call' operation ('call_ret', MPCwithMADS_fxd/MADS.cpp:22) to 'costFunction' [113]  (7.3 ns)

 <State 62>: 7.3ns
The critical path consists of the following:
	'call' operation ('call_ret', MPCwithMADS_fxd/MADS.cpp:22) to 'costFunction' [113]  (7.3 ns)

 <State 63>: 7.3ns
The critical path consists of the following:
	'call' operation ('call_ret', MPCwithMADS_fxd/MADS.cpp:22) to 'costFunction' [113]  (7.3 ns)

 <State 64>: 7.3ns
The critical path consists of the following:
	'call' operation ('call_ret', MPCwithMADS_fxd/MADS.cpp:22) to 'costFunction' [113]  (7.3 ns)

 <State 65>: 7.3ns
The critical path consists of the following:
	'call' operation ('call_ret', MPCwithMADS_fxd/MADS.cpp:22) to 'costFunction' [113]  (7.3 ns)

 <State 66>: 7.3ns
The critical path consists of the following:
	'call' operation ('call_ret', MPCwithMADS_fxd/MADS.cpp:22) to 'costFunction' [113]  (7.3 ns)

 <State 67>: 7.3ns
The critical path consists of the following:
	'call' operation ('call_ret', MPCwithMADS_fxd/MADS.cpp:22) to 'costFunction' [113]  (7.3 ns)

 <State 68>: 7.3ns
The critical path consists of the following:
	'call' operation ('call_ret', MPCwithMADS_fxd/MADS.cpp:22) to 'costFunction' [113]  (7.3 ns)

 <State 69>: 7.3ns
The critical path consists of the following:
	'call' operation ('call_ret', MPCwithMADS_fxd/MADS.cpp:22) to 'costFunction' [113]  (7.3 ns)

 <State 70>: 7.3ns
The critical path consists of the following:
	'call' operation ('call_ret', MPCwithMADS_fxd/MADS.cpp:22) to 'costFunction' [113]  (7.3 ns)

 <State 71>: 7.3ns
The critical path consists of the following:
	'call' operation ('call_ret', MPCwithMADS_fxd/MADS.cpp:22) to 'costFunction' [113]  (7.3 ns)

 <State 72>: 7.3ns
The critical path consists of the following:
	'call' operation ('call_ret', MPCwithMADS_fxd/MADS.cpp:22) to 'costFunction' [113]  (7.3 ns)

 <State 73>: 7.3ns
The critical path consists of the following:
	'call' operation ('call_ret', MPCwithMADS_fxd/MADS.cpp:22) to 'costFunction' [113]  (7.3 ns)

 <State 74>: 7.3ns
The critical path consists of the following:
	'call' operation ('call_ret', MPCwithMADS_fxd/MADS.cpp:22) to 'costFunction' [113]  (7.3 ns)

 <State 75>: 7.3ns
The critical path consists of the following:
	'call' operation ('call_ret', MPCwithMADS_fxd/MADS.cpp:22) to 'costFunction' [113]  (7.3 ns)

 <State 76>: 7.3ns
The critical path consists of the following:
	'call' operation ('call_ret', MPCwithMADS_fxd/MADS.cpp:22) to 'costFunction' [113]  (7.3 ns)

 <State 77>: 7.3ns
The critical path consists of the following:
	'call' operation ('call_ret', MPCwithMADS_fxd/MADS.cpp:22) to 'costFunction' [113]  (7.3 ns)

 <State 78>: 6.95ns
The critical path consists of the following:
	'call' operation ('call_ret', MPCwithMADS_fxd/MADS.cpp:22) to 'costFunction' [113]  (5.36 ns)
	'store' operation ('store_ln25', MPCwithMADS_fxd/MADS.cpp:25) of variable 'initialCost.V[0]', MPCwithMADS_fxd/MADS.cpp:22 on local variable 'initialCost.V[0]' [116]  (1.59 ns)

 <State 79>: 2.84ns
The critical path consists of the following:
	'load' operation ('optimum_V_1_load_1', MPCwithMADS_fxd/shiftOpt.cpp:7) on static variable 'optimum_V_1' [222]  (0 ns)
	'store' operation ('store_ln7', MPCwithMADS_fxd/shiftOpt.cpp:7) of variable 'optimum_V_1_load_1', MPCwithMADS_fxd/shiftOpt.cpp:7 on static variable 'optimum_V_0' [223]  (1.71 ns)
	blocking operation 1.13 ns on control path)

 <State 80>: 3.59ns
The critical path consists of the following:
	'phi' operation ('i', MPCwithMADS_fxd/MADS.cpp:28) with incoming values : ('add_ln28', MPCwithMADS_fxd/MADS.cpp:28) [131]  (0 ns)
	'select' operation ('select_ln878') [142]  (1.19 ns)
	'select' operation ('meshIdx.V[0]', MPCwithMADS_fxd/MADS.cpp:31) [150]  (1.19 ns)
	'select' operation ('meshIdx.V[1]', MPCwithMADS_fxd/MADS.cpp:32) [151]  (1.19 ns)
	blocking operation 0.0285 ns on control path)

 <State 81>: 0ns
The critical path consists of the following:

 <State 82>: 1.59ns
The critical path consists of the following:
	multiplexor before 'phi' operation ('i', MPCwithMADS_fxd/progressiveBarrierPolling.cpp:17) with incoming values : ('add_ln17', MPCwithMADS_fxd/progressiveBarrierPolling.cpp:17) [164]  (1.59 ns)

 <State 83>: 3.29ns
The critical path consists of the following:
	'phi' operation ('i', MPCwithMADS_fxd/progressiveBarrierPolling.cpp:17) with incoming values : ('add_ln17', MPCwithMADS_fxd/progressiveBarrierPolling.cpp:17) [164]  (0 ns)
	'xor' operation ('xor_ln24', MPCwithMADS_fxd/progressiveBarrierPolling.cpp:24) [174]  (0.965 ns)
	'getelementptr' operation ('pollMatrix_i_addr_1', MPCwithMADS_fxd/progressiveBarrierPolling.cpp:24) [176]  (0 ns)
	'load' operation ('testPoint.V[1]', MPCwithMADS_fxd/progressiveBarrierPolling.cpp:24) on array 'pollMatrix_i' [180]  (2.32 ns)

 <State 84>: 2.32ns
The critical path consists of the following:
	'load' operation ('testPoint.V[0]', MPCwithMADS_fxd/progressiveBarrierPolling.cpp:24) on array 'pollMatrix_i' [179]  (2.32 ns)

 <State 85>: 6.2ns
The critical path consists of the following:
	'call' operation ('call_ret1', MPCwithMADS_fxd/progressiveBarrierPolling.cpp:28) to 'costFunction' [181]  (6.2 ns)

 <State 86>: 7.3ns
The critical path consists of the following:
	'call' operation ('call_ret1', MPCwithMADS_fxd/progressiveBarrierPolling.cpp:28) to 'costFunction' [181]  (7.3 ns)

 <State 87>: 7.3ns
The critical path consists of the following:
	'call' operation ('call_ret1', MPCwithMADS_fxd/progressiveBarrierPolling.cpp:28) to 'costFunction' [181]  (7.3 ns)

 <State 88>: 7.3ns
The critical path consists of the following:
	'call' operation ('call_ret1', MPCwithMADS_fxd/progressiveBarrierPolling.cpp:28) to 'costFunction' [181]  (7.3 ns)

 <State 89>: 7.3ns
The critical path consists of the following:
	'call' operation ('call_ret1', MPCwithMADS_fxd/progressiveBarrierPolling.cpp:28) to 'costFunction' [181]  (7.3 ns)

 <State 90>: 7.3ns
The critical path consists of the following:
	'call' operation ('call_ret1', MPCwithMADS_fxd/progressiveBarrierPolling.cpp:28) to 'costFunction' [181]  (7.3 ns)

 <State 91>: 7.3ns
The critical path consists of the following:
	'call' operation ('call_ret1', MPCwithMADS_fxd/progressiveBarrierPolling.cpp:28) to 'costFunction' [181]  (7.3 ns)

 <State 92>: 7.3ns
The critical path consists of the following:
	'call' operation ('call_ret1', MPCwithMADS_fxd/progressiveBarrierPolling.cpp:28) to 'costFunction' [181]  (7.3 ns)

 <State 93>: 7.3ns
The critical path consists of the following:
	'call' operation ('call_ret1', MPCwithMADS_fxd/progressiveBarrierPolling.cpp:28) to 'costFunction' [181]  (7.3 ns)

 <State 94>: 7.3ns
The critical path consists of the following:
	'call' operation ('call_ret1', MPCwithMADS_fxd/progressiveBarrierPolling.cpp:28) to 'costFunction' [181]  (7.3 ns)

 <State 95>: 7.3ns
The critical path consists of the following:
	'call' operation ('call_ret1', MPCwithMADS_fxd/progressiveBarrierPolling.cpp:28) to 'costFunction' [181]  (7.3 ns)

 <State 96>: 7.3ns
The critical path consists of the following:
	'call' operation ('call_ret1', MPCwithMADS_fxd/progressiveBarrierPolling.cpp:28) to 'costFunction' [181]  (7.3 ns)

 <State 97>: 7.3ns
The critical path consists of the following:
	'call' operation ('call_ret1', MPCwithMADS_fxd/progressiveBarrierPolling.cpp:28) to 'costFunction' [181]  (7.3 ns)

 <State 98>: 7.3ns
The critical path consists of the following:
	'call' operation ('call_ret1', MPCwithMADS_fxd/progressiveBarrierPolling.cpp:28) to 'costFunction' [181]  (7.3 ns)

 <State 99>: 7.3ns
The critical path consists of the following:
	'call' operation ('call_ret1', MPCwithMADS_fxd/progressiveBarrierPolling.cpp:28) to 'costFunction' [181]  (7.3 ns)

 <State 100>: 7.3ns
The critical path consists of the following:
	'call' operation ('call_ret1', MPCwithMADS_fxd/progressiveBarrierPolling.cpp:28) to 'costFunction' [181]  (7.3 ns)

 <State 101>: 7.3ns
The critical path consists of the following:
	'call' operation ('call_ret1', MPCwithMADS_fxd/progressiveBarrierPolling.cpp:28) to 'costFunction' [181]  (7.3 ns)

 <State 102>: 7.3ns
The critical path consists of the following:
	'call' operation ('call_ret1', MPCwithMADS_fxd/progressiveBarrierPolling.cpp:28) to 'costFunction' [181]  (7.3 ns)

 <State 103>: 7.3ns
The critical path consists of the following:
	'call' operation ('call_ret1', MPCwithMADS_fxd/progressiveBarrierPolling.cpp:28) to 'costFunction' [181]  (7.3 ns)

 <State 104>: 7.3ns
The critical path consists of the following:
	'call' operation ('call_ret1', MPCwithMADS_fxd/progressiveBarrierPolling.cpp:28) to 'costFunction' [181]  (7.3 ns)

 <State 105>: 7.3ns
The critical path consists of the following:
	'call' operation ('call_ret1', MPCwithMADS_fxd/progressiveBarrierPolling.cpp:28) to 'costFunction' [181]  (7.3 ns)

 <State 106>: 7.3ns
The critical path consists of the following:
	'call' operation ('call_ret1', MPCwithMADS_fxd/progressiveBarrierPolling.cpp:28) to 'costFunction' [181]  (7.3 ns)

 <State 107>: 7.3ns
The critical path consists of the following:
	'call' operation ('call_ret1', MPCwithMADS_fxd/progressiveBarrierPolling.cpp:28) to 'costFunction' [181]  (7.3 ns)

 <State 108>: 7.3ns
The critical path consists of the following:
	'call' operation ('call_ret1', MPCwithMADS_fxd/progressiveBarrierPolling.cpp:28) to 'costFunction' [181]  (7.3 ns)

 <State 109>: 7.3ns
The critical path consists of the following:
	'call' operation ('call_ret1', MPCwithMADS_fxd/progressiveBarrierPolling.cpp:28) to 'costFunction' [181]  (7.3 ns)

 <State 110>: 7.3ns
The critical path consists of the following:
	'call' operation ('call_ret1', MPCwithMADS_fxd/progressiveBarrierPolling.cpp:28) to 'costFunction' [181]  (7.3 ns)

 <State 111>: 7.3ns
The critical path consists of the following:
	'call' operation ('call_ret1', MPCwithMADS_fxd/progressiveBarrierPolling.cpp:28) to 'costFunction' [181]  (7.3 ns)

 <State 112>: 7.3ns
The critical path consists of the following:
	'call' operation ('call_ret1', MPCwithMADS_fxd/progressiveBarrierPolling.cpp:28) to 'costFunction' [181]  (7.3 ns)

 <State 113>: 7.3ns
The critical path consists of the following:
	'call' operation ('call_ret1', MPCwithMADS_fxd/progressiveBarrierPolling.cpp:28) to 'costFunction' [181]  (7.3 ns)

 <State 114>: 7.3ns
The critical path consists of the following:
	'call' operation ('call_ret1', MPCwithMADS_fxd/progressiveBarrierPolling.cpp:28) to 'costFunction' [181]  (7.3 ns)

 <State 115>: 7.3ns
The critical path consists of the following:
	'call' operation ('call_ret1', MPCwithMADS_fxd/progressiveBarrierPolling.cpp:28) to 'costFunction' [181]  (7.3 ns)

 <State 116>: 7.3ns
The critical path consists of the following:
	'call' operation ('call_ret1', MPCwithMADS_fxd/progressiveBarrierPolling.cpp:28) to 'costFunction' [181]  (7.3 ns)

 <State 117>: 7.3ns
The critical path consists of the following:
	'call' operation ('call_ret1', MPCwithMADS_fxd/progressiveBarrierPolling.cpp:28) to 'costFunction' [181]  (7.3 ns)

 <State 118>: 7.3ns
The critical path consists of the following:
	'call' operation ('call_ret1', MPCwithMADS_fxd/progressiveBarrierPolling.cpp:28) to 'costFunction' [181]  (7.3 ns)

 <State 119>: 7.3ns
The critical path consists of the following:
	'call' operation ('call_ret1', MPCwithMADS_fxd/progressiveBarrierPolling.cpp:28) to 'costFunction' [181]  (7.3 ns)

 <State 120>: 7.3ns
The critical path consists of the following:
	'call' operation ('call_ret1', MPCwithMADS_fxd/progressiveBarrierPolling.cpp:28) to 'costFunction' [181]  (7.3 ns)

 <State 121>: 7.3ns
The critical path consists of the following:
	'call' operation ('call_ret1', MPCwithMADS_fxd/progressiveBarrierPolling.cpp:28) to 'costFunction' [181]  (7.3 ns)

 <State 122>: 7.3ns
The critical path consists of the following:
	'call' operation ('call_ret1', MPCwithMADS_fxd/progressiveBarrierPolling.cpp:28) to 'costFunction' [181]  (7.3 ns)

 <State 123>: 7.3ns
The critical path consists of the following:
	'call' operation ('call_ret1', MPCwithMADS_fxd/progressiveBarrierPolling.cpp:28) to 'costFunction' [181]  (7.3 ns)

 <State 124>: 7.3ns
The critical path consists of the following:
	'call' operation ('call_ret1', MPCwithMADS_fxd/progressiveBarrierPolling.cpp:28) to 'costFunction' [181]  (7.3 ns)

 <State 125>: 7.3ns
The critical path consists of the following:
	'call' operation ('call_ret1', MPCwithMADS_fxd/progressiveBarrierPolling.cpp:28) to 'costFunction' [181]  (7.3 ns)

 <State 126>: 7.3ns
The critical path consists of the following:
	'call' operation ('call_ret1', MPCwithMADS_fxd/progressiveBarrierPolling.cpp:28) to 'costFunction' [181]  (7.3 ns)

 <State 127>: 7.3ns
The critical path consists of the following:
	'call' operation ('call_ret1', MPCwithMADS_fxd/progressiveBarrierPolling.cpp:28) to 'costFunction' [181]  (7.3 ns)

 <State 128>: 7.3ns
The critical path consists of the following:
	'call' operation ('call_ret1', MPCwithMADS_fxd/progressiveBarrierPolling.cpp:28) to 'costFunction' [181]  (7.3 ns)

 <State 129>: 7.3ns
The critical path consists of the following:
	'call' operation ('call_ret1', MPCwithMADS_fxd/progressiveBarrierPolling.cpp:28) to 'costFunction' [181]  (7.3 ns)

 <State 130>: 7.3ns
The critical path consists of the following:
	'call' operation ('call_ret1', MPCwithMADS_fxd/progressiveBarrierPolling.cpp:28) to 'costFunction' [181]  (7.3 ns)

 <State 131>: 7.3ns
The critical path consists of the following:
	'call' operation ('call_ret1', MPCwithMADS_fxd/progressiveBarrierPolling.cpp:28) to 'costFunction' [181]  (7.3 ns)

 <State 132>: 7.3ns
The critical path consists of the following:
	'call' operation ('call_ret1', MPCwithMADS_fxd/progressiveBarrierPolling.cpp:28) to 'costFunction' [181]  (7.3 ns)

 <State 133>: 7.3ns
The critical path consists of the following:
	'call' operation ('call_ret1', MPCwithMADS_fxd/progressiveBarrierPolling.cpp:28) to 'costFunction' [181]  (7.3 ns)

 <State 134>: 7.3ns
The critical path consists of the following:
	'call' operation ('call_ret1', MPCwithMADS_fxd/progressiveBarrierPolling.cpp:28) to 'costFunction' [181]  (7.3 ns)

 <State 135>: 7.3ns
The critical path consists of the following:
	'call' operation ('call_ret1', MPCwithMADS_fxd/progressiveBarrierPolling.cpp:28) to 'costFunction' [181]  (7.3 ns)

 <State 136>: 7.3ns
The critical path consists of the following:
	'call' operation ('call_ret1', MPCwithMADS_fxd/progressiveBarrierPolling.cpp:28) to 'costFunction' [181]  (7.3 ns)

 <State 137>: 7.3ns
The critical path consists of the following:
	'call' operation ('call_ret1', MPCwithMADS_fxd/progressiveBarrierPolling.cpp:28) to 'costFunction' [181]  (7.3 ns)

 <State 138>: 7.3ns
The critical path consists of the following:
	'call' operation ('call_ret1', MPCwithMADS_fxd/progressiveBarrierPolling.cpp:28) to 'costFunction' [181]  (7.3 ns)

 <State 139>: 7.3ns
The critical path consists of the following:
	'call' operation ('call_ret1', MPCwithMADS_fxd/progressiveBarrierPolling.cpp:28) to 'costFunction' [181]  (7.3 ns)

 <State 140>: 7.3ns
The critical path consists of the following:
	'call' operation ('call_ret1', MPCwithMADS_fxd/progressiveBarrierPolling.cpp:28) to 'costFunction' [181]  (7.3 ns)

 <State 141>: 7.3ns
The critical path consists of the following:
	'call' operation ('call_ret1', MPCwithMADS_fxd/progressiveBarrierPolling.cpp:28) to 'costFunction' [181]  (7.3 ns)

 <State 142>: 7.3ns
The critical path consists of the following:
	'call' operation ('call_ret1', MPCwithMADS_fxd/progressiveBarrierPolling.cpp:28) to 'costFunction' [181]  (7.3 ns)

 <State 143>: 7.3ns
The critical path consists of the following:
	'call' operation ('call_ret1', MPCwithMADS_fxd/progressiveBarrierPolling.cpp:28) to 'costFunction' [181]  (7.3 ns)

 <State 144>: 7.3ns
The critical path consists of the following:
	'call' operation ('call_ret1', MPCwithMADS_fxd/progressiveBarrierPolling.cpp:28) to 'costFunction' [181]  (7.3 ns)

 <State 145>: 7.3ns
The critical path consists of the following:
	'call' operation ('call_ret1', MPCwithMADS_fxd/progressiveBarrierPolling.cpp:28) to 'costFunction' [181]  (7.3 ns)

 <State 146>: 7.3ns
The critical path consists of the following:
	'call' operation ('call_ret1', MPCwithMADS_fxd/progressiveBarrierPolling.cpp:28) to 'costFunction' [181]  (7.3 ns)

 <State 147>: 7.3ns
The critical path consists of the following:
	'call' operation ('call_ret1', MPCwithMADS_fxd/progressiveBarrierPolling.cpp:28) to 'costFunction' [181]  (7.3 ns)

 <State 148>: 7.3ns
The critical path consists of the following:
	'call' operation ('call_ret1', MPCwithMADS_fxd/progressiveBarrierPolling.cpp:28) to 'costFunction' [181]  (7.3 ns)

 <State 149>: 7.3ns
The critical path consists of the following:
	'call' operation ('call_ret1', MPCwithMADS_fxd/progressiveBarrierPolling.cpp:28) to 'costFunction' [181]  (7.3 ns)

 <State 150>: 7.3ns
The critical path consists of the following:
	'call' operation ('call_ret1', MPCwithMADS_fxd/progressiveBarrierPolling.cpp:28) to 'costFunction' [181]  (7.3 ns)

 <State 151>: 7.3ns
The critical path consists of the following:
	'call' operation ('call_ret1', MPCwithMADS_fxd/progressiveBarrierPolling.cpp:28) to 'costFunction' [181]  (7.3 ns)

 <State 152>: 7.3ns
The critical path consists of the following:
	'call' operation ('call_ret1', MPCwithMADS_fxd/progressiveBarrierPolling.cpp:28) to 'costFunction' [181]  (7.3 ns)

 <State 153>: 7.3ns
The critical path consists of the following:
	'call' operation ('call_ret1', MPCwithMADS_fxd/progressiveBarrierPolling.cpp:28) to 'costFunction' [181]  (7.3 ns)

 <State 154>: 7.3ns
The critical path consists of the following:
	'call' operation ('call_ret1', MPCwithMADS_fxd/progressiveBarrierPolling.cpp:28) to 'costFunction' [181]  (7.3 ns)

 <State 155>: 7.3ns
The critical path consists of the following:
	'call' operation ('call_ret1', MPCwithMADS_fxd/progressiveBarrierPolling.cpp:28) to 'costFunction' [181]  (7.3 ns)

 <State 156>: 5.36ns
The critical path consists of the following:
	'call' operation ('call_ret1', MPCwithMADS_fxd/progressiveBarrierPolling.cpp:28) to 'costFunction' [181]  (5.36 ns)

 <State 157>: 5.16ns
The critical path consists of the following:
	'load' operation ('initialCost_V_1_1_load', MPCwithMADS_fxd/progressiveBarrierPolling.cpp:39) on local variable 'initialCost.V[1]' [170]  (0 ns)
	'icmp' operation ('icmp_ln39', MPCwithMADS_fxd/progressiveBarrierPolling.cpp:39) [184]  (2.47 ns)
	'xor' operation ('xor_ln39', MPCwithMADS_fxd/progressiveBarrierPolling.cpp:39) [185]  (0 ns)
	'and' operation ('and_ln39', MPCwithMADS_fxd/progressiveBarrierPolling.cpp:39) [187]  (0.978 ns)
	blocking operation 1.71 ns on control path)

 <State 158>: 3.53ns
The critical path consists of the following:
	'load' operation ('frameIdx_V_1_2_load_2') on local variable 'frameIdx.V[1]' [201]  (0 ns)
	'add' operation ('frameIdx.V[1]') [205]  (1.83 ns)
	'store' operation ('store_ln69') of variable 'frameIdx.V[1]' on local variable 'frameIdx.V[1]' [206]  (1.71 ns)


============================================================
+ Verbose Summary: Binding
============================================================
N/A
* FSMD analyzer results:
  - Output states:
 - Input state : 
  - Chain level:
	State 1
	State 2
	State 3
	State 4
	State 5
	State 6
	State 7
	State 8
	State 9
	State 10
	State 11
	State 12
	State 13
	State 14
	State 15
	State 16
	State 17
	State 18
	State 19
	State 20
	State 21
	State 22
	State 23
	State 24
	State 25
	State 26
	State 27
	State 28
	State 29
	State 30
	State 31
	State 32
	State 33
	State 34
	State 35
	State 36
	State 37
	State 38
	State 39
	State 40
	State 41
	State 42
	State 43
	State 44
	State 45
	State 46
	State 47
	State 48
	State 49
	State 50
	State 51
	State 52
	State 53
	State 54
	State 55
	State 56
	State 57
	State 58
	State 59
	State 60
	State 61
	State 62
	State 63
	State 64
	State 65
	State 66
	State 67
	State 68
	State 69
	State 70
	State 71
	State 72
	State 73
	State 74
	State 75
	State 76
	State 77
	State 78
	State 79
	State 80
	State 81
	State 82
	State 83
	State 84
	State 85
	State 86
	State 87
	State 88
	State 89
	State 90
	State 91
	State 92
	State 93
	State 94
	State 95
	State 96
	State 97
	State 98
	State 99
	State 100
	State 101
	State 102
	State 103
	State 104
	State 105
	State 106
	State 107
	State 108
	State 109
	State 110
	State 111
	State 112
	State 113
	State 114
	State 115
	State 116
	State 117
	State 118
	State 119
	State 120
	State 121
	State 122
	State 123
	State 124
	State 125
	State 126
	State 127
	State 128
	State 129
	State 130
	State 131
	State 132
	State 133
	State 134
	State 135
	State 136
	State 137
	State 138
	State 139
	State 140
	State 141
	State 142
	State 143
	State 144
	State 145
	State 146
	State 147
	State 148
	State 149
	State 150
	State 151
	State 152
	State 153
	State 154
	State 155
	State 156
	State 157
	State 158


============================================================
+ Verbose Summary: Datapath Resource usage 
============================================================
N/A
